Mplus VERSION 8.6
MUTHEN & MUTHEN
06/04/2026   2:45 PM

INPUT INSTRUCTIONS

  TITLE:
    Structural model - UNIDIM - CBAtt outcome ~ COG
    WLSMV estimator; items treated as categorical (binary)
    Single factor: COG (all items load on one factor)

  DATA:
    FILE = "../../combined.dat";

  VARIABLE:
    NAMES ARE
      COG034 COG035 COG036 COG037 COG038 COG039 COG040 COG041
      COG042 COG043 COG044 COG045 COG046 COG047 COG048 COG049 COG050
      COG051 COG052 COG053 COG054 COG055 COG056 COG057 COG058
      COG060 COG061 COG062 COG063 COG064 COG065 COG066 COG067 COG068
      GA BirthWt Sex HdCirc IUGR GDiab PrEcl AntCor_P AntCor_C
      MomAge MomEdu DadEdu EthSAsian EthBlack EthMixed EthOther
      MomEng EPDSTot StimEnv PrLax PrOvr PrVrb PrSty
      CBInt CBExt CBTot CBAnx CBWth CBSom CBSlp CBAtt CBAgg
      ECSur ECNeg ECEff BayMot BayLan QchatTot;

    USEVARIABLES ARE
      COG040 COG041
      COG043 COG044 COG045 COG046 COG048 COG049 COG050
      COG051 COG052 COG053 COG054 COG055 COG056 COG057 COG058
      COG060 COG061 COG062 COG063 COG064 COG066
      CBAtt;

    CATEGORICAL ARE
      COG040 COG041
      COG043 COG044 COG045 COG046 COG048 COG049 COG050
      COG051 COG052 COG053 COG054 COG055 COG056 COG057 COG058
      COG060 COG061 COG062 COG063 COG064 COG066;

    MISSING ARE ALL (-999);

  DEFINE:
    STANDARDIZE CBAtt;

  ANALYSIS:
    ESTIMATOR = WLSMV;

  MODEL:
    COG BY
      COG040 COG045 COG050 COG064
      COG041 COG043 COG044 COG046
      COG048 COG052 COG053 COG057
      COG049 COG051 COG054 COG055 COG056
      COG058 COG060 COG061 COG062 COG063 COG066;

    CBAtt WITH COG;

  OUTPUT:
    STANDARDIZED;
    MODINDICES(10);
    RESIDUAL;
    SAMPSTAT;
    TECH1;
    TECH4;
    CINTERVAL;

  SAVEDATA:
    FILE = "../../fscores_structural.dat";
    SAVE = FSCORES;



INPUT READING TERMINATED NORMALLY




Structural model - UNIDIM - CBAtt outcome ~ COG
WLSMV estimator; items treated as categorical (binary)
Single factor: COG (all items load on one factor)

SUMMARY OF ANALYSIS

Number of groups                                                 1
Number of observations                                         739

Number of dependent variables                                   24
Number of independent variables                                  0
Number of continuous latent variables                            1

Observed dependent variables

  Continuous
   CBATT

  Binary and ordered categorical (ordinal)
   COG040      COG041      COG043      COG044      COG045      COG046
   COG048      COG049      COG050      COG051      COG052      COG053
   COG054      COG055      COG056      COG057      COG058      COG060
   COG061      COG062      COG063      COG064      COG066

Continuous latent variables
   COG


Estimator                                                    WLSMV
Maximum number of iterations                                  1000
Convergence criterion                                    0.500D-04
Maximum number of steepest descent iterations                   20
Maximum number of iterations for H1                           2000
Convergence criterion for H1                             0.100D-03
Parameterization                                             DELTA
Link                                                        PROBIT

Input data file(s)
  ../../combined.dat

Input data format  FREE


SUMMARY OF DATA

     Number of missing data patterns             2


COVARIANCE COVERAGE OF DATA

Minimum covariance coverage value   0.100


     PROPORTION OF DATA PRESENT


           Covariance Coverage
              COG040        COG041        COG043        COG044        COG045
              ________      ________      ________      ________      ________
 COG040         1.000
 COG041         1.000         1.000
 COG043         1.000         1.000         1.000
 COG044         1.000         1.000         1.000         1.000
 COG045         1.000         1.000         1.000         1.000         1.000
 COG046         1.000         1.000         1.000         1.000         1.000
 COG048         1.000         1.000         1.000         1.000         1.000
 COG049         1.000         1.000         1.000         1.000         1.000
 COG050         1.000         1.000         1.000         1.000         1.000
 COG051         1.000         1.000         1.000         1.000         1.000
 COG052         1.000         1.000         1.000         1.000         1.000
 COG053         1.000         1.000         1.000         1.000         1.000
 COG054         1.000         1.000         1.000         1.000         1.000
 COG055         1.000         1.000         1.000         1.000         1.000
 COG056         1.000         1.000         1.000         1.000         1.000
 COG057         1.000         1.000         1.000         1.000         1.000
 COG058         1.000         1.000         1.000         1.000         1.000
 COG060         1.000         1.000         1.000         1.000         1.000
 COG061         1.000         1.000         1.000         1.000         1.000
 COG062         1.000         1.000         1.000         1.000         1.000
 COG063         1.000         1.000         1.000         1.000         1.000
 COG064         1.000         1.000         1.000         1.000         1.000
 COG066         1.000         1.000         1.000         1.000         1.000
 CBATT          0.978         0.978         0.978         0.978         0.978


           Covariance Coverage
              COG046        COG048        COG049        COG050        COG051
              ________      ________      ________      ________      ________
 COG046         1.000
 COG048         1.000         1.000
 COG049         1.000         1.000         1.000
 COG050         1.000         1.000         1.000         1.000
 COG051         1.000         1.000         1.000         1.000         1.000
 COG052         1.000         1.000         1.000         1.000         1.000
 COG053         1.000         1.000         1.000         1.000         1.000
 COG054         1.000         1.000         1.000         1.000         1.000
 COG055         1.000         1.000         1.000         1.000         1.000
 COG056         1.000         1.000         1.000         1.000         1.000
 COG057         1.000         1.000         1.000         1.000         1.000
 COG058         1.000         1.000         1.000         1.000         1.000
 COG060         1.000         1.000         1.000         1.000         1.000
 COG061         1.000         1.000         1.000         1.000         1.000
 COG062         1.000         1.000         1.000         1.000         1.000
 COG063         1.000         1.000         1.000         1.000         1.000
 COG064         1.000         1.000         1.000         1.000         1.000
 COG066         1.000         1.000         1.000         1.000         1.000
 CBATT          0.978         0.978         0.978         0.978         0.978


           Covariance Coverage
              COG052        COG053        COG054        COG055        COG056
              ________      ________      ________      ________      ________
 COG052         1.000
 COG053         1.000         1.000
 COG054         1.000         1.000         1.000
 COG055         1.000         1.000         1.000         1.000
 COG056         1.000         1.000         1.000         1.000         1.000
 COG057         1.000         1.000         1.000         1.000         1.000
 COG058         1.000         1.000         1.000         1.000         1.000
 COG060         1.000         1.000         1.000         1.000         1.000
 COG061         1.000         1.000         1.000         1.000         1.000
 COG062         1.000         1.000         1.000         1.000         1.000
 COG063         1.000         1.000         1.000         1.000         1.000
 COG064         1.000         1.000         1.000         1.000         1.000
 COG066         1.000         1.000         1.000         1.000         1.000
 CBATT          0.978         0.978         0.978         0.978         0.978


           Covariance Coverage
              COG057        COG058        COG060        COG061        COG062
              ________      ________      ________      ________      ________
 COG057         1.000
 COG058         1.000         1.000
 COG060         1.000         1.000         1.000
 COG061         1.000         1.000         1.000         1.000
 COG062         1.000         1.000         1.000         1.000         1.000
 COG063         1.000         1.000         1.000         1.000         1.000
 COG064         1.000         1.000         1.000         1.000         1.000
 COG066         1.000         1.000         1.000         1.000         1.000
 CBATT          0.978         0.978         0.978         0.978         0.978


           Covariance Coverage
              COG063        COG064        COG066        CBATT
              ________      ________      ________      ________
 COG063         1.000
 COG064         1.000         1.000
 COG066         1.000         1.000         1.000
 CBATT          0.978         0.978         0.978         0.978


UNIVARIATE PROPORTIONS AND COUNTS FOR CATEGORICAL VARIABLES

    COG040
      Category 1    0.127           94.000
      Category 2    0.873          645.000
    COG041
      Category 1    0.280          207.000
      Category 2    0.720          532.000
    COG043
      Category 1    0.143          106.000
      Category 2    0.857          633.000
    COG044
      Category 1    0.112           83.000
      Category 2    0.888          656.000
    COG045
      Category 1    0.372          275.000
      Category 2    0.628          464.000
    COG046
      Category 1    0.513          379.000
      Category 2    0.487          360.000
    COG048
      Category 1    0.108           80.000
      Category 2    0.892          659.000
    COG049
      Category 1    0.156          115.000
      Category 2    0.844          624.000
    COG050
      Category 1    0.273          202.000
      Category 2    0.727          537.000
    COG051
      Category 1    0.120           89.000
      Category 2    0.880          650.000
    COG052
      Category 1    0.317          234.000
      Category 2    0.683          505.000
    COG053
      Category 1    0.334          247.000
      Category 2    0.666          492.000
    COG054
      Category 1    0.332          245.000
      Category 2    0.668          494.000
    COG055
      Category 1    0.122           90.000
      Category 2    0.878          649.000
    COG056
      Category 1    0.441          326.000
      Category 2    0.559          413.000
    COG057
      Category 1    0.816          603.000
      Category 2    0.184          136.000
    COG058
      Category 1    0.434          321.000
      Category 2    0.566          418.000
    COG060
      Category 1    0.612          452.000
      Category 2    0.388          287.000
    COG061
      Category 1    0.759          561.000
      Category 2    0.241          178.000
    COG062
      Category 1    0.850          628.000
      Category 2    0.150          111.000
    COG063
      Category 1    0.886          655.000
      Category 2    0.114           84.000
    COG064
      Category 1    0.763          564.000
      Category 2    0.237          175.000
    COG066
      Category 1    0.824          609.000
      Category 2    0.176          130.000


SAMPLE STATISTICS


     ESTIMATED SAMPLE STATISTICS


           MEANS/INTERCEPTS/THRESHOLDS
              COG040$1      COG041$1      COG043$1      COG044$1      COG045$1
              ________      ________      ________      ________      ________
               -1.140        -0.583        -1.065        -1.214        -0.326


           MEANS/INTERCEPTS/THRESHOLDS
              COG046$1      COG048$1      COG049$1      COG050$1      COG051$1
              ________      ________      ________      ________      ________
                0.032        -1.236        -1.013        -0.603        -1.173


           MEANS/INTERCEPTS/THRESHOLDS
              COG052$1      COG053$1      COG054$1      COG055$1      COG056$1
              ________      ________      ________      ________      ________
               -0.477        -0.428        -0.436        -1.166        -0.148


           MEANS/INTERCEPTS/THRESHOLDS
              COG057$1      COG058$1      COG060$1      COG061$1      COG062$1
              ________      ________      ________      ________      ________
                0.900        -0.165         0.284         0.704         1.036


           MEANS/INTERCEPTS/THRESHOLDS
              COG063$1      COG064$1      COG066$1      CBATT
              ________      ________      ________      ________
                1.207         0.717         0.931         0.000


           CORRELATION MATRIX (WITH VARIANCES ON THE DIAGONAL)
              COG040        COG041        COG043        COG044        COG045
              ________      ________      ________      ________      ________
 COG040
 COG041         0.088
 COG043         0.095         0.221
 COG044         0.340         0.318         0.291
 COG045         0.534         0.217         0.265         0.304
 COG046         0.193         0.179         0.160         0.241         0.214
 COG048         0.123         0.213         0.261         0.357         0.154
 COG049         0.307         0.188         0.310         0.301         0.315
 COG050         0.487         0.247         0.310         0.330         0.573
 COG051         0.265         0.293         0.283         0.339         0.335
 COG052         0.128         0.202         0.572         0.272         0.206
 COG053         0.080         0.160         0.152         0.329         0.231
 COG054         0.169         0.166         0.320         0.230         0.192
 COG055         0.187         0.319         0.438         0.334         0.262
 COG056         0.235         0.168         0.286         0.324         0.247
 COG057         0.084         0.315         0.107         0.063         0.104
 COG058         0.133         0.192         0.267         0.246         0.238
 COG060         0.202         0.249         0.351         0.322         0.297
 COG061         0.056         0.256         0.402         0.228         0.155
 COG062         0.230         0.351         0.447         0.230         0.314
 COG063         0.180         0.322         0.264         0.244         0.179
 COG064         0.325         0.276         0.396         0.313         0.300
 COG066         0.151         0.333         0.398         0.372         0.235
 CBATT         -0.096        -0.065        -0.121         0.051        -0.095


           CORRELATION MATRIX (WITH VARIANCES ON THE DIAGONAL)
              COG046        COG048        COG049        COG050        COG051
              ________      ________      ________      ________      ________
 COG048         0.221
 COG049         0.229         0.204
 COG050         0.126         0.262         0.400
 COG051         0.228         0.354         0.686         0.402
 COG052         0.000         0.242         0.277         0.273         0.343
 COG053         0.133         0.909         0.188         0.242         0.266
 COG054         0.087         0.218         0.249         0.289         0.335
 COG055         0.269         0.326         0.628         0.411         0.713
 COG056         0.229         0.086         0.904         0.311         0.723
 COG057         0.124         0.174         0.272         0.113         0.245
 COG058         0.226         0.151         0.564         0.276         0.897
 COG060         0.256         0.178         0.711         0.352         0.682
 COG061         0.284         0.079         0.489         0.317         0.534
 COG062         0.361         0.137         0.469         0.253         0.466
 COG063         0.302         0.129         0.550         0.371         0.397
 COG064         0.248         0.371         0.423         0.323         0.483
 COG066         0.386         0.230         0.697         0.302         0.652
 CBATT         -0.104        -0.085        -0.063        -0.050        -0.134


           CORRELATION MATRIX (WITH VARIANCES ON THE DIAGONAL)
              COG052        COG053        COG054        COG055        COG056
              ________      ________      ________      ________      ________
 COG053         0.260
 COG054         0.380         0.211
 COG055         0.474         0.307         0.405
 COG056         0.281         0.168         0.223         0.688
 COG057         0.210         0.136         0.252         0.460         0.249
 COG058         0.231         0.082         0.310         0.732         0.791
 COG060         0.320         0.156         0.345         0.619         0.899
 COG061         0.354         0.140         0.340         0.662         0.641
 COG062         0.284         0.167         0.198         0.624         0.461
 COG063         0.347         0.206         0.293         0.572         0.650
 COG064         0.372         0.362         0.440         0.658         0.633
 COG066         0.320         0.201         0.431         0.654         0.805
 CBATT         -0.128        -0.105        -0.156        -0.118        -0.056


           CORRELATION MATRIX (WITH VARIANCES ON THE DIAGONAL)
              COG057        COG058        COG060        COG061        COG062
              ________      ________      ________      ________      ________
 COG058         0.332
 COG060         0.332         0.800
 COG061         0.392         0.609         0.647
 COG062         0.280         0.503         0.504         0.563
 COG063         0.344         0.644         0.701         0.838         0.536
 COG064         0.337         0.590         0.636         0.615         0.521
 COG066         0.328         0.886         0.838         0.822         0.680
 CBATT         -0.023        -0.119        -0.075        -0.186        -0.162


           CORRELATION MATRIX (WITH VARIANCES ON THE DIAGONAL)
              COG063        COG064        COG066        CBATT
              ________      ________      ________      ________
 COG064         0.620
 COG066         0.754         0.757
 CBATT         -0.224        -0.306        -0.229         1.000


UNIVARIATE SAMPLE STATISTICS


     UNIVARIATE HIGHER-ORDER MOMENT DESCRIPTIVE STATISTICS

         Variable/         Mean/     Skewness/   Minimum/ % with                Percentiles
        Sample Size      Variance    Kurtosis    Maximum  Min/Max      20%/60%    40%/80%    Median

     CBATT                 0.000       1.258      -1.101    8.99%      -0.914     -0.539     -0.352
             723.000       1.000       1.220       4.511    0.14%      -0.165      0.770


     THIS ANALYSIS MAY HAVE MULTIPLE SOLUTIONS.  EXPLORE THIS USING RANDOM STARTS,
     FOR EXAMPLE, STARTS = 20.  USE A LARGE ENOUGH NUMBER OF STARTS SO THAT THE
     BEST FIT FUNCTION VALUE IS REPLICATED SEVERAL TIMES.


THE MODEL ESTIMATION TERMINATED NORMALLY



MODEL FIT INFORMATION

Number of Free Parameters                       49

Chi-Square Test of Model Fit

          Value                           1231.042*
          Degrees of Freedom                   252
          P-Value                           0.0000

*   The chi-square value for MLM, MLMV, MLR, ULSMV, WLSM and WLSMV cannot be used
    for chi-square difference testing in the regular way.  MLM, MLR and WLSM
    chi-square difference testing is described on the Mplus website.  MLMV, WLSMV,
    and ULSMV difference testing is done using the DIFFTEST option.

RMSEA (Root Mean Square Error Of Approximation)

          Estimate                           0.073
          90 Percent C.I.                    0.068  0.077
          Probability RMSEA <= .05           0.000

CFI/TLI

          CFI                                0.885
          TLI                                0.874

Chi-Square Test of Model Fit for the Baseline Model

          Value                           8776.204
          Degrees of Freedom                   276
          P-Value                           0.0000

SRMR (Standardized Root Mean Square Residual)

          Value                              0.110

Optimum Function Value for Weighted Least-Squares Estimator

          Value                     0.85821777D+00



MODEL RESULTS

                                                    Two-Tailed
                    Estimate       S.E.  Est./S.E.    P-Value

 COG      BY
    COG040             1.000      0.000    999.000    999.000
    COG045             1.220      0.212      5.755      0.000
    COG050             1.463      0.254      5.756      0.000
    COG064             2.284      0.402      5.682      0.000
    COG041             1.064      0.222      4.789      0.000
    COG043             1.447      0.296      4.883      0.000
    COG044             1.309      0.258      5.078      0.000
    COG046             1.003      0.208      4.820      0.000
    COG048             1.673      0.313      5.347      0.000
    COG052             1.363      0.260      5.243      0.000
    COG053             1.413      0.268      5.261      0.000
    COG057             1.170      0.247      4.738      0.000
    COG049             2.454      0.431      5.694      0.000
    COG051             2.357      0.420      5.615      0.000
    COG054             1.312      0.253      5.192      0.000
    COG055             2.486      0.437      5.683      0.000
    COG056             2.790      0.486      5.741      0.000
    COG058             2.425      0.429      5.658      0.000
    COG060             2.735      0.476      5.745      0.000
    COG061             2.441      0.433      5.637      0.000
    COG062             1.941      0.350      5.544      0.000
    COG063             2.500      0.441      5.665      0.000
    COG066             2.834      0.496      5.718      0.000

 CBATT    WITH
    COG               -0.058      0.017     -3.405      0.001

 Means
    CBATT              0.000      0.052      0.000      1.000

 Thresholds
    COG040$1          -1.140      0.059    -19.376      0.000
    COG041$1          -0.583      0.049    -11.873      0.000
    COG043$1          -1.065      0.057    -18.689      0.000
    COG044$1          -1.214      0.061    -19.954      0.000
    COG045$1          -0.326      0.047     -6.940      0.000
    COG046$1           0.032      0.046      0.699      0.485
    COG048$1          -1.236      0.061    -20.100      0.000
    COG049$1          -1.013      0.056    -18.143      0.000
    COG050$1          -0.603      0.049    -12.231      0.000
    COG051$1          -1.173      0.060    -19.646      0.000
    COG052$1          -0.477      0.048     -9.927      0.000
    COG053$1          -0.428      0.048     -8.983      0.000
    COG054$1          -0.436      0.048     -9.128      0.000
    COG055$1          -1.166      0.060    -19.593      0.000
    COG056$1          -0.148      0.046     -3.199      0.001
    COG057$1           0.900      0.054     16.800      0.000
    COG058$1          -0.165      0.046     -3.567      0.000
    COG060$1           0.284      0.047      6.062      0.000
    COG061$1           0.704      0.050     13.931      0.000
    COG062$1           1.036      0.056     18.388      0.000
    COG063$1           1.207      0.061     19.904      0.000
    COG064$1           0.717      0.051     14.141      0.000
    COG066$1           0.931      0.054     17.192      0.000

 Variances
    CBATT              1.000      0.058     17.196      0.000
    COG                0.108      0.038      2.871      0.004


QUALITY OF NUMERICAL RESULTS

     Condition Number for the Information Matrix              0.197E-05
       (ratio of smallest to largest eigenvalue)


STANDARDIZED MODEL RESULTS


STDYX Standardization

                                                    Two-Tailed
                    Estimate       S.E.  Est./S.E.    P-Value

 COG      BY
    COG040             0.329      0.057      5.742      0.000
    COG045             0.402      0.042      9.653      0.000
    COG050             0.482      0.042     11.605      0.000
    COG064             0.752      0.029     25.658      0.000
    COG041             0.350      0.045      7.757      0.000
    COG043             0.477      0.053      9.077      0.000
    COG044             0.431      0.057      7.507      0.000
    COG046             0.330      0.043      7.712      0.000
    COG048             0.551      0.054     10.145      0.000
    COG052             0.449      0.041     10.993      0.000
    COG053             0.465      0.039     12.005      0.000
    COG057             0.385      0.050      7.747      0.000
    COG049             0.808      0.030     26.710      0.000
    COG051             0.776      0.041     19.145      0.000
    COG054             0.432      0.042     10.285      0.000
    COG055             0.819      0.036     22.482      0.000
    COG056             0.919      0.015     61.457      0.000
    COG058             0.799      0.022     36.669      0.000
    COG060             0.901      0.015     59.511      0.000
    COG061             0.804      0.025     32.280      0.000
    COG062             0.639      0.041     15.539      0.000
    COG063             0.823      0.031     26.638      0.000
    COG066             0.934      0.019     49.742      0.000

 CBATT    WITH
    COG               -0.177      0.038     -4.662      0.000

 Means
    CBATT              0.000      0.052      0.000      1.000

 Thresholds
    COG040$1          -1.140      0.059    -19.376      0.000
    COG041$1          -0.583      0.049    -11.873      0.000
    COG043$1          -1.065      0.057    -18.689      0.000
    COG044$1          -1.214      0.061    -19.954      0.000
    COG045$1          -0.326      0.047     -6.940      0.000
    COG046$1           0.032      0.046      0.699      0.485
    COG048$1          -1.236      0.061    -20.100      0.000
    COG049$1          -1.013      0.056    -18.143      0.000
    COG050$1          -0.603      0.049    -12.231      0.000
    COG051$1          -1.173      0.060    -19.646      0.000
    COG052$1          -0.477      0.048     -9.927      0.000
    COG053$1          -0.428      0.048     -8.983      0.000
    COG054$1          -0.436      0.048     -9.128      0.000
    COG055$1          -1.166      0.060    -19.593      0.000
    COG056$1          -0.148      0.046     -3.199      0.001
    COG057$1           0.900      0.054     16.800      0.000
    COG058$1          -0.165      0.046     -3.567      0.000
    COG060$1           0.284      0.047      6.062      0.000
    COG061$1           0.704      0.050     13.931      0.000
    COG062$1           1.036      0.056     18.388      0.000
    COG063$1           1.207      0.061     19.904      0.000
    COG064$1           0.717      0.051     14.141      0.000
    COG066$1           0.931      0.054     17.192      0.000

 Variances
    CBATT              1.000      0.000    999.000    999.000
    COG                1.000      0.000    999.000    999.000


STDY Standardization

                                                    Two-Tailed
                    Estimate       S.E.  Est./S.E.    P-Value

 COG      BY
    COG040             0.329      0.057      5.742      0.000
    COG045             0.402      0.042      9.653      0.000
    COG050             0.482      0.042     11.605      0.000
    COG064             0.752      0.029     25.658      0.000
    COG041             0.350      0.045      7.757      0.000
    COG043             0.477      0.053      9.077      0.000
    COG044             0.431      0.057      7.507      0.000
    COG046             0.330      0.043      7.712      0.000
    COG048             0.551      0.054     10.145      0.000
    COG052             0.449      0.041     10.993      0.000
    COG053             0.465      0.039     12.005      0.000
    COG057             0.385      0.050      7.747      0.000
    COG049             0.808      0.030     26.710      0.000
    COG051             0.776      0.041     19.145      0.000
    COG054             0.432      0.042     10.285      0.000
    COG055             0.819      0.036     22.482      0.000
    COG056             0.919      0.015     61.457      0.000
    COG058             0.799      0.022     36.669      0.000
    COG060             0.901      0.015     59.511      0.000
    COG061             0.804      0.025     32.280      0.000
    COG062             0.639      0.041     15.539      0.000
    COG063             0.823      0.031     26.638      0.000
    COG066             0.934      0.019     49.742      0.000

 CBATT    WITH
    COG               -0.177      0.038     -4.662      0.000

 Means
    CBATT              0.000      0.052      0.000      1.000

 Thresholds
    COG040$1          -1.140      0.059    -19.376      0.000
    COG041$1          -0.583      0.049    -11.873      0.000
    COG043$1          -1.065      0.057    -18.689      0.000
    COG044$1          -1.214      0.061    -19.954      0.000
    COG045$1          -0.326      0.047     -6.940      0.000
    COG046$1           0.032      0.046      0.699      0.485
    COG048$1          -1.236      0.061    -20.100      0.000
    COG049$1          -1.013      0.056    -18.143      0.000
    COG050$1          -0.603      0.049    -12.231      0.000
    COG051$1          -1.173      0.060    -19.646      0.000
    COG052$1          -0.477      0.048     -9.927      0.000
    COG053$1          -0.428      0.048     -8.983      0.000
    COG054$1          -0.436      0.048     -9.128      0.000
    COG055$1          -1.166      0.060    -19.593      0.000
    COG056$1          -0.148      0.046     -3.199      0.001
    COG057$1           0.900      0.054     16.800      0.000
    COG058$1          -0.165      0.046     -3.567      0.000
    COG060$1           0.284      0.047      6.062      0.000
    COG061$1           0.704      0.050     13.931      0.000
    COG062$1           1.036      0.056     18.388      0.000
    COG063$1           1.207      0.061     19.904      0.000
    COG064$1           0.717      0.051     14.141      0.000
    COG066$1           0.931      0.054     17.192      0.000

 Variances
    CBATT              1.000      0.000    999.000    999.000
    COG                1.000      0.000    999.000    999.000


STD Standardization

                                                    Two-Tailed
                    Estimate       S.E.  Est./S.E.    P-Value

 COG      BY
    COG040             0.329      0.057      5.742      0.000
    COG045             0.402      0.042      9.653      0.000
    COG050             0.482      0.042     11.605      0.000
    COG064             0.752      0.029     25.658      0.000
    COG041             0.350      0.045      7.757      0.000
    COG043             0.477      0.053      9.077      0.000
    COG044             0.431      0.057      7.507      0.000
    COG046             0.330      0.043      7.712      0.000
    COG048             0.551      0.054     10.145      0.000
    COG052             0.449      0.041     10.993      0.000
    COG053             0.465      0.039     12.005      0.000
    COG057             0.385      0.050      7.747      0.000
    COG049             0.808      0.030     26.710      0.000
    COG051             0.776      0.041     19.145      0.000
    COG054             0.432      0.042     10.285      0.000
    COG055             0.819      0.036     22.482      0.000
    COG056             0.919      0.015     61.457      0.000
    COG058             0.799      0.022     36.669      0.000
    COG060             0.901      0.015     59.511      0.000
    COG061             0.804      0.025     32.280      0.000
    COG062             0.639      0.041     15.539      0.000
    COG063             0.823      0.031     26.638      0.000
    COG066             0.934      0.019     49.742      0.000

 CBATT    WITH
    COG               -0.177      0.039     -4.548      0.000

 Means
    CBATT              0.000      0.052      0.000      1.000

 Thresholds
    COG040$1          -1.140      0.059    -19.376      0.000
    COG041$1          -0.583      0.049    -11.873      0.000
    COG043$1          -1.065      0.057    -18.689      0.000
    COG044$1          -1.214      0.061    -19.954      0.000
    COG045$1          -0.326      0.047     -6.940      0.000
    COG046$1           0.032      0.046      0.699      0.485
    COG048$1          -1.236      0.061    -20.100      0.000
    COG049$1          -1.013      0.056    -18.143      0.000
    COG050$1          -0.603      0.049    -12.231      0.000
    COG051$1          -1.173      0.060    -19.646      0.000
    COG052$1          -0.477      0.048     -9.927      0.000
    COG053$1          -0.428      0.048     -8.983      0.000
    COG054$1          -0.436      0.048     -9.128      0.000
    COG055$1          -1.166      0.060    -19.593      0.000
    COG056$1          -0.148      0.046     -3.199      0.001
    COG057$1           0.900      0.054     16.800      0.000
    COG058$1          -0.165      0.046     -3.567      0.000
    COG060$1           0.284      0.047      6.062      0.000
    COG061$1           0.704      0.050     13.931      0.000
    COG062$1           1.036      0.056     18.388      0.000
    COG063$1           1.207      0.061     19.904      0.000
    COG064$1           0.717      0.051     14.141      0.000
    COG066$1           0.931      0.054     17.192      0.000

 Variances
    CBATT              1.000      0.058     17.196      0.000
    COG                1.000      0.000    999.000    999.000


R-SQUARE

    Observed                                        Two-Tailed   Residual
    Variable        Estimate       S.E.  Est./S.E.    P-Value    Variance

    COG040             0.108      0.038      2.871      0.004      0.892
    COG041             0.123      0.032      3.879      0.000      0.877
    COG043             0.227      0.050      4.539      0.000      0.773
    COG044             0.186      0.050      3.753      0.000      0.814
    COG045             0.161      0.033      4.827      0.000      0.839
    COG046             0.109      0.028      3.856      0.000      0.891
    COG048             0.303      0.060      5.072      0.000      0.697
    COG049             0.653      0.049     13.355      0.000      0.347
    COG050             0.232      0.040      5.802      0.000      0.768
    COG051             0.603      0.063      9.573      0.000      0.397
    COG052             0.202      0.037      5.497      0.000      0.798
    COG053             0.216      0.036      6.002      0.000      0.784
    COG054             0.187      0.036      5.142      0.000      0.813
    COG055             0.670      0.060     11.241      0.000      0.330
    COG056             0.844      0.027     30.729      0.000      0.156
    COG057             0.149      0.038      3.874      0.000      0.851
    COG058             0.638      0.035     18.334      0.000      0.362
    COG060             0.811      0.027     29.755      0.000      0.189
    COG061             0.646      0.040     16.140      0.000      0.354
    COG062             0.409      0.053      7.770      0.000      0.591
    COG063             0.678      0.051     13.319      0.000      0.322
    COG064             0.566      0.044     12.829      0.000      0.434
    COG066             0.871      0.035     24.871      0.000      0.129


CONFIDENCE INTERVALS OF MODEL RESULTS

                  Lower .5%  Lower 2.5%    Lower 5%    Estimate    Upper 5%  Upper 2.5%   Upper .5%

 COG      BY
    COG040           1.000       1.000       1.000       1.000       1.000       1.000       1.000
    COG045           0.674       0.804       0.871       1.220       1.568       1.635       1.766
    COG050           0.808       0.965       1.045       1.463       1.881       1.961       2.117
    COG064           1.248       1.496       1.623       2.284       2.945       3.071       3.319
    COG041           0.492       0.628       0.698       1.064       1.429       1.499       1.636
    COG043           0.684       0.866       0.960       1.447       1.935       2.028       2.211
    COG044           0.645       0.804       0.885       1.309       1.733       1.814       1.973
    COG046           0.467       0.595       0.661       1.003       1.346       1.411       1.540
    COG048           0.867       1.059       1.158       1.673       2.187       2.286       2.478
    COG052           0.693       0.853       0.935       1.363       1.791       1.872       2.033
    COG053           0.721       0.886       0.971       1.413       1.854       1.939       2.104
    COG057           0.534       0.686       0.764       1.170       1.577       1.655       1.807
    COG049           1.344       1.609       1.745       2.454       3.162       3.298       3.563
    COG051           1.276       1.534       1.667       2.357       3.048       3.180       3.438
    COG054           0.661       0.817       0.897       1.312       1.728       1.808       1.964
    COG055           1.359       1.628       1.766       2.486       3.205       3.343       3.612
    COG056           1.538       1.837       1.990       2.790       3.589       3.742       4.042
    COG058           1.321       1.585       1.720       2.425       3.130       3.265       3.529
    COG060           1.509       1.802       1.952       2.735       3.518       3.668       3.961
    COG061           1.326       1.592       1.729       2.441       3.153       3.289       3.556
    COG062           1.039       1.255       1.365       1.941       2.517       2.627       2.843
    COG063           1.363       1.635       1.774       2.500       3.226       3.365       3.637
    COG066           1.557       1.863       2.019       2.834       3.650       3.806       4.111

 CBATT    WITH
    COG             -0.102      -0.092      -0.086      -0.058      -0.030      -0.025      -0.014

 Means
    CBATT           -0.134      -0.102      -0.086       0.000       0.086       0.102       0.134

 Thresholds
    COG040$1        -1.291      -1.255      -1.236      -1.140      -1.043      -1.024      -0.988
    COG041$1        -0.709      -0.679      -0.663      -0.583      -0.502      -0.486      -0.456
    COG043$1        -1.212      -1.177      -1.159      -1.065      -0.971      -0.953      -0.918
    COG044$1        -1.371      -1.334      -1.314      -1.214      -1.114      -1.095      -1.058
    COG045$1        -0.447      -0.418      -0.404      -0.326      -0.249      -0.234      -0.205
    COG046$1        -0.087      -0.058      -0.044       0.032       0.108       0.123       0.151
    COG048$1        -1.394      -1.356      -1.337      -1.236      -1.135      -1.115      -1.077
    COG049$1        -1.156      -1.122      -1.104      -1.013      -0.921      -0.903      -0.869
    COG050$1        -0.730      -0.699      -0.684      -0.603      -0.522      -0.506      -0.476
    COG051$1        -1.327      -1.290      -1.271      -1.173      -1.075      -1.056      -1.019
    COG052$1        -0.601      -0.571      -0.556      -0.477      -0.398      -0.383      -0.353
    COG053$1        -0.551      -0.522      -0.507      -0.428      -0.350      -0.335      -0.305
    COG054$1        -0.559      -0.529      -0.514      -0.436      -0.357      -0.342      -0.313
    COG055$1        -1.319      -1.283      -1.264      -1.166      -1.068      -1.049      -1.013
    COG056$1        -0.267      -0.239      -0.224      -0.148      -0.072      -0.057      -0.029
    COG057$1         0.762       0.795       0.812       0.900       0.988       1.005       1.038
    COG058$1        -0.285      -0.256      -0.241      -0.165      -0.089      -0.074      -0.046
    COG060$1         0.163       0.192       0.207       0.284       0.361       0.375       0.404
    COG061$1         0.573       0.605       0.620       0.704       0.787       0.802       0.834
    COG062$1         0.891       0.925       0.943       1.036       1.128       1.146       1.181
    COG063$1         1.051       1.088       1.107       1.207       1.307       1.326       1.363
    COG064$1         0.586       0.617       0.633       0.717       0.800       0.816       0.847
    COG066$1         0.792       0.825       0.842       0.931       1.020       1.037       1.071

 Variances
    CBATT            0.850       0.886       0.904       1.000       1.096       1.114       1.150
    COG              0.011       0.034       0.046       0.108       0.171       0.183       0.206


CONFIDENCE INTERVALS OF STANDARDIZED MODEL RESULTS


STDYX Standardization

                  Lower .5%  Lower 2.5%    Lower 5%    Estimate    Upper 5%  Upper 2.5%   Upper .5%

 COG      BY
    COG040           0.182       0.217       0.235       0.329       0.424       0.442       0.477
    COG045           0.295       0.320       0.333       0.402       0.470       0.483       0.509
    COG050           0.375       0.400       0.413       0.482       0.550       0.563       0.589
    COG064           0.677       0.695       0.704       0.752       0.800       0.810       0.828
    COG041           0.234       0.262       0.276       0.350       0.425       0.439       0.467
    COG043           0.341       0.374       0.390       0.477       0.563       0.580       0.612
    COG044           0.283       0.319       0.337       0.431       0.526       0.544       0.579
    COG046           0.220       0.246       0.260       0.330       0.401       0.414       0.441
    COG048           0.411       0.444       0.462       0.551       0.640       0.657       0.691
    COG052           0.344       0.369       0.382       0.449       0.516       0.529       0.554
    COG053           0.365       0.389       0.401       0.465       0.529       0.541       0.565
    COG057           0.257       0.288       0.304       0.385       0.467       0.483       0.514
    COG049           0.730       0.749       0.758       0.808       0.858       0.867       0.886
    COG051           0.672       0.697       0.710       0.776       0.843       0.856       0.881
    COG054           0.324       0.350       0.363       0.432       0.501       0.515       0.541
    COG055           0.725       0.747       0.759       0.819       0.879       0.890       0.912
    COG056           0.880       0.890       0.894       0.919       0.943       0.948       0.957
    COG058           0.743       0.756       0.763       0.799       0.835       0.841       0.855
    COG060           0.862       0.871       0.876       0.901       0.926       0.930       0.940
    COG061           0.740       0.755       0.763       0.804       0.845       0.853       0.868
    COG062           0.533       0.559       0.572       0.639       0.707       0.720       0.745
    COG063           0.744       0.763       0.773       0.823       0.874       0.884       0.903
    COG066           0.885       0.897       0.903       0.934       0.964       0.970       0.982

 CBATT    WITH
    COG             -0.274      -0.251      -0.239      -0.177      -0.114      -0.102      -0.079

 Means
    CBATT           -0.134      -0.102      -0.086       0.000       0.086       0.102       0.134

 Thresholds
    COG040$1        -1.291      -1.255      -1.236      -1.140      -1.043      -1.024      -0.988
    COG041$1        -0.709      -0.679      -0.663      -0.583      -0.502      -0.486      -0.456
    COG043$1        -1.212      -1.177      -1.159      -1.065      -0.971      -0.953      -0.918
    COG044$1        -1.371      -1.334      -1.314      -1.214      -1.114      -1.095      -1.058
    COG045$1        -0.447      -0.418      -0.404      -0.326      -0.249      -0.234      -0.205
    COG046$1        -0.087      -0.058      -0.044       0.032       0.108       0.123       0.151
    COG048$1        -1.394      -1.356      -1.337      -1.236      -1.135      -1.115      -1.077
    COG049$1        -1.156      -1.122      -1.104      -1.013      -0.921      -0.903      -0.869
    COG050$1        -0.730      -0.699      -0.684      -0.603      -0.522      -0.506      -0.476
    COG051$1        -1.327      -1.290      -1.271      -1.173      -1.075      -1.056      -1.019
    COG052$1        -0.601      -0.571      -0.556      -0.477      -0.398      -0.383      -0.353
    COG053$1        -0.551      -0.522      -0.507      -0.428      -0.350      -0.335      -0.305
    COG054$1        -0.559      -0.529      -0.514      -0.436      -0.357      -0.342      -0.313
    COG055$1        -1.319      -1.283      -1.264      -1.166      -1.068      -1.049      -1.013
    COG056$1        -0.267      -0.239      -0.224      -0.148      -0.072      -0.057      -0.029
    COG057$1         0.762       0.795       0.812       0.900       0.988       1.005       1.038
    COG058$1        -0.285      -0.256      -0.241      -0.165      -0.089      -0.074      -0.046
    COG060$1         0.163       0.192       0.207       0.284       0.361       0.375       0.404
    COG061$1         0.573       0.605       0.620       0.704       0.787       0.802       0.834
    COG062$1         0.891       0.925       0.943       1.036       1.128       1.146       1.181
    COG063$1         1.051       1.088       1.107       1.207       1.307       1.326       1.363
    COG064$1         0.586       0.617       0.633       0.717       0.800       0.816       0.847
    COG066$1         0.792       0.825       0.842       0.931       1.020       1.037       1.071

 Variances
    CBATT            1.000       1.000       1.000       1.000       1.000       1.000       1.000
    COG              1.000       1.000       1.000       1.000       1.000       1.000       1.000


STDY Standardization

                  Lower .5%  Lower 2.5%    Lower 5%    Estimate    Upper 5%  Upper 2.5%   Upper .5%

 COG      BY
    COG040           0.182       0.217       0.235       0.329       0.424       0.442       0.477
    COG045           0.295       0.320       0.333       0.402       0.470       0.483       0.509
    COG050           0.375       0.400       0.413       0.482       0.550       0.563       0.589
    COG064           0.677       0.695       0.704       0.752       0.800       0.810       0.828
    COG041           0.234       0.262       0.276       0.350       0.425       0.439       0.467
    COG043           0.341       0.374       0.390       0.477       0.563       0.580       0.612
    COG044           0.283       0.319       0.337       0.431       0.526       0.544       0.579
    COG046           0.220       0.246       0.260       0.330       0.401       0.414       0.441
    COG048           0.411       0.444       0.462       0.551       0.640       0.657       0.691
    COG052           0.344       0.369       0.382       0.449       0.516       0.529       0.554
    COG053           0.365       0.389       0.401       0.465       0.529       0.541       0.565
    COG057           0.257       0.288       0.304       0.385       0.467       0.483       0.514
    COG049           0.730       0.749       0.758       0.808       0.858       0.867       0.886
    COG051           0.672       0.697       0.710       0.776       0.843       0.856       0.881
    COG054           0.324       0.350       0.363       0.432       0.501       0.515       0.541
    COG055           0.725       0.747       0.759       0.819       0.879       0.890       0.912
    COG056           0.880       0.890       0.894       0.919       0.943       0.948       0.957
    COG058           0.743       0.756       0.763       0.799       0.835       0.841       0.855
    COG060           0.862       0.871       0.876       0.901       0.926       0.930       0.940
    COG061           0.740       0.755       0.763       0.804       0.845       0.853       0.868
    COG062           0.533       0.559       0.572       0.639       0.707       0.720       0.745
    COG063           0.744       0.763       0.773       0.823       0.874       0.884       0.903
    COG066           0.885       0.897       0.903       0.934       0.964       0.970       0.982

 CBATT    WITH
    COG             -0.274      -0.251      -0.239      -0.177      -0.114      -0.102      -0.079

 Means
    CBATT           -0.134      -0.102      -0.086       0.000       0.086       0.102       0.134

 Thresholds
    COG040$1        -1.291      -1.255      -1.236      -1.140      -1.043      -1.024      -0.988
    COG041$1        -0.709      -0.679      -0.663      -0.583      -0.502      -0.486      -0.456
    COG043$1        -1.212      -1.177      -1.159      -1.065      -0.971      -0.953      -0.918
    COG044$1        -1.371      -1.334      -1.314      -1.214      -1.114      -1.095      -1.058
    COG045$1        -0.447      -0.418      -0.404      -0.326      -0.249      -0.234      -0.205
    COG046$1        -0.087      -0.058      -0.044       0.032       0.108       0.123       0.151
    COG048$1        -1.394      -1.356      -1.337      -1.236      -1.135      -1.115      -1.077
    COG049$1        -1.156      -1.122      -1.104      -1.013      -0.921      -0.903      -0.869
    COG050$1        -0.730      -0.699      -0.684      -0.603      -0.522      -0.506      -0.476
    COG051$1        -1.327      -1.290      -1.271      -1.173      -1.075      -1.056      -1.019
    COG052$1        -0.601      -0.571      -0.556      -0.477      -0.398      -0.383      -0.353
    COG053$1        -0.551      -0.522      -0.507      -0.428      -0.350      -0.335      -0.305
    COG054$1        -0.559      -0.529      -0.514      -0.436      -0.357      -0.342      -0.313
    COG055$1        -1.319      -1.283      -1.264      -1.166      -1.068      -1.049      -1.013
    COG056$1        -0.267      -0.239      -0.224      -0.148      -0.072      -0.057      -0.029
    COG057$1         0.762       0.795       0.812       0.900       0.988       1.005       1.038
    COG058$1        -0.285      -0.256      -0.241      -0.165      -0.089      -0.074      -0.046
    COG060$1         0.163       0.192       0.207       0.284       0.361       0.375       0.404
    COG061$1         0.573       0.605       0.620       0.704       0.787       0.802       0.834
    COG062$1         0.891       0.925       0.943       1.036       1.128       1.146       1.181
    COG063$1         1.051       1.088       1.107       1.207       1.307       1.326       1.363
    COG064$1         0.586       0.617       0.633       0.717       0.800       0.816       0.847
    COG066$1         0.792       0.825       0.842       0.931       1.020       1.037       1.071

 Variances
    CBATT            1.000       1.000       1.000       1.000       1.000       1.000       1.000
    COG              1.000       1.000       1.000       1.000       1.000       1.000       1.000


STD Standardization

                  Lower .5%  Lower 2.5%    Lower 5%    Estimate    Upper 5%  Upper 2.5%   Upper .5%

 COG      BY
    COG040           0.182       0.217       0.235       0.329       0.424       0.442       0.477
    COG045           0.295       0.320       0.333       0.402       0.470       0.483       0.509
    COG050           0.375       0.400       0.413       0.482       0.550       0.563       0.589
    COG064           0.677       0.695       0.704       0.752       0.800       0.810       0.828
    COG041           0.234       0.262       0.276       0.350       0.425       0.439       0.467
    COG043           0.341       0.374       0.390       0.477       0.563       0.580       0.612
    COG044           0.283       0.319       0.337       0.431       0.526       0.544       0.579
    COG046           0.220       0.246       0.260       0.330       0.401       0.414       0.441
    COG048           0.411       0.444       0.462       0.551       0.640       0.657       0.691
    COG052           0.344       0.369       0.382       0.449       0.516       0.529       0.554
    COG053           0.365       0.389       0.401       0.465       0.529       0.541       0.565
    COG057           0.257       0.288       0.304       0.385       0.467       0.483       0.514
    COG049           0.730       0.749       0.758       0.808       0.858       0.867       0.886
    COG051           0.672       0.697       0.710       0.776       0.843       0.856       0.881
    COG054           0.324       0.350       0.363       0.432       0.501       0.515       0.541
    COG055           0.725       0.747       0.759       0.819       0.879       0.890       0.912
    COG056           0.880       0.890       0.894       0.919       0.943       0.948       0.957
    COG058           0.743       0.756       0.763       0.799       0.835       0.841       0.855
    COG060           0.862       0.871       0.876       0.901       0.926       0.930       0.940
    COG061           0.740       0.755       0.763       0.804       0.845       0.853       0.868
    COG062           0.533       0.559       0.572       0.639       0.707       0.720       0.745
    COG063           0.744       0.763       0.773       0.823       0.874       0.884       0.903
    COG066           0.885       0.897       0.903       0.934       0.964       0.970       0.982

 CBATT    WITH
    COG             -0.277      -0.253      -0.241      -0.177      -0.113      -0.101      -0.077

 Means
    CBATT           -0.134      -0.102      -0.086       0.000       0.086       0.102       0.134

 Thresholds
    COG040$1        -1.291      -1.255      -1.236      -1.140      -1.043      -1.024      -0.988
    COG041$1        -0.709      -0.679      -0.663      -0.583      -0.502      -0.486      -0.456
    COG043$1        -1.212      -1.177      -1.159      -1.065      -0.971      -0.953      -0.918
    COG044$1        -1.371      -1.334      -1.314      -1.214      -1.114      -1.095      -1.058
    COG045$1        -0.447      -0.418      -0.404      -0.326      -0.249      -0.234      -0.205
    COG046$1        -0.087      -0.058      -0.044       0.032       0.108       0.123       0.151
    COG048$1        -1.394      -1.356      -1.337      -1.236      -1.135      -1.115      -1.077
    COG049$1        -1.156      -1.122      -1.104      -1.013      -0.921      -0.903      -0.869
    COG050$1        -0.730      -0.699      -0.684      -0.603      -0.522      -0.506      -0.476
    COG051$1        -1.327      -1.290      -1.271      -1.173      -1.075      -1.056      -1.019
    COG052$1        -0.601      -0.571      -0.556      -0.477      -0.398      -0.383      -0.353
    COG053$1        -0.551      -0.522      -0.507      -0.428      -0.350      -0.335      -0.305
    COG054$1        -0.559      -0.529      -0.514      -0.436      -0.357      -0.342      -0.313
    COG055$1        -1.319      -1.283      -1.264      -1.166      -1.068      -1.049      -1.013
    COG056$1        -0.267      -0.239      -0.224      -0.148      -0.072      -0.057      -0.029
    COG057$1         0.762       0.795       0.812       0.900       0.988       1.005       1.038
    COG058$1        -0.285      -0.256      -0.241      -0.165      -0.089      -0.074      -0.046
    COG060$1         0.163       0.192       0.207       0.284       0.361       0.375       0.404
    COG061$1         0.573       0.605       0.620       0.704       0.787       0.802       0.834
    COG062$1         0.891       0.925       0.943       1.036       1.128       1.146       1.181
    COG063$1         1.051       1.088       1.107       1.207       1.307       1.326       1.363
    COG064$1         0.586       0.617       0.633       0.717       0.800       0.816       0.847
    COG066$1         0.792       0.825       0.842       0.931       1.020       1.037       1.071

 Variances
    CBATT            0.850       0.886       0.904       1.000       1.096       1.114       1.150
    COG              1.000       1.000       1.000       1.000       1.000       1.000       1.000


RESIDUAL OUTPUT


     ESTIMATED MODEL AND RESIDUALS (OBSERVED - ESTIMATED)


           Model Estimated Means/Intercepts/Thresholds
              COG040$1      COG041$1      COG043$1      COG044$1      COG045$1
              ________      ________      ________      ________      ________
               -1.140        -0.583        -1.065        -1.214        -0.326


           Model Estimated Means/Intercepts/Thresholds
              COG046$1      COG048$1      COG049$1      COG050$1      COG051$1
              ________      ________      ________      ________      ________
                0.032        -1.236        -1.013        -0.603        -1.173


           Model Estimated Means/Intercepts/Thresholds
              COG052$1      COG053$1      COG054$1      COG055$1      COG056$1
              ________      ________      ________      ________      ________
               -0.477        -0.428        -0.436        -1.166        -0.148


           Model Estimated Means/Intercepts/Thresholds
              COG057$1      COG058$1      COG060$1      COG061$1      COG062$1
              ________      ________      ________      ________      ________
                0.900        -0.165         0.284         0.704         1.036


           Model Estimated Means/Intercepts/Thresholds
              COG063$1      COG064$1      COG066$1      CBATT
              ________      ________      ________      ________
                1.207         0.717         0.931         0.000


           Residuals for Means/Intercepts/Thresholds
              COG040$1      COG041$1      COG043$1      COG044$1      COG045$1
              ________      ________      ________      ________      ________
                0.000         0.000         0.000         0.000         0.000


           Residuals for Means/Intercepts/Thresholds
              COG046$1      COG048$1      COG049$1      COG050$1      COG051$1
              ________      ________      ________      ________      ________
                0.000         0.000         0.000         0.000         0.000


           Residuals for Means/Intercepts/Thresholds
              COG052$1      COG053$1      COG054$1      COG055$1      COG056$1
              ________      ________      ________      ________      ________
                0.000         0.000         0.000         0.000         0.000


           Residuals for Means/Intercepts/Thresholds
              COG057$1      COG058$1      COG060$1      COG061$1      COG062$1
              ________      ________      ________      ________      ________
                0.000         0.000         0.000         0.000         0.000


           Residuals for Means/Intercepts/Thresholds
              COG063$1      COG064$1      COG066$1      CBATT
              ________      ________      ________      ________
                0.000         0.000         0.000         0.000


           Model Estimated Covariances/Correlations/Residual Correlations
              COG040        COG041        COG043        COG044        COG045
              ________      ________      ________      ________      ________
 COG040
 COG041         0.115
 COG043         0.157         0.167
 COG044         0.142         0.151         0.205
 COG045         0.132         0.141         0.192         0.173
 COG046         0.109         0.116         0.158         0.142         0.133
 COG048         0.181         0.193         0.263         0.237         0.221
 COG049         0.266         0.283         0.385         0.348         0.325
 COG050         0.159         0.169         0.230         0.208         0.194
 COG051         0.256         0.272         0.370         0.335         0.312
 COG052         0.148         0.157         0.214         0.194         0.180
 COG053         0.153         0.163         0.222         0.201         0.187
 COG054         0.142         0.151         0.206         0.186         0.174
 COG055         0.270         0.287         0.390         0.353         0.329
 COG056         0.303         0.322         0.438         0.396         0.369
 COG057         0.127         0.135         0.184         0.166         0.155
 COG058         0.263         0.280         0.381         0.344         0.321
 COG060         0.297         0.316         0.429         0.388         0.362
 COG061         0.265         0.282         0.383         0.347         0.323
 COG062         0.211         0.224         0.305         0.276         0.257
 COG063         0.271         0.289         0.392         0.355         0.331
 COG064         0.248         0.264         0.359         0.324         0.302
 COG066         0.307         0.327         0.445         0.402         0.375
 CBATT         -0.058        -0.062        -0.084        -0.076        -0.071


           Model Estimated Covariances/Correlations/Residual Correlations
              COG046        COG048        COG049        COG050        COG051
              ________      ________      ________      ________      ________
 COG048         0.182
 COG049         0.267         0.445
 COG050         0.159         0.265         0.389
 COG051         0.257         0.428         0.627         0.374
 COG052         0.148         0.247         0.363         0.216         0.349
 COG053         0.154         0.256         0.376         0.224         0.361
 COG054         0.143         0.238         0.349         0.208         0.336
 COG055         0.271         0.451         0.662         0.394         0.636
 COG056         0.304         0.506         0.743         0.443         0.713
 COG057         0.127         0.212         0.312         0.186         0.299
 COG058         0.264         0.440         0.646         0.385         0.620
 COG060         0.298         0.496         0.728         0.434         0.699
 COG061         0.266         0.443         0.650         0.387         0.624
 COG062         0.211         0.352         0.517         0.308         0.496
 COG063         0.272         0.454         0.665         0.397         0.639
 COG064         0.249         0.414         0.608         0.362         0.584
 COG066         0.309         0.514         0.754         0.450         0.725
 CBATT         -0.058        -0.097        -0.143        -0.085        -0.137


           Model Estimated Covariances/Correlations/Residual Correlations
              COG052        COG053        COG054        COG055        COG056
              ________      ________      ________      ________      ________
 COG053         0.209
 COG054         0.194         0.201
 COG055         0.367         0.381         0.354
 COG056         0.412         0.428         0.397         0.752
 COG057         0.173         0.179         0.167         0.316         0.354
 COG058         0.359         0.372         0.345         0.654         0.734
 COG060         0.404         0.419         0.389         0.737         0.828
 COG061         0.361         0.374         0.348         0.658         0.739
 COG062         0.287         0.297         0.276         0.523         0.587
 COG063         0.370         0.383         0.356         0.674         0.757
 COG064         0.338         0.350         0.325         0.616         0.691
 COG066         0.419         0.434         0.404         0.764         0.858
 CBATT         -0.079        -0.082        -0.076        -0.145        -0.162


           Model Estimated Covariances/Correlations/Residual Correlations
              COG057        COG058        COG060        COG061        COG062
              ________      ________      ________      ________      ________
 COG058         0.308
 COG060         0.347         0.719
 COG061         0.310         0.642         0.724
 COG062         0.246         0.511         0.576         0.514
 COG063         0.317         0.658         0.742         0.662         0.526
 COG064         0.290         0.601         0.677         0.605         0.481
 COG066         0.360         0.746         0.841         0.750         0.597
 CBATT         -0.068        -0.141        -0.159        -0.142        -0.113


           Model Estimated Covariances/Correlations/Residual Correlations
              COG063        COG064        COG066        CBATT
              ________      ________      ________      ________
 COG064         0.619
 COG066         0.769         0.702
 CBATT         -0.146        -0.133        -0.165         1.000


           Model Estimated Correlations/Residual Correlations
              COG040        COG041        COG043        COG044        COG045
              ________      ________      ________      ________      ________
 COG040
 COG041         0.115
 COG043         0.157         0.167
 COG044         0.142         0.151         0.205
 COG045         0.132         0.141         0.192         0.173
 COG046         0.109         0.116         0.158         0.142         0.133
 COG048         0.181         0.193         0.263         0.237         0.221
 COG049         0.266         0.283         0.385         0.348         0.325
 COG050         0.159         0.169         0.230         0.208         0.194
 COG051         0.256         0.272         0.370         0.335         0.312
 COG052         0.148         0.157         0.214         0.194         0.180
 COG053         0.153         0.163         0.222         0.201         0.187
 COG054         0.142         0.151         0.206         0.186         0.174
 COG055         0.270         0.287         0.390         0.353         0.329
 COG056         0.303         0.322         0.438         0.396         0.369
 COG057         0.127         0.135         0.184         0.166         0.155
 COG058         0.263         0.280         0.381         0.344         0.321
 COG060         0.297         0.316         0.429         0.388         0.362
 COG061         0.265         0.282         0.383         0.347         0.323
 COG062         0.211         0.224         0.305         0.276         0.257
 COG063         0.271         0.289         0.392         0.355         0.331
 COG064         0.248         0.264         0.359         0.324         0.302
 COG066         0.307         0.327         0.445         0.402         0.375
 CBATT         -0.058        -0.062        -0.084        -0.076        -0.071


           Model Estimated Correlations/Residual Correlations
              COG046        COG048        COG049        COG050        COG051
              ________      ________      ________      ________      ________
 COG048         0.182
 COG049         0.267         0.445
 COG050         0.159         0.265         0.389
 COG051         0.257         0.428         0.627         0.374
 COG052         0.148         0.247         0.363         0.216         0.349
 COG053         0.154         0.256         0.376         0.224         0.361
 COG054         0.143         0.238         0.349         0.208         0.336
 COG055         0.271         0.451         0.662         0.394         0.636
 COG056         0.304         0.506         0.743         0.443         0.713
 COG057         0.127         0.212         0.312         0.186         0.299
 COG058         0.264         0.440         0.646         0.385         0.620
 COG060         0.298         0.496         0.728         0.434         0.699
 COG061         0.266         0.443         0.650         0.387         0.624
 COG062         0.211         0.352         0.517         0.308         0.496
 COG063         0.272         0.454         0.665         0.397         0.639
 COG064         0.249         0.414         0.608         0.362         0.584
 COG066         0.309         0.514         0.754         0.450         0.725
 CBATT         -0.058        -0.097        -0.143        -0.085        -0.137


           Model Estimated Correlations/Residual Correlations
              COG052        COG053        COG054        COG055        COG056
              ________      ________      ________      ________      ________
 COG053         0.209
 COG054         0.194         0.201
 COG055         0.367         0.381         0.354
 COG056         0.412         0.428         0.397         0.752
 COG057         0.173         0.179         0.167         0.316         0.354
 COG058         0.359         0.372         0.345         0.654         0.734
 COG060         0.404         0.419         0.389         0.737         0.828
 COG061         0.361         0.374         0.348         0.658         0.739
 COG062         0.287         0.297         0.276         0.523         0.587
 COG063         0.370         0.383         0.356         0.674         0.757
 COG064         0.338         0.350         0.325         0.616         0.691
 COG066         0.419         0.434         0.404         0.764         0.858
 CBATT         -0.079        -0.082        -0.076        -0.145        -0.162


           Model Estimated Correlations/Residual Correlations
              COG057        COG058        COG060        COG061        COG062
              ________      ________      ________      ________      ________
 COG058         0.308
 COG060         0.347         0.719
 COG061         0.310         0.642         0.724
 COG062         0.246         0.511         0.576         0.514
 COG063         0.317         0.658         0.742         0.662         0.526
 COG064         0.290         0.601         0.677         0.605         0.481
 COG066         0.360         0.746         0.841         0.750         0.597
 CBATT         -0.068        -0.141        -0.159        -0.142        -0.113


           Model Estimated Correlations/Residual Correlations
              COG063        COG064        COG066        CBATT
              ________      ________      ________      ________
 COG064         0.619
 COG066         0.769         0.702
 CBATT         -0.146        -0.133        -0.165         1.000


           Residuals for Covariances/Correlations/Residual Correlations
              COG040        COG041        COG043        COG044        COG045
              ________      ________      ________      ________      ________
 COG040
 COG041        -0.028
 COG043        -0.062         0.054
 COG044         0.198         0.167         0.086
 COG045         0.402         0.076         0.074         0.131
 COG046         0.084         0.064         0.003         0.099         0.081
 COG048        -0.059         0.020        -0.002         0.120        -0.067
 COG049         0.041        -0.095        -0.076        -0.047        -0.009
 COG050         0.328         0.078         0.081         0.122         0.379
 COG051         0.009         0.021        -0.087         0.004         0.023
 COG052        -0.020         0.045         0.358         0.079         0.025
 COG053        -0.073        -0.003        -0.070         0.128         0.044
 COG054         0.027         0.015         0.114         0.044         0.018
 COG055        -0.083         0.032         0.048        -0.018        -0.067
 COG056        -0.068        -0.154        -0.152        -0.073        -0.122
 COG057        -0.043         0.180        -0.077        -0.103        -0.051
 COG058        -0.130        -0.088        -0.114        -0.098        -0.083
 COG060        -0.095        -0.067        -0.078        -0.067        -0.064
 COG061        -0.208        -0.025         0.019        -0.119        -0.168
 COG062         0.019         0.127         0.142        -0.046         0.057
 COG063        -0.091         0.034        -0.128        -0.111        -0.152
 COG064         0.077         0.013         0.037        -0.011        -0.002
 COG066        -0.156         0.006        -0.047        -0.030        -0.140
 CBATT         -0.038        -0.003        -0.037         0.128        -0.024


           Residuals for Covariances/Correlations/Residual Correlations
              COG046        COG048        COG049        COG050        COG051
              ________      ________      ________      ________      ________
 COG048         0.038
 COG049        -0.039        -0.241
 COG050        -0.033        -0.003         0.011
 COG051        -0.029        -0.074         0.059         0.028
 COG052        -0.148        -0.005        -0.086         0.057        -0.005
 COG053        -0.020         0.653        -0.188         0.018        -0.096
 COG054        -0.055        -0.020        -0.100         0.081        -0.001
 COG055        -0.002        -0.125        -0.034         0.016         0.077
 COG056        -0.075        -0.420         0.162        -0.132         0.010
 COG057        -0.003        -0.039        -0.039        -0.073        -0.054
 COG058        -0.038        -0.289        -0.082        -0.109         0.277
 COG060        -0.042        -0.318        -0.017        -0.082        -0.017
 COG061         0.018        -0.364        -0.160        -0.071        -0.090
 COG062         0.150        -0.215        -0.048        -0.055        -0.030
 COG063         0.029        -0.324        -0.115        -0.025        -0.243
 COG064         0.000        -0.043        -0.185        -0.039        -0.101
 COG066         0.077        -0.284        -0.057        -0.148        -0.073
 CBATT         -0.045         0.012         0.080         0.035         0.004


           Residuals for Covariances/Correlations/Residual Correlations
              COG052        COG053        COG054        COG055        COG056
              ________      ________      ________      ________      ________
 COG053         0.051
 COG054         0.186         0.010
 COG055         0.106        -0.074         0.051
 COG056        -0.132        -0.259        -0.174        -0.064
 COG057         0.037        -0.044         0.085         0.144        -0.106
 COG058        -0.127        -0.290        -0.035         0.078         0.057
 COG060        -0.085        -0.264        -0.045        -0.119         0.072
 COG061        -0.007        -0.234        -0.008         0.004        -0.098
 COG062        -0.003        -0.130        -0.079         0.100        -0.126
 COG063        -0.023        -0.177        -0.063        -0.102        -0.107
 COG064         0.035         0.012         0.114         0.042        -0.058
 COG066        -0.099        -0.233         0.028        -0.110        -0.053
 CBATT         -0.048        -0.023        -0.079         0.026         0.106


           Residuals for Covariances/Correlations/Residual Correlations
              COG057        COG058        COG060        COG061        COG062
              ________      ________      ________      ________      ________
 COG058         0.024
 COG060        -0.016         0.080
 COG061         0.082        -0.033        -0.077
 COG062         0.034        -0.008        -0.072         0.049
 COG063         0.027        -0.014        -0.040         0.176         0.010
 COG064         0.047        -0.011        -0.041         0.010         0.040
 COG066        -0.032         0.140        -0.002         0.072         0.083
 CBATT          0.045         0.022         0.084        -0.044        -0.049


           Residuals for Covariances/Correlations/Residual Correlations
              COG063        COG064        COG066        CBATT
              ________      ________      ________      ________
 COG064         0.001
 COG066        -0.015         0.054
 CBATT         -0.078        -0.173        -0.064         0.000


           Residuals for Correlations/Residual Correlations
              COG040        COG041        COG043        COG044        COG045
              ________      ________      ________      ________      ________
 COG040
 COG041        -0.028
 COG043        -0.062         0.054
 COG044         0.198         0.167         0.086
 COG045         0.402         0.076         0.074         0.131
 COG046         0.084         0.064         0.003         0.099         0.081
 COG048        -0.059         0.020        -0.002         0.120        -0.067
 COG049         0.041        -0.095        -0.076        -0.047        -0.009
 COG050         0.328         0.078         0.081         0.122         0.379
 COG051         0.009         0.021        -0.087         0.004         0.023
 COG052        -0.020         0.045         0.358         0.079         0.025
 COG053        -0.073        -0.003        -0.070         0.128         0.044
 COG054         0.027         0.015         0.114         0.044         0.018
 COG055        -0.083         0.032         0.048        -0.018        -0.067
 COG056        -0.068        -0.154        -0.152        -0.073        -0.122
 COG057        -0.043         0.180        -0.077        -0.103        -0.051
 COG058        -0.130        -0.088        -0.114        -0.098        -0.083
 COG060        -0.095        -0.067        -0.078        -0.067        -0.064
 COG061        -0.208        -0.025         0.019        -0.119        -0.168
 COG062         0.019         0.127         0.142        -0.046         0.057
 COG063        -0.091         0.034        -0.128        -0.111        -0.152
 COG064         0.077         0.013         0.037        -0.011        -0.002
 COG066        -0.156         0.006        -0.047        -0.030        -0.140
 CBATT         -0.038        -0.003        -0.037         0.128        -0.024


           Residuals for Correlations/Residual Correlations
              COG046        COG048        COG049        COG050        COG051
              ________      ________      ________      ________      ________
 COG048         0.038
 COG049        -0.039        -0.241
 COG050        -0.033        -0.003         0.011
 COG051        -0.029        -0.074         0.059         0.028
 COG052        -0.148        -0.005        -0.086         0.057        -0.005
 COG053        -0.020         0.653        -0.188         0.018        -0.096
 COG054        -0.055        -0.020        -0.100         0.081        -0.001
 COG055        -0.002        -0.125        -0.034         0.016         0.077
 COG056        -0.075        -0.420         0.162        -0.132         0.010
 COG057        -0.003        -0.039        -0.039        -0.073        -0.054
 COG058        -0.038        -0.289        -0.082        -0.109         0.277
 COG060        -0.042        -0.318        -0.017        -0.082        -0.017
 COG061         0.018        -0.364        -0.160        -0.071        -0.090
 COG062         0.150        -0.215        -0.048        -0.055        -0.030
 COG063         0.029        -0.324        -0.115        -0.025        -0.243
 COG064         0.000        -0.043        -0.185        -0.039        -0.101
 COG066         0.077        -0.284        -0.057        -0.148        -0.073
 CBATT         -0.045         0.012         0.080         0.035         0.004


           Residuals for Correlations/Residual Correlations
              COG052        COG053        COG054        COG055        COG056
              ________      ________      ________      ________      ________
 COG053         0.051
 COG054         0.186         0.010
 COG055         0.106        -0.074         0.051
 COG056        -0.132        -0.259        -0.174        -0.064
 COG057         0.037        -0.044         0.085         0.144        -0.106
 COG058        -0.127        -0.290        -0.035         0.078         0.057
 COG060        -0.085        -0.264        -0.045        -0.119         0.072
 COG061        -0.007        -0.234        -0.008         0.004        -0.098
 COG062        -0.003        -0.130        -0.079         0.100        -0.126
 COG063        -0.023        -0.177        -0.063        -0.102        -0.107
 COG064         0.035         0.012         0.114         0.042        -0.058
 COG066        -0.099        -0.233         0.028        -0.110        -0.053
 CBATT         -0.048        -0.023        -0.079         0.026         0.106


           Residuals for Correlations/Residual Correlations
              COG057        COG058        COG060        COG061        COG062
              ________      ________      ________      ________      ________
 COG058         0.024
 COG060        -0.016         0.080
 COG061         0.082        -0.033        -0.077
 COG062         0.034        -0.008        -0.072         0.049
 COG063         0.027        -0.014        -0.040         0.176         0.010
 COG064         0.047        -0.011        -0.041         0.010         0.040
 COG066        -0.032         0.140        -0.002         0.072         0.083
 CBATT          0.045         0.022         0.084        -0.044        -0.049


           Residuals for Correlations/Residual Correlations
              COG063        COG064        COG066        CBATT
              ________      ________      ________      ________
 COG064         0.001
 COG066        -0.015         0.054
 CBATT         -0.078        -0.173        -0.064         0.000


     UNIVARIATE PROPORTIONS FOR CATEGORICAL VARIABLES

     Variable          Observed      Estimated      Residual (Obs.-Est.)    Stand. Residual
     COG040
       Category  1       0.127          0.127                  0.000                0.000
       Category  2       0.873          0.873                  0.000                0.000
     COG041
       Category  1       0.280          0.280                  0.000                0.000
       Category  2       0.720          0.720                  0.000                0.000
     COG043
       Category  1       0.143          0.143                  0.000                0.000
       Category  2       0.857          0.857                  0.000                0.000
     COG044
       Category  1       0.112          0.112                  0.000                0.000
       Category  2       0.888          0.888                  0.000                0.000
     COG045
       Category  1       0.372          0.372                  0.000                0.000
       Category  2       0.628          0.628                  0.000                0.000
     COG046
       Category  1       0.513          0.513                  0.000                0.000
       Category  2       0.487          0.487                  0.000                0.000
     COG048
       Category  1       0.108          0.108                  0.000                0.000
       Category  2       0.892          0.892                  0.000                0.000
     COG049
       Category  1       0.156          0.156                  0.000                0.000
       Category  2       0.844          0.844                  0.000                0.000
     COG050
       Category  1       0.273          0.273                  0.000                0.000
       Category  2       0.727          0.727                  0.000                0.000
     COG051
       Category  1       0.120          0.120                  0.000                0.000
       Category  2       0.880          0.880                  0.000                0.000
     COG052
       Category  1       0.317          0.317                  0.000                0.000
       Category  2       0.683          0.683                  0.000                0.000
     COG053
       Category  1       0.334          0.334                  0.000                0.000
       Category  2       0.666          0.666                  0.000                0.000
     COG054
       Category  1       0.332          0.332                  0.000                0.000
       Category  2       0.668          0.668                  0.000                0.000
     COG055
       Category  1       0.122          0.122                  0.000                0.000
       Category  2       0.878          0.878                  0.000                0.000
     COG056
       Category  1       0.441          0.441                  0.000                0.000
       Category  2       0.559          0.559                  0.000                0.000
     COG057
       Category  1       0.816          0.816                  0.000                0.000
       Category  2       0.184          0.184                  0.000                0.000
     COG058
       Category  1       0.434          0.434                  0.000                0.000
       Category  2       0.566          0.566                  0.000                0.000
     COG060
       Category  1       0.612          0.612                  0.000                0.000
       Category  2       0.388          0.388                  0.000                0.000
     COG061
       Category  1       0.759          0.759                  0.000                0.000
       Category  2       0.241          0.241                  0.000                0.000
     COG062
       Category  1       0.850          0.850                  0.000                0.000
       Category  2       0.150          0.150                  0.000                0.000
     COG063
       Category  1       0.886          0.886                  0.000                0.000
       Category  2       0.114          0.114                  0.000                0.000
     COG064
       Category  1       0.763          0.763                  0.000                0.000
       Category  2       0.237          0.237                  0.000                0.000
     COG066
       Category  1       0.824          0.824                  0.000                0.000
       Category  2       0.176          0.176                  0.000                0.000


     BIVARIATE PROPORTIONS FOR CATEGORICAL VARIABLES

     Variable       Variable          Observed     Estimated    Residual (Obs.-Est.)  Stand. Residual
     COG040         COG041
       Category 1     Category 1        0.042       0.044            -0.002           -0.276
       Category 1     Category 2        0.085       0.083             0.002            0.205
       Category 2     Category 1        0.238       0.236             0.002            0.133
       Category 2     Category 2        0.635       0.637            -0.002           -0.118
     COG040         COG043
       Category 1     Category 1        0.023       0.026            -0.003           -0.569
       Category 1     Category 2        0.104       0.101             0.003            0.303
       Category 2     Category 1        0.120       0.117             0.003            0.284
       Category 2     Category 2        0.752       0.756            -0.003           -0.212
     COG040         COG044
       Category 1     Category 1        0.031       0.020             0.011            2.040
       Category 1     Category 2        0.096       0.107            -0.011           -0.936
       Category 2     Category 1        0.081       0.092            -0.011           -1.001
       Category 2     Category 2        0.792       0.781             0.011            0.699
     COG040         COG045
       Category 1     Category 1        0.093       0.058             0.035            4.111
       Category 1     Category 2        0.034       0.069            -0.035           -3.787
       Category 2     Category 1        0.279       0.314            -0.035           -2.071
       Category 2     Category 2        0.594       0.559             0.035            1.936
     COG040         COG046
       Category 1     Category 1        0.081       0.074             0.007            0.719
       Category 1     Category 2        0.046       0.053            -0.007           -0.842
       Category 2     Category 1        0.432       0.439            -0.007           -0.380
       Category 2     Category 2        0.441       0.434             0.007            0.380
     COG040         COG048
       Category 1     Category 1        0.019       0.022            -0.003           -0.516
       Category 1     Category 2        0.108       0.105             0.003            0.245
       Category 2     Category 1        0.089       0.087             0.003            0.267
       Category 2     Category 2        0.783       0.786            -0.003           -0.183
     COG040         COG049
       Category 1     Category 1        0.038       0.035             0.003            0.408
       Category 1     Category 2        0.089       0.092            -0.003           -0.260
       Category 2     Category 1        0.118       0.120            -0.003           -0.231
       Category 2     Category 2        0.755       0.752             0.003            0.174
     COG040         COG050
       Category 1     Category 1        0.074       0.046             0.028            3.628
       Category 1     Category 2        0.053       0.081            -0.028           -2.799
       Category 2     Category 1        0.199       0.227            -0.028           -1.821
       Category 2     Category 2        0.674       0.646             0.028            1.595
     COG040         COG051
       Category 1     Category 1        0.028       0.028             0.001            0.089
       Category 1     Category 2        0.099       0.099            -0.001           -0.049
       Category 2     Category 1        0.092       0.093            -0.001           -0.051
       Category 2     Category 2        0.781       0.780             0.001            0.036
     COG040         COG052
       Category 1     Category 1        0.050       0.052            -0.002           -0.198
       Category 1     Category 2        0.077       0.076             0.002            0.166
       Category 2     Category 1        0.267       0.265             0.002            0.099
       Category 2     Category 2        0.606       0.608            -0.002           -0.090
     COG040         COG053
       Category 1     Category 1        0.049       0.055            -0.006           -0.700
       Category 1     Category 2        0.078       0.073             0.006            0.613
       Category 2     Category 1        0.286       0.280             0.006            0.354
       Category 2     Category 2        0.587       0.593            -0.006           -0.324
     COG040         COG054
       Category 1     Category 1        0.055       0.053             0.002            0.263
       Category 1     Category 2        0.072       0.074            -0.002           -0.226
       Category 2     Category 1        0.276       0.278            -0.002           -0.132
       Category 2     Category 2        0.597       0.595             0.002            0.120
     COG040         COG055
       Category 1     Category 1        0.024       0.029            -0.005           -0.743
       Category 1     Category 2        0.103       0.098             0.005            0.418
       Category 2     Category 1        0.097       0.093             0.005            0.429
       Category 2     Category 2        0.775       0.780            -0.005           -0.301
     COG040         COG056
       Category 1     Category 1        0.076       0.082            -0.006           -0.571
       Category 1     Category 2        0.051       0.046             0.006            0.749
       Category 2     Category 1        0.365       0.360             0.006            0.326
       Category 2     Category 2        0.507       0.513            -0.006           -0.313
     COG040         COG057
       Category 1     Category 1        0.108       0.110            -0.002           -0.183
       Category 1     Category 2        0.019       0.017             0.002            0.446
       Category 2     Category 1        0.708       0.706             0.002            0.126
       Category 2     Category 2        0.165       0.167            -0.002           -0.154
     COG040         COG058
       Category 1     Category 1        0.066       0.077            -0.011           -1.119
       Category 1     Category 2        0.061       0.050             0.011            1.372
       Category 2     Category 1        0.368       0.357             0.011            0.624
       Category 2     Category 2        0.505       0.516            -0.011           -0.598
     COG040         COG060
       Category 1     Category 1        0.093       0.100            -0.007           -0.619
       Category 1     Category 2        0.034       0.027             0.007            1.146
       Category 2     Category 1        0.518       0.511             0.007            0.372
       Category 2     Category 2        0.355       0.361            -0.007           -0.387
     COG040         COG061
       Category 1     Category 1        0.100       0.112            -0.012           -1.010
       Category 1     Category 2        0.027       0.015             0.012            2.589
       Category 2     Category 1        0.659       0.647             0.012            0.666
       Category 2     Category 2        0.214       0.226            -0.012           -0.762
     COG040         COG062
       Category 1     Category 1        0.118       0.117             0.001            0.057
       Category 1     Category 2        0.009       0.010            -0.001           -0.184
       Category 2     Category 1        0.732       0.733            -0.001           -0.042
       Category 2     Category 2        0.141       0.140             0.001            0.053
     COG040         COG063
       Category 1     Category 1        0.119       0.122            -0.003           -0.208
       Category 1     Category 2        0.008       0.006             0.003            0.909
       Category 2     Category 1        0.767       0.765             0.003            0.160
       Category 2     Category 2        0.106       0.108            -0.003           -0.219
     COG040         COG064
       Category 1     Category 1        0.115       0.111             0.004            0.318
       Category 1     Category 2        0.012       0.016            -0.004           -0.802
       Category 2     Category 1        0.648       0.652            -0.004           -0.210
       Category 2     Category 2        0.225       0.221             0.004            0.241
     COG040         COG066
       Category 1     Category 1        0.112       0.119            -0.006           -0.529
       Category 1     Category 2        0.015       0.009             0.006            1.853
       Category 2     Category 1        0.712       0.705             0.006            0.375
       Category 2     Category 2        0.161       0.167            -0.006           -0.458
     COG041         COG043
       Category 1     Category 1        0.058       0.054             0.005            0.558
       Category 1     Category 2        0.222       0.227            -0.005           -0.300
       Category 2     Category 1        0.085       0.090            -0.005           -0.440
       Category 2     Category 2        0.635       0.630             0.005            0.260
     COG041         COG044
       Category 1     Category 1        0.054       0.042             0.012            1.693
       Category 1     Category 2        0.226       0.238            -0.012           -0.794
       Category 2     Category 1        0.058       0.071            -0.012           -1.321
       Category 2     Category 2        0.662       0.649             0.012            0.709
     COG041         COG045
       Category 1     Category 1        0.133       0.122             0.010            0.844
       Category 1     Category 2        0.147       0.158            -0.010           -0.759
       Category 2     Category 1        0.240       0.250            -0.010           -0.639
       Category 2     Category 2        0.480       0.470             0.010            0.554
     COG041         COG046
       Category 1     Category 1        0.168       0.159             0.009            0.638
       Category 1     Category 2        0.112       0.121            -0.009           -0.716
       Category 2     Category 1        0.345       0.354            -0.009           -0.488
       Category 2     Category 2        0.375       0.366             0.009            0.485
     COG041         COG048
       Category 1     Category 1        0.045       0.043             0.001            0.191
       Category 1     Category 2        0.235       0.237            -0.001           -0.091
       Category 2     Category 1        0.064       0.065            -0.001           -0.158
       Category 2     Category 2        0.656       0.655             0.001            0.082
     COG041         COG049
       Category 1     Category 1        0.060       0.068            -0.009           -0.947
       Category 1     Category 2        0.221       0.212             0.009            0.585
       Category 2     Category 1        0.096       0.087             0.009            0.846
       Category 2     Category 2        0.624       0.633            -0.009           -0.496
     COG041         COG050
       Category 1     Category 1        0.106       0.096             0.009            0.874
       Category 1     Category 2        0.175       0.184            -0.009           -0.664
       Category 2     Category 1        0.168       0.177            -0.009           -0.674
       Category 2     Category 2        0.552       0.543             0.009            0.517
     COG041         COG051
       Category 1     Category 1        0.055       0.054             0.002            0.203
       Category 1     Category 2        0.225       0.226            -0.002           -0.109
       Category 2     Category 1        0.065       0.067            -0.002           -0.184
       Category 2     Category 2        0.655       0.653             0.002            0.096
     COG041         COG052
       Category 1     Category 1        0.114       0.108             0.006            0.496
       Category 1     Category 2        0.166       0.172            -0.006           -0.408
       Category 2     Category 1        0.203       0.209            -0.006           -0.379
       Category 2     Category 2        0.517       0.511             0.006            0.308
     COG041         COG053
       Category 1     Category 1        0.114       0.114             0.000           -0.034
       Category 1     Category 2        0.166       0.166             0.000            0.029
       Category 2     Category 1        0.221       0.220             0.000            0.026
       Category 2     Category 2        0.499       0.500             0.000           -0.021
     COG041         COG054
       Category 1     Category 1        0.114       0.112             0.002            0.164
       Category 1     Category 2        0.166       0.168            -0.002           -0.138
       Category 2     Category 1        0.218       0.220            -0.002           -0.125
       Category 2     Category 2        0.502       0.500             0.002            0.103
     COG041         COG055
       Category 1     Category 1        0.058       0.056             0.003            0.316
       Category 1     Category 2        0.222       0.225            -0.003           -0.173
       Category 2     Category 1        0.064       0.066            -0.003           -0.291
       Category 2     Category 2        0.656       0.654             0.003            0.152
     COG041         COG056
       Category 1     Category 1        0.146       0.167            -0.021           -1.552
       Category 1     Category 2        0.134       0.113             0.021            1.834
       Category 2     Category 1        0.295       0.274             0.021            1.300
       Category 2     Category 2        0.425       0.446            -0.021           -1.166
     COG041         COG057
       Category 1     Category 1        0.254       0.240             0.014            0.901
       Category 1     Category 2        0.026       0.040            -0.014           -1.968
       Category 2     Category 1        0.562       0.576            -0.014           -0.779
       Category 2     Category 2        0.158       0.144             0.014            1.096
     COG041         COG058
       Category 1     Category 1        0.147       0.160            -0.012           -0.898
       Category 1     Category 2        0.133       0.121             0.012            1.011
       Category 2     Category 1        0.287       0.275             0.012            0.737
       Category 2     Category 2        0.433       0.445            -0.012           -0.662
     COG041         COG060
       Category 1     Category 1        0.203       0.211            -0.008           -0.556
       Category 1     Category 2        0.077       0.069             0.008            0.897
       Category 2     Category 1        0.409       0.400             0.008            0.463
       Category 2     Category 2        0.311       0.320            -0.008           -0.487
     COG041         COG061
       Category 1     Category 1        0.238       0.241            -0.002           -0.151
       Category 1     Category 2        0.042       0.040             0.002            0.330
       Category 2     Category 1        0.521       0.519             0.002            0.129
       Category 2     Category 2        0.199       0.201            -0.002           -0.160
     COG041         COG062
       Category 1     Category 1        0.263       0.254             0.008            0.506
       Category 1     Category 2        0.018       0.026            -0.008           -1.393
       Category 2     Category 1        0.587       0.595            -0.008           -0.449
       Category 2     Category 2        0.133       0.125             0.008            0.667
     COG041         COG063
       Category 1     Category 1        0.267       0.265             0.002            0.101
       Category 1     Category 2        0.014       0.015            -0.002           -0.365
       Category 2     Category 1        0.620       0.621            -0.002           -0.092
       Category 2     Category 2        0.100       0.098             0.002            0.150
     COG041         COG064
       Category 1     Category 1        0.241       0.240             0.001            0.075
       Category 1     Category 2        0.039       0.040            -0.001           -0.162
       Category 2     Category 1        0.522       0.523            -0.001           -0.064
       Category 2     Category 2        0.198       0.196             0.001            0.080
     COG041         COG066
       Category 1     Category 1        0.257       0.257             0.000            0.026
       Category 1     Category 2        0.023       0.023             0.000           -0.074
       Category 2     Category 1        0.567       0.567             0.000           -0.023
       Category 2     Category 2        0.153       0.152             0.000            0.031
     COG043         COG044
       Category 1     Category 1        0.031       0.026             0.005            0.842
       Category 1     Category 2        0.112       0.117            -0.005           -0.418
       Category 2     Category 1        0.081       0.086            -0.005           -0.479
       Category 2     Category 2        0.775       0.770             0.005            0.319
     COG043         COG045
       Category 1     Category 1        0.077       0.070             0.007            0.726
       Category 1     Category 2        0.066       0.073            -0.007           -0.712
       Category 2     Category 1        0.295       0.302            -0.007           -0.404
       Category 2     Category 2        0.562       0.555             0.007            0.373
     COG043         COG046
       Category 1     Category 1        0.088       0.088             0.000            0.022
       Category 1     Category 2        0.055       0.056             0.000           -0.027
       Category 2     Category 1        0.425       0.425             0.000           -0.013
       Category 2     Category 2        0.432       0.431             0.000            0.013
     COG043         COG048
       Category 1     Category 1        0.028       0.029             0.000           -0.018
       Category 1     Category 2        0.115       0.115             0.000            0.009
       Category 2     Category 1        0.080       0.080             0.000            0.011
       Category 2     Category 2        0.777       0.777             0.000           -0.007
     COG043         COG049
       Category 1     Category 1        0.042       0.048            -0.006           -0.734
       Category 1     Category 2        0.101       0.096             0.006            0.531
       Category 2     Category 1        0.114       0.108             0.006            0.504
       Category 2     Category 2        0.743       0.749            -0.006           -0.360
     COG043         COG050
       Category 1     Category 1        0.065       0.058             0.007            0.836
       Category 1     Category 2        0.078       0.086            -0.007           -0.697
       Category 2     Category 1        0.208       0.216            -0.007           -0.474
       Category 2     Category 2        0.648       0.641             0.007            0.406
     COG043         COG051
       Category 1     Category 1        0.032       0.038            -0.006           -0.803
       Category 1     Category 2        0.111       0.105             0.006            0.501
       Category 2     Category 1        0.088       0.082             0.006            0.559
       Category 2     Category 2        0.769       0.774            -0.006           -0.368
     COG043         COG052
       Category 1     Category 1        0.099       0.064             0.035            3.920
       Category 1     Category 2        0.045       0.080            -0.035           -3.529
       Category 2     Category 1        0.218       0.253            -0.035           -2.200
       Category 2     Category 2        0.639       0.604             0.035            1.955
     COG043         COG053
       Category 1     Category 1        0.061       0.067            -0.006           -0.678
       Category 1     Category 2        0.083       0.076             0.006            0.639
       Category 2     Category 1        0.273       0.267             0.006            0.383
       Category 2     Category 2        0.583       0.589            -0.006           -0.345
     COG043         COG054
       Category 1     Category 1        0.076       0.065             0.010            1.156
       Category 1     Category 2        0.068       0.078            -0.010           -1.063
       Category 2     Category 1        0.256       0.266            -0.010           -0.646
       Category 2     Category 2        0.601       0.590             0.010            0.580
     COG043         COG055
       Category 1     Category 1        0.043       0.040             0.003            0.477
       Category 1     Category 2        0.100       0.104            -0.003           -0.306
       Category 2     Category 1        0.078       0.082            -0.003           -0.340
       Category 2     Category 2        0.778       0.775             0.003            0.223
     COG043         COG056
       Category 1     Category 1        0.089       0.104            -0.014           -1.274
       Category 1     Category 2        0.054       0.040             0.014            1.986
       Category 2     Category 1        0.352       0.338             0.014            0.821
       Category 2     Category 2        0.505       0.519            -0.014           -0.777
     COG043         COG057
       Category 1     Category 1        0.123       0.127            -0.004           -0.324
       Category 1     Category 2        0.020       0.016             0.004            0.853
       Category 2     Category 1        0.693       0.689             0.004            0.233
       Category 2     Category 2        0.164       0.168            -0.004           -0.289
     COG043         COG058
       Category 1     Category 1        0.087       0.097            -0.011           -0.979
       Category 1     Category 2        0.057       0.046             0.011            1.382
       Category 2     Category 1        0.348       0.337             0.011            0.613
       Category 2     Category 2        0.509       0.519            -0.011           -0.580
     COG043         COG060
       Category 1     Category 1        0.116       0.122            -0.006           -0.476
       Category 1     Category 2        0.027       0.021             0.006            1.079
       Category 2     Category 1        0.495       0.490             0.006            0.312
       Category 2     Category 2        0.361       0.367            -0.006           -0.323
     COG043         COG061
       Category 1     Category 1        0.133       0.132             0.001            0.070
       Category 1     Category 2        0.011       0.012            -0.001           -0.221
       Category 2     Category 1        0.627       0.627            -0.001           -0.049
       Category 2     Category 2        0.230       0.229             0.001            0.057
     COG043         COG062
       Category 1     Category 1        0.139       0.135             0.004            0.331
       Category 1     Category 2        0.004       0.008            -0.004           -1.254
       Category 2     Category 1        0.710       0.715            -0.004           -0.251
       Category 2     Category 2        0.146       0.142             0.004            0.324
     COG043         COG063
       Category 1     Category 1        0.137       0.140            -0.003           -0.246
       Category 1     Category 2        0.007       0.004             0.003            1.422
       Category 2     Category 1        0.750       0.747             0.003            0.196
       Category 2     Category 2        0.107       0.110            -0.003           -0.273
     COG043         COG064
       Category 1     Category 1        0.133       0.131             0.002            0.141
       Category 1     Category 2        0.011       0.013            -0.002           -0.426
       Category 2     Category 1        0.631       0.632            -0.002           -0.098
       Category 2     Category 2        0.226       0.224             0.002            0.114
     COG043         COG066
       Category 1     Category 1        0.137       0.138            -0.001           -0.115
       Category 1     Category 2        0.007       0.005             0.001            0.544
       Category 2     Category 1        0.687       0.686             0.001            0.085
       Category 2     Category 2        0.169       0.171            -0.001           -0.105
     COG044         COG045
       Category 1     Category 1        0.065       0.055             0.010            1.225
       Category 1     Category 2        0.047       0.058            -0.010           -1.196
       Category 2     Category 1        0.307       0.317            -0.010           -0.598
       Category 2     Category 2        0.581       0.570             0.010            0.563
     COG044         COG046
       Category 1     Category 1        0.076       0.068             0.007            0.795
       Category 1     Category 2        0.037       0.044            -0.007           -0.979
       Category 2     Category 1        0.437       0.444            -0.007           -0.404
       Category 2     Category 2        0.451       0.443             0.007            0.404
     COG044         COG048
       Category 1     Category 1        0.028       0.022             0.006            1.163
       Category 1     Category 2        0.084       0.090            -0.006           -0.597
       Category 2     Category 1        0.080       0.086            -0.006           -0.610
       Category 2     Category 2        0.808       0.802             0.006            0.429
     COG044         COG049
       Category 1     Category 1        0.034       0.037            -0.003           -0.442
       Category 1     Category 2        0.078       0.075             0.003            0.315
       Category 2     Category 1        0.122       0.119             0.003            0.257
       Category 2     Category 2        0.766       0.769            -0.003           -0.198
     COG044         COG050
       Category 1     Category 1        0.054       0.045             0.009            1.215
       Category 1     Category 2        0.058       0.067            -0.009           -1.003
       Category 2     Category 1        0.219       0.228            -0.009           -0.599
       Category 2     Category 2        0.668       0.659             0.009            0.531
     COG044         COG051
       Category 1     Category 1        0.030       0.030             0.000            0.040
       Category 1     Category 2        0.083       0.083             0.000           -0.024
       Category 2     Category 1        0.091       0.091             0.000           -0.023
       Category 2     Category 2        0.797       0.797             0.000            0.017
     COG044         COG052
       Category 1     Category 1        0.055       0.049             0.006            0.759
       Category 1     Category 2        0.057       0.063            -0.006           -0.678
       Category 2     Category 1        0.261       0.267            -0.006           -0.372
       Category 2     Category 2        0.627       0.620             0.006            0.339
     COG044         COG053
       Category 1     Category 1        0.062       0.052             0.010            1.232
       Category 1     Category 2        0.050       0.060            -0.010           -1.152
       Category 2     Category 1        0.272       0.282            -0.010           -0.609
       Category 2     Category 2        0.616       0.606             0.010            0.560
     COG044         COG054
       Category 1     Category 1        0.054       0.051             0.003            0.418
       Category 1     Category 2        0.058       0.062            -0.003           -0.381
       Category 2     Category 1        0.277       0.281            -0.003           -0.204
       Category 2     Category 2        0.610       0.607             0.003            0.188
     COG044         COG055
       Category 1     Category 1        0.030       0.031            -0.001           -0.171
       Category 1     Category 2        0.083       0.081             0.001            0.108
       Category 2     Category 1        0.092       0.091             0.001            0.103
       Category 2     Category 2        0.796       0.797            -0.001           -0.073
     COG044         COG056
       Category 1     Category 1        0.074       0.080            -0.006           -0.566
       Category 1     Category 2        0.038       0.032             0.006            0.869
       Category 2     Category 1        0.367       0.361             0.006            0.320
       Category 2     Category 2        0.521       0.527            -0.006           -0.308
     COG044         COG057
       Category 1     Category 1        0.095       0.099            -0.005           -0.417
       Category 1     Category 2        0.018       0.013             0.005            1.100
       Category 2     Category 1        0.721       0.717             0.005            0.277
       Category 2     Category 2        0.166       0.171            -0.005           -0.331
     COG044         COG058
       Category 1     Category 1        0.068       0.075            -0.008           -0.789
       Category 1     Category 2        0.045       0.037             0.008            1.103
       Category 2     Category 1        0.367       0.359             0.008            0.434
       Category 2     Category 2        0.521       0.529            -0.008           -0.417
     COG044         COG060
       Category 1     Category 1        0.091       0.095            -0.004           -0.377
       Category 1     Category 2        0.022       0.018             0.004            0.839
       Category 2     Category 1        0.521       0.517             0.004            0.221
       Category 2     Category 2        0.367       0.371            -0.004           -0.228
     COG044         COG061
       Category 1     Category 1        0.097       0.103            -0.005           -0.463
       Category 1     Category 2        0.015       0.010             0.005            1.431
       Category 2     Category 1        0.662       0.657             0.005            0.296
       Category 2     Category 2        0.226       0.231            -0.005           -0.333
     COG044         COG062
       Category 1     Category 1        0.104       0.106            -0.001           -0.121
       Category 1     Category 2        0.008       0.007             0.001            0.454
       Category 2     Category 1        0.746       0.744             0.001            0.085
       Category 2     Category 2        0.142       0.143            -0.001           -0.106
     COG044         COG063
       Category 1     Category 1        0.107       0.109            -0.002           -0.200
       Category 1     Category 2        0.005       0.003             0.002            1.119
       Category 2     Category 1        0.779       0.777             0.002            0.150
       Category 2     Category 2        0.108       0.111            -0.002           -0.199
     COG044         COG064
       Category 1     Category 1        0.101       0.102             0.000           -0.042
       Category 1     Category 2        0.011       0.010             0.000            0.124
       Category 2     Category 1        0.662       0.661             0.000            0.027
       Category 2     Category 2        0.226       0.226             0.000           -0.030
     COG044         COG066
       Category 1     Category 1        0.107       0.108            -0.001           -0.069
       Category 1     Category 2        0.005       0.005             0.001            0.317
       Category 2     Category 1        0.717       0.716             0.001            0.048
       Category 2     Category 2        0.171       0.171            -0.001           -0.057
     COG045         COG046
       Category 1     Category 1        0.223       0.211             0.012            0.824
       Category 1     Category 2        0.149       0.161            -0.012           -0.914
       Category 2     Category 1        0.290       0.302            -0.012           -0.732
       Category 2     Category 2        0.338       0.326             0.012            0.717
     COG045         COG048
       Category 1     Category 1        0.051       0.056            -0.005           -0.597
       Category 1     Category 2        0.321       0.316             0.005            0.296
       Category 2     Category 1        0.057       0.052             0.005            0.622
       Category 2     Category 2        0.571       0.576            -0.005           -0.279
     COG045         COG049
       Category 1     Category 1        0.088       0.089            -0.001           -0.088
       Category 1     Category 2        0.284       0.283             0.001            0.056
       Category 2     Category 1        0.068       0.067             0.001            0.100
       Category 2     Category 2        0.560       0.561            -0.001           -0.050
     COG045         COG050
       Category 1     Category 1        0.181       0.127             0.055            4.471
       Category 1     Category 2        0.191       0.245            -0.055           -3.455
       Category 2     Category 1        0.092       0.147            -0.055           -4.202
       Category 2     Category 2        0.536       0.481             0.055            2.976
     COG045         COG051
       Category 1     Category 1        0.072       0.070             0.002            0.205
       Category 1     Category 2        0.300       0.302            -0.002           -0.114
       Category 2     Category 1        0.049       0.051            -0.002           -0.238
       Category 2     Category 2        0.579       0.577             0.002            0.106
     COG045         COG052
       Category 1     Category 1        0.146       0.143             0.004            0.279
       Category 1     Category 2        0.226       0.230            -0.004           -0.232
       Category 2     Category 1        0.171       0.174            -0.004           -0.257
       Category 2     Category 2        0.457       0.454             0.004            0.196
     COG045         COG053
       Category 1     Category 1        0.157       0.151             0.006            0.487
       Category 1     Category 2        0.215       0.222            -0.006           -0.419
       Category 2     Category 1        0.177       0.184            -0.006           -0.449
       Category 2     Category 2        0.451       0.444             0.006            0.350
     COG045         COG054
       Category 1     Category 1        0.150       0.148             0.003            0.200
       Category 1     Category 2        0.222       0.225            -0.003           -0.170
       Category 2     Category 1        0.181       0.184            -0.003           -0.183
       Category 2     Category 2        0.447       0.444             0.003            0.143
     COG045         COG055
       Category 1     Category 1        0.066       0.072            -0.006           -0.593
       Category 1     Category 2        0.306       0.300             0.006            0.334
       Category 2     Category 1        0.055       0.050             0.006            0.704
       Category 2     Category 2        0.572       0.578            -0.006           -0.310
     COG045         COG056
       Category 1     Category 1        0.202       0.221            -0.019           -1.267
       Category 1     Category 2        0.171       0.151             0.019            1.467
       Category 2     Category 1        0.240       0.220             0.019            1.269
       Category 2     Category 2        0.388       0.408            -0.019           -1.070
     COG045         COG057
       Category 1     Category 1        0.314       0.319            -0.005           -0.288
       Category 1     Category 2        0.058       0.053             0.005            0.598
       Category 2     Category 1        0.502       0.497             0.005            0.269
       Category 2     Category 2        0.126       0.131            -0.005           -0.398
     COG045         COG058
       Category 1     Category 1        0.198       0.211            -0.013           -0.869
       Category 1     Category 2        0.175       0.162             0.013            0.963
       Category 2     Category 1        0.237       0.224             0.013            0.850
       Category 2     Category 2        0.391       0.404            -0.013           -0.722
     COG045         COG060
       Category 1     Category 1        0.271       0.280            -0.009           -0.572
       Category 1     Category 2        0.101       0.092             0.009            0.888
       Category 2     Category 1        0.341       0.332             0.009            0.545
       Category 2     Category 2        0.287       0.296            -0.009           -0.562
     COG045         COG061
       Category 1     Category 1        0.300       0.319            -0.019           -1.104
       Category 1     Category 2        0.072       0.053             0.019            2.302
       Category 2     Category 1        0.459       0.440             0.019            1.037
       Category 2     Category 2        0.169       0.188            -0.019           -1.317
     COG045         COG062
       Category 1     Category 1        0.342       0.338             0.004            0.258
       Category 1     Category 2        0.030       0.034            -0.004           -0.671
       Category 2     Category 1        0.507       0.512            -0.004           -0.244
       Category 2     Category 2        0.120       0.116             0.004            0.381
     COG045         COG063
       Category 1     Category 1        0.342       0.352            -0.010           -0.553
       Category 1     Category 2        0.030       0.020             0.010            1.886
       Category 2     Category 1        0.544       0.534             0.010            0.530
       Category 2     Category 2        0.084       0.094            -0.010           -0.907
     COG045         COG064
       Category 1     Category 1        0.318       0.318             0.000           -0.011
       Category 1     Category 2        0.054       0.054             0.000            0.024
       Category 2     Category 1        0.445       0.445             0.000            0.011
       Category 2     Category 2        0.183       0.183             0.000           -0.014
     COG045         COG066
       Category 1     Category 1        0.329       0.341            -0.012           -0.708
       Category 1     Category 2        0.043       0.031             0.012            1.940
       Category 2     Category 1        0.495       0.483             0.012            0.672
       Category 2     Category 2        0.133       0.145            -0.012           -0.954
     COG046         COG048
       Category 1     Category 1        0.072       0.069             0.003            0.300
       Category 1     Category 2        0.441       0.444            -0.003           -0.153
       Category 2     Category 1        0.037       0.039            -0.003           -0.391
       Category 2     Category 2        0.451       0.448             0.003            0.153
     COG046         COG049
       Category 1     Category 1        0.101       0.105            -0.004           -0.322
       Category 1     Category 2        0.411       0.408             0.004            0.201
       Category 2     Category 1        0.054       0.050             0.004            0.451
       Category 2     Category 2        0.433       0.437            -0.004           -0.199
     COG046         COG050
       Category 1     Category 1        0.157       0.161            -0.004           -0.322
       Category 1     Category 2        0.356       0.352             0.004            0.248
       Category 2     Category 1        0.116       0.112             0.004            0.376
       Category 2     Category 2        0.371       0.375            -0.004           -0.245
     COG046         COG051
       Category 1     Category 1        0.080       0.082            -0.002           -0.223
       Category 1     Category 2        0.433       0.431             0.002            0.124
       Category 2     Category 1        0.041       0.038             0.002            0.318
       Category 2     Category 2        0.447       0.449            -0.002           -0.123
     COG046         COG052
       Category 1     Category 1        0.162       0.183            -0.021           -1.482
       Category 1     Category 2        0.350       0.329             0.021            1.221
       Category 2     Category 1        0.154       0.133             0.021            1.689
       Category 2     Category 2        0.333       0.354            -0.021           -1.200
     COG046         COG053
       Category 1     Category 1        0.191       0.194            -0.003           -0.205
       Category 1     Category 2        0.322       0.319             0.003            0.174
       Category 2     Category 1        0.143       0.140             0.003            0.233
       Category 2     Category 2        0.344       0.347            -0.003           -0.170
     COG046         COG054
       Category 1     Category 1        0.183       0.191            -0.008           -0.557
       Category 1     Category 2        0.330       0.322             0.008            0.468
       Category 2     Category 1        0.149       0.141             0.008            0.629
       Category 2     Category 2        0.338       0.346            -0.008           -0.460
     COG046         COG055
       Category 1     Category 1        0.084       0.084             0.000           -0.014
       Category 1     Category 2        0.429       0.429             0.000            0.008
       Category 2     Category 1        0.038       0.038             0.000            0.021
       Category 2     Category 2        0.449       0.449             0.000           -0.008
     COG046         COG056
       Category 1     Category 1        0.263       0.275            -0.012           -0.744
       Category 1     Category 2        0.250       0.238             0.012            0.780
       Category 2     Category 1        0.179       0.166             0.012            0.892
       Category 2     Category 2        0.309       0.321            -0.012           -0.711
     COG046         COG057
       Category 1     Category 1        0.432       0.432             0.000           -0.020
       Category 1     Category 2        0.081       0.081             0.000            0.036
       Category 2     Category 1        0.384       0.384             0.000            0.020
       Category 2     Category 2        0.103       0.103             0.000           -0.032
     COG046         COG058
       Category 1     Category 1        0.258       0.265            -0.006           -0.381
       Category 1     Category 2        0.254       0.248             0.006            0.389
       Category 2     Category 1        0.176       0.170             0.006            0.448
       Category 2     Category 2        0.311       0.317            -0.006           -0.361
     COG046         COG060
       Category 1     Category 1        0.353       0.360            -0.007           -0.379
       Category 1     Category 2        0.160       0.153             0.007            0.506
       Category 2     Category 1        0.258       0.252             0.007            0.419
       Category 2     Category 2        0.229       0.235            -0.007           -0.429
     COG046         COG061
       Category 1     Category 1        0.425       0.423             0.002            0.125
       Category 1     Category 2        0.088       0.090            -0.002           -0.216
       Category 2     Category 1        0.334       0.337            -0.002           -0.131
       Category 2     Category 2        0.153       0.151             0.002            0.173
     COG046         COG062
       Category 1     Category 1        0.470       0.456             0.014            0.765
       Category 1     Category 2        0.043       0.057            -0.014           -1.639
       Category 2     Category 1        0.380       0.394            -0.014           -0.780
       Category 2     Category 2        0.107       0.093             0.014            1.312
     COG046         COG063
       Category 1     Category 1        0.478       0.475             0.002            0.122
       Category 1     Category 2        0.035       0.037            -0.002           -0.321
       Category 2     Category 1        0.409       0.411            -0.002           -0.124
       Category 2     Category 2        0.078       0.076             0.002            0.229
     COG046         COG064
       Category 1     Category 1        0.422       0.422             0.000           -0.003
       Category 1     Category 2        0.091       0.091             0.000            0.005
       Category 2     Category 1        0.341       0.341             0.000            0.003
       Category 2     Category 2        0.146       0.146             0.000           -0.004
     COG046         COG066
       Category 1     Category 1        0.463       0.455             0.008            0.444
       Category 1     Category 2        0.050       0.058            -0.008           -0.943
       Category 2     Category 1        0.361       0.369            -0.008           -0.458
       Category 2     Category 2        0.126       0.118             0.008            0.685
     COG048         COG049
       Category 1     Category 1        0.027       0.042            -0.015           -2.077
       Category 1     Category 2        0.081       0.066             0.015            1.689
       Category 2     Category 1        0.129       0.113             0.015            1.322
       Category 2     Category 2        0.763       0.779            -0.015           -1.009
     COG048         COG050
       Category 1     Category 1        0.047       0.048             0.000           -0.030
       Category 1     Category 2        0.061       0.061             0.000            0.026
       Category 2     Category 1        0.226       0.226             0.000            0.015
       Category 2     Category 2        0.666       0.666             0.000           -0.013
     COG048         COG051
       Category 1     Category 1        0.030       0.034            -0.004           -0.672
       Category 1     Category 2        0.078       0.074             0.004            0.467
       Category 2     Category 1        0.091       0.086             0.004            0.436
       Category 2     Category 2        0.801       0.806            -0.004           -0.309
     COG048         COG052
       Category 1     Category 1        0.051       0.052             0.000           -0.045
       Category 1     Category 2        0.057       0.056             0.000            0.044
       Category 2     Category 1        0.265       0.265             0.000            0.023
       Category 2     Category 2        0.627       0.627             0.000           -0.021
     COG048         COG053
       Category 1     Category 1        0.107       0.055             0.052            6.251
       Category 1     Category 2        0.001       0.054            -0.052           -6.307
       Category 2     Category 1        0.227       0.280            -0.052           -3.166
       Category 2     Category 2        0.664       0.612             0.052            2.916
     COG048         COG054
       Category 1     Category 1        0.051       0.053            -0.002           -0.183
       Category 1     Category 2        0.057       0.055             0.002            0.180
       Category 2     Category 1        0.280       0.279             0.002            0.092
       Category 2     Category 2        0.612       0.613            -0.002           -0.084
     COG048         COG055
       Category 1     Category 1        0.028       0.036            -0.008           -1.115
       Category 1     Category 2        0.080       0.072             0.008            0.803
       Category 2     Category 1        0.093       0.086             0.008            0.742
       Category 2     Category 2        0.798       0.806            -0.008           -0.526
     COG048         COG056
       Category 1     Category 1        0.054       0.086            -0.032           -3.065
       Category 1     Category 2        0.054       0.023             0.032            5.776
       Category 2     Category 1        0.387       0.355             0.032            1.792
       Category 2     Category 2        0.505       0.536            -0.032           -1.720
     COG048         COG057
       Category 1     Category 1        0.096       0.098            -0.001           -0.137
       Category 1     Category 2        0.012       0.011             0.001            0.396
       Category 2     Category 1        0.720       0.718             0.001            0.090
       Category 2     Category 2        0.172       0.173            -0.001           -0.107
     COG048         COG058
       Category 1     Category 1        0.058       0.080            -0.022           -2.195
       Category 1     Category 2        0.050       0.028             0.022            3.603
       Category 2     Category 1        0.376       0.354             0.022            1.246
       Category 2     Category 2        0.516       0.537            -0.022           -1.195
     COG048         COG060
       Category 1     Category 1        0.078       0.097            -0.019           -1.725
       Category 1     Category 2        0.030       0.011             0.019            4.912
       Category 2     Category 1        0.533       0.514             0.019            1.023
       Category 2     Category 2        0.359       0.377            -0.019           -1.055
     COG048         COG061
       Category 1     Category 1        0.087       0.102            -0.016           -1.412
       Category 1     Category 2        0.022       0.006             0.016            5.587
       Category 2     Category 1        0.673       0.657             0.016            0.902
       Category 2     Category 2        0.219       0.235            -0.016           -1.010
     COG048         COG062
       Category 1     Category 1        0.097       0.104            -0.006           -0.564
       Category 1     Category 2        0.011       0.004             0.006            2.571
       Category 2     Category 1        0.752       0.746             0.006            0.395
       Category 2     Category 2        0.139       0.146            -0.006           -0.488
     COG048         COG063
       Category 1     Category 1        0.100       0.107            -0.007           -0.578
       Category 1     Category 2        0.008       0.002             0.007            4.528
       Category 2     Category 1        0.786       0.780             0.007            0.430
       Category 2     Category 2        0.106       0.112            -0.007           -0.566
     COG048         COG064
       Category 1     Category 1        0.100       0.102            -0.001           -0.133
       Category 1     Category 2        0.008       0.007             0.001            0.496
       Category 2     Category 1        0.663       0.662             0.001            0.085
       Category 2     Category 2        0.229       0.230            -0.001           -0.096
     COG048         COG066
       Category 1     Category 1        0.099       0.106            -0.007           -0.649
       Category 1     Category 2        0.009       0.002             0.007            4.341
       Category 2     Category 1        0.725       0.718             0.007            0.444
       Category 2     Category 2        0.166       0.174            -0.007           -0.527
     COG049         COG050
       Category 1     Category 1        0.078       0.077             0.001            0.112
       Category 1     Category 2        0.077       0.078            -0.001           -0.111
       Category 2     Category 1        0.195       0.196            -0.001           -0.075
       Category 2     Category 2        0.650       0.648             0.001            0.063
     COG049         COG051
       Category 1     Category 1        0.068       0.062             0.006            0.669
       Category 1     Category 2        0.088       0.094            -0.006           -0.552
       Category 2     Category 1        0.053       0.059            -0.006           -0.685
       Category 2     Category 2        0.792       0.786             0.006            0.392
     COG049         COG052
       Category 1     Category 1        0.074       0.083            -0.009           -0.843
       Category 1     Category 2        0.081       0.073             0.009            0.896
       Category 2     Category 1        0.242       0.234             0.009            0.549
       Category 2     Category 2        0.602       0.611            -0.009           -0.477
     COG049         COG053
       Category 1     Category 1        0.069       0.088            -0.019           -1.780
       Category 1     Category 2        0.087       0.068             0.019            1.997
       Category 2     Category 1        0.265       0.247             0.019            1.167
       Category 2     Category 2        0.579       0.598            -0.019           -1.026
     COG049         COG054
       Category 1     Category 1        0.074       0.084            -0.010           -0.968
       Category 1     Category 2        0.081       0.071             0.010            1.045
       Category 2     Category 1        0.257       0.247             0.010            0.623
       Category 2     Category 2        0.587       0.597            -0.010           -0.548
     COG049         COG055
       Category 1     Category 1        0.062       0.066            -0.003           -0.371
       Category 1     Category 2        0.093       0.090             0.003            0.321
       Category 2     Category 1        0.060       0.056             0.003            0.399
       Category 2     Category 2        0.785       0.788            -0.003           -0.225
     COG049         COG056
       Category 1     Category 1        0.154       0.142             0.012            0.973
       Category 1     Category 2        0.001       0.014            -0.012           -2.905
       Category 2     Category 1        0.287       0.299            -0.012           -0.741
       Category 2     Category 2        0.558       0.545             0.012            0.682
     COG049         COG057
       Category 1     Category 1        0.142       0.144            -0.002           -0.138
       Category 1     Category 2        0.014       0.012             0.002            0.450
       Category 2     Category 1        0.674       0.672             0.002            0.103
       Category 2     Category 2        0.171       0.172            -0.002           -0.128
     COG049         COG058
       Category 1     Category 1        0.123       0.131            -0.008           -0.670
       Category 1     Category 2        0.032       0.024             0.008            1.475
       Category 2     Category 1        0.311       0.303             0.008            0.493
       Category 2     Category 2        0.533       0.541            -0.008           -0.455
     COG049         COG060
       Category 1     Category 1        0.150       0.151            -0.001           -0.063
       Category 1     Category 2        0.005       0.005             0.001            0.332
       Category 2     Category 1        0.461       0.461             0.001            0.045
       Category 2     Category 2        0.383       0.384            -0.001           -0.046
     COG049         COG061
       Category 1     Category 1        0.147       0.153            -0.005           -0.414
       Category 1     Category 2        0.008       0.003             0.005            2.911
       Category 2     Category 1        0.612       0.606             0.005            0.305
       Category 2     Category 2        0.233       0.238            -0.005           -0.350
     COG049         COG062
       Category 1     Category 1        0.152       0.153            -0.001           -0.083
       Category 1     Category 2        0.004       0.003             0.001            0.550
       Category 2     Category 1        0.698       0.697             0.001            0.065
       Category 2     Category 2        0.146       0.147            -0.001           -0.084
     COG049         COG063
       Category 1     Category 1        0.154       0.155            -0.001           -0.075
       Category 1     Category 2        0.001       0.000             0.001            1.439
       Category 2     Category 1        0.732       0.731             0.001            0.061
       Category 2     Category 2        0.112       0.113            -0.001           -0.086
     COG049         COG064
       Category 1     Category 1        0.145       0.152            -0.007           -0.543
       Category 1     Category 2        0.011       0.004             0.007            3.232
       Category 2     Category 1        0.618       0.611             0.007            0.400
       Category 2     Category 2        0.226       0.233            -0.007           -0.461
     COG049         COG066
       Category 1     Category 1        0.156       0.155             0.000            0.018
       Category 1     Category 2        0.000       0.000             0.000           -0.426
       Category 2     Category 1        0.668       0.669             0.000           -0.014
       Category 2     Category 2        0.176       0.176             0.000            0.018
     COG050         COG051
       Category 1     Category 1        0.064       0.061             0.002            0.274
       Category 1     Category 2        0.210       0.212            -0.002           -0.160
       Category 2     Category 1        0.057       0.059            -0.002           -0.278
       Category 2     Category 2        0.670       0.667             0.002            0.139
     COG050         COG052
       Category 1     Category 1        0.120       0.113             0.007            0.631
       Category 1     Category 2        0.153       0.160            -0.007           -0.545
       Category 2     Category 1        0.196       0.204            -0.007           -0.496
       Category 2     Category 2        0.530       0.523             0.007            0.400
     COG050         COG053
       Category 1     Category 1        0.122       0.119             0.002            0.198
       Category 1     Category 2        0.152       0.154            -0.002           -0.178
       Category 2     Category 1        0.212       0.215            -0.002           -0.156
       Category 2     Category 2        0.514       0.512             0.002            0.128
     COG050         COG054
       Category 1     Category 1        0.127       0.117             0.011            0.902
       Category 1     Category 2        0.146       0.157            -0.011           -0.796
       Category 2     Category 1        0.204       0.215            -0.011           -0.704
       Category 2     Category 2        0.522       0.512             0.011            0.579
     COG050         COG055
       Category 1     Category 1        0.065       0.064             0.001            0.159
       Category 1     Category 2        0.208       0.210            -0.001           -0.095
       Category 2     Category 1        0.057       0.058            -0.001           -0.166
       Category 2     Category 2        0.670       0.668             0.001            0.083
     COG050         COG056
       Category 1     Category 1        0.162       0.181            -0.019           -1.331
       Category 1     Category 2        0.111       0.092             0.019            1.773
       Category 2     Category 1        0.279       0.260             0.019            1.169
       Category 2     Category 2        0.448       0.467            -0.019           -1.028
     COG050         COG057
       Category 1     Category 1        0.233       0.239            -0.006           -0.376
       Category 1     Category 2        0.041       0.035             0.006            0.876
       Category 2     Category 1        0.583       0.577             0.006            0.325
       Category 2     Category 2        0.143       0.149            -0.006           -0.450
     COG050         COG058
       Category 1     Category 1        0.156       0.171            -0.015           -1.109
       Category 1     Category 2        0.118       0.102             0.015            1.377
       Category 2     Category 1        0.279       0.263             0.015            0.948
       Category 2     Category 2        0.448       0.463            -0.015           -0.837
     COG050         COG060
       Category 1     Category 1        0.211       0.221            -0.010           -0.663
       Category 1     Category 2        0.062       0.052             0.010            1.238
       Category 2     Category 1        0.401       0.390             0.010            0.564
       Category 2     Category 2        0.326       0.336            -0.010           -0.583
     COG050         COG061
       Category 1     Category 1        0.238       0.244            -0.006           -0.392
       Category 1     Category 2        0.035       0.029             0.006            1.005
       Category 2     Category 1        0.521       0.515             0.006            0.337
       Category 2     Category 2        0.206       0.212            -0.006           -0.413
     COG050         COG062
       Category 1     Category 1        0.250       0.254            -0.003           -0.215
       Category 1     Category 2        0.023       0.020             0.003            0.675
       Category 2     Category 1        0.599       0.596             0.003            0.191
       Category 2     Category 2        0.127       0.131            -0.003           -0.278
     COG050         COG063
       Category 1     Category 1        0.263       0.264            -0.001           -0.066
       Category 1     Category 2        0.011       0.010             0.001            0.298
       Category 2     Category 1        0.624       0.623             0.001            0.060
       Category 2     Category 2        0.103       0.104            -0.001           -0.096
     COG050         COG064
       Category 1     Category 1        0.240       0.243            -0.003           -0.216
       Category 1     Category 2        0.034       0.030             0.003            0.541
       Category 2     Category 1        0.524       0.520             0.003            0.186
       Category 2     Category 2        0.203       0.206            -0.003           -0.229
     COG050         COG066
       Category 1     Category 1        0.249       0.259            -0.010           -0.600
       Category 1     Category 2        0.024       0.015             0.010            2.183
       Category 2     Category 1        0.575       0.565             0.010            0.530
       Category 2     Category 2        0.152       0.161            -0.010           -0.714
     COG051         COG052
       Category 1     Category 1        0.065       0.065             0.000           -0.048
       Category 1     Category 2        0.055       0.055             0.000            0.053
       Category 2     Category 1        0.252       0.251             0.000            0.028
       Category 2     Category 2        0.628       0.628             0.000           -0.025
     COG051         COG053
       Category 1     Category 1        0.061       0.069            -0.008           -0.863
       Category 1     Category 2        0.060       0.052             0.008            0.989
       Category 2     Category 1        0.273       0.265             0.008            0.495
       Category 2     Category 2        0.606       0.614            -0.008           -0.449
     COG051         COG054
       Category 1     Category 1        0.066       0.066             0.000           -0.008
       Category 1     Category 2        0.054       0.054             0.000            0.008
       Category 2     Category 1        0.265       0.265             0.000            0.004
       Category 2     Category 2        0.614       0.614             0.000           -0.004
     COG051         COG055
       Category 1     Category 1        0.061       0.054             0.007            0.891
       Category 1     Category 2        0.060       0.067            -0.007           -0.803
       Category 2     Category 1        0.061       0.068            -0.007           -0.795
       Category 2     Category 2        0.819       0.811             0.007            0.513
     COG051         COG056
       Category 1     Category 1        0.111       0.110             0.001            0.058
       Category 1     Category 2        0.009       0.010            -0.001           -0.183
       Category 2     Category 1        0.330       0.331            -0.001           -0.039
       Category 2     Category 2        0.549       0.549             0.001            0.037
     COG051         COG057
       Category 1     Category 1        0.110       0.112            -0.002           -0.175
       Category 1     Category 2        0.011       0.009             0.002            0.590
       Category 2     Category 1        0.706       0.704             0.002            0.121
       Category 2     Category 2        0.173       0.175            -0.002           -0.145
     COG051         COG058
       Category 1     Category 1        0.120       0.103             0.018            1.582
       Category 1     Category 2        0.000       0.018            -0.018           -3.646
       Category 2     Category 1        0.314       0.332            -0.018           -1.020
       Category 2     Category 2        0.566       0.548             0.018            0.965
     COG051         COG060
       Category 1     Category 1        0.116       0.117            -0.001           -0.052
       Category 1     Category 2        0.004       0.003             0.001            0.285
       Category 2     Category 1        0.495       0.495             0.001            0.033
       Category 2     Category 2        0.384       0.385            -0.001           -0.034
     COG051         COG061
       Category 1     Category 1        0.116       0.118            -0.002           -0.176
       Category 1     Category 2        0.004       0.002             0.002            1.284
       Category 2     Category 1        0.643       0.641             0.002            0.119
       Category 2     Category 2        0.237       0.239            -0.002           -0.133
     COG051         COG062
       Category 1     Category 1        0.118       0.118            -0.001           -0.044
       Category 1     Category 2        0.003       0.002             0.001            0.303
       Category 2     Category 1        0.732       0.732             0.001            0.032
       Category 2     Category 2        0.147       0.148            -0.001           -0.040
     COG051         COG063
       Category 1     Category 1        0.118       0.120            -0.002           -0.203
       Category 1     Category 2        0.003       0.000             0.002            3.953
       Category 2     Category 1        0.769       0.766             0.002            0.156
       Category 2     Category 2        0.111       0.113            -0.002           -0.208
     COG051         COG064
       Category 1     Category 1        0.115       0.118            -0.003           -0.228
       Category 1     Category 2        0.005       0.003             0.003            1.418
       Category 2     Category 1        0.648       0.645             0.003            0.154
       Category 2     Category 2        0.231       0.234            -0.003           -0.174
     COG051         COG066
       Category 1     Category 1        0.120       0.120             0.000            0.018
       Category 1     Category 2        0.000       0.000             0.000           -0.395
       Category 2     Category 1        0.704       0.704             0.000           -0.013
       Category 2     Category 2        0.176       0.176             0.000            0.015
     COG052         COG053
       Category 1     Category 1        0.141       0.134             0.007            0.568
       Category 1     Category 2        0.176       0.183            -0.007           -0.500
       Category 2     Category 1        0.194       0.201            -0.007           -0.483
       Category 2     Category 2        0.490       0.483             0.007            0.387
     COG052         COG054
       Category 1     Category 1        0.157       0.131             0.026            2.122
       Category 1     Category 2        0.160       0.186            -0.026           -1.838
       Category 2     Category 1        0.175       0.201            -0.026           -1.785
       Category 2     Category 2        0.509       0.482             0.026            1.431
     COG052         COG055
       Category 1     Category 1        0.077       0.068             0.009            1.024
       Category 1     Category 2        0.240       0.249            -0.009           -0.595
       Category 2     Category 1        0.045       0.054            -0.009           -1.137
       Category 2     Category 2        0.639       0.629             0.009            0.533
     COG052         COG056
       Category 1     Category 1        0.180       0.200            -0.020           -1.355
       Category 1     Category 2        0.137       0.117             0.020            1.687
       Category 2     Category 1        0.261       0.241             0.020            1.266
       Category 2     Category 2        0.422       0.442            -0.020           -1.091
     COG052         COG057
       Category 1     Category 1        0.277       0.274             0.003            0.198
       Category 1     Category 2        0.039       0.042            -0.003           -0.437
       Category 2     Category 1        0.539       0.542            -0.003           -0.177
       Category 2     Category 2        0.145       0.142             0.003            0.253
     COG052         COG058
       Category 1     Category 1        0.171       0.189            -0.019           -1.312
       Category 1     Category 2        0.146       0.127             0.019            1.542
       Category 2     Category 1        0.264       0.245             0.019            1.195
       Category 2     Category 2        0.419       0.438            -0.019           -1.036
     COG052         COG060
       Category 1     Category 1        0.237       0.248            -0.011           -0.721
       Category 1     Category 2        0.080       0.068             0.011            1.234
       Category 2     Category 1        0.375       0.363             0.011            0.647
       Category 2     Category 2        0.309       0.320            -0.011           -0.668
     COG052         COG061
       Category 1     Category 1        0.277       0.278            -0.001           -0.043
       Category 1     Category 2        0.039       0.039             0.001            0.100
       Category 2     Category 1        0.482       0.481             0.001            0.039
       Category 2     Category 2        0.202       0.202            -0.001           -0.048
     COG052         COG062
       Category 1     Category 1        0.291       0.291             0.000           -0.013
       Category 1     Category 2        0.026       0.025             0.000            0.037
       Category 2     Category 1        0.559       0.559             0.000            0.012
       Category 2     Category 2        0.124       0.125             0.000           -0.018
     COG052         COG063
       Category 1     Category 1        0.302       0.303            -0.001           -0.069
       Category 1     Category 2        0.015       0.014             0.001            0.272
       Category 2     Category 1        0.585       0.583             0.001            0.064
       Category 2     Category 2        0.099       0.100            -0.001           -0.105
     COG052         COG064
       Category 1     Category 1        0.280       0.277             0.003            0.205
       Category 1     Category 2        0.037       0.040            -0.003           -0.469
       Category 2     Category 1        0.483       0.486            -0.003           -0.184
       Category 2     Category 2        0.200       0.197             0.003            0.231
     COG052         COG066
       Category 1     Category 1        0.288       0.296            -0.007           -0.444
       Category 1     Category 2        0.028       0.021             0.007            1.415
       Category 2     Category 1        0.536       0.528             0.007            0.406
       Category 2     Category 2        0.147       0.155            -0.007           -0.560
     COG053         COG054
       Category 1     Category 1        0.139       0.138             0.001            0.109
       Category 1     Category 2        0.195       0.196            -0.001           -0.094
       Category 2     Category 1        0.192       0.194            -0.001           -0.095
       Category 2     Category 2        0.474       0.472             0.001            0.075
     COG053         COG055
       Category 1     Category 1        0.065       0.071            -0.006           -0.672
       Category 1     Category 2        0.269       0.263             0.006            0.393
       Category 2     Category 1        0.057       0.050             0.006            0.790
       Category 2     Category 2        0.609       0.615            -0.006           -0.355
     COG053         COG056
       Category 1     Category 1        0.172       0.211            -0.040           -2.633
       Category 1     Category 2        0.162       0.123             0.040            3.275
       Category 2     Category 1        0.269       0.230             0.040            2.555
       Category 2     Category 2        0.396       0.436            -0.040           -2.168
     COG053         COG057
       Category 1     Category 1        0.286       0.289            -0.004           -0.238
       Category 1     Category 2        0.049       0.045             0.004            0.523
       Category 2     Category 1        0.530       0.526             0.004            0.216
       Category 2     Category 2        0.135       0.139            -0.004           -0.312
     COG053         COG058
       Category 1     Category 1        0.157       0.200            -0.043           -2.938
       Category 1     Category 2        0.177       0.134             0.043            3.451
       Category 2     Category 1        0.277       0.234             0.043            2.776
       Category 2     Category 2        0.388       0.432            -0.043           -2.373
     COG053         COG060
       Category 1     Category 1        0.226       0.263            -0.037           -2.259
       Category 1     Category 2        0.108       0.072             0.037            3.854
       Category 2     Category 1        0.386       0.349             0.037            2.086
       Category 2     Category 2        0.280       0.317            -0.037           -2.137
     COG053         COG061
       Category 1     Category 1        0.269       0.294            -0.025           -1.471
       Category 1     Category 2        0.065       0.040             0.025            3.408
       Category 2     Category 1        0.490       0.465             0.025            1.344
       Category 2     Category 2        0.176       0.201            -0.025           -1.674
     COG053         COG062
       Category 1     Category 1        0.298       0.308            -0.010           -0.579
       Category 1     Category 2        0.037       0.027             0.010            1.658
       Category 2     Category 1        0.552       0.542             0.010            0.536
       Category 2     Category 2        0.114       0.123            -0.010           -0.812
     COG053         COG063
       Category 1     Category 1        0.310       0.320            -0.010           -0.590
       Category 1     Category 2        0.024       0.014             0.010            2.322
       Category 2     Category 1        0.576       0.566             0.010            0.555
       Category 2     Category 2        0.089       0.099            -0.010           -0.919
     COG053         COG064
       Category 1     Category 1        0.294       0.292             0.001            0.072
       Category 1     Category 2        0.041       0.042            -0.001           -0.163
       Category 2     Category 1        0.470       0.471            -0.001           -0.065
       Category 2     Category 2        0.196       0.195             0.001            0.082
     COG053         COG066
       Category 1     Category 1        0.294       0.313            -0.019           -1.107
       Category 1     Category 2        0.041       0.022             0.019            3.519
       Category 2     Category 1        0.530       0.512             0.019            1.026
       Category 2     Category 2        0.135       0.154            -0.019           -1.421
     COG054         COG055
       Category 1     Category 1        0.073       0.069             0.004            0.481
       Category 1     Category 2        0.258       0.263            -0.004           -0.276
       Category 2     Category 1        0.049       0.053            -0.004           -0.542
       Category 2     Category 2        0.620       0.615             0.004            0.250
     COG054         COG056
       Category 1     Category 1        0.179       0.205            -0.027           -1.789
       Category 1     Category 2        0.153       0.126             0.027            2.174
       Category 2     Category 1        0.263       0.236             0.027            1.701
       Category 2     Category 2        0.406       0.433            -0.027           -1.458
     COG054         COG057
       Category 1     Category 1        0.294       0.286             0.008            0.455
       Category 1     Category 2        0.038       0.045            -0.008           -0.987
       Category 2     Category 1        0.522       0.530            -0.008           -0.412
       Category 2     Category 2        0.146       0.139             0.008            0.595
     COG054         COG058
       Category 1     Category 1        0.189       0.195            -0.005           -0.366
       Category 1     Category 2        0.142       0.137             0.005            0.422
       Category 2     Category 1        0.245       0.240             0.005            0.340
       Category 2     Category 2        0.424       0.429            -0.005           -0.293
     COG054         COG060
       Category 1     Category 1        0.250       0.257            -0.006           -0.385
       Category 1     Category 2        0.081       0.075             0.006            0.639
       Category 2     Category 1        0.361       0.355             0.006            0.352
       Category 2     Category 2        0.307       0.313            -0.006           -0.363
     COG054         COG061
       Category 1     Category 1        0.288       0.289            -0.001           -0.048
       Category 1     Category 2        0.043       0.043             0.001            0.107
       Category 2     Category 1        0.471       0.470             0.001            0.043
       Category 2     Category 2        0.198       0.198            -0.001           -0.054
     COG054         COG062
       Category 1     Category 1        0.298       0.304            -0.006           -0.349
       Category 1     Category 2        0.034       0.028             0.006            0.973
       Category 2     Category 1        0.552       0.546             0.006            0.322
       Category 2     Category 2        0.116       0.122            -0.006           -0.489
     COG054         COG063
       Category 1     Category 1        0.313       0.316            -0.003           -0.203
       Category 1     Category 2        0.019       0.015             0.003            0.763
       Category 2     Category 1        0.574       0.570             0.003            0.190
       Category 2     Category 2        0.095       0.098            -0.003           -0.316
     COG054         COG064
       Category 1     Category 1        0.299       0.288             0.011            0.681
       Category 1     Category 2        0.032       0.044            -0.011           -1.507
       Category 2     Category 1        0.464       0.475            -0.011           -0.617
       Category 2     Category 2        0.204       0.193             0.011            0.781
     COG054         COG066
       Category 1     Category 1        0.310       0.308             0.002            0.123
       Category 1     Category 2        0.022       0.024            -0.002           -0.374
       Category 2     Category 1        0.514       0.516            -0.002           -0.114
       Category 2     Category 2        0.154       0.152             0.002            0.158
     COG055         COG056
       Category 1     Category 1        0.110       0.114            -0.004           -0.384
       Category 1     Category 2        0.012       0.008             0.004            1.400
       Category 2     Category 1        0.332       0.327             0.004            0.261
       Category 2     Category 2        0.547       0.551            -0.004           -0.246
     COG055         COG057
       Category 1     Category 1        0.118       0.113             0.004            0.368
       Category 1     Category 2        0.004       0.008            -0.004           -1.282
       Category 2     Category 1        0.698       0.703            -0.004           -0.255
       Category 2     Category 2        0.180       0.176             0.004            0.307
     COG055         COG058
       Category 1     Category 1        0.112       0.106             0.006            0.516
       Category 1     Category 2        0.009       0.015            -0.006           -1.295
       Category 2     Category 1        0.322       0.328            -0.006           -0.339
       Category 2     Category 2        0.556       0.550             0.006            0.320
     COG055         COG060
       Category 1     Category 1        0.115       0.119            -0.004           -0.372
       Category 1     Category 2        0.007       0.002             0.004            2.507
       Category 2     Category 1        0.497       0.492             0.004            0.242
       Category 2     Category 2        0.382       0.386            -0.004           -0.248
     COG055         COG061
       Category 1     Category 1        0.120       0.120             0.000            0.005
       Category 1     Category 2        0.001       0.001             0.000           -0.044
       Category 2     Category 1        0.639       0.639             0.000           -0.003
       Category 2     Category 2        0.240       0.239             0.000            0.004
     COG055         COG062
       Category 1     Category 1        0.122       0.120             0.002            0.151
       Category 1     Category 2        0.000       0.002            -0.002           -1.157
       Category 2     Category 1        0.728       0.730            -0.002           -0.111
       Category 2     Category 2        0.150       0.148             0.002            0.138
     COG055         COG063
       Category 1     Category 1        0.122       0.122             0.000            0.014
       Category 1     Category 2        0.000       0.000             0.000           -0.348
       Category 2     Category 1        0.765       0.765             0.000           -0.011
       Category 2     Category 2        0.114       0.114             0.000            0.014
     COG055         COG064
       Category 1     Category 1        0.120       0.120             0.001            0.062
       Category 1     Category 2        0.001       0.002            -0.001           -0.439
       Category 2     Category 1        0.643       0.643            -0.001           -0.042
       Category 2     Category 2        0.235       0.235             0.001            0.047
     COG055         COG066
       Category 1     Category 1        0.122       0.122             0.000            0.008
       Category 1     Category 2        0.000       0.000             0.000           -0.259
       Category 2     Category 1        0.702       0.702             0.000           -0.005
       Category 2     Category 2        0.176       0.176             0.000            0.006
     COG056         COG057
       Category 1     Category 1        0.386       0.396            -0.011           -0.593
       Category 1     Category 2        0.055       0.045             0.011            1.402
       Category 2     Category 1        0.430       0.420             0.011            0.588
       Category 2     Category 2        0.129       0.139            -0.011           -0.838
     COG056         COG058
       Category 1     Category 1        0.334       0.320             0.014            0.805
       Category 1     Category 2        0.107       0.121            -0.014           -1.153
       Category 2     Category 1        0.100       0.114            -0.014           -1.182
       Category 2     Category 2        0.459       0.445             0.014            0.756
     COG056         COG060
       Category 1     Category 1        0.425       0.409             0.016            0.885
       Category 1     Category 2        0.016       0.032            -0.016           -2.464
       Category 2     Category 1        0.187       0.203            -0.016           -1.083
       Category 2     Category 2        0.372       0.356             0.016            0.909
     COG056         COG061
       Category 1     Category 1        0.413       0.424            -0.011           -0.629
       Category 1     Category 2        0.028       0.017             0.011            2.404
       Category 2     Category 1        0.346       0.335             0.011            0.658
       Category 2     Category 2        0.212       0.224            -0.011           -0.745
     COG056         COG062
       Category 1     Category 1        0.415       0.425            -0.010           -0.545
       Category 1     Category 2        0.026       0.016             0.010            2.163
       Category 2     Category 1        0.434       0.424             0.010            0.546
       Category 2     Category 2        0.124       0.134            -0.010           -0.790
     COG056         COG063
       Category 1     Category 1        0.434       0.439            -0.004           -0.235
       Category 1     Category 2        0.007       0.002             0.004            2.344
       Category 2     Category 1        0.452       0.448             0.004            0.234
       Category 2     Category 2        0.107       0.111            -0.004           -0.371
     COG056         COG064
       Category 1     Category 1        0.413       0.419            -0.007           -0.370
       Category 1     Category 2        0.028       0.022             0.007            1.254
       Category 2     Category 1        0.350       0.344             0.007            0.385
       Category 2     Category 2        0.208       0.215            -0.007           -0.445
     COG056         COG066
       Category 1     Category 1        0.437       0.440            -0.002           -0.134
       Category 1     Category 2        0.004       0.002             0.002            1.661
       Category 2     Category 1        0.387       0.385             0.002            0.137
       Category 2     Category 2        0.172       0.174            -0.002           -0.176
     COG057         COG058
       Category 1     Category 1        0.388       0.386             0.002            0.133
       Category 1     Category 2        0.428       0.430            -0.002           -0.131
       Category 2     Category 1        0.046       0.048            -0.002           -0.302
       Category 2     Category 2        0.138       0.136             0.002            0.189
     COG057         COG060
       Category 1     Category 1        0.535       0.536            -0.002           -0.096
       Category 1     Category 2        0.281       0.280             0.002            0.106
       Category 2     Category 1        0.077       0.075             0.002            0.181
       Category 2     Category 2        0.107       0.109            -0.002           -0.154
     COG057         COG061
       Category 1     Category 1        0.656       0.648             0.009            0.484
       Category 1     Category 2        0.160       0.168            -0.009           -0.618
       Category 2     Category 1        0.103       0.111            -0.009           -0.735
       Category 2     Category 2        0.081       0.073             0.009            0.891
     COG057         COG062
       Category 1     Category 1        0.713       0.711             0.003            0.157
       Category 1     Category 2        0.103       0.105            -0.003           -0.232
       Category 2     Category 1        0.137       0.139            -0.003           -0.206
       Category 2     Category 2        0.047       0.045             0.003            0.345
     COG057         COG063
       Category 1     Category 1        0.744       0.742             0.002            0.118
       Category 1     Category 2        0.072       0.074            -0.002           -0.198
       Category 2     Category 1        0.142       0.144            -0.002           -0.148
       Category 2     Category 2        0.042       0.040             0.002            0.264
     COG057         COG064
       Category 1     Category 1        0.654       0.649             0.005            0.267
       Category 1     Category 2        0.162       0.167            -0.005           -0.342
       Category 2     Category 1        0.110       0.114            -0.005           -0.401
       Category 2     Category 2        0.074       0.070             0.005            0.501
     COG057         COG066
       Category 1     Category 1        0.698       0.701            -0.003           -0.172
       Category 1     Category 2        0.118       0.115             0.003            0.247
       Category 2     Category 1        0.126       0.123             0.003            0.240
       Category 2     Category 2        0.058       0.061            -0.003           -0.329
     COG058         COG060
       Category 1     Category 1        0.398       0.382             0.016            0.888
       Category 1     Category 2        0.037       0.052            -0.016           -1.937
       Category 2     Category 1        0.214       0.230            -0.016           -1.026
       Category 2     Category 2        0.352       0.336             0.016            0.914
     COG058         COG061
       Category 1     Category 1        0.403       0.407            -0.004           -0.214
       Category 1     Category 2        0.031       0.027             0.004            0.645
       Category 2     Category 1        0.356       0.352             0.004            0.220
       Category 2     Category 2        0.210       0.214            -0.004           -0.256
     COG058         COG062
       Category 1     Category 1        0.413       0.413            -0.001           -0.033
       Category 1     Category 2        0.022       0.021             0.001            0.114
       Category 2     Category 1        0.437       0.436             0.001            0.033
       Category 2     Category 2        0.129       0.129            -0.001           -0.049
     COG058         COG063
       Category 1     Category 1        0.428       0.428            -0.001           -0.036
       Category 1     Category 2        0.007       0.006             0.001            0.228
       Category 2     Category 1        0.459       0.458             0.001            0.036
       Category 2     Category 2        0.107       0.108            -0.001           -0.057
     COG058         COG064
       Category 1     Category 1        0.402       0.403            -0.001           -0.070
       Category 1     Category 2        0.032       0.031             0.001            0.199
       Category 2     Category 1        0.361       0.360             0.001            0.072
       Category 2     Category 2        0.204       0.206            -0.001           -0.085
     COG058         COG066
       Category 1     Category 1        0.434       0.427             0.007            0.407
       Category 1     Category 2        0.000       0.007            -0.007           -2.350
       Category 2     Category 1        0.390       0.397            -0.007           -0.412
       Category 2     Category 2        0.176       0.168             0.007            0.538
     COG060         COG061
       Category 1     Category 1        0.551       0.563            -0.013           -0.698
       Category 1     Category 2        0.061       0.048             0.013            1.617
       Category 2     Category 1        0.208       0.196             0.013            0.873
       Category 2     Category 2        0.180       0.193            -0.013           -0.878
     COG060         COG062
       Category 1     Category 1        0.568       0.576            -0.008           -0.413
       Category 1     Category 2        0.043       0.036             0.008            1.100
       Category 2     Category 1        0.281       0.274             0.008            0.458
       Category 2     Category 2        0.107       0.114            -0.008           -0.642
     COG060         COG063
       Category 1     Category 1        0.598       0.601            -0.003           -0.173
       Category 1     Category 2        0.014       0.010             0.003            0.836
       Category 2     Category 1        0.288       0.285             0.003            0.188
       Category 2     Category 2        0.100       0.103            -0.003           -0.279
     COG060         COG064
       Category 1     Category 1        0.551       0.557            -0.007           -0.359
       Category 1     Category 2        0.061       0.054             0.007            0.786
       Category 2     Category 1        0.212       0.206             0.007            0.441
       Category 2     Category 2        0.176       0.182            -0.007           -0.461
     COG060         COG066
       Category 1     Category 1        0.599       0.600             0.000           -0.017
       Category 1     Category 2        0.012       0.012             0.000            0.075
       Category 2     Category 1        0.225       0.224             0.000            0.019
       Category 2     Category 2        0.164       0.164             0.000           -0.022
     COG061         COG062
       Category 1     Category 1        0.696       0.690             0.005            0.312
       Category 1     Category 2        0.064       0.069            -0.005           -0.570
       Category 2     Category 1        0.154       0.160            -0.005           -0.394
       Category 2     Category 2        0.087       0.081             0.005            0.528
     COG061         COG063
       Category 1     Category 1        0.744       0.725             0.020            1.187
       Category 1     Category 2        0.015       0.034            -0.020           -2.910
       Category 2     Category 1        0.142       0.162            -0.020           -1.441
       Category 2     Category 2        0.099       0.079             0.020            1.963
     COG061         COG064
       Category 1     Category 1        0.651       0.649             0.002            0.087
       Category 1     Category 2        0.108       0.110            -0.002           -0.132
       Category 2     Category 1        0.112       0.114            -0.002           -0.130
       Category 2     Category 2        0.129       0.127             0.002            0.124
     COG061         COG066
       Category 1     Category 1        0.719       0.707             0.012            0.718
       Category 1     Category 2        0.041       0.053            -0.012           -1.464
       Category 2     Category 1        0.106       0.118            -0.012           -1.015
       Category 2     Category 2        0.135       0.123             0.012            0.994
     COG062         COG063
       Category 1     Category 1        0.786       0.785             0.001            0.053
       Category 1     Category 2        0.064       0.064            -0.001           -0.089
       Category 2     Category 1        0.100       0.101            -0.001           -0.072
       Category 2     Category 2        0.050       0.049             0.001            0.101
     COG062         COG064
       Category 1     Category 1        0.694       0.690             0.004            0.249
       Category 1     Category 2        0.156       0.160            -0.004           -0.314
       Category 2     Category 1        0.069       0.073            -0.004           -0.442
       Category 2     Category 2        0.081       0.077             0.004            0.432
     COG062         COG066
       Category 1     Category 1        0.758       0.748             0.009            0.593
       Category 1     Category 2        0.092       0.101            -0.009           -0.852
       Category 2     Category 1        0.066       0.076            -0.009           -0.972
       Category 2     Category 2        0.084       0.074             0.009            0.980
     COG063         COG064
       Category 1     Category 1        0.724       0.724             0.000            0.004
       Category 1     Category 2        0.162       0.162             0.000           -0.005
       Category 2     Category 1        0.039       0.039             0.000           -0.009
       Category 2     Category 2        0.074       0.074             0.000            0.006
     COG063         COG066
       Category 1     Category 1        0.788       0.789            -0.002           -0.116
       Category 1     Category 2        0.099       0.097             0.002            0.159
       Category 2     Category 1        0.037       0.035             0.002            0.257
       Category 2     Category 2        0.077       0.079            -0.002           -0.175
     COG064         COG066
       Category 1     Category 1        0.710       0.702             0.008            0.488
       Category 1     Category 2        0.053       0.061            -0.008           -0.932
       Category 2     Category 1        0.114       0.122            -0.008           -0.682
       Category 2     Category 2        0.123       0.115             0.008            0.699


MODEL MODIFICATION INDICES

NOTE:  Modification indices for direct effects of observed dependent variables
regressed on covariates and residual covariances among observed dependent
variables may not be included.  To include these, request MODINDICES (ALL).

Minimum M.I. value for printing the modification index    10.000

                                   M.I.     E.P.C.  Std E.P.C.  StdYX E.P.C.

WITH Statements

COG045   WITH COG040              44.003     0.420      0.420        0.486
COG050   WITH COG040              26.561     0.347      0.347        0.419
COG050   WITH COG045              63.828     0.410      0.410        0.511
COG052   WITH COG043              41.654     0.386      0.386        0.491
COG053   WITH COG048             530.645     0.866      0.866        1.172
COG054   WITH COG052              10.871     0.197      0.197        0.244
COG056   WITH COG048              30.399    -0.470     -0.470       -1.428
COG056   WITH COG049              43.346     0.283      0.283        1.216
COG056   WITH COG053              19.986    -0.293     -0.293       -0.838
COG058   WITH COG048              14.459    -0.317     -0.317       -0.632
COG058   WITH COG053              23.491    -0.319     -0.319       -0.598
COG060   WITH COG048              16.736    -0.353     -0.353       -0.974
COG060   WITH COG053              19.691    -0.295     -0.295       -0.767
COG060   WITH COG056              30.948     0.180      0.180        1.051
COG060   WITH COG058              10.404     0.125      0.125        0.479
COG061   WITH COG048              17.664    -0.392     -0.392       -0.789
COG061   WITH COG053              12.681    -0.254     -0.254       -0.482
COG063   WITH COG061              37.955     0.273      0.273        0.808
COG066   WITH COG053              11.114    -0.256     -0.256       -0.806


TECHNICAL 1 OUTPUT


     PARAMETER SPECIFICATION


           TAU
              COG040$1      COG041$1      COG043$1      COG044$1      COG045$1
              ________      ________      ________      ________      ________
                  1             2             3             4             5


           TAU
              COG046$1      COG048$1      COG049$1      COG050$1      COG051$1
              ________      ________      ________      ________      ________
                  6             7             8             9            10


           TAU
              COG052$1      COG053$1      COG054$1      COG055$1      COG056$1
              ________      ________      ________      ________      ________
                 11            12            13            14            15


           TAU
              COG057$1      COG058$1      COG060$1      COG061$1      COG062$1
              ________      ________      ________      ________      ________
                 16            17            18            19            20


           TAU
              COG063$1      COG064$1      COG066$1
              ________      ________      ________
                 21            22            23


           NU
              COG040        COG041        COG043        COG044        COG045
              ________      ________      ________      ________      ________
                  0             0             0             0             0


           NU
              COG046        COG048        COG049        COG050        COG051
              ________      ________      ________      ________      ________
                  0             0             0             0             0


           NU
              COG052        COG053        COG054        COG055        COG056
              ________      ________      ________      ________      ________
                  0             0             0             0             0


           NU
              COG057        COG058        COG060        COG061        COG062
              ________      ________      ________      ________      ________
                  0             0             0             0             0


           NU
              COG063        COG064        COG066        CBATT
              ________      ________      ________      ________
                  0             0             0             0


           LAMBDA
              COG           CBATT
              ________      ________
 COG040             0             0
 COG041            24             0
 COG043            25             0
 COG044            26             0
 COG045            27             0
 COG046            28             0
 COG048            29             0
 COG049            30             0
 COG050            31             0
 COG051            32             0
 COG052            33             0
 COG053            34             0
 COG054            35             0
 COG055            36             0
 COG056            37             0
 COG057            38             0
 COG058            39             0
 COG060            40             0
 COG061            41             0
 COG062            42             0
 COG063            43             0
 COG064            44             0
 COG066            45             0
 CBATT              0             0


           THETA
              COG040        COG041        COG043        COG044        COG045
              ________      ________      ________      ________      ________
 COG040             0
 COG041             0             0
 COG043             0             0             0
 COG044             0             0             0             0
 COG045             0             0             0             0             0
 COG046             0             0             0             0             0
 COG048             0             0             0             0             0
 COG049             0             0             0             0             0
 COG050             0             0             0             0             0
 COG051             0             0             0             0             0
 COG052             0             0             0             0             0
 COG053             0             0             0             0             0
 COG054             0             0             0             0             0
 COG055             0             0             0             0             0
 COG056             0             0             0             0             0
 COG057             0             0             0             0             0
 COG058             0             0             0             0             0
 COG060             0             0             0             0             0
 COG061             0             0             0             0             0
 COG062             0             0             0             0             0
 COG063             0             0             0             0             0
 COG064             0             0             0             0             0
 COG066             0             0             0             0             0
 CBATT              0             0             0             0             0


           THETA
              COG046        COG048        COG049        COG050        COG051
              ________      ________      ________      ________      ________
 COG046             0
 COG048             0             0
 COG049             0             0             0
 COG050             0             0             0             0
 COG051             0             0             0             0             0
 COG052             0             0             0             0             0
 COG053             0             0             0             0             0
 COG054             0             0             0             0             0
 COG055             0             0             0             0             0
 COG056             0             0             0             0             0
 COG057             0             0             0             0             0
 COG058             0             0             0             0             0
 COG060             0             0             0             0             0
 COG061             0             0             0             0             0
 COG062             0             0             0             0             0
 COG063             0             0             0             0             0
 COG064             0             0             0             0             0
 COG066             0             0             0             0             0
 CBATT              0             0             0             0             0


           THETA
              COG052        COG053        COG054        COG055        COG056
              ________      ________      ________      ________      ________
 COG052             0
 COG053             0             0
 COG054             0             0             0
 COG055             0             0             0             0
 COG056             0             0             0             0             0
 COG057             0             0             0             0             0
 COG058             0             0             0             0             0
 COG060             0             0             0             0             0
 COG061             0             0             0             0             0
 COG062             0             0             0             0             0
 COG063             0             0             0             0             0
 COG064             0             0             0             0             0
 COG066             0             0             0             0             0
 CBATT              0             0             0             0             0


           THETA
              COG057        COG058        COG060        COG061        COG062
              ________      ________      ________      ________      ________
 COG057             0
 COG058             0             0
 COG060             0             0             0
 COG061             0             0             0             0
 COG062             0             0             0             0             0
 COG063             0             0             0             0             0
 COG064             0             0             0             0             0
 COG066             0             0             0             0             0
 CBATT              0             0             0             0             0


           THETA
              COG063        COG064        COG066        CBATT
              ________      ________      ________      ________
 COG063             0
 COG064             0             0
 COG066             0             0             0
 CBATT              0             0             0             0


           ALPHA
              COG           CBATT
              ________      ________
                  0            46


           BETA
              COG           CBATT
              ________      ________
 COG                0             0
 CBATT              0             0


           PSI
              COG           CBATT
              ________      ________
 COG               47
 CBATT             48            49


     STARTING VALUES


           TAU
              COG040$1      COG041$1      COG043$1      COG044$1      COG045$1
              ________      ________      ________      ________      ________
               -1.140        -0.583        -1.065        -1.214        -0.326


           TAU
              COG046$1      COG048$1      COG049$1      COG050$1      COG051$1
              ________      ________      ________      ________      ________
                0.032        -1.236        -1.013        -0.603        -1.173


           TAU
              COG052$1      COG053$1      COG054$1      COG055$1      COG056$1
              ________      ________      ________      ________      ________
               -0.477        -0.428        -0.436        -1.166        -0.148


           TAU
              COG057$1      COG058$1      COG060$1      COG061$1      COG062$1
              ________      ________      ________      ________      ________
                0.900        -0.165         0.284         0.704         1.036


           TAU
              COG063$1      COG064$1      COG066$1
              ________      ________      ________
                1.207         0.717         0.931


           NU
              COG040        COG041        COG043        COG044        COG045
              ________      ________      ________      ________      ________
                0.000         0.000         0.000         0.000         0.000


           NU
              COG046        COG048        COG049        COG050        COG051
              ________      ________      ________      ________      ________
                0.000         0.000         0.000         0.000         0.000


           NU
              COG052        COG053        COG054        COG055        COG056
              ________      ________      ________      ________      ________
                0.000         0.000         0.000         0.000         0.000


           NU
              COG057        COG058        COG060        COG061        COG062
              ________      ________      ________      ________      ________
                0.000         0.000         0.000         0.000         0.000


           NU
              COG063        COG064        COG066        CBATT
              ________      ________      ________      ________
                0.000         0.000         0.000         0.000


           LAMBDA
              COG           CBATT
              ________      ________
 COG040         1.000         0.000
 COG041         1.000         0.000
 COG043         1.000         0.000
 COG044         1.000         0.000
 COG045         1.000         0.000
 COG046         1.000         0.000
 COG048         1.000         0.000
 COG049         1.000         0.000
 COG050         1.000         0.000
 COG051         1.000         0.000
 COG052         1.000         0.000
 COG053         1.000         0.000
 COG054         1.000         0.000
 COG055         1.000         0.000
 COG056         1.000         0.000
 COG057         1.000         0.000
 COG058         1.000         0.000
 COG060         1.000         0.000
 COG061         1.000         0.000
 COG062         1.000         0.000
 COG063         1.000         0.000
 COG064         1.000         0.000
 COG066         1.000         0.000
 CBATT          0.000         1.000


           THETA
              COG040        COG041        COG043        COG044        COG045
              ________      ________      ________      ________      ________
 COG040         1.000
 COG041         0.000         1.000
 COG043         0.000         0.000         1.000
 COG044         0.000         0.000         0.000         1.000
 COG045         0.000         0.000         0.000         0.000         1.000
 COG046         0.000         0.000         0.000         0.000         0.000
 COG048         0.000         0.000         0.000         0.000         0.000
 COG049         0.000         0.000         0.000         0.000         0.000
 COG050         0.000         0.000         0.000         0.000         0.000
 COG051         0.000         0.000         0.000         0.000         0.000
 COG052         0.000         0.000         0.000         0.000         0.000
 COG053         0.000         0.000         0.000         0.000         0.000
 COG054         0.000         0.000         0.000         0.000         0.000
 COG055         0.000         0.000         0.000         0.000         0.000
 COG056         0.000         0.000         0.000         0.000         0.000
 COG057         0.000         0.000         0.000         0.000         0.000
 COG058         0.000         0.000         0.000         0.000         0.000
 COG060         0.000         0.000         0.000         0.000         0.000
 COG061         0.000         0.000         0.000         0.000         0.000
 COG062         0.000         0.000         0.000         0.000         0.000
 COG063         0.000         0.000         0.000         0.000         0.000
 COG064         0.000         0.000         0.000         0.000         0.000
 COG066         0.000         0.000         0.000         0.000         0.000
 CBATT          0.000         0.000         0.000         0.000         0.000


           THETA
              COG046        COG048        COG049        COG050        COG051
              ________      ________      ________      ________      ________
 COG046         1.000
 COG048         0.000         1.000
 COG049         0.000         0.000         1.000
 COG050         0.000         0.000         0.000         1.000
 COG051         0.000         0.000         0.000         0.000         1.000
 COG052         0.000         0.000         0.000         0.000         0.000
 COG053         0.000         0.000         0.000         0.000         0.000
 COG054         0.000         0.000         0.000         0.000         0.000
 COG055         0.000         0.000         0.000         0.000         0.000
 COG056         0.000         0.000         0.000         0.000         0.000
 COG057         0.000         0.000         0.000         0.000         0.000
 COG058         0.000         0.000         0.000         0.000         0.000
 COG060         0.000         0.000         0.000         0.000         0.000
 COG061         0.000         0.000         0.000         0.000         0.000
 COG062         0.000         0.000         0.000         0.000         0.000
 COG063         0.000         0.000         0.000         0.000         0.000
 COG064         0.000         0.000         0.000         0.000         0.000
 COG066         0.000         0.000         0.000         0.000         0.000
 CBATT          0.000         0.000         0.000         0.000         0.000


           THETA
              COG052        COG053        COG054        COG055        COG056
              ________      ________      ________      ________      ________
 COG052         1.000
 COG053         0.000         1.000
 COG054         0.000         0.000         1.000
 COG055         0.000         0.000         0.000         1.000
 COG056         0.000         0.000         0.000         0.000         1.000
 COG057         0.000         0.000         0.000         0.000         0.000
 COG058         0.000         0.000         0.000         0.000         0.000
 COG060         0.000         0.000         0.000         0.000         0.000
 COG061         0.000         0.000         0.000         0.000         0.000
 COG062         0.000         0.000         0.000         0.000         0.000
 COG063         0.000         0.000         0.000         0.000         0.000
 COG064         0.000         0.000         0.000         0.000         0.000
 COG066         0.000         0.000         0.000         0.000         0.000
 CBATT          0.000         0.000         0.000         0.000         0.000


           THETA
              COG057        COG058        COG060        COG061        COG062
              ________      ________      ________      ________      ________
 COG057         1.000
 COG058         0.000         1.000
 COG060         0.000         0.000         1.000
 COG061         0.000         0.000         0.000         1.000
 COG062         0.000         0.000         0.000         0.000         1.000
 COG063         0.000         0.000         0.000         0.000         0.000
 COG064         0.000         0.000         0.000         0.000         0.000
 COG066         0.000         0.000         0.000         0.000         0.000
 CBATT          0.000         0.000         0.000         0.000         0.000


           THETA
              COG063        COG064        COG066        CBATT
              ________      ________      ________      ________
 COG063         1.000
 COG064         0.000         1.000
 COG066         0.000         0.000         1.000
 CBATT          0.000         0.000         0.000         0.000


           ALPHA
              COG           CBATT
              ________      ________
                0.000         0.000


           BETA
              COG           CBATT
              ________      ________
 COG            0.000         0.000
 CBATT          0.000         0.000


           PSI
              COG           CBATT
              ________      ________
 COG            0.050
 CBATT          0.000         0.500


TECHNICAL 4 OUTPUT


     ESTIMATES DERIVED FROM THE MODEL


           ESTIMATED MEANS FOR THE LATENT VARIABLES
              COG           CBATT
              ________      ________
                0.000         0.000


           ESTIMATED COVARIANCE MATRIX FOR THE LATENT VARIABLES
              COG           CBATT
              ________      ________
 COG            0.108
 CBATT         -0.058         1.000


           ESTIMATED CORRELATION MATRIX FOR THE LATENT VARIABLES
              COG           CBATT
              ________      ________
 COG            1.000
 CBATT         -0.177         1.000


     ESTIMATES DERIVED FROM THE MODEL


           S.E. FOR ESTIMATED MEANS FOR THE LATENT VARIABLES
              COG           CBATT
              ________      ________
                0.000         0.052


           EST./S.E. FOR ESTIMATED MEANS FOR THE LATENT VARIABLES
              COG           CBATT
              ________      ________
                0.000         0.000


           TWO-TAILED P-VALUE FOR ESTIMATED MEANS FOR THE LATENT VARIABLES
              COG           CBATT
              ________      ________
                1.000         1.000


           S.E. FOR ESTIMATED COVARIANCE MATRIX FOR THE LATENT VARIABLES
              COG           CBATT
              ________      ________
 COG            0.038
 CBATT          0.017         0.058


           EST./S.E. FOR ESTIMATED COVARIANCE MATRIX FOR THE LATENT VARIABLES
              COG           CBATT
              ________      ________
 COG            2.871
 CBATT         -3.405        17.196


           TWO-TAILED P-VALUE FOR ESTIMATED COVARIANCE MATRIX FOR THE LATENT VARIABLES
              COG           CBATT
              ________      ________
 COG            0.004
 CBATT          0.001         0.000


           S.E. FOR ESTIMATED CORRELATION MATRIX FOR THE LATENT VARIABLES
              COG           CBATT
              ________      ________
 COG            0.000
 CBATT          0.038         0.000


           EST./S.E. FOR ESTIMATED CORRELATION MATRIX FOR THE LATENT VARIABLES
              COG           CBATT
              ________      ________
 COG          999.000
 CBATT         -4.662       999.000


           TWO-TAILED P-VALUE FOR ESTIMATED CORRELATION MATRIX FOR THE LATENT VARIABLES
              COG           CBATT
              ________      ________
 COG            0.000
 CBATT          0.000         0.000


SAMPLE STATISTICS FOR ESTIMATED FACTOR SCORES


     SAMPLE STATISTICS


           Means
              COG           COG_SE
              ________      ________
                0.002         0.109


           Covariances
              COG           COG_SE
              ________      ________
 COG            0.092
 COG_SE        -0.001         0.000


           Correlations
              COG           COG_SE
              ________      ________
 COG            1.000
 COG_SE        -0.194         1.000


SAVEDATA INFORMATION


  Save file
    ../../fscores_structural.dat

  Order and format of variables

    COG040         F10.3
    COG041         F10.3
    COG043         F10.3
    COG044         F10.3
    COG045         F10.3
    COG046         F10.3
    COG048         F10.3
    COG049         F10.3
    COG050         F10.3
    COG051         F10.3
    COG052         F10.3
    COG053         F10.3
    COG054         F10.3
    COG055         F10.3
    COG056         F10.3
    COG057         F10.3
    COG058         F10.3
    COG060         F10.3
    COG061         F10.3
    COG062         F10.3
    COG063         F10.3
    COG064         F10.3
    COG066         F10.3
    CBATT          F10.3
    COG            F10.3
    COG_SE         F10.3

  Save file format
    26F10.3

  Save file record length    10000

  Save missing symbol        *


     Beginning Time:  14:45:23
        Ending Time:  14:45:23
       Elapsed Time:  00:00:00



MUTHEN & MUTHEN
3463 Stoner Ave.
Los Angeles, CA  90066

Tel: (310) 391-9971
Fax: (310) 391-8971
Web: www.StatModel.com
Support: Support@StatModel.com

Copyright (c) 1998-2021 Muthen & Muthen
