Mplus VERSION 8.6
MUTHEN & MUTHEN
06/04/2026   2:45 PM

INPUT INSTRUCTIONS

  TITLE:
    Structural model - CBAtt outcome ~ WM + GDP + FS
    WLSMV estimator; items treated as categorical (binary)
    Factors: WM, GDP, FS (same measurement model as model_measurement.inp)

  DATA:
    FILE = "../../combined.dat";

  VARIABLE:
    NAMES ARE
      COG034 COG035 COG036 COG037 COG038 COG039 COG040 COG041
      COG042 COG043 COG044 COG045 COG046 COG047 COG048 COG049 COG050
      COG051 COG052 COG053 COG054 COG055 COG056 COG057 COG058
      COG060 COG061 COG062 COG063 COG064 COG065 COG066 COG067 COG068
      GA BirthWt Sex HdCirc IUGR GDiab PrEcl AntCor_P AntCor_C
      MomAge MomEdu DadEdu EthSAsian EthBlack EthMixed EthOther
      MomEng EPDSTot StimEnv PrLax PrOvr PrVrb PrSty
      CBInt CBExt CBTot CBAnx CBWth CBSom CBSlp CBAtt CBAgg
      ECSur ECNeg ECEff BayMot BayLan QchatTot;

    USEVARIABLES ARE
      COG040 COG041
      COG043 COG044 COG045 COG046 COG048 COG049 COG050
      COG051 COG052 COG053 COG054 COG055 COG056 COG057 COG058
      COG060 COG061 COG062 COG063 COG064 COG066
      CBAtt;

    CATEGORICAL ARE
      COG040 COG041
      COG043 COG044 COG045 COG046 COG048 COG049 COG050
      COG051 COG052 COG053 COG054 COG055 COG056 COG057 COG058
      COG060 COG061 COG062 COG063 COG064 COG066;

    MISSING ARE ALL (-999);

  DEFINE:
    STANDARDIZE CBAtt;

  ANALYSIS:
    ESTIMATOR = WLSMV;

  MODEL:
    ! Factor 1: Working Memory
    WM BY
      COG040 COG045 COG050 COG064;

    ! Factor 2: Goal-Directed Problem Solving
    GDP BY
      COG041 COG043 COG044 COG046
      COG048 COG052 COG053 COG057;

    ! Factor 3: Flexibility / Shift
    FS BY
      COG049 COG051 COG054 COG055 COG056
      COG058 COG060 COG061 COG062 COG063 COG066;

    WM  WITH GDP FS;
    GDP WITH FS;

    CBAtt WITH WM GDP FS;

  OUTPUT:
    STANDARDIZED;
    MODINDICES(10);
    RESIDUAL;
    SAMPSTAT;
    TECH1;
    TECH4;
    CINTERVAL;

  SAVEDATA:
    FILE = "../../fscores_structural.dat";
    SAVE = FSCORES;



INPUT READING TERMINATED NORMALLY




Structural model - CBAtt outcome ~ WM + GDP + FS
WLSMV estimator; items treated as categorical (binary)
Factors: WM, GDP, FS (same measurement model as model_measurement.inp)

SUMMARY OF ANALYSIS

Number of groups                                                 1
Number of observations                                         739

Number of dependent variables                                   24
Number of independent variables                                  0
Number of continuous latent variables                            3

Observed dependent variables

  Continuous
   CBATT

  Binary and ordered categorical (ordinal)
   COG040      COG041      COG043      COG044      COG045      COG046
   COG048      COG049      COG050      COG051      COG052      COG053
   COG054      COG055      COG056      COG057      COG058      COG060
   COG061      COG062      COG063      COG064      COG066

Continuous latent variables
   WM          GDP         FS


Estimator                                                    WLSMV
Maximum number of iterations                                  1000
Convergence criterion                                    0.500D-04
Maximum number of steepest descent iterations                   20
Maximum number of iterations for H1                           2000
Convergence criterion for H1                             0.100D-03
Parameterization                                             DELTA
Link                                                        PROBIT

Input data file(s)
  ../../combined.dat

Input data format  FREE


SUMMARY OF DATA

     Number of missing data patterns             2


COVARIANCE COVERAGE OF DATA

Minimum covariance coverage value   0.100


     PROPORTION OF DATA PRESENT


           Covariance Coverage
              COG040        COG041        COG043        COG044        COG045
              ________      ________      ________      ________      ________
 COG040         1.000
 COG041         1.000         1.000
 COG043         1.000         1.000         1.000
 COG044         1.000         1.000         1.000         1.000
 COG045         1.000         1.000         1.000         1.000         1.000
 COG046         1.000         1.000         1.000         1.000         1.000
 COG048         1.000         1.000         1.000         1.000         1.000
 COG049         1.000         1.000         1.000         1.000         1.000
 COG050         1.000         1.000         1.000         1.000         1.000
 COG051         1.000         1.000         1.000         1.000         1.000
 COG052         1.000         1.000         1.000         1.000         1.000
 COG053         1.000         1.000         1.000         1.000         1.000
 COG054         1.000         1.000         1.000         1.000         1.000
 COG055         1.000         1.000         1.000         1.000         1.000
 COG056         1.000         1.000         1.000         1.000         1.000
 COG057         1.000         1.000         1.000         1.000         1.000
 COG058         1.000         1.000         1.000         1.000         1.000
 COG060         1.000         1.000         1.000         1.000         1.000
 COG061         1.000         1.000         1.000         1.000         1.000
 COG062         1.000         1.000         1.000         1.000         1.000
 COG063         1.000         1.000         1.000         1.000         1.000
 COG064         1.000         1.000         1.000         1.000         1.000
 COG066         1.000         1.000         1.000         1.000         1.000
 CBATT          0.978         0.978         0.978         0.978         0.978


           Covariance Coverage
              COG046        COG048        COG049        COG050        COG051
              ________      ________      ________      ________      ________
 COG046         1.000
 COG048         1.000         1.000
 COG049         1.000         1.000         1.000
 COG050         1.000         1.000         1.000         1.000
 COG051         1.000         1.000         1.000         1.000         1.000
 COG052         1.000         1.000         1.000         1.000         1.000
 COG053         1.000         1.000         1.000         1.000         1.000
 COG054         1.000         1.000         1.000         1.000         1.000
 COG055         1.000         1.000         1.000         1.000         1.000
 COG056         1.000         1.000         1.000         1.000         1.000
 COG057         1.000         1.000         1.000         1.000         1.000
 COG058         1.000         1.000         1.000         1.000         1.000
 COG060         1.000         1.000         1.000         1.000         1.000
 COG061         1.000         1.000         1.000         1.000         1.000
 COG062         1.000         1.000         1.000         1.000         1.000
 COG063         1.000         1.000         1.000         1.000         1.000
 COG064         1.000         1.000         1.000         1.000         1.000
 COG066         1.000         1.000         1.000         1.000         1.000
 CBATT          0.978         0.978         0.978         0.978         0.978


           Covariance Coverage
              COG052        COG053        COG054        COG055        COG056
              ________      ________      ________      ________      ________
 COG052         1.000
 COG053         1.000         1.000
 COG054         1.000         1.000         1.000
 COG055         1.000         1.000         1.000         1.000
 COG056         1.000         1.000         1.000         1.000         1.000
 COG057         1.000         1.000         1.000         1.000         1.000
 COG058         1.000         1.000         1.000         1.000         1.000
 COG060         1.000         1.000         1.000         1.000         1.000
 COG061         1.000         1.000         1.000         1.000         1.000
 COG062         1.000         1.000         1.000         1.000         1.000
 COG063         1.000         1.000         1.000         1.000         1.000
 COG064         1.000         1.000         1.000         1.000         1.000
 COG066         1.000         1.000         1.000         1.000         1.000
 CBATT          0.978         0.978         0.978         0.978         0.978


           Covariance Coverage
              COG057        COG058        COG060        COG061        COG062
              ________      ________      ________      ________      ________
 COG057         1.000
 COG058         1.000         1.000
 COG060         1.000         1.000         1.000
 COG061         1.000         1.000         1.000         1.000
 COG062         1.000         1.000         1.000         1.000         1.000
 COG063         1.000         1.000         1.000         1.000         1.000
 COG064         1.000         1.000         1.000         1.000         1.000
 COG066         1.000         1.000         1.000         1.000         1.000
 CBATT          0.978         0.978         0.978         0.978         0.978


           Covariance Coverage
              COG063        COG064        COG066        CBATT
              ________      ________      ________      ________
 COG063         1.000
 COG064         1.000         1.000
 COG066         1.000         1.000         1.000
 CBATT          0.978         0.978         0.978         0.978


UNIVARIATE PROPORTIONS AND COUNTS FOR CATEGORICAL VARIABLES

    COG040
      Category 1    0.127           94.000
      Category 2    0.873          645.000
    COG041
      Category 1    0.280          207.000
      Category 2    0.720          532.000
    COG043
      Category 1    0.143          106.000
      Category 2    0.857          633.000
    COG044
      Category 1    0.112           83.000
      Category 2    0.888          656.000
    COG045
      Category 1    0.372          275.000
      Category 2    0.628          464.000
    COG046
      Category 1    0.513          379.000
      Category 2    0.487          360.000
    COG048
      Category 1    0.108           80.000
      Category 2    0.892          659.000
    COG049
      Category 1    0.156          115.000
      Category 2    0.844          624.000
    COG050
      Category 1    0.273          202.000
      Category 2    0.727          537.000
    COG051
      Category 1    0.120           89.000
      Category 2    0.880          650.000
    COG052
      Category 1    0.317          234.000
      Category 2    0.683          505.000
    COG053
      Category 1    0.334          247.000
      Category 2    0.666          492.000
    COG054
      Category 1    0.332          245.000
      Category 2    0.668          494.000
    COG055
      Category 1    0.122           90.000
      Category 2    0.878          649.000
    COG056
      Category 1    0.441          326.000
      Category 2    0.559          413.000
    COG057
      Category 1    0.816          603.000
      Category 2    0.184          136.000
    COG058
      Category 1    0.434          321.000
      Category 2    0.566          418.000
    COG060
      Category 1    0.612          452.000
      Category 2    0.388          287.000
    COG061
      Category 1    0.759          561.000
      Category 2    0.241          178.000
    COG062
      Category 1    0.850          628.000
      Category 2    0.150          111.000
    COG063
      Category 1    0.886          655.000
      Category 2    0.114           84.000
    COG064
      Category 1    0.763          564.000
      Category 2    0.237          175.000
    COG066
      Category 1    0.824          609.000
      Category 2    0.176          130.000


SAMPLE STATISTICS


     ESTIMATED SAMPLE STATISTICS


           MEANS/INTERCEPTS/THRESHOLDS
              COG040$1      COG041$1      COG043$1      COG044$1      COG045$1
              ________      ________      ________      ________      ________
               -1.140        -0.583        -1.065        -1.214        -0.326


           MEANS/INTERCEPTS/THRESHOLDS
              COG046$1      COG048$1      COG049$1      COG050$1      COG051$1
              ________      ________      ________      ________      ________
                0.032        -1.236        -1.013        -0.603        -1.173


           MEANS/INTERCEPTS/THRESHOLDS
              COG052$1      COG053$1      COG054$1      COG055$1      COG056$1
              ________      ________      ________      ________      ________
               -0.477        -0.428        -0.436        -1.166        -0.148


           MEANS/INTERCEPTS/THRESHOLDS
              COG057$1      COG058$1      COG060$1      COG061$1      COG062$1
              ________      ________      ________      ________      ________
                0.900        -0.165         0.284         0.704         1.036


           MEANS/INTERCEPTS/THRESHOLDS
              COG063$1      COG064$1      COG066$1      CBATT
              ________      ________      ________      ________
                1.207         0.717         0.931         0.000


           CORRELATION MATRIX (WITH VARIANCES ON THE DIAGONAL)
              COG040        COG041        COG043        COG044        COG045
              ________      ________      ________      ________      ________
 COG040
 COG041         0.088
 COG043         0.095         0.221
 COG044         0.340         0.318         0.291
 COG045         0.534         0.217         0.265         0.304
 COG046         0.193         0.179         0.160         0.241         0.214
 COG048         0.123         0.213         0.261         0.357         0.154
 COG049         0.307         0.188         0.310         0.301         0.315
 COG050         0.487         0.247         0.310         0.330         0.573
 COG051         0.265         0.293         0.283         0.339         0.335
 COG052         0.128         0.202         0.572         0.272         0.206
 COG053         0.080         0.160         0.152         0.329         0.231
 COG054         0.169         0.166         0.320         0.230         0.192
 COG055         0.187         0.319         0.438         0.334         0.262
 COG056         0.235         0.168         0.286         0.324         0.247
 COG057         0.084         0.315         0.107         0.063         0.104
 COG058         0.133         0.192         0.267         0.246         0.238
 COG060         0.202         0.249         0.351         0.322         0.297
 COG061         0.056         0.256         0.402         0.228         0.155
 COG062         0.230         0.351         0.447         0.230         0.314
 COG063         0.180         0.322         0.264         0.244         0.179
 COG064         0.325         0.276         0.396         0.313         0.300
 COG066         0.151         0.333         0.398         0.372         0.235
 CBATT         -0.096        -0.065        -0.121         0.051        -0.095


           CORRELATION MATRIX (WITH VARIANCES ON THE DIAGONAL)
              COG046        COG048        COG049        COG050        COG051
              ________      ________      ________      ________      ________
 COG048         0.221
 COG049         0.229         0.204
 COG050         0.126         0.262         0.400
 COG051         0.228         0.354         0.686         0.402
 COG052         0.000         0.242         0.277         0.273         0.343
 COG053         0.133         0.909         0.188         0.242         0.266
 COG054         0.087         0.218         0.249         0.289         0.335
 COG055         0.269         0.326         0.628         0.411         0.713
 COG056         0.229         0.086         0.904         0.311         0.723
 COG057         0.124         0.174         0.272         0.113         0.245
 COG058         0.226         0.151         0.564         0.276         0.897
 COG060         0.256         0.178         0.711         0.352         0.682
 COG061         0.284         0.079         0.489         0.317         0.534
 COG062         0.361         0.137         0.469         0.253         0.466
 COG063         0.302         0.129         0.550         0.371         0.397
 COG064         0.248         0.371         0.423         0.323         0.483
 COG066         0.386         0.230         0.697         0.302         0.652
 CBATT         -0.104        -0.085        -0.063        -0.050        -0.134


           CORRELATION MATRIX (WITH VARIANCES ON THE DIAGONAL)
              COG052        COG053        COG054        COG055        COG056
              ________      ________      ________      ________      ________
 COG053         0.260
 COG054         0.380         0.211
 COG055         0.474         0.307         0.405
 COG056         0.281         0.168         0.223         0.688
 COG057         0.210         0.136         0.252         0.460         0.249
 COG058         0.231         0.082         0.310         0.732         0.791
 COG060         0.320         0.156         0.345         0.619         0.899
 COG061         0.354         0.140         0.340         0.662         0.641
 COG062         0.284         0.167         0.198         0.624         0.461
 COG063         0.347         0.206         0.293         0.572         0.650
 COG064         0.372         0.362         0.440         0.658         0.633
 COG066         0.320         0.201         0.431         0.654         0.805
 CBATT         -0.128        -0.105        -0.156        -0.118        -0.056


           CORRELATION MATRIX (WITH VARIANCES ON THE DIAGONAL)
              COG057        COG058        COG060        COG061        COG062
              ________      ________      ________      ________      ________
 COG058         0.332
 COG060         0.332         0.800
 COG061         0.392         0.609         0.647
 COG062         0.280         0.503         0.504         0.563
 COG063         0.344         0.644         0.701         0.838         0.536
 COG064         0.337         0.590         0.636         0.615         0.521
 COG066         0.328         0.886         0.838         0.822         0.680
 CBATT         -0.023        -0.119        -0.075        -0.186        -0.162


           CORRELATION MATRIX (WITH VARIANCES ON THE DIAGONAL)
              COG063        COG064        COG066        CBATT
              ________      ________      ________      ________
 COG064         0.620
 COG066         0.754         0.757
 CBATT         -0.224        -0.306        -0.229         1.000


UNIVARIATE SAMPLE STATISTICS


     UNIVARIATE HIGHER-ORDER MOMENT DESCRIPTIVE STATISTICS

         Variable/         Mean/     Skewness/   Minimum/ % with                Percentiles
        Sample Size      Variance    Kurtosis    Maximum  Min/Max      20%/60%    40%/80%    Median

     CBATT                 0.000       1.258      -1.101    8.99%      -0.914     -0.539     -0.352
             723.000       1.000       1.220       4.511    0.14%      -0.165      0.770


     THIS ANALYSIS MAY HAVE MULTIPLE SOLUTIONS.  EXPLORE THIS USING RANDOM STARTS,
     FOR EXAMPLE, STARTS = 20.  USE A LARGE ENOUGH NUMBER OF STARTS SO THAT THE
     BEST FIT FUNCTION VALUE IS REPLICATED SEVERAL TIMES.


THE MODEL ESTIMATION TERMINATED NORMALLY



MODEL FIT INFORMATION

Number of Free Parameters                       54

Chi-Square Test of Model Fit

          Value                            857.142*
          Degrees of Freedom                   247
          P-Value                           0.0000

*   The chi-square value for MLM, MLMV, MLR, ULSMV, WLSM and WLSMV cannot be used
    for chi-square difference testing in the regular way.  MLM, MLR and WLSM
    chi-square difference testing is described on the Mplus website.  MLMV, WLSMV,
    and ULSMV difference testing is done using the DIFFTEST option.

RMSEA (Root Mean Square Error Of Approximation)

          Estimate                           0.058
          90 Percent C.I.                    0.054  0.062
          Probability RMSEA <= .05           0.001

CFI/TLI

          CFI                                0.928
          TLI                                0.920

Chi-Square Test of Model Fit for the Baseline Model

          Value                           8776.204
          Degrees of Freedom                   276
          P-Value                           0.0000

SRMR (Standardized Root Mean Square Residual)

          Value                              0.105

Optimum Function Value for Weighted Least-Squares Estimator

          Value                     0.59014599D+00



MODEL RESULTS

                                                    Two-Tailed
                    Estimate       S.E.  Est./S.E.    P-Value

 WM       BY
    COG040             1.000      0.000    999.000    999.000
    COG045             1.183      0.184      6.440      0.000
    COG050             1.397      0.217      6.434      0.000
    COG064             2.252      0.361      6.231      0.000

 GDP      BY
    COG041             1.000      0.000    999.000    999.000
    COG043             1.351      0.203      6.648      0.000
    COG044             1.237      0.193      6.418      0.000
    COG046             0.892      0.152      5.882      0.000
    COG048             1.802      0.241      7.480      0.000
    COG052             1.294      0.178      7.280      0.000
    COG053             1.515      0.204      7.432      0.000
    COG057             1.047      0.178      5.885      0.000

 FS       BY
    COG049             1.000      0.000    999.000    999.000
    COG051             0.966      0.057     17.077      0.000
    COG054             0.527      0.055      9.563      0.000
    COG055             1.010      0.053     18.985      0.000
    COG056             1.123      0.046     24.541      0.000
    COG058             0.991      0.043     22.884      0.000
    COG060             1.097      0.043     25.431      0.000
    COG061             0.985      0.047     20.944      0.000
    COG062             0.785      0.059     13.251      0.000
    COG063             1.011      0.054     18.842      0.000
    COG066             1.152      0.050     23.265      0.000

 WM       WITH
    GDP                0.124      0.026      4.668      0.000
    FS                 0.254      0.043      5.900      0.000
    CBATT             -0.099      0.026     -3.833      0.000

 GDP      WITH
    FS                 0.206      0.030      6.919      0.000
    CBATT             -0.062      0.022     -2.836      0.005

 CBATT    WITH
    FS                -0.128      0.033     -3.897      0.000

 Means
    CBATT              0.000      0.052      0.000      1.000

 Thresholds
    COG040$1          -1.140      0.059    -19.376      0.000
    COG041$1          -0.583      0.049    -11.873      0.000
    COG043$1          -1.065      0.057    -18.689      0.000
    COG044$1          -1.214      0.061    -19.954      0.000
    COG045$1          -0.326      0.047     -6.940      0.000
    COG046$1           0.032      0.046      0.699      0.485
    COG048$1          -1.236      0.061    -20.100      0.000
    COG049$1          -1.013      0.056    -18.143      0.000
    COG050$1          -0.603      0.049    -12.231      0.000
    COG051$1          -1.173      0.060    -19.646      0.000
    COG052$1          -0.477      0.048     -9.927      0.000
    COG053$1          -0.428      0.048     -8.983      0.000
    COG054$1          -0.436      0.048     -9.128      0.000
    COG055$1          -1.166      0.060    -19.593      0.000
    COG056$1          -0.148      0.046     -3.199      0.001
    COG057$1           0.900      0.054     16.800      0.000
    COG058$1          -0.165      0.046     -3.567      0.000
    COG060$1           0.284      0.047      6.062      0.000
    COG061$1           0.704      0.050     13.931      0.000
    COG062$1           1.036      0.056     18.388      0.000
    COG063$1           1.207      0.061     19.904      0.000
    COG064$1           0.717      0.051     14.141      0.000
    COG066$1           0.931      0.054     17.192      0.000

 Variances
    CBATT              1.000      0.058     17.196      0.000
    WM                 0.190      0.055      3.477      0.001
    GDP                0.213      0.050      4.279      0.000
    FS                 0.685      0.050     13.666      0.000


QUALITY OF NUMERICAL RESULTS

     Condition Number for the Information Matrix              0.581E-03
       (ratio of smallest to largest eigenvalue)


STANDARDIZED MODEL RESULTS


STDYX Standardization

                                                    Two-Tailed
                    Estimate       S.E.  Est./S.E.    P-Value

 WM       BY
    COG040             0.436      0.063      6.954      0.000
    COG045             0.516      0.044     11.633      0.000
    COG050             0.609      0.045     13.638      0.000
    COG064             0.982      0.051     19.421      0.000

 GDP      BY
    COG041             0.461      0.054      8.558      0.000
    COG043             0.624      0.062     10.090      0.000
    COG044             0.571      0.066      8.642      0.000
    COG046             0.412      0.052      7.923      0.000
    COG048             0.832      0.052     16.140      0.000
    COG052             0.597      0.046     12.903      0.000
    COG053             0.699      0.038     18.182      0.000
    COG057             0.483      0.063      7.659      0.000

 FS       BY
    COG049             0.828      0.030     27.333      0.000
    COG051             0.800      0.041     19.566      0.000
    COG054             0.436      0.043     10.029      0.000
    COG055             0.836      0.037     22.365      0.000
    COG056             0.929      0.015     62.248      0.000
    COG058             0.820      0.022     37.341      0.000
    COG060             0.908      0.015     59.610      0.000
    COG061             0.815      0.025     32.166      0.000
    COG062             0.650      0.042     15.455      0.000
    COG063             0.837      0.031     26.918      0.000
    COG066             0.953      0.019     50.241      0.000

 WM       WITH
    GDP                0.615      0.050     12.383      0.000
    FS                 0.704      0.041     17.256      0.000
    CBATT             -0.227      0.047     -4.856      0.000

 GDP      WITH
    FS                 0.540      0.037     14.404      0.000
    CBATT             -0.135      0.044     -3.082      0.002

 CBATT    WITH
    FS                -0.154      0.038     -4.022      0.000

 Means
    CBATT              0.000      0.052      0.000      1.000

 Thresholds
    COG040$1          -1.140      0.059    -19.376      0.000
    COG041$1          -0.583      0.049    -11.873      0.000
    COG043$1          -1.065      0.057    -18.689      0.000
    COG044$1          -1.214      0.061    -19.954      0.000
    COG045$1          -0.326      0.047     -6.940      0.000
    COG046$1           0.032      0.046      0.699      0.485
    COG048$1          -1.236      0.061    -20.100      0.000
    COG049$1          -1.013      0.056    -18.143      0.000
    COG050$1          -0.603      0.049    -12.231      0.000
    COG051$1          -1.173      0.060    -19.646      0.000
    COG052$1          -0.477      0.048     -9.927      0.000
    COG053$1          -0.428      0.048     -8.983      0.000
    COG054$1          -0.436      0.048     -9.128      0.000
    COG055$1          -1.166      0.060    -19.593      0.000
    COG056$1          -0.148      0.046     -3.199      0.001
    COG057$1           0.900      0.054     16.800      0.000
    COG058$1          -0.165      0.046     -3.567      0.000
    COG060$1           0.284      0.047      6.062      0.000
    COG061$1           0.704      0.050     13.931      0.000
    COG062$1           1.036      0.056     18.388      0.000
    COG063$1           1.207      0.061     19.904      0.000
    COG064$1           0.717      0.051     14.141      0.000
    COG066$1           0.931      0.054     17.192      0.000

 Variances
    CBATT              1.000      0.000    999.000    999.000
    WM                 1.000      0.000    999.000    999.000
    GDP                1.000      0.000    999.000    999.000
    FS                 1.000      0.000    999.000    999.000


STDY Standardization

                                                    Two-Tailed
                    Estimate       S.E.  Est./S.E.    P-Value

 WM       BY
    COG040             0.436      0.063      6.954      0.000
    COG045             0.516      0.044     11.633      0.000
    COG050             0.609      0.045     13.638      0.000
    COG064             0.982      0.051     19.421      0.000

 GDP      BY
    COG041             0.461      0.054      8.558      0.000
    COG043             0.624      0.062     10.090      0.000
    COG044             0.571      0.066      8.642      0.000
    COG046             0.412      0.052      7.923      0.000
    COG048             0.832      0.052     16.140      0.000
    COG052             0.597      0.046     12.903      0.000
    COG053             0.699      0.038     18.182      0.000
    COG057             0.483      0.063      7.659      0.000

 FS       BY
    COG049             0.828      0.030     27.333      0.000
    COG051             0.800      0.041     19.566      0.000
    COG054             0.436      0.043     10.029      0.000
    COG055             0.836      0.037     22.365      0.000
    COG056             0.929      0.015     62.248      0.000
    COG058             0.820      0.022     37.341      0.000
    COG060             0.908      0.015     59.610      0.000
    COG061             0.815      0.025     32.166      0.000
    COG062             0.650      0.042     15.455      0.000
    COG063             0.837      0.031     26.918      0.000
    COG066             0.953      0.019     50.241      0.000

 WM       WITH
    GDP                0.615      0.050     12.383      0.000
    FS                 0.704      0.041     17.256      0.000
    CBATT             -0.227      0.047     -4.856      0.000

 GDP      WITH
    FS                 0.540      0.037     14.404      0.000
    CBATT             -0.135      0.044     -3.082      0.002

 CBATT    WITH
    FS                -0.154      0.038     -4.022      0.000

 Means
    CBATT              0.000      0.052      0.000      1.000

 Thresholds
    COG040$1          -1.140      0.059    -19.376      0.000
    COG041$1          -0.583      0.049    -11.873      0.000
    COG043$1          -1.065      0.057    -18.689      0.000
    COG044$1          -1.214      0.061    -19.954      0.000
    COG045$1          -0.326      0.047     -6.940      0.000
    COG046$1           0.032      0.046      0.699      0.485
    COG048$1          -1.236      0.061    -20.100      0.000
    COG049$1          -1.013      0.056    -18.143      0.000
    COG050$1          -0.603      0.049    -12.231      0.000
    COG051$1          -1.173      0.060    -19.646      0.000
    COG052$1          -0.477      0.048     -9.927      0.000
    COG053$1          -0.428      0.048     -8.983      0.000
    COG054$1          -0.436      0.048     -9.128      0.000
    COG055$1          -1.166      0.060    -19.593      0.000
    COG056$1          -0.148      0.046     -3.199      0.001
    COG057$1           0.900      0.054     16.800      0.000
    COG058$1          -0.165      0.046     -3.567      0.000
    COG060$1           0.284      0.047      6.062      0.000
    COG061$1           0.704      0.050     13.931      0.000
    COG062$1           1.036      0.056     18.388      0.000
    COG063$1           1.207      0.061     19.904      0.000
    COG064$1           0.717      0.051     14.141      0.000
    COG066$1           0.931      0.054     17.192      0.000

 Variances
    CBATT              1.000      0.000    999.000    999.000
    WM                 1.000      0.000    999.000    999.000
    GDP                1.000      0.000    999.000    999.000
    FS                 1.000      0.000    999.000    999.000


STD Standardization

                                                    Two-Tailed
                    Estimate       S.E.  Est./S.E.    P-Value

 WM       BY
    COG040             0.436      0.063      6.954      0.000
    COG045             0.516      0.044     11.633      0.000
    COG050             0.609      0.045     13.638      0.000
    COG064             0.982      0.051     19.421      0.000

 GDP      BY
    COG041             0.461      0.054      8.558      0.000
    COG043             0.624      0.062     10.090      0.000
    COG044             0.571      0.066      8.642      0.000
    COG046             0.412      0.052      7.923      0.000
    COG048             0.832      0.052     16.140      0.000
    COG052             0.597      0.046     12.903      0.000
    COG053             0.699      0.038     18.182      0.000
    COG057             0.483      0.063      7.659      0.000

 FS       BY
    COG049             0.828      0.030     27.333      0.000
    COG051             0.800      0.041     19.566      0.000
    COG054             0.436      0.043     10.029      0.000
    COG055             0.836      0.037     22.365      0.000
    COG056             0.929      0.015     62.248      0.000
    COG058             0.820      0.022     37.341      0.000
    COG060             0.908      0.015     59.610      0.000
    COG061             0.815      0.025     32.166      0.000
    COG062             0.650      0.042     15.455      0.000
    COG063             0.837      0.031     26.918      0.000
    COG066             0.953      0.019     50.241      0.000

 WM       WITH
    GDP                0.615      0.050     12.383      0.000
    FS                 0.704      0.041     17.256      0.000
    CBATT             -0.227      0.048     -4.735      0.000

 GDP      WITH
    FS                 0.540      0.037     14.404      0.000
    CBATT             -0.135      0.044     -3.048      0.002

 CBATT    WITH
    FS                -0.154      0.039     -3.946      0.000

 Means
    CBATT              0.000      0.052      0.000      1.000

 Thresholds
    COG040$1          -1.140      0.059    -19.376      0.000
    COG041$1          -0.583      0.049    -11.873      0.000
    COG043$1          -1.065      0.057    -18.689      0.000
    COG044$1          -1.214      0.061    -19.954      0.000
    COG045$1          -0.326      0.047     -6.940      0.000
    COG046$1           0.032      0.046      0.699      0.485
    COG048$1          -1.236      0.061    -20.100      0.000
    COG049$1          -1.013      0.056    -18.143      0.000
    COG050$1          -0.603      0.049    -12.231      0.000
    COG051$1          -1.173      0.060    -19.646      0.000
    COG052$1          -0.477      0.048     -9.927      0.000
    COG053$1          -0.428      0.048     -8.983      0.000
    COG054$1          -0.436      0.048     -9.128      0.000
    COG055$1          -1.166      0.060    -19.593      0.000
    COG056$1          -0.148      0.046     -3.199      0.001
    COG057$1           0.900      0.054     16.800      0.000
    COG058$1          -0.165      0.046     -3.567      0.000
    COG060$1           0.284      0.047      6.062      0.000
    COG061$1           0.704      0.050     13.931      0.000
    COG062$1           1.036      0.056     18.388      0.000
    COG063$1           1.207      0.061     19.904      0.000
    COG064$1           0.717      0.051     14.141      0.000
    COG066$1           0.931      0.054     17.192      0.000

 Variances
    CBATT              1.000      0.058     17.196      0.000
    WM                 1.000      0.000    999.000    999.000
    GDP                1.000      0.000    999.000    999.000
    FS                 1.000      0.000    999.000    999.000


R-SQUARE

    Observed                                        Two-Tailed   Residual
    Variable        Estimate       S.E.  Est./S.E.    P-Value    Variance

    COG040             0.190      0.055      3.477      0.001      0.810
    COG041             0.213      0.050      4.279      0.000      0.787
    COG043             0.389      0.077      5.045      0.000      0.611
    COG044             0.325      0.075      4.321      0.000      0.675
    COG045             0.266      0.046      5.817      0.000      0.734
    COG046             0.170      0.043      3.962      0.000      0.830
    COG048             0.692      0.086      8.070      0.000      0.308
    COG049             0.685      0.050     13.666      0.000      0.315
    COG050             0.371      0.054      6.819      0.000      0.629
    COG051             0.640      0.065      9.783      0.000      0.360
    COG052             0.356      0.055      6.451      0.000      0.644
    COG053             0.489      0.054      9.091      0.000      0.511
    COG054             0.190      0.038      5.014      0.000      0.810
    COG055             0.699      0.063     11.182      0.000      0.301
    COG056             0.863      0.028     31.124      0.000      0.137
    COG057             0.233      0.061      3.829      0.000      0.767
    COG058             0.672      0.036     18.671      0.000      0.328
    COG060             0.824      0.028     29.805      0.000      0.176
    COG061             0.665      0.041     16.083      0.000      0.335
    COG062             0.422      0.055      7.728      0.000      0.578
    COG063             0.700      0.052     13.459      0.000      0.300
    COG064             0.964      0.099      9.710      0.000      0.036
    COG066             0.909      0.036     25.121      0.000      0.091


CONFIDENCE INTERVALS OF MODEL RESULTS

                  Lower .5%  Lower 2.5%    Lower 5%    Estimate    Upper 5%  Upper 2.5%   Upper .5%

 WM       BY
    COG040           1.000       1.000       1.000       1.000       1.000       1.000       1.000
    COG045           0.710       0.823       0.881       1.183       1.486       1.544       1.657
    COG050           0.837       0.971       1.039       1.397       1.754       1.822       1.956
    COG064           1.321       1.544       1.658       2.252       2.847       2.961       3.184

 GDP      BY
    COG041           1.000       1.000       1.000       1.000       1.000       1.000       1.000
    COG043           0.828       0.953       1.017       1.351       1.686       1.750       1.875
    COG044           0.740       0.859       0.920       1.237       1.554       1.614       1.733
    COG046           0.502       0.595       0.643       0.892       1.142       1.190       1.283
    COG048           1.182       1.330       1.406       1.802       2.199       2.275       2.423
    COG052           0.836       0.945       1.001       1.294       1.586       1.642       1.751
    COG053           0.990       1.116       1.180       1.515       1.851       1.915       2.040
    COG057           0.589       0.698       0.754       1.047       1.339       1.395       1.505

 FS       BY
    COG049           1.000       1.000       1.000       1.000       1.000       1.000       1.000
    COG051           0.821       0.856       0.873       0.966       1.060       1.077       1.112
    COG054           0.385       0.419       0.436       0.527       0.618       0.635       0.669
    COG055           0.873       0.906       0.923       1.010       1.098       1.115       1.147
    COG056           1.005       1.033       1.048       1.123       1.198       1.212       1.241
    COG058           0.879       0.906       0.919       0.991       1.062       1.075       1.102
    COG060           0.986       1.013       1.026       1.097       1.168       1.182       1.208
    COG061           0.864       0.893       0.908       0.985       1.062       1.077       1.106
    COG062           0.632       0.669       0.687       0.785       0.882       0.901       0.938
    COG063           0.873       0.906       0.923       1.011       1.099       1.116       1.149
    COG066           1.024       1.055       1.071       1.152       1.233       1.249       1.279

 WM       WITH
    GDP              0.055       0.072       0.080       0.124       0.167       0.176       0.192
    FS               0.143       0.169       0.183       0.254       0.325       0.338       0.365
    CBATT           -0.165      -0.150      -0.141      -0.099      -0.056      -0.048      -0.032

 GDP      WITH
    FS               0.129       0.148       0.157       0.206       0.255       0.264       0.283
    CBATT           -0.119      -0.105      -0.098      -0.062      -0.026      -0.019      -0.006

 CBATT    WITH
    FS              -0.212      -0.192      -0.181      -0.128      -0.074      -0.063      -0.043

 Means
    CBATT           -0.134      -0.102      -0.086       0.000       0.086       0.102       0.134

 Thresholds
    COG040$1        -1.291      -1.255      -1.236      -1.140      -1.043      -1.024      -0.988
    COG041$1        -0.709      -0.679      -0.663      -0.583      -0.502      -0.486      -0.456
    COG043$1        -1.212      -1.177      -1.159      -1.065      -0.971      -0.953      -0.918
    COG044$1        -1.371      -1.334      -1.314      -1.214      -1.114      -1.095      -1.058
    COG045$1        -0.447      -0.418      -0.404      -0.326      -0.249      -0.234      -0.205
    COG046$1        -0.087      -0.058      -0.044       0.032       0.108       0.123       0.151
    COG048$1        -1.394      -1.356      -1.337      -1.236      -1.135      -1.115      -1.077
    COG049$1        -1.156      -1.122      -1.104      -1.013      -0.921      -0.903      -0.869
    COG050$1        -0.730      -0.699      -0.684      -0.603      -0.522      -0.506      -0.476
    COG051$1        -1.327      -1.290      -1.271      -1.173      -1.075      -1.056      -1.019
    COG052$1        -0.601      -0.571      -0.556      -0.477      -0.398      -0.383      -0.353
    COG053$1        -0.551      -0.522      -0.507      -0.428      -0.350      -0.335      -0.305
    COG054$1        -0.559      -0.529      -0.514      -0.436      -0.357      -0.342      -0.313
    COG055$1        -1.319      -1.283      -1.264      -1.166      -1.068      -1.049      -1.013
    COG056$1        -0.267      -0.239      -0.224      -0.148      -0.072      -0.057      -0.029
    COG057$1         0.762       0.795       0.812       0.900       0.988       1.005       1.038
    COG058$1        -0.285      -0.256      -0.241      -0.165      -0.089      -0.074      -0.046
    COG060$1         0.163       0.192       0.207       0.284       0.361       0.375       0.404
    COG061$1         0.573       0.605       0.620       0.704       0.787       0.802       0.834
    COG062$1         0.891       0.925       0.943       1.036       1.128       1.146       1.181
    COG063$1         1.051       1.088       1.107       1.207       1.307       1.326       1.363
    COG064$1         0.586       0.617       0.633       0.717       0.800       0.816       0.847
    COG066$1         0.792       0.825       0.842       0.931       1.020       1.037       1.071

 Variances
    CBATT            0.850       0.886       0.904       1.000       1.096       1.114       1.150
    WM               0.049       0.083       0.100       0.190       0.280       0.297       0.331
    GDP              0.085       0.115       0.131       0.213       0.295       0.310       0.341
    FS               0.556       0.587       0.602       0.685       0.767       0.783       0.814


CONFIDENCE INTERVALS OF STANDARDIZED MODEL RESULTS


STDYX Standardization

                  Lower .5%  Lower 2.5%    Lower 5%    Estimate    Upper 5%  Upper 2.5%   Upper .5%

 WM       BY
    COG040           0.274       0.313       0.333       0.436       0.539       0.559       0.597
    COG045           0.402       0.429       0.443       0.516       0.589       0.603       0.630
    COG050           0.494       0.521       0.535       0.609       0.682       0.696       0.724
    COG064           0.852       0.883       0.899       0.982       1.065       1.081       1.112

 GDP      BY
    COG041           0.323       0.356       0.373       0.461       0.550       0.567       0.600
    COG043           0.464       0.502       0.522       0.624       0.725       0.745       0.783
    COG044           0.400       0.441       0.462       0.571       0.679       0.700       0.741
    COG046           0.278       0.310       0.326       0.412       0.497       0.514       0.546
    COG048           0.699       0.731       0.747       0.832       0.916       0.933       0.964
    COG052           0.478       0.506       0.521       0.597       0.673       0.687       0.716
    COG053           0.600       0.624       0.636       0.699       0.762       0.774       0.798
    COG057           0.321       0.359       0.379       0.483       0.587       0.607       0.645

 FS       BY
    COG049           0.750       0.768       0.778       0.828       0.877       0.887       0.905
    COG051           0.694       0.720       0.733       0.800       0.867       0.880       0.905
    COG054           0.324       0.351       0.365       0.436       0.508       0.521       0.548
    COG055           0.740       0.763       0.775       0.836       0.898       0.909       0.932
    COG056           0.891       0.900       0.905       0.929       0.954       0.958       0.968
    COG058           0.763       0.777       0.784       0.820       0.856       0.863       0.876
    COG060           0.869       0.878       0.883       0.908       0.933       0.938       0.947
    COG061           0.750       0.766       0.773       0.815       0.857       0.865       0.880
    COG062           0.541       0.567       0.580       0.650       0.719       0.732       0.758
    COG063           0.756       0.776       0.785       0.837       0.888       0.897       0.917
    COG066           0.904       0.916       0.922       0.953       0.984       0.990       1.002

 WM       WITH
    GDP              0.487       0.518       0.533       0.615       0.697       0.712       0.743
    FS               0.599       0.624       0.637       0.704       0.771       0.783       0.809
    CBATT           -0.347      -0.319      -0.304      -0.227      -0.150      -0.135      -0.107

 GDP      WITH
    FS               0.443       0.466       0.478       0.540       0.601       0.613       0.636
    CBATT           -0.247      -0.220      -0.207      -0.135      -0.063      -0.049      -0.022

 CBATT    WITH
    FS              -0.253      -0.229      -0.217      -0.154      -0.091      -0.079      -0.055

 Means
    CBATT           -0.134      -0.102      -0.086       0.000       0.086       0.102       0.134

 Thresholds
    COG040$1        -1.291      -1.255      -1.236      -1.140      -1.043      -1.024      -0.988
    COG041$1        -0.709      -0.679      -0.663      -0.583      -0.502      -0.486      -0.456
    COG043$1        -1.212      -1.177      -1.159      -1.065      -0.971      -0.953      -0.918
    COG044$1        -1.371      -1.334      -1.314      -1.214      -1.114      -1.095      -1.058
    COG045$1        -0.447      -0.418      -0.404      -0.326      -0.249      -0.234      -0.205
    COG046$1        -0.087      -0.058      -0.044       0.032       0.108       0.123       0.151
    COG048$1        -1.394      -1.356      -1.337      -1.236      -1.135      -1.115      -1.077
    COG049$1        -1.156      -1.122      -1.104      -1.013      -0.921      -0.903      -0.869
    COG050$1        -0.730      -0.699      -0.684      -0.603      -0.522      -0.506      -0.476
    COG051$1        -1.327      -1.290      -1.271      -1.173      -1.075      -1.056      -1.019
    COG052$1        -0.601      -0.571      -0.556      -0.477      -0.398      -0.383      -0.353
    COG053$1        -0.551      -0.522      -0.507      -0.428      -0.350      -0.335      -0.305
    COG054$1        -0.559      -0.529      -0.514      -0.436      -0.357      -0.342      -0.313
    COG055$1        -1.319      -1.283      -1.264      -1.166      -1.068      -1.049      -1.013
    COG056$1        -0.267      -0.239      -0.224      -0.148      -0.072      -0.057      -0.029
    COG057$1         0.762       0.795       0.812       0.900       0.988       1.005       1.038
    COG058$1        -0.285      -0.256      -0.241      -0.165      -0.089      -0.074      -0.046
    COG060$1         0.163       0.192       0.207       0.284       0.361       0.375       0.404
    COG061$1         0.573       0.605       0.620       0.704       0.787       0.802       0.834
    COG062$1         0.891       0.925       0.943       1.036       1.128       1.146       1.181
    COG063$1         1.051       1.088       1.107       1.207       1.307       1.326       1.363
    COG064$1         0.586       0.617       0.633       0.717       0.800       0.816       0.847
    COG066$1         0.792       0.825       0.842       0.931       1.020       1.037       1.071

 Variances
    CBATT            1.000       1.000       1.000       1.000       1.000       1.000       1.000
    WM               1.000       1.000       1.000       1.000       1.000       1.000       1.000
    GDP              1.000       1.000       1.000       1.000       1.000       1.000       1.000
    FS               1.000       1.000       1.000       1.000       1.000       1.000       1.000


STDY Standardization

                  Lower .5%  Lower 2.5%    Lower 5%    Estimate    Upper 5%  Upper 2.5%   Upper .5%

 WM       BY
    COG040           0.274       0.313       0.333       0.436       0.539       0.559       0.597
    COG045           0.402       0.429       0.443       0.516       0.589       0.603       0.630
    COG050           0.494       0.521       0.535       0.609       0.682       0.696       0.724
    COG064           0.852       0.883       0.899       0.982       1.065       1.081       1.112

 GDP      BY
    COG041           0.323       0.356       0.373       0.461       0.550       0.567       0.600
    COG043           0.464       0.502       0.522       0.624       0.725       0.745       0.783
    COG044           0.400       0.441       0.462       0.571       0.679       0.700       0.741
    COG046           0.278       0.310       0.326       0.412       0.497       0.514       0.546
    COG048           0.699       0.731       0.747       0.832       0.916       0.933       0.964
    COG052           0.478       0.506       0.521       0.597       0.673       0.687       0.716
    COG053           0.600       0.624       0.636       0.699       0.762       0.774       0.798
    COG057           0.321       0.359       0.379       0.483       0.587       0.607       0.645

 FS       BY
    COG049           0.750       0.768       0.778       0.828       0.877       0.887       0.905
    COG051           0.694       0.720       0.733       0.800       0.867       0.880       0.905
    COG054           0.324       0.351       0.365       0.436       0.508       0.521       0.548
    COG055           0.740       0.763       0.775       0.836       0.898       0.909       0.932
    COG056           0.891       0.900       0.905       0.929       0.954       0.958       0.968
    COG058           0.763       0.777       0.784       0.820       0.856       0.863       0.876
    COG060           0.869       0.878       0.883       0.908       0.933       0.938       0.947
    COG061           0.750       0.766       0.773       0.815       0.857       0.865       0.880
    COG062           0.541       0.567       0.580       0.650       0.719       0.732       0.758
    COG063           0.756       0.776       0.785       0.837       0.888       0.897       0.917
    COG066           0.904       0.916       0.922       0.953       0.984       0.990       1.002

 WM       WITH
    GDP              0.487       0.518       0.533       0.615       0.697       0.712       0.743
    FS               0.599       0.624       0.637       0.704       0.771       0.783       0.809
    CBATT           -0.347      -0.319      -0.304      -0.227      -0.150      -0.135      -0.107

 GDP      WITH
    FS               0.443       0.466       0.478       0.540       0.601       0.613       0.636
    CBATT           -0.247      -0.220      -0.207      -0.135      -0.063      -0.049      -0.022

 CBATT    WITH
    FS              -0.253      -0.229      -0.217      -0.154      -0.091      -0.079      -0.055

 Means
    CBATT           -0.134      -0.102      -0.086       0.000       0.086       0.102       0.134

 Thresholds
    COG040$1        -1.291      -1.255      -1.236      -1.140      -1.043      -1.024      -0.988
    COG041$1        -0.709      -0.679      -0.663      -0.583      -0.502      -0.486      -0.456
    COG043$1        -1.212      -1.177      -1.159      -1.065      -0.971      -0.953      -0.918
    COG044$1        -1.371      -1.334      -1.314      -1.214      -1.114      -1.095      -1.058
    COG045$1        -0.447      -0.418      -0.404      -0.326      -0.249      -0.234      -0.205
    COG046$1        -0.087      -0.058      -0.044       0.032       0.108       0.123       0.151
    COG048$1        -1.394      -1.356      -1.337      -1.236      -1.135      -1.115      -1.077
    COG049$1        -1.156      -1.122      -1.104      -1.013      -0.921      -0.903      -0.869
    COG050$1        -0.730      -0.699      -0.684      -0.603      -0.522      -0.506      -0.476
    COG051$1        -1.327      -1.290      -1.271      -1.173      -1.075      -1.056      -1.019
    COG052$1        -0.601      -0.571      -0.556      -0.477      -0.398      -0.383      -0.353
    COG053$1        -0.551      -0.522      -0.507      -0.428      -0.350      -0.335      -0.305
    COG054$1        -0.559      -0.529      -0.514      -0.436      -0.357      -0.342      -0.313
    COG055$1        -1.319      -1.283      -1.264      -1.166      -1.068      -1.049      -1.013
    COG056$1        -0.267      -0.239      -0.224      -0.148      -0.072      -0.057      -0.029
    COG057$1         0.762       0.795       0.812       0.900       0.988       1.005       1.038
    COG058$1        -0.285      -0.256      -0.241      -0.165      -0.089      -0.074      -0.046
    COG060$1         0.163       0.192       0.207       0.284       0.361       0.375       0.404
    COG061$1         0.573       0.605       0.620       0.704       0.787       0.802       0.834
    COG062$1         0.891       0.925       0.943       1.036       1.128       1.146       1.181
    COG063$1         1.051       1.088       1.107       1.207       1.307       1.326       1.363
    COG064$1         0.586       0.617       0.633       0.717       0.800       0.816       0.847
    COG066$1         0.792       0.825       0.842       0.931       1.020       1.037       1.071

 Variances
    CBATT            1.000       1.000       1.000       1.000       1.000       1.000       1.000
    WM               1.000       1.000       1.000       1.000       1.000       1.000       1.000
    GDP              1.000       1.000       1.000       1.000       1.000       1.000       1.000
    FS               1.000       1.000       1.000       1.000       1.000       1.000       1.000


STD Standardization

                  Lower .5%  Lower 2.5%    Lower 5%    Estimate    Upper 5%  Upper 2.5%   Upper .5%

 WM       BY
    COG040           0.274       0.313       0.333       0.436       0.539       0.559       0.597
    COG045           0.402       0.429       0.443       0.516       0.589       0.603       0.630
    COG050           0.494       0.521       0.535       0.609       0.682       0.696       0.724
    COG064           0.852       0.883       0.899       0.982       1.065       1.081       1.112

 GDP      BY
    COG041           0.323       0.356       0.373       0.461       0.550       0.567       0.600
    COG043           0.464       0.502       0.522       0.624       0.725       0.745       0.783
    COG044           0.400       0.441       0.462       0.571       0.679       0.700       0.741
    COG046           0.278       0.310       0.326       0.412       0.497       0.514       0.546
    COG048           0.699       0.731       0.747       0.832       0.916       0.933       0.964
    COG052           0.478       0.506       0.521       0.597       0.673       0.687       0.716
    COG053           0.600       0.624       0.636       0.699       0.762       0.774       0.798
    COG057           0.321       0.359       0.379       0.483       0.587       0.607       0.645

 FS       BY
    COG049           0.750       0.768       0.778       0.828       0.877       0.887       0.905
    COG051           0.694       0.720       0.733       0.800       0.867       0.880       0.905
    COG054           0.324       0.351       0.365       0.436       0.508       0.521       0.548
    COG055           0.740       0.763       0.775       0.836       0.898       0.909       0.932
    COG056           0.891       0.900       0.905       0.929       0.954       0.958       0.968
    COG058           0.763       0.777       0.784       0.820       0.856       0.863       0.876
    COG060           0.869       0.878       0.883       0.908       0.933       0.938       0.947
    COG061           0.750       0.766       0.773       0.815       0.857       0.865       0.880
    COG062           0.541       0.567       0.580       0.650       0.719       0.732       0.758
    COG063           0.756       0.776       0.785       0.837       0.888       0.897       0.917
    COG066           0.904       0.916       0.922       0.953       0.984       0.990       1.002

 WM       WITH
    GDP              0.487       0.518       0.533       0.615       0.697       0.712       0.743
    FS               0.599       0.624       0.637       0.704       0.771       0.783       0.809
    CBATT           -0.350      -0.321      -0.306      -0.227      -0.148      -0.133      -0.103

 GDP      WITH
    FS               0.443       0.466       0.478       0.540       0.601       0.613       0.636
    CBATT           -0.249      -0.221      -0.208      -0.135      -0.062      -0.048      -0.021

 CBATT    WITH
    FS              -0.255      -0.231      -0.218      -0.154      -0.090      -0.078      -0.054

 Means
    CBATT           -0.134      -0.102      -0.086       0.000       0.086       0.102       0.134

 Thresholds
    COG040$1        -1.291      -1.255      -1.236      -1.140      -1.043      -1.024      -0.988
    COG041$1        -0.709      -0.679      -0.663      -0.583      -0.502      -0.486      -0.456
    COG043$1        -1.212      -1.177      -1.159      -1.065      -0.971      -0.953      -0.918
    COG044$1        -1.371      -1.334      -1.314      -1.214      -1.114      -1.095      -1.058
    COG045$1        -0.447      -0.418      -0.404      -0.326      -0.249      -0.234      -0.205
    COG046$1        -0.087      -0.058      -0.044       0.032       0.108       0.123       0.151
    COG048$1        -1.394      -1.356      -1.337      -1.236      -1.135      -1.115      -1.077
    COG049$1        -1.156      -1.122      -1.104      -1.013      -0.921      -0.903      -0.869
    COG050$1        -0.730      -0.699      -0.684      -0.603      -0.522      -0.506      -0.476
    COG051$1        -1.327      -1.290      -1.271      -1.173      -1.075      -1.056      -1.019
    COG052$1        -0.601      -0.571      -0.556      -0.477      -0.398      -0.383      -0.353
    COG053$1        -0.551      -0.522      -0.507      -0.428      -0.350      -0.335      -0.305
    COG054$1        -0.559      -0.529      -0.514      -0.436      -0.357      -0.342      -0.313
    COG055$1        -1.319      -1.283      -1.264      -1.166      -1.068      -1.049      -1.013
    COG056$1        -0.267      -0.239      -0.224      -0.148      -0.072      -0.057      -0.029
    COG057$1         0.762       0.795       0.812       0.900       0.988       1.005       1.038
    COG058$1        -0.285      -0.256      -0.241      -0.165      -0.089      -0.074      -0.046
    COG060$1         0.163       0.192       0.207       0.284       0.361       0.375       0.404
    COG061$1         0.573       0.605       0.620       0.704       0.787       0.802       0.834
    COG062$1         0.891       0.925       0.943       1.036       1.128       1.146       1.181
    COG063$1         1.051       1.088       1.107       1.207       1.307       1.326       1.363
    COG064$1         0.586       0.617       0.633       0.717       0.800       0.816       0.847
    COG066$1         0.792       0.825       0.842       0.931       1.020       1.037       1.071

 Variances
    CBATT            0.850       0.886       0.904       1.000       1.096       1.114       1.150
    WM               1.000       1.000       1.000       1.000       1.000       1.000       1.000
    GDP              1.000       1.000       1.000       1.000       1.000       1.000       1.000
    FS               1.000       1.000       1.000       1.000       1.000       1.000       1.000


RESIDUAL OUTPUT


     ESTIMATED MODEL AND RESIDUALS (OBSERVED - ESTIMATED)


           Model Estimated Means/Intercepts/Thresholds
              COG040$1      COG041$1      COG043$1      COG044$1      COG045$1
              ________      ________      ________      ________      ________
               -1.140        -0.583        -1.065        -1.214        -0.326


           Model Estimated Means/Intercepts/Thresholds
              COG046$1      COG048$1      COG049$1      COG050$1      COG051$1
              ________      ________      ________      ________      ________
                0.032        -1.236        -1.013        -0.603        -1.173


           Model Estimated Means/Intercepts/Thresholds
              COG052$1      COG053$1      COG054$1      COG055$1      COG056$1
              ________      ________      ________      ________      ________
               -0.477        -0.428        -0.436        -1.166        -0.148


           Model Estimated Means/Intercepts/Thresholds
              COG057$1      COG058$1      COG060$1      COG061$1      COG062$1
              ________      ________      ________      ________      ________
                0.900        -0.165         0.284         0.704         1.036


           Model Estimated Means/Intercepts/Thresholds
              COG063$1      COG064$1      COG066$1      CBATT
              ________      ________      ________      ________
                1.207         0.717         0.931         0.000


           Residuals for Means/Intercepts/Thresholds
              COG040$1      COG041$1      COG043$1      COG044$1      COG045$1
              ________      ________      ________      ________      ________
                0.000         0.000         0.000         0.000         0.000


           Residuals for Means/Intercepts/Thresholds
              COG046$1      COG048$1      COG049$1      COG050$1      COG051$1
              ________      ________      ________      ________      ________
                0.000         0.000         0.000         0.000         0.000


           Residuals for Means/Intercepts/Thresholds
              COG052$1      COG053$1      COG054$1      COG055$1      COG056$1
              ________      ________      ________      ________      ________
                0.000         0.000         0.000         0.000         0.000


           Residuals for Means/Intercepts/Thresholds
              COG057$1      COG058$1      COG060$1      COG061$1      COG062$1
              ________      ________      ________      ________      ________
                0.000         0.000         0.000         0.000         0.000


           Residuals for Means/Intercepts/Thresholds
              COG063$1      COG064$1      COG066$1      CBATT
              ________      ________      ________      ________
                0.000         0.000         0.000         0.000


           Model Estimated Covariances/Correlations/Residual Correlations
              COG040        COG041        COG043        COG044        COG045
              ________      ________      ________      ________      ________
 COG040
 COG041         0.124
 COG043         0.167         0.288
 COG044         0.153         0.263         0.356
 COG045         0.225         0.146         0.198         0.181
 COG046         0.110         0.190         0.257         0.235         0.131
 COG048         0.223         0.384         0.519         0.474         0.264
 COG049         0.254         0.206         0.278         0.255         0.300
 COG050         0.265         0.173         0.233         0.214         0.314
 COG051         0.245         0.199         0.269         0.246         0.290
 COG052         0.160         0.275         0.372         0.340         0.189
 COG053         0.187         0.323         0.436         0.399         0.222
 COG054         0.134         0.109         0.147         0.134         0.158
 COG055         0.256         0.208         0.281         0.257         0.303
 COG056         0.285         0.231         0.313         0.286         0.337
 COG057         0.129         0.223         0.301         0.276         0.153
 COG058         0.251         0.204         0.276         0.252         0.298
 COG060         0.278         0.226         0.305         0.280         0.330
 COG061         0.250         0.203         0.274         0.251         0.296
 COG062         0.199         0.162         0.219         0.200         0.236
 COG063         0.257         0.208         0.281         0.258         0.304
 COG064         0.428         0.279         0.377         0.345         0.507
 COG066         0.292         0.237         0.321         0.293         0.346
 CBATT         -0.099        -0.062        -0.084        -0.077        -0.117


           Model Estimated Covariances/Correlations/Residual Correlations
              COG046        COG048        COG049        COG050        COG051
              ________      ________      ________      ________      ________
 COG048         0.342
 COG049         0.184         0.371
 COG050         0.154         0.311         0.354
 COG051         0.178         0.359         0.662         0.343
 COG052         0.246         0.496         0.266         0.223         0.258
 COG053         0.288         0.581         0.312         0.262         0.302
 COG054         0.097         0.196         0.361         0.187         0.349
 COG055         0.186         0.375         0.692         0.358         0.669
 COG056         0.206         0.417         0.769         0.398         0.743
 COG057         0.199         0.402         0.216         0.181         0.208
 COG058         0.182         0.368         0.678         0.351         0.656
 COG060         0.202         0.407         0.751         0.389         0.726
 COG061         0.181         0.366         0.675         0.349         0.652
 COG062         0.144         0.291         0.538         0.278         0.519
 COG063         0.186         0.375         0.692         0.358         0.669
 COG064         0.249         0.502         0.572         0.598         0.553
 COG066         0.212         0.428         0.789         0.408         0.762
 CBATT         -0.055        -0.112        -0.128        -0.138        -0.123


           Model Estimated Covariances/Correlations/Residual Correlations
              COG052        COG053        COG054        COG055        COG056
              ________      ________      ________      ________      ________
 COG053         0.417
 COG054         0.140         0.165
 COG055         0.269         0.315         0.365
 COG056         0.299         0.350         0.405         0.777
 COG057         0.288         0.338         0.114         0.218         0.242
 COG058         0.264         0.309         0.357         0.685         0.762
 COG060         0.292         0.343         0.396         0.759         0.844
 COG061         0.263         0.308         0.356         0.682         0.757
 COG062         0.209         0.245         0.283         0.543         0.603
 COG063         0.269         0.316         0.365         0.699         0.777
 COG064         0.360         0.422         0.301         0.578         0.642
 COG066         0.307         0.360         0.416         0.797         0.886
 CBATT         -0.080        -0.094        -0.067        -0.129        -0.143


           Model Estimated Covariances/Correlations/Residual Correlations
              COG057        COG058        COG060        COG061        COG062
              ________      ________      ________      ________      ________
 COG058         0.214
 COG060         0.237         0.744
 COG061         0.212         0.668         0.740
 COG062         0.169         0.532         0.590         0.529
 COG063         0.218         0.686         0.760         0.682         0.543
 COG064         0.292         0.566         0.627         0.563         0.449
 COG066         0.248         0.781         0.865         0.777         0.619
 CBATT         -0.065        -0.126        -0.140        -0.126        -0.100


           Model Estimated Covariances/Correlations/Residual Correlations
              COG063        COG064        COG066        CBATT
              ________      ________      ________      ________
 COG064         0.578
 COG066         0.797         0.659
 CBATT         -0.129        -0.223        -0.147         1.000


           Model Estimated Correlations/Residual Correlations
              COG040        COG041        COG043        COG044        COG045
              ________      ________      ________      ________      ________
 COG040
 COG041         0.124
 COG043         0.167         0.288
 COG044         0.153         0.263         0.356
 COG045         0.225         0.146         0.198         0.181
 COG046         0.110         0.190         0.257         0.235         0.131
 COG048         0.223         0.384         0.519         0.474         0.264
 COG049         0.254         0.206         0.278         0.255         0.300
 COG050         0.265         0.173         0.233         0.214         0.314
 COG051         0.245         0.199         0.269         0.246         0.290
 COG052         0.160         0.275         0.372         0.340         0.189
 COG053         0.187         0.323         0.436         0.399         0.222
 COG054         0.134         0.109         0.147         0.134         0.158
 COG055         0.256         0.208         0.281         0.257         0.303
 COG056         0.285         0.231         0.313         0.286         0.337
 COG057         0.129         0.223         0.301         0.276         0.153
 COG058         0.251         0.204         0.276         0.252         0.298
 COG060         0.278         0.226         0.305         0.280         0.330
 COG061         0.250         0.203         0.274         0.251         0.296
 COG062         0.199         0.162         0.219         0.200         0.236
 COG063         0.257         0.208         0.281         0.258         0.304
 COG064         0.428         0.279         0.377         0.345         0.507
 COG066         0.292         0.237         0.321         0.293         0.346
 CBATT         -0.099        -0.062        -0.084        -0.077        -0.117


           Model Estimated Correlations/Residual Correlations
              COG046        COG048        COG049        COG050        COG051
              ________      ________      ________      ________      ________
 COG048         0.342
 COG049         0.184         0.371
 COG050         0.154         0.311         0.354
 COG051         0.178         0.359         0.662         0.343
 COG052         0.246         0.496         0.266         0.223         0.258
 COG053         0.288         0.581         0.312         0.262         0.302
 COG054         0.097         0.196         0.361         0.187         0.349
 COG055         0.186         0.375         0.692         0.358         0.669
 COG056         0.206         0.417         0.769         0.398         0.743
 COG057         0.199         0.402         0.216         0.181         0.208
 COG058         0.182         0.368         0.678         0.351         0.656
 COG060         0.202         0.407         0.751         0.389         0.726
 COG061         0.181         0.366         0.675         0.349         0.652
 COG062         0.144         0.291         0.538         0.278         0.519
 COG063         0.186         0.375         0.692         0.358         0.669
 COG064         0.249         0.502         0.572         0.598         0.553
 COG066         0.212         0.428         0.789         0.408         0.762
 CBATT         -0.055        -0.112        -0.128        -0.138        -0.123


           Model Estimated Correlations/Residual Correlations
              COG052        COG053        COG054        COG055        COG056
              ________      ________      ________      ________      ________
 COG053         0.417
 COG054         0.140         0.165
 COG055         0.269         0.315         0.365
 COG056         0.299         0.350         0.405         0.777
 COG057         0.288         0.338         0.114         0.218         0.242
 COG058         0.264         0.309         0.357         0.685         0.762
 COG060         0.292         0.343         0.396         0.759         0.844
 COG061         0.263         0.308         0.356         0.682         0.757
 COG062         0.209         0.245         0.283         0.543         0.603
 COG063         0.269         0.316         0.365         0.699         0.777
 COG064         0.360         0.422         0.301         0.578         0.642
 COG066         0.307         0.360         0.416         0.797         0.886
 CBATT         -0.080        -0.094        -0.067        -0.129        -0.143


           Model Estimated Correlations/Residual Correlations
              COG057        COG058        COG060        COG061        COG062
              ________      ________      ________      ________      ________
 COG058         0.214
 COG060         0.237         0.744
 COG061         0.212         0.668         0.740
 COG062         0.169         0.532         0.590         0.529
 COG063         0.218         0.686         0.760         0.682         0.543
 COG064         0.292         0.566         0.627         0.563         0.449
 COG066         0.248         0.781         0.865         0.777         0.619
 CBATT         -0.065        -0.126        -0.140        -0.126        -0.100


           Model Estimated Correlations/Residual Correlations
              COG063        COG064        COG066        CBATT
              ________      ________      ________      ________
 COG064         0.578
 COG066         0.797         0.659
 CBATT         -0.129        -0.223        -0.147         1.000


           Residuals for Covariances/Correlations/Residual Correlations
              COG040        COG041        COG043        COG044        COG045
              ________      ________      ________      ________      ________
 COG040
 COG041        -0.036
 COG043        -0.072        -0.067
 COG044         0.187         0.054        -0.064
 COG045         0.309         0.071         0.068         0.123
 COG046         0.083        -0.010        -0.097         0.006         0.083
 COG048        -0.100        -0.171        -0.258        -0.117        -0.110
 COG049         0.054        -0.018         0.031         0.047         0.015
 COG050         0.222         0.074         0.077         0.116         0.259
 COG051         0.020         0.094         0.014         0.093         0.044
 COG052        -0.032        -0.074         0.200        -0.068         0.016
 COG053        -0.107        -0.163        -0.284        -0.070         0.009
 COG054         0.035         0.058         0.173         0.096         0.034
 COG055        -0.069         0.111         0.156         0.077        -0.041
 COG056        -0.050        -0.063        -0.027         0.037        -0.090
 COG057        -0.045         0.092        -0.194        -0.213        -0.049
 COG058        -0.118        -0.012        -0.009        -0.006        -0.060
 COG060        -0.076         0.023         0.046         0.042        -0.032
 COG061        -0.194         0.053         0.128        -0.023        -0.141
 COG062         0.030         0.190         0.228         0.030         0.078
 COG063        -0.076         0.114        -0.017        -0.014        -0.125
 COG064        -0.103        -0.002         0.019        -0.032        -0.206
 COG066        -0.141         0.096         0.078         0.079        -0.111
 CBATT          0.003        -0.003        -0.037         0.128         0.022


           Residuals for Covariances/Correlations/Residual Correlations
              COG046        COG048        COG049        COG050        COG051
              ________      ________      ________      ________      ________
 COG048        -0.122
 COG049         0.045        -0.168
 COG050        -0.028        -0.049         0.046
 COG051         0.050        -0.005         0.024         0.060
 COG052        -0.246        -0.254         0.010         0.050         0.086
 COG053        -0.154         0.328        -0.124        -0.020        -0.036
 COG054        -0.009         0.022        -0.111         0.103        -0.014
 COG055         0.083        -0.049        -0.064         0.053         0.044
 COG056         0.022        -0.331         0.135        -0.087        -0.020
 COG057        -0.075        -0.228         0.057        -0.068         0.036
 COG058         0.044        -0.217        -0.114        -0.076         0.242
 COG060         0.054        -0.229        -0.041        -0.037        -0.044
 COG061         0.102        -0.287        -0.185        -0.033        -0.118
 COG062         0.217        -0.154        -0.068        -0.025        -0.053
 COG063         0.116        -0.246        -0.142         0.013        -0.272
 COG064         0.000        -0.131        -0.148        -0.275        -0.070
 COG066         0.174        -0.198        -0.092        -0.106        -0.111
 CBATT         -0.048         0.027         0.065         0.088        -0.010


           Residuals for Covariances/Correlations/Residual Correlations
              COG052        COG053        COG054        COG055        COG056
              ________      ________      ________      ________      ________
 COG053        -0.157
 COG054         0.240         0.046
 COG055         0.205        -0.009         0.041
 COG056        -0.018        -0.182        -0.182        -0.088
 COG057        -0.078        -0.202         0.138         0.242         0.007
 COG058        -0.033        -0.227        -0.047         0.047         0.029
 COG060         0.027        -0.187        -0.051        -0.140         0.056
 COG061         0.091        -0.168        -0.016        -0.020        -0.117
 COG062         0.075        -0.078        -0.086         0.081        -0.142
 COG063         0.077        -0.109        -0.071        -0.128        -0.128
 COG064         0.012        -0.060         0.138         0.080        -0.009
 COG066         0.013        -0.158         0.016        -0.143        -0.080
 CBATT         -0.047        -0.011        -0.088         0.010         0.087


           Residuals for Covariances/Correlations/Residual Correlations
              COG057        COG058        COG060        COG061        COG062
              ________      ________      ________      ________      ________
 COG058         0.118
 COG060         0.095         0.055
 COG061         0.179        -0.059        -0.093
 COG062         0.111        -0.029        -0.086         0.033
 COG063         0.126        -0.042        -0.058         0.156        -0.007
 COG064         0.045         0.024         0.009         0.052         0.073
 COG066         0.079         0.104        -0.027         0.045         0.061
 CBATT          0.042         0.007         0.065        -0.060        -0.062


           Residuals for Covariances/Correlations/Residual Correlations
              COG063        COG064        COG066        CBATT
              ________      ________      ________      ________
 COG064         0.042
 COG066        -0.043         0.098
 CBATT         -0.095        -0.083        -0.082         0.000


           Residuals for Correlations/Residual Correlations
              COG040        COG041        COG043        COG044        COG045
              ________      ________      ________      ________      ________
 COG040
 COG041        -0.036
 COG043        -0.072        -0.067
 COG044         0.187         0.054        -0.064
 COG045         0.309         0.071         0.068         0.123
 COG046         0.083        -0.010        -0.097         0.006         0.083
 COG048        -0.100        -0.171        -0.258        -0.117        -0.110
 COG049         0.054        -0.018         0.031         0.047         0.015
 COG050         0.222         0.074         0.077         0.116         0.259
 COG051         0.020         0.094         0.014         0.093         0.044
 COG052        -0.032        -0.074         0.200        -0.068         0.016
 COG053        -0.107        -0.163        -0.284        -0.070         0.009
 COG054         0.035         0.058         0.173         0.096         0.034
 COG055        -0.069         0.111         0.156         0.077        -0.041
 COG056        -0.050        -0.063        -0.027         0.037        -0.090
 COG057        -0.045         0.092        -0.194        -0.213        -0.049
 COG058        -0.118        -0.012        -0.009        -0.006        -0.060
 COG060        -0.076         0.023         0.046         0.042        -0.032
 COG061        -0.194         0.053         0.128        -0.023        -0.141
 COG062         0.030         0.190         0.228         0.030         0.078
 COG063        -0.076         0.114        -0.017        -0.014        -0.125
 COG064        -0.103        -0.002         0.019        -0.032        -0.206
 COG066        -0.141         0.096         0.078         0.079        -0.111
 CBATT          0.003        -0.003        -0.037         0.128         0.022


           Residuals for Correlations/Residual Correlations
              COG046        COG048        COG049        COG050        COG051
              ________      ________      ________      ________      ________
 COG048        -0.122
 COG049         0.045        -0.168
 COG050        -0.028        -0.049         0.046
 COG051         0.050        -0.005         0.024         0.060
 COG052        -0.246        -0.254         0.010         0.050         0.086
 COG053        -0.154         0.328        -0.124        -0.020        -0.036
 COG054        -0.009         0.022        -0.111         0.103        -0.014
 COG055         0.083        -0.049        -0.064         0.053         0.044
 COG056         0.022        -0.331         0.135        -0.087        -0.020
 COG057        -0.075        -0.228         0.057        -0.068         0.036
 COG058         0.044        -0.217        -0.114        -0.076         0.242
 COG060         0.054        -0.229        -0.041        -0.037        -0.044
 COG061         0.102        -0.287        -0.185        -0.033        -0.118
 COG062         0.217        -0.154        -0.068        -0.025        -0.053
 COG063         0.116        -0.246        -0.142         0.013        -0.272
 COG064         0.000        -0.131        -0.148        -0.275        -0.070
 COG066         0.174        -0.198        -0.092        -0.106        -0.111
 CBATT         -0.048         0.027         0.065         0.088        -0.010


           Residuals for Correlations/Residual Correlations
              COG052        COG053        COG054        COG055        COG056
              ________      ________      ________      ________      ________
 COG053        -0.157
 COG054         0.240         0.046
 COG055         0.205        -0.009         0.041
 COG056        -0.018        -0.182        -0.182        -0.088
 COG057        -0.078        -0.202         0.138         0.242         0.007
 COG058        -0.033        -0.227        -0.047         0.047         0.029
 COG060         0.027        -0.187        -0.051        -0.140         0.056
 COG061         0.091        -0.168        -0.016        -0.020        -0.117
 COG062         0.075        -0.078        -0.086         0.081        -0.142
 COG063         0.077        -0.109        -0.071        -0.128        -0.128
 COG064         0.012        -0.060         0.138         0.080        -0.009
 COG066         0.013        -0.158         0.016        -0.143        -0.080
 CBATT         -0.047        -0.011        -0.088         0.010         0.087


           Residuals for Correlations/Residual Correlations
              COG057        COG058        COG060        COG061        COG062
              ________      ________      ________      ________      ________
 COG058         0.118
 COG060         0.095         0.055
 COG061         0.179        -0.059        -0.093
 COG062         0.111        -0.029        -0.086         0.033
 COG063         0.126        -0.042        -0.058         0.156        -0.007
 COG064         0.045         0.024         0.009         0.052         0.073
 COG066         0.079         0.104        -0.027         0.045         0.061
 CBATT          0.042         0.007         0.065        -0.060        -0.062


           Residuals for Correlations/Residual Correlations
              COG063        COG064        COG066        CBATT
              ________      ________      ________      ________
 COG064         0.042
 COG066        -0.043         0.098
 CBATT         -0.095        -0.083        -0.082         0.000


     UNIVARIATE PROPORTIONS FOR CATEGORICAL VARIABLES

     Variable          Observed      Estimated      Residual (Obs.-Est.)    Stand. Residual
     COG040
       Category  1       0.127          0.127                  0.000                0.000
       Category  2       0.873          0.873                  0.000                0.000
     COG041
       Category  1       0.280          0.280                  0.000                0.000
       Category  2       0.720          0.720                  0.000                0.000
     COG043
       Category  1       0.143          0.143                  0.000                0.000
       Category  2       0.857          0.857                  0.000                0.000
     COG044
       Category  1       0.112          0.112                  0.000                0.000
       Category  2       0.888          0.888                  0.000                0.000
     COG045
       Category  1       0.372          0.372                  0.000                0.000
       Category  2       0.628          0.628                  0.000                0.000
     COG046
       Category  1       0.513          0.513                  0.000                0.000
       Category  2       0.487          0.487                  0.000                0.000
     COG048
       Category  1       0.108          0.108                  0.000                0.000
       Category  2       0.892          0.892                  0.000                0.000
     COG049
       Category  1       0.156          0.156                  0.000                0.000
       Category  2       0.844          0.844                  0.000                0.000
     COG050
       Category  1       0.273          0.273                  0.000                0.000
       Category  2       0.727          0.727                  0.000                0.000
     COG051
       Category  1       0.120          0.120                  0.000                0.000
       Category  2       0.880          0.880                  0.000                0.000
     COG052
       Category  1       0.317          0.317                  0.000                0.000
       Category  2       0.683          0.683                  0.000                0.000
     COG053
       Category  1       0.334          0.334                  0.000                0.000
       Category  2       0.666          0.666                  0.000                0.000
     COG054
       Category  1       0.332          0.332                  0.000                0.000
       Category  2       0.668          0.668                  0.000                0.000
     COG055
       Category  1       0.122          0.122                  0.000                0.000
       Category  2       0.878          0.878                  0.000                0.000
     COG056
       Category  1       0.441          0.441                  0.000                0.000
       Category  2       0.559          0.559                  0.000                0.000
     COG057
       Category  1       0.816          0.816                  0.000                0.000
       Category  2       0.184          0.184                  0.000                0.000
     COG058
       Category  1       0.434          0.434                  0.000                0.000
       Category  2       0.566          0.566                  0.000                0.000
     COG060
       Category  1       0.612          0.612                  0.000                0.000
       Category  2       0.388          0.388                  0.000                0.000
     COG061
       Category  1       0.759          0.759                  0.000                0.000
       Category  2       0.241          0.241                  0.000                0.000
     COG062
       Category  1       0.850          0.850                  0.000                0.000
       Category  2       0.150          0.150                  0.000                0.000
     COG063
       Category  1       0.886          0.886                  0.000                0.000
       Category  2       0.114          0.114                  0.000                0.000
     COG064
       Category  1       0.763          0.763                  0.000                0.000
       Category  2       0.237          0.237                  0.000                0.000
     COG066
       Category  1       0.824          0.824                  0.000                0.000
       Category  2       0.176          0.176                  0.000                0.000


     BIVARIATE PROPORTIONS FOR CATEGORICAL VARIABLES

     Variable       Variable          Observed     Estimated    Residual (Obs.-Est.)  Stand. Residual
     COG040         COG041
       Category 1     Category 1        0.042       0.045            -0.003           -0.357
       Category 1     Category 2        0.085       0.083             0.003            0.268
       Category 2     Category 1        0.238       0.235             0.003            0.174
       Category 2     Category 2        0.635       0.637            -0.003           -0.153
     COG040         COG043
       Category 1     Category 1        0.023       0.027            -0.004           -0.660
       Category 1     Category 2        0.104       0.100             0.004            0.356
       Category 2     Category 1        0.120       0.117             0.004            0.333
       Category 2     Category 2        0.752       0.756            -0.004           -0.249
     COG040         COG044
       Category 1     Category 1        0.031       0.021             0.010            1.915
       Category 1     Category 2        0.096       0.106            -0.010           -0.892
       Category 2     Category 1        0.081       0.091            -0.010           -0.954
       Category 2     Category 2        0.792       0.782             0.010            0.665
     COG040         COG045
       Category 1     Category 1        0.093       0.066             0.028            3.026
       Category 1     Category 2        0.034       0.061            -0.028           -3.124
       Category 2     Category 1        0.279       0.306            -0.028           -1.627
       Category 2     Category 2        0.594       0.566             0.028            1.514
     COG040         COG046
       Category 1     Category 1        0.081       0.074             0.007            0.706
       Category 1     Category 2        0.046       0.053            -0.007           -0.828
       Category 2     Category 1        0.432       0.438            -0.007           -0.373
       Category 2     Category 2        0.441       0.434             0.007            0.373
     COG040         COG048
       Category 1     Category 1        0.019       0.024            -0.005           -0.864
       Category 1     Category 2        0.108       0.103             0.005            0.432
       Category 2     Category 1        0.089       0.084             0.005            0.473
       Category 2     Category 2        0.783       0.788            -0.005           -0.322
     COG040         COG049
       Category 1     Category 1        0.038       0.034             0.004            0.533
       Category 1     Category 2        0.089       0.093            -0.004           -0.335
       Category 2     Category 1        0.118       0.121            -0.004           -0.297
       Category 2     Category 2        0.755       0.752             0.004            0.225
     COG040         COG050
       Category 1     Category 1        0.074       0.055             0.020            2.338
       Category 1     Category 2        0.053       0.072            -0.020           -2.055
       Category 2     Category 1        0.199       0.218            -0.020           -1.288
       Category 2     Category 2        0.674       0.654             0.020            1.119
     COG040         COG051
       Category 1     Category 1        0.028       0.027             0.001            0.188
       Category 1     Category 2        0.099       0.100            -0.001           -0.102
       Category 2     Category 1        0.092       0.093            -0.001           -0.106
       Category 2     Category 2        0.781       0.780             0.001            0.074
     COG040         COG052
       Category 1     Category 1        0.050       0.053            -0.003           -0.315
       Category 1     Category 2        0.077       0.075             0.003            0.268
       Category 2     Category 1        0.267       0.264             0.003            0.160
       Category 2     Category 2        0.606       0.609            -0.003           -0.144
     COG040         COG053
       Category 1     Category 1        0.049       0.057            -0.009           -1.011
       Category 1     Category 2        0.078       0.070             0.009            0.923
       Category 2     Category 1        0.286       0.277             0.009            0.526
       Category 2     Category 2        0.587       0.596            -0.009           -0.479
     COG040         COG054
       Category 1     Category 1        0.055       0.053             0.003            0.349
       Category 1     Category 2        0.072       0.075            -0.003           -0.297
       Category 2     Category 1        0.276       0.279            -0.003           -0.174
       Category 2     Category 2        0.597       0.594             0.003            0.159
     COG040         COG055
       Category 1     Category 1        0.024       0.028            -0.004           -0.628
       Category 1     Category 2        0.103       0.099             0.004            0.348
       Category 2     Category 1        0.097       0.094             0.004            0.357
       Category 2     Category 2        0.775       0.779            -0.004           -0.250
     COG040         COG056
       Category 1     Category 1        0.076       0.080            -0.004           -0.425
       Category 1     Category 2        0.051       0.047             0.004            0.544
       Category 2     Category 1        0.365       0.361             0.004            0.240
       Category 2     Category 2        0.507       0.512            -0.004           -0.231
     COG040         COG057
       Category 1     Category 1        0.108       0.110            -0.002           -0.194
       Category 1     Category 2        0.019       0.017             0.002            0.474
       Category 2     Category 1        0.708       0.705             0.002            0.133
       Category 2     Category 2        0.165       0.167            -0.002           -0.163
     COG040         COG058
       Category 1     Category 1        0.066       0.076            -0.010           -1.023
       Category 1     Category 2        0.061       0.051             0.010            1.236
       Category 2     Category 1        0.368       0.358             0.010            0.567
       Category 2     Category 2        0.505       0.515            -0.010           -0.544
     COG040         COG060
       Category 1     Category 1        0.093       0.099            -0.006           -0.505
       Category 1     Category 2        0.034       0.028             0.006            0.909
       Category 2     Category 1        0.518       0.513             0.006            0.302
       Category 2     Category 2        0.355       0.360            -0.006           -0.314
     COG040         COG061
       Category 1     Category 1        0.100       0.111            -0.011           -0.948
       Category 1     Category 2        0.027       0.016             0.011            2.368
       Category 2     Category 1        0.659       0.648             0.011            0.624
       Category 2     Category 2        0.214       0.225            -0.011           -0.714
     COG040         COG062
       Category 1     Category 1        0.118       0.117             0.001            0.093
       Category 1     Category 2        0.009       0.011            -0.001           -0.291
       Category 2     Category 1        0.732       0.733            -0.001           -0.067
       Category 2     Category 2        0.141       0.140             0.001            0.086
     COG040         COG063
       Category 1     Category 1        0.119       0.121            -0.002           -0.177
       Category 1     Category 2        0.008       0.006             0.002            0.750
       Category 2     Category 1        0.767       0.765             0.002            0.137
       Category 2     Category 2        0.106       0.108            -0.002           -0.187
     COG040         COG064
       Category 1     Category 1        0.115       0.119            -0.004           -0.362
       Category 1     Category 2        0.012       0.008             0.004            1.330
       Category 2     Category 1        0.648       0.644             0.004            0.245
       Category 2     Category 2        0.225       0.229            -0.004           -0.279
     COG040         COG066
       Category 1     Category 1        0.112       0.118            -0.006           -0.485
       Category 1     Category 2        0.015       0.009             0.006            1.644
       Category 2     Category 1        0.712       0.706             0.006            0.343
       Category 2     Category 2        0.161       0.167            -0.006           -0.419
     COG041         COG043
       Category 1     Category 1        0.058       0.064            -0.006           -0.655
       Category 1     Category 2        0.222       0.216             0.006            0.390
       Category 2     Category 1        0.085       0.079             0.006            0.593
       Category 2     Category 2        0.635       0.641            -0.006           -0.334
     COG041         COG044
       Category 1     Category 1        0.054       0.050             0.004            0.525
       Category 1     Category 2        0.226       0.230            -0.004           -0.272
       Category 2     Category 1        0.058       0.062            -0.004           -0.473
       Category 2     Category 2        0.662       0.658             0.004            0.241
     COG041         COG045
       Category 1     Category 1        0.133       0.123             0.009            0.780
       Category 1     Category 2        0.147       0.157            -0.009           -0.705
       Category 2     Category 1        0.240       0.249            -0.009           -0.593
       Category 2     Category 2        0.480       0.471             0.009            0.514
     COG041         COG046
       Category 1     Category 1        0.168       0.169            -0.001           -0.103
       Category 1     Category 2        0.112       0.111             0.001            0.123
       Category 2     Category 1        0.345       0.344             0.001            0.081
       Category 2     Category 2        0.375       0.376            -0.001           -0.080
     COG041         COG048
       Category 1     Category 1        0.045       0.058            -0.013           -1.509
       Category 1     Category 2        0.235       0.223             0.013            0.845
       Category 2     Category 1        0.064       0.051             0.013            1.603
       Category 2     Category 2        0.656       0.669            -0.013           -0.747
     COG041         COG049
       Category 1     Category 1        0.060       0.061            -0.002           -0.186
       Category 1     Category 2        0.221       0.219             0.002            0.108
       Category 2     Category 1        0.096       0.094             0.002            0.153
       Category 2     Category 2        0.624       0.625            -0.002           -0.092
     COG041         COG050
       Category 1     Category 1        0.106       0.097             0.009            0.828
       Category 1     Category 2        0.175       0.184            -0.009           -0.632
       Category 2     Category 1        0.168       0.177            -0.009           -0.641
       Category 2     Category 2        0.552       0.543             0.009            0.491
     COG041         COG051
       Category 1     Category 1        0.055       0.048             0.007            0.940
       Category 1     Category 2        0.225       0.232            -0.007           -0.476
       Category 2     Category 1        0.065       0.072            -0.007           -0.776
       Category 2     Category 2        0.655       0.648             0.007            0.421
     COG041         COG052
       Category 1     Category 1        0.114       0.123            -0.010           -0.792
       Category 1     Category 2        0.166       0.157             0.010            0.716
       Category 2     Category 1        0.203       0.193             0.010            0.659
       Category 2     Category 2        0.517       0.526            -0.010           -0.521
     COG041         COG053
       Category 1     Category 1        0.114       0.135            -0.022           -1.714
       Category 1     Category 2        0.166       0.145             0.022            1.665
       Category 2     Category 1        0.221       0.199             0.022            1.468
       Category 2     Category 2        0.499       0.521            -0.022           -1.173
     COG041         COG054
       Category 1     Category 1        0.114       0.106             0.007            0.648
       Category 1     Category 2        0.166       0.174            -0.007           -0.527
       Category 2     Category 1        0.218       0.225            -0.007           -0.478
       Category 2     Category 2        0.502       0.495             0.007            0.399
     COG041         COG055
       Category 1     Category 1        0.058       0.049             0.009            1.120
       Category 1     Category 2        0.222       0.231            -0.009           -0.575
       Category 2     Category 1        0.064       0.073            -0.009           -0.935
       Category 2     Category 2        0.656       0.647             0.009            0.507
     COG041         COG056
       Category 1     Category 1        0.146       0.155            -0.009           -0.650
       Category 1     Category 2        0.134       0.125             0.009            0.710
       Category 2     Category 1        0.295       0.286             0.009            0.520
       Category 2     Category 2        0.425       0.434            -0.009           -0.474
     COG041         COG057
       Category 1     Category 1        0.254       0.247             0.007            0.444
       Category 1     Category 2        0.026       0.033            -0.007           -1.077
       Category 2     Category 1        0.562       0.569            -0.007           -0.387
       Category 2     Category 2        0.158       0.151             0.007            0.535
     COG041         COG058
       Category 1     Category 1        0.147       0.149            -0.002           -0.123
       Category 1     Category 2        0.133       0.131             0.002            0.130
       Category 2     Category 1        0.287       0.285             0.002            0.097
       Category 2     Category 2        0.433       0.435            -0.002           -0.088
     COG041         COG060
       Category 1     Category 1        0.203       0.200             0.003            0.197
       Category 1     Category 2        0.077       0.080            -0.003           -0.290
       Category 2     Category 1        0.409       0.412            -0.003           -0.160
       Category 2     Category 2        0.311       0.308             0.003            0.171
     COG041         COG061
       Category 1     Category 1        0.238       0.233             0.005            0.328
       Category 1     Category 2        0.042       0.047            -0.005           -0.654
       Category 2     Category 1        0.521       0.526            -0.005           -0.277
       Category 2     Category 2        0.199       0.194             0.005            0.350
     COG041         COG062
       Category 1     Category 1        0.263       0.250             0.012            0.779
       Category 1     Category 2        0.018       0.030            -0.012           -1.977
       Category 2     Category 1        0.587       0.600            -0.012           -0.688
       Category 2     Category 2        0.133       0.120             0.012            1.037
     COG041         COG063
       Category 1     Category 1        0.267       0.261             0.006            0.362
       Category 1     Category 2        0.014       0.019            -0.006           -1.152
       Category 2     Category 1        0.620       0.626            -0.006           -0.328
       Category 2     Category 2        0.100       0.094             0.006            0.544
     COG041         COG064
       Category 1     Category 1        0.241       0.241             0.000           -0.014
       Category 1     Category 2        0.039       0.039             0.000            0.031
       Category 2     Category 1        0.522       0.522             0.000            0.012
       Category 2     Category 2        0.198       0.198             0.000           -0.015
     COG041         COG066
       Category 1     Category 1        0.257       0.250             0.007            0.437
       Category 1     Category 2        0.023       0.030            -0.007           -1.109
       Category 2     Category 1        0.567       0.574            -0.007           -0.382
       Category 2     Category 2        0.153       0.146             0.007            0.536
     COG043         COG044
       Category 1     Category 1        0.031       0.035            -0.004           -0.595
       Category 1     Category 2        0.112       0.108             0.004            0.353
       Category 2     Category 1        0.081       0.077             0.004            0.411
       Category 2     Category 2        0.775       0.779            -0.004           -0.264
     COG043         COG045
       Category 1     Category 1        0.077       0.071             0.006            0.662
       Category 1     Category 2        0.066       0.073            -0.006           -0.655
       Category 2     Category 1        0.295       0.301            -0.006           -0.370
       Category 2     Category 2        0.562       0.555             0.006            0.342
     COG043         COG046
       Category 1     Category 1        0.088       0.097            -0.009           -0.793
       Category 1     Category 2        0.055       0.047             0.009            1.109
       Category 2     Category 1        0.425       0.416             0.009            0.475
       Category 2     Category 2        0.432       0.440            -0.009           -0.472
     COG043         COG048
       Category 1     Category 1        0.028       0.045            -0.017           -2.227
       Category 1     Category 2        0.115       0.098             0.017            1.561
       Category 2     Category 1        0.080       0.063             0.017            1.913
       Category 2     Category 2        0.777       0.794            -0.017           -1.147
     COG043         COG049
       Category 1     Category 1        0.042       0.040             0.002            0.314
       Category 1     Category 2        0.101       0.104            -0.002           -0.201
       Category 2     Category 1        0.114       0.116            -0.002           -0.192
       Category 2     Category 2        0.743       0.741             0.002            0.140
     COG043         COG050
       Category 1     Category 1        0.065       0.058             0.007            0.795
       Category 1     Category 2        0.078       0.085            -0.007           -0.666
       Category 2     Category 1        0.208       0.215            -0.007           -0.453
       Category 2     Category 2        0.648       0.641             0.007            0.388
     COG043         COG051
       Category 1     Category 1        0.032       0.032             0.001            0.138
       Category 1     Category 2        0.111       0.112            -0.001           -0.077
       Category 2     Category 1        0.088       0.089            -0.001           -0.085
       Category 2     Category 2        0.769       0.768             0.001            0.057
     COG043         COG052
       Category 1     Category 1        0.099       0.078             0.020            2.071
       Category 1     Category 2        0.045       0.065            -0.020           -2.255
       Category 2     Category 1        0.218       0.238            -0.020           -1.306
       Category 2     Category 2        0.639       0.618             0.020            1.145
     COG043         COG053
       Category 1     Category 1        0.061       0.088            -0.027           -2.564
       Category 1     Category 2        0.083       0.056             0.027            3.154
       Category 2     Category 1        0.273       0.247             0.027            1.681
       Category 2     Category 2        0.583       0.610            -0.027           -1.485
     COG043         COG054
       Category 1     Category 1        0.076       0.060             0.016            1.805
       Category 1     Category 2        0.068       0.083            -0.016           -1.550
       Category 2     Category 1        0.256       0.272            -0.016           -0.964
       Category 2     Category 2        0.601       0.585             0.016            0.870
     COG043         COG055
       Category 1     Category 1        0.043       0.033             0.011            1.631
       Category 1     Category 2        0.100       0.111            -0.011           -0.923
       Category 2     Category 1        0.078       0.089            -0.011           -1.017
       Category 2     Category 2        0.778       0.767             0.011            0.686
     COG043         COG056
       Category 1     Category 1        0.089       0.092            -0.003           -0.237
       Category 1     Category 2        0.054       0.052             0.003            0.309
       Category 2     Category 1        0.352       0.349             0.003            0.144
       Category 2     Category 2        0.505       0.507            -0.003           -0.137
     COG043         COG057
       Category 1     Category 1        0.123       0.132            -0.009           -0.748
       Category 1     Category 2        0.020       0.011             0.009            2.434
       Category 2     Category 1        0.693       0.684             0.009            0.545
       Category 2     Category 2        0.164       0.173            -0.009           -0.670
     COG043         COG058
       Category 1     Category 1        0.087       0.087            -0.001           -0.080
       Category 1     Category 2        0.057       0.056             0.001            0.098
       Category 2     Category 1        0.348       0.347             0.001            0.047
       Category 2     Category 2        0.509       0.510            -0.001           -0.045
     COG043         COG060
       Category 1     Category 1        0.116       0.113             0.003            0.300
       Category 1     Category 2        0.027       0.031            -0.003           -0.552
       Category 2     Category 1        0.495       0.499            -0.003           -0.190
       Category 2     Category 2        0.361       0.358             0.003            0.198
     COG043         COG061
       Category 1     Category 1        0.133       0.126             0.006            0.529
       Category 1     Category 2        0.011       0.017            -0.006           -1.347
       Category 2     Category 1        0.627       0.633            -0.006           -0.364
       Category 2     Category 2        0.230       0.224             0.006            0.421
     COG043         COG062
       Category 1     Category 1        0.139       0.132             0.007            0.591
       Category 1     Category 2        0.004       0.011            -0.007           -1.882
       Category 2     Category 1        0.710       0.718            -0.007           -0.444
       Category 2     Category 2        0.146       0.139             0.007            0.578
     COG043         COG063
       Category 1     Category 1        0.137       0.137             0.000           -0.038
       Category 1     Category 2        0.007       0.006             0.000            0.164
       Category 2     Category 1        0.750       0.749             0.000            0.030
       Category 2     Category 2        0.107       0.107             0.000           -0.042
     COG043         COG064
       Category 1     Category 1        0.133       0.132             0.001            0.071
       Category 1     Category 2        0.011       0.012            -0.001           -0.224
       Category 2     Category 1        0.631       0.631            -0.001           -0.050
       Category 2     Category 2        0.226       0.225             0.001            0.058
     COG043         COG066
       Category 1     Category 1        0.137       0.134             0.003            0.222
       Category 1     Category 2        0.007       0.010            -0.003           -0.779
       Category 2     Category 1        0.687       0.690            -0.003           -0.164
       Category 2     Category 2        0.169       0.166             0.003            0.203
     COG044         COG045
       Category 1     Category 1        0.065       0.055             0.010            1.147
       Category 1     Category 2        0.047       0.057            -0.010           -1.131
       Category 2     Category 1        0.307       0.317            -0.010           -0.564
       Category 2     Category 2        0.581       0.571             0.010            0.530
     COG044         COG046
       Category 1     Category 1        0.076       0.075             0.000            0.048
       Category 1     Category 2        0.037       0.037             0.000           -0.067
       Category 2     Category 1        0.437       0.438             0.000           -0.026
       Category 2     Category 2        0.451       0.450             0.000            0.026
     COG044         COG048
       Category 1     Category 1        0.028       0.036            -0.007           -1.043
       Category 1     Category 2        0.084       0.077             0.007            0.725
       Category 2     Category 1        0.080       0.073             0.007            0.743
       Category 2     Category 2        0.808       0.815            -0.007           -0.497
     COG044         COG049
       Category 1     Category 1        0.034       0.031             0.003            0.452
       Category 1     Category 2        0.078       0.081            -0.003           -0.286
       Category 2     Category 1        0.122       0.125            -0.003           -0.237
       Category 2     Category 2        0.766       0.763             0.003            0.184
     COG044         COG050
       Category 1     Category 1        0.054       0.045             0.009            1.153
       Category 1     Category 2        0.058       0.067            -0.009           -0.959
       Category 2     Category 1        0.219       0.228            -0.009           -0.571
       Category 2     Category 2        0.668       0.660             0.009            0.506
     COG044         COG051
       Category 1     Category 1        0.030       0.025             0.005            0.899
       Category 1     Category 2        0.083       0.088            -0.005           -0.493
       Category 2     Category 1        0.091       0.096            -0.005           -0.473
       Category 2     Category 2        0.797       0.792             0.005            0.343
     COG044         COG052
       Category 1     Category 1        0.055       0.061            -0.005           -0.616
       Category 1     Category 2        0.057       0.051             0.005            0.667
       Category 2     Category 1        0.261       0.256             0.005            0.338
       Category 2     Category 2        0.627       0.632            -0.005           -0.305
     COG044         COG053
       Category 1     Category 1        0.062       0.068            -0.006           -0.617
       Category 1     Category 2        0.050       0.044             0.006            0.755
       Category 2     Category 1        0.272       0.266             0.006            0.351
       Category 2     Category 2        0.616       0.621            -0.006           -0.320
     COG044         COG054
       Category 1     Category 1        0.054       0.047             0.007            0.936
       Category 1     Category 2        0.058       0.065            -0.007           -0.799
       Category 2     Category 1        0.277       0.285            -0.007           -0.438
       Category 2     Category 2        0.610       0.603             0.007            0.404
     COG044         COG055
       Category 1     Category 1        0.030       0.025             0.004            0.743
       Category 1     Category 2        0.083       0.087            -0.004           -0.415
       Category 2     Category 1        0.092       0.096            -0.004           -0.397
       Category 2     Category 2        0.796       0.791             0.004            0.288
     COG044         COG056
       Category 1     Category 1        0.074       0.072             0.003            0.308
       Category 1     Category 2        0.038       0.041            -0.003           -0.401
       Category 2     Category 1        0.367       0.370            -0.003           -0.164
       Category 2     Category 2        0.521       0.518             0.003            0.159
     COG044         COG057
       Category 1     Category 1        0.095       0.103            -0.009           -0.781
       Category 1     Category 2        0.018       0.009             0.009            2.541
       Category 2     Category 1        0.721       0.712             0.009            0.526
       Category 2     Category 2        0.166       0.175            -0.009           -0.626
     COG044         COG058
       Category 1     Category 1        0.068       0.068             0.000           -0.051
       Category 1     Category 2        0.045       0.044             0.000            0.063
       Category 2     Category 1        0.367       0.366             0.000            0.027
       Category 2     Category 2        0.521       0.521             0.000           -0.026
     COG044         COG060
       Category 1     Category 1        0.091       0.088             0.003            0.256
       Category 1     Category 2        0.022       0.024            -0.003           -0.470
       Category 2     Category 1        0.521       0.524            -0.003           -0.145
       Category 2     Category 2        0.367       0.364             0.003            0.150
     COG044         COG061
       Category 1     Category 1        0.097       0.099            -0.001           -0.099
       Category 1     Category 2        0.015       0.014             0.001            0.252
       Category 2     Category 1        0.662       0.661             0.001            0.062
       Category 2     Category 2        0.226       0.227            -0.001           -0.070
     COG044         COG062
       Category 1     Category 1        0.104       0.103             0.001            0.087
       Category 1     Category 2        0.008       0.009            -0.001           -0.278
       Category 2     Category 1        0.746       0.747            -0.001           -0.061
       Category 2     Category 2        0.142       0.141             0.001            0.076
     COG044         COG063
       Category 1     Category 1        0.107       0.107             0.000           -0.029
       Category 1     Category 2        0.005       0.005             0.000            0.125
       Category 2     Category 1        0.779       0.779             0.000            0.021
       Category 2     Category 2        0.108       0.109             0.000           -0.028
     COG044         COG064
       Category 1     Category 1        0.101       0.103            -0.001           -0.114
       Category 1     Category 2        0.011       0.010             0.001            0.354
       Category 2     Category 1        0.662       0.660             0.001            0.073
       Category 2     Category 2        0.226       0.227            -0.001           -0.082
     COG044         COG066
       Category 1     Category 1        0.107       0.105             0.002            0.207
       Category 1     Category 2        0.005       0.008            -0.002           -0.722
       Category 2     Category 1        0.717       0.720            -0.002           -0.141
       Category 2     Category 2        0.171       0.168             0.002            0.169
     COG045         COG046
       Category 1     Category 1        0.223       0.211             0.013            0.846
       Category 1     Category 2        0.149       0.162            -0.013           -0.937
       Category 2     Category 1        0.290       0.302            -0.013           -0.751
       Category 2     Category 2        0.338       0.326             0.013            0.736
     COG045         COG048
       Category 1     Category 1        0.051       0.060            -0.008           -0.954
       Category 1     Category 2        0.321       0.312             0.008            0.488
       Category 2     Category 1        0.057       0.049             0.008            1.052
       Category 2     Category 2        0.571       0.579            -0.008           -0.458
     COG045         COG049
       Category 1     Category 1        0.088       0.086             0.002            0.147
       Category 1     Category 2        0.284       0.286            -0.002           -0.091
       Category 2     Category 1        0.068       0.069            -0.002           -0.162
       Category 2     Category 2        0.560       0.559             0.002            0.083
     COG045         COG050
       Category 1     Category 1        0.181       0.143             0.038            2.983
       Category 1     Category 2        0.191       0.229            -0.038           -2.484
       Category 2     Category 1        0.092       0.130            -0.038           -3.100
       Category 2     Category 2        0.536       0.497             0.038            2.088
     COG045         COG051
       Category 1     Category 1        0.072       0.068             0.004            0.403
       Category 1     Category 2        0.300       0.304            -0.004           -0.220
       Category 2     Category 1        0.049       0.052            -0.004           -0.455
       Category 2     Category 2        0.579       0.575             0.004            0.205
     COG045         COG052
       Category 1     Category 1        0.146       0.144             0.002            0.180
       Category 1     Category 2        0.226       0.228            -0.002           -0.150
       Category 2     Category 1        0.171       0.173            -0.002           -0.167
       Category 2     Category 2        0.457       0.455             0.002            0.127
     COG045         COG053
       Category 1     Category 1        0.157       0.156             0.001            0.103
       Category 1     Category 2        0.215       0.217            -0.001           -0.091
       Category 2     Category 1        0.177       0.179            -0.001           -0.098
       Category 2     Category 2        0.451       0.449             0.001            0.075
     COG045         COG054
       Category 1     Category 1        0.150       0.145             0.005            0.370
       Category 1     Category 2        0.222       0.227            -0.005           -0.311
       Category 2     Category 1        0.181       0.186            -0.005           -0.335
       Category 2     Category 2        0.447       0.442             0.005            0.262
     COG045         COG055
       Category 1     Category 1        0.066       0.070            -0.003           -0.371
       Category 1     Category 2        0.306       0.302             0.003            0.206
       Category 2     Category 1        0.055       0.052             0.003            0.426
       Category 2     Category 2        0.572       0.576            -0.003           -0.191
     COG045         COG056
       Category 1     Category 1        0.202       0.216            -0.014           -0.938
       Category 1     Category 2        0.171       0.156             0.014            1.062
       Category 2     Category 1        0.240       0.225             0.014            0.923
       Category 2     Category 2        0.388       0.403            -0.014           -0.787
     COG045         COG057
       Category 1     Category 1        0.314       0.319            -0.005           -0.279
       Category 1     Category 2        0.058       0.053             0.005            0.578
       Category 2     Category 1        0.502       0.497             0.005            0.260
       Category 2     Category 2        0.126       0.131            -0.005           -0.386
     COG045         COG058
       Category 1     Category 1        0.198       0.207            -0.009           -0.627
       Category 1     Category 2        0.175       0.165             0.009            0.683
       Category 2     Category 1        0.237       0.227             0.009            0.605
       Category 2     Category 2        0.391       0.400            -0.009           -0.518
     COG045         COG060
       Category 1     Category 1        0.271       0.275            -0.005           -0.286
       Category 1     Category 2        0.101       0.097             0.005            0.431
       Category 2     Category 1        0.341       0.336             0.005            0.270
       Category 2     Category 2        0.287       0.292            -0.005           -0.281
     COG045         COG061
       Category 1     Category 1        0.300       0.316            -0.016           -0.931
       Category 1     Category 2        0.072       0.056             0.016            1.887
       Category 2     Category 1        0.459       0.443             0.016            0.872
       Category 2     Category 2        0.169       0.185            -0.016           -1.115
     COG045         COG062
       Category 1     Category 1        0.342       0.336             0.006            0.356
       Category 1     Category 2        0.030       0.036            -0.006           -0.902
       Category 2     Category 1        0.507       0.514            -0.006           -0.336
       Category 2     Category 2        0.120       0.114             0.006            0.528
     COG045         COG063
       Category 1     Category 1        0.342       0.350            -0.008           -0.459
       Category 1     Category 2        0.030       0.022             0.008            1.503
       Category 2     Category 1        0.544       0.536             0.008            0.439
       Category 2     Category 2        0.084       0.092            -0.008           -0.758
     COG045         COG064
       Category 1     Category 1        0.318       0.340            -0.022           -1.268
       Category 1     Category 2        0.054       0.032             0.022            3.410
       Category 2     Category 1        0.445       0.423             0.022            1.215
       Category 2     Category 2        0.183       0.205            -0.022           -1.488
     COG045         COG066
       Category 1     Category 1        0.329       0.339            -0.010           -0.566
       Category 1     Category 2        0.043       0.033             0.010            1.491
       Category 2     Category 1        0.495       0.485             0.010            0.536
       Category 2     Category 2        0.133       0.142            -0.010           -0.767
     COG046         COG048
       Category 1     Category 1        0.072       0.080            -0.009           -0.870
       Category 1     Category 2        0.441       0.432             0.009            0.477
       Category 2     Category 1        0.037       0.028             0.009            1.438
       Category 2     Category 2        0.451       0.459            -0.009           -0.475
     COG046         COG049
       Category 1     Category 1        0.101       0.097             0.004            0.387
       Category 1     Category 2        0.411       0.416            -0.004           -0.233
       Category 2     Category 1        0.054       0.058            -0.004           -0.490
       Category 2     Category 2        0.433       0.429             0.004            0.232
     COG046         COG050
       Category 1     Category 1        0.157       0.161            -0.004           -0.273
       Category 1     Category 2        0.356       0.352             0.004            0.210
       Category 2     Category 1        0.116       0.113             0.004            0.317
       Category 2     Category 2        0.371       0.374            -0.004           -0.207
     COG046         COG051
       Category 1     Category 1        0.080       0.076             0.004            0.405
       Category 1     Category 2        0.433       0.437            -0.004           -0.216
       Category 2     Category 1        0.041       0.045            -0.004           -0.519
       Category 2     Category 2        0.447       0.443             0.004            0.216
     COG046         COG052
       Category 1     Category 1        0.162       0.197            -0.035           -2.397
       Category 1     Category 2        0.350       0.315             0.035            2.054
       Category 2     Category 1        0.154       0.119             0.035            2.945
       Category 2     Category 2        0.333       0.368            -0.035           -1.979
     COG046         COG053
       Category 1     Category 1        0.191       0.214            -0.023           -1.512
       Category 1     Category 2        0.322       0.299             0.023            1.353
       Category 2     Category 1        0.143       0.121             0.023            1.902
       Category 2     Category 2        0.344       0.366            -0.023           -1.286
     COG046         COG054
       Category 1     Category 1        0.183       0.184            -0.001           -0.096
       Category 1     Category 2        0.330       0.329             0.001            0.079
       Category 2     Category 1        0.149       0.147             0.001            0.105
       Category 2     Category 2        0.338       0.340            -0.001           -0.079
     COG046         COG055
       Category 1     Category 1        0.084       0.077             0.007            0.667
       Category 1     Category 2        0.429       0.436            -0.007           -0.359
       Category 2     Category 1        0.038       0.044            -0.007           -0.864
       Category 2     Category 2        0.449       0.443             0.007            0.359
     COG046         COG056
       Category 1     Category 1        0.263       0.259             0.004            0.223
       Category 1     Category 2        0.250       0.254            -0.004           -0.224
       Category 2     Category 1        0.179       0.182            -0.004           -0.253
       Category 2     Category 2        0.309       0.305             0.004            0.212
     COG046         COG057
       Category 1     Category 1        0.432       0.440            -0.008           -0.438
       Category 1     Category 2        0.081       0.073             0.008            0.834
       Category 2     Category 1        0.384       0.376             0.008            0.448
       Category 2     Category 2        0.103       0.111            -0.008           -0.692
     COG046         COG058
       Category 1     Category 1        0.258       0.251             0.007            0.437
       Category 1     Category 2        0.254       0.261            -0.007           -0.431
       Category 2     Category 1        0.176       0.183            -0.007           -0.490
       Category 2     Category 2        0.311       0.304             0.007            0.412
     COG046         COG060
       Category 1     Category 1        0.353       0.345             0.008            0.483
       Category 1     Category 2        0.160       0.168            -0.008           -0.614
       Category 2     Category 1        0.258       0.267            -0.008           -0.519
       Category 2     Category 2        0.229       0.220             0.008            0.554
     COG046         COG061
       Category 1     Category 1        0.425       0.412             0.013            0.716
       Category 1     Category 2        0.088       0.101            -0.013           -1.170
       Category 2     Category 1        0.334       0.347            -0.013           -0.741
       Category 2     Category 2        0.153       0.140             0.013            1.016
     COG046         COG062
       Category 1     Category 1        0.470       0.449             0.020            1.108
       Category 1     Category 2        0.043       0.064            -0.020           -2.259
       Category 2     Category 1        0.380       0.401            -0.020           -1.125
       Category 2     Category 2        0.107       0.087             0.020            1.959
     COG046         COG063
       Category 1     Category 1        0.478       0.469             0.009            0.481
       Category 1     Category 2        0.035       0.044            -0.009           -1.171
       Category 2     Category 1        0.409       0.417            -0.009           -0.487
       Category 2     Category 2        0.078       0.070             0.009            0.943
     COG046         COG064
       Category 1     Category 1        0.422       0.422             0.000           -0.003
       Category 1     Category 2        0.091       0.091             0.000            0.005
       Category 2     Category 1        0.341       0.341             0.000            0.003
       Category 2     Category 2        0.146       0.146             0.000           -0.004
     COG046         COG066
       Category 1     Category 1        0.463       0.445             0.018            0.997
       Category 1     Category 2        0.050       0.068            -0.018           -1.964
       Category 2     Category 1        0.361       0.380            -0.018           -1.021
       Category 2     Category 2        0.126       0.108             0.018            1.598
     COG048         COG049
       Category 1     Category 1        0.027       0.037            -0.010           -1.472
       Category 1     Category 2        0.081       0.071             0.010            1.087
       Category 2     Category 1        0.129       0.118             0.010            0.864
       Category 2     Category 2        0.763       0.773            -0.010           -0.667
     COG048         COG050
       Category 1     Category 1        0.047       0.051            -0.004           -0.454
       Category 1     Category 2        0.061       0.057             0.004            0.430
       Category 2     Category 1        0.226       0.222             0.004            0.240
       Category 2     Category 2        0.666       0.669            -0.004           -0.212
     COG048         COG051
       Category 1     Category 1        0.030       0.030             0.000           -0.048
       Category 1     Category 2        0.078       0.078             0.000            0.030
       Category 2     Category 1        0.091       0.090             0.000            0.028
       Category 2     Category 2        0.801       0.801             0.000           -0.020
     COG048         COG052
       Category 1     Category 1        0.051       0.072            -0.020           -2.135
       Category 1     Category 2        0.057       0.037             0.020            2.933
       Category 2     Category 1        0.265       0.245             0.020            1.280
       Category 2     Category 2        0.627       0.647            -0.020           -1.152
     COG048         COG053
       Category 1     Category 1        0.107       0.081             0.026            2.579
       Category 1     Category 2        0.001       0.027            -0.026           -4.323
       Category 2     Category 1        0.227       0.253            -0.026           -1.618
       Category 2     Category 2        0.664       0.639             0.026            1.465
     COG048         COG054
       Category 1     Category 1        0.051       0.050             0.002            0.208
       Category 1     Category 2        0.057       0.059            -0.002           -0.193
       Category 2     Category 1        0.280       0.282            -0.002           -0.101
       Category 2     Category 2        0.612       0.610             0.002            0.093
     COG048         COG055
       Category 1     Category 1        0.028       0.031            -0.003           -0.450
       Category 1     Category 2        0.080       0.077             0.003            0.294
       Category 2     Category 1        0.093       0.090             0.003            0.273
       Category 2     Category 2        0.798       0.801            -0.003           -0.196
     COG048         COG056
       Category 1     Category 1        0.054       0.079            -0.025           -2.509
       Category 1     Category 2        0.054       0.029             0.025            4.018
       Category 2     Category 1        0.387       0.362             0.025            1.408
       Category 2     Category 2        0.505       0.530            -0.025           -1.356
     COG048         COG057
       Category 1     Category 1        0.096       0.104            -0.007           -0.665
       Category 1     Category 2        0.012       0.005             0.007            2.957
       Category 2     Category 1        0.720       0.712             0.007            0.448
       Category 2     Category 2        0.172       0.179            -0.007           -0.528
     COG048         COG058
       Category 1     Category 1        0.058       0.075            -0.016           -1.701
       Category 1     Category 2        0.050       0.034             0.016            2.480
       Category 2     Category 1        0.376       0.360             0.016            0.932
       Category 2     Category 2        0.516       0.532            -0.016           -0.896
     COG048         COG060
       Category 1     Category 1        0.078       0.093            -0.014           -1.321
       Category 1     Category 2        0.030       0.016             0.014            3.083
       Category 2     Category 1        0.533       0.519             0.014            0.767
       Category 2     Category 2        0.359       0.373            -0.014           -0.792
     COG048         COG061
       Category 1     Category 1        0.087       0.100            -0.013           -1.190
       Category 1     Category 2        0.022       0.009             0.013            3.877
       Category 2     Category 1        0.673       0.659             0.013            0.752
       Category 2     Category 2        0.219       0.232            -0.013           -0.844
     COG048         COG062
       Category 1     Category 1        0.097       0.102            -0.005           -0.432
       Category 1     Category 2        0.011       0.006             0.005            1.694
       Category 2     Category 1        0.752       0.748             0.005            0.301
       Category 2     Category 2        0.139       0.144            -0.005           -0.373
     COG048         COG063
       Category 1     Category 1        0.100       0.106            -0.005           -0.486
       Category 1     Category 2        0.008       0.003             0.005            2.919
       Category 2     Category 1        0.786       0.781             0.005            0.361
       Category 2     Category 2        0.106       0.111            -0.005           -0.475
     COG048         COG064
       Category 1     Category 1        0.100       0.104            -0.004           -0.361
       Category 1     Category 2        0.008       0.004             0.004            1.738
       Category 2     Category 1        0.663       0.659             0.004            0.233
       Category 2     Category 2        0.229       0.233            -0.004           -0.261
     COG048         COG066
       Category 1     Category 1        0.099       0.104            -0.006           -0.505
       Category 1     Category 2        0.009       0.004             0.006            2.512
       Category 2     Category 1        0.725       0.720             0.006            0.344
       Category 2     Category 2        0.166       0.172            -0.006           -0.409
     COG049         COG050
       Category 1     Category 1        0.078       0.074             0.005            0.475
       Category 1     Category 2        0.077       0.082            -0.005           -0.454
       Category 2     Category 1        0.195       0.199            -0.005           -0.311
       Category 2     Category 2        0.650       0.645             0.005            0.260
     COG049         COG051
       Category 1     Category 1        0.068       0.065             0.003            0.277
       Category 1     Category 2        0.088       0.090            -0.003           -0.238
       Category 2     Category 1        0.053       0.055            -0.003           -0.299
       Category 2     Category 2        0.792       0.789             0.003            0.168
     COG049         COG052
       Category 1     Category 1        0.074       0.073             0.001            0.103
       Category 1     Category 2        0.081       0.082            -0.001           -0.097
       Category 2     Category 1        0.242       0.243            -0.001           -0.062
       Category 2     Category 2        0.602       0.601             0.001            0.055
     COG049         COG053
       Category 1     Category 1        0.069       0.081            -0.012           -1.200
       Category 1     Category 2        0.087       0.075             0.012            1.247
       Category 2     Category 1        0.265       0.253             0.012            0.753
       Category 2     Category 2        0.579       0.591            -0.012           -0.666
     COG049         COG054
       Category 1     Category 1        0.074       0.085            -0.011           -1.076
       Category 1     Category 2        0.081       0.070             0.011            1.178
       Category 2     Category 1        0.257       0.246             0.011            0.698
       Category 2     Category 2        0.587       0.598            -0.011           -0.614
     COG049         COG055
       Category 1     Category 1        0.062       0.069            -0.007           -0.704
       Category 1     Category 2        0.093       0.087             0.007            0.633
       Category 2     Category 1        0.060       0.053             0.007            0.795
       Category 2     Category 2        0.785       0.791            -0.007           -0.438
     COG049         COG056
       Category 1     Category 1        0.154       0.144             0.010            0.776
       Category 1     Category 2        0.001       0.011            -0.010           -2.571
       Category 2     Category 1        0.287       0.297            -0.010           -0.597
       Category 2     Category 2        0.558       0.547             0.010            0.548
     COG049         COG057
       Category 1     Category 1        0.142       0.139             0.003            0.217
       Category 1     Category 2        0.014       0.016            -0.003           -0.594
       Category 2     Category 1        0.674       0.677            -0.003           -0.161
       Category 2     Category 2        0.171       0.168             0.003            0.201
     COG049         COG058
       Category 1     Category 1        0.123       0.135            -0.012           -0.928
       Category 1     Category 2        0.032       0.021             0.012            2.220
       Category 2     Category 1        0.311       0.300             0.012            0.692
       Category 2     Category 2        0.533       0.545            -0.012           -0.636
     COG049         COG060
       Category 1     Category 1        0.150       0.152            -0.002           -0.140
       Category 1     Category 2        0.005       0.004             0.002            0.843
       Category 2     Category 1        0.461       0.460             0.002            0.101
       Category 2     Category 2        0.383       0.385            -0.002           -0.103
     COG049         COG061
       Category 1     Category 1        0.147       0.154            -0.006           -0.458
       Category 1     Category 2        0.008       0.002             0.006            3.659
       Category 2     Category 1        0.612       0.606             0.006            0.338
       Category 2     Category 2        0.233       0.239            -0.006           -0.387
     COG049         COG062
       Category 1     Category 1        0.152       0.153            -0.002           -0.115
       Category 1     Category 2        0.004       0.003             0.002            0.825
       Category 2     Category 1        0.698       0.697             0.002            0.090
       Category 2     Category 2        0.146       0.148            -0.002           -0.117
     COG049         COG063
       Category 1     Category 1        0.154       0.155            -0.001           -0.084
       Category 1     Category 2        0.001       0.000             0.001            2.011
       Category 2     Category 1        0.732       0.731             0.001            0.069
       Category 2     Category 2        0.112       0.113            -0.001           -0.096
     COG049         COG064
       Category 1     Category 1        0.145       0.151            -0.006           -0.459
       Category 1     Category 2        0.011       0.005             0.006            2.377
       Category 2     Category 1        0.618       0.612             0.006            0.337
       Category 2     Category 2        0.226       0.232            -0.006           -0.389
     COG049         COG066
       Category 1     Category 1        0.156       0.156             0.000            0.008
       Category 1     Category 2        0.000       0.000             0.000           -0.282
       Category 2     Category 1        0.668       0.669             0.000           -0.006
       Category 2     Category 2        0.176       0.176             0.000            0.008
     COG050         COG051
       Category 1     Category 1        0.064       0.059             0.005            0.585
       Category 1     Category 2        0.210       0.215            -0.005           -0.334
       Category 2     Category 1        0.057       0.062            -0.005           -0.570
       Category 2     Category 2        0.670       0.665             0.005            0.291
     COG050         COG052
       Category 1     Category 1        0.120       0.114             0.006            0.550
       Category 1     Category 2        0.153       0.159            -0.006           -0.478
       Category 2     Category 1        0.196       0.203            -0.006           -0.435
       Category 2     Category 2        0.530       0.524             0.006            0.350
     COG050         COG053
       Category 1     Category 1        0.122       0.124            -0.003           -0.212
       Category 1     Category 2        0.152       0.149             0.003            0.197
       Category 2     Category 1        0.212       0.210             0.003            0.172
       Category 2     Category 2        0.514       0.517            -0.003           -0.140
     COG050         COG054
       Category 1     Category 1        0.127       0.114             0.013            1.147
       Category 1     Category 2        0.146       0.160            -0.013           -0.995
       Category 2     Category 1        0.204       0.218            -0.013           -0.883
       Category 2     Category 2        0.522       0.509             0.013            0.729
     COG050         COG055
       Category 1     Category 1        0.065       0.060             0.005            0.517
       Category 1     Category 2        0.208       0.213            -0.005           -0.301
       Category 2     Category 1        0.057       0.061            -0.005           -0.513
       Category 2     Category 2        0.670       0.665             0.005            0.261
     COG050         COG056
       Category 1     Category 1        0.162       0.175            -0.012           -0.885
       Category 1     Category 2        0.111       0.099             0.012            1.128
       Category 2     Category 1        0.279       0.266             0.012            0.760
       Category 2     Category 2        0.448       0.460            -0.012           -0.674
     COG050         COG057
       Category 1     Category 1        0.233       0.238            -0.006           -0.352
       Category 1     Category 2        0.041       0.035             0.006            0.814
       Category 2     Category 1        0.583       0.578             0.006            0.303
       Category 2     Category 2        0.143       0.149            -0.006           -0.421
     COG050         COG058
       Category 1     Category 1        0.156       0.166            -0.011           -0.771
       Category 1     Category 2        0.118       0.107             0.011            0.928
       Category 2     Category 1        0.279       0.268             0.011            0.648
       Category 2     Category 2        0.448       0.458            -0.011           -0.576
     COG050         COG060
       Category 1     Category 1        0.211       0.216            -0.005           -0.304
       Category 1     Category 2        0.062       0.058             0.005            0.536
       Category 2     Category 1        0.401       0.396             0.005            0.256
       Category 2     Category 2        0.326       0.331            -0.005           -0.266
     COG050         COG061
       Category 1     Category 1        0.238       0.241            -0.003           -0.184
       Category 1     Category 2        0.035       0.032             0.003            0.445
       Category 2     Category 1        0.521       0.518             0.003            0.157
       Category 2     Category 2        0.206       0.209            -0.003           -0.193
     COG050         COG062
       Category 1     Category 1        0.250       0.252            -0.002           -0.100
       Category 1     Category 2        0.023       0.021             0.002            0.299
       Category 2     Category 1        0.599       0.598             0.002            0.088
       Category 2     Category 2        0.127       0.129            -0.002           -0.129
     COG050         COG063
       Category 1     Category 1        0.263       0.262             0.001            0.036
       Category 1     Category 2        0.011       0.011            -0.001           -0.148
       Category 2     Category 1        0.624       0.624            -0.001           -0.032
       Category 2     Category 2        0.103       0.102             0.001            0.052
     COG050         COG064
       Category 1     Category 1        0.240       0.261            -0.022           -1.345
       Category 1     Category 2        0.034       0.012             0.022            5.405
       Category 2     Category 1        0.524       0.502             0.022            1.182
       Category 2     Category 2        0.203       0.225            -0.022           -1.416
     COG050         COG066
       Category 1     Category 1        0.249       0.256            -0.007           -0.443
       Category 1     Category 2        0.024       0.017             0.007            1.484
       Category 2     Category 1        0.575       0.568             0.007            0.390
       Category 2     Category 2        0.152       0.159            -0.007           -0.529
     COG051         COG052
       Category 1     Category 1        0.065       0.058             0.007            0.831
       Category 1     Category 2        0.055       0.063            -0.007           -0.800
       Category 2     Category 1        0.252       0.259            -0.007           -0.443
       Category 2     Category 2        0.628       0.621             0.007            0.400
     COG051         COG053
       Category 1     Category 1        0.061       0.064            -0.003           -0.333
       Category 1     Category 2        0.060       0.057             0.003            0.353
       Category 2     Category 1        0.273       0.270             0.003            0.184
       Category 2     Category 2        0.606       0.609            -0.003           -0.167
     COG051         COG054
       Category 1     Category 1        0.066       0.067            -0.001           -0.129
       Category 1     Category 2        0.054       0.053             0.001            0.145
       Category 2     Category 1        0.265       0.264             0.001            0.074
       Category 2     Category 2        0.614       0.616            -0.001           -0.067
     COG051         COG055
       Category 1     Category 1        0.061       0.057             0.004            0.510
       Category 1     Category 2        0.060       0.064            -0.004           -0.482
       Category 2     Category 1        0.061       0.065            -0.004           -0.477
       Category 2     Category 2        0.819       0.814             0.004            0.303
     COG051         COG056
       Category 1     Category 1        0.111       0.112            -0.001           -0.118
       Category 1     Category 2        0.009       0.008             0.001            0.414
       Category 2     Category 1        0.330       0.329             0.001            0.079
       Category 2     Category 2        0.549       0.551            -0.001           -0.075
     COG051         COG057
       Category 1     Category 1        0.110       0.108             0.001            0.128
       Category 1     Category 2        0.011       0.012            -0.001           -0.361
       Category 2     Category 1        0.706       0.708            -0.001           -0.087
       Category 2     Category 2        0.173       0.172             0.001            0.105
     COG051         COG058
       Category 1     Category 1        0.120       0.106             0.015            1.319
       Category 1     Category 2        0.000       0.015            -0.015           -3.344
       Category 2     Category 1        0.314       0.329            -0.015           -0.862
       Category 2     Category 2        0.566       0.551             0.015            0.814
     COG051         COG060
       Category 1     Category 1        0.116       0.118            -0.001           -0.124
       Category 1     Category 2        0.004       0.003             0.001            0.788
       Category 2     Category 1        0.495       0.494             0.001            0.080
       Category 2     Category 2        0.384       0.386            -0.001           -0.082
     COG051         COG061
       Category 1     Category 1        0.116       0.119            -0.003           -0.217
       Category 1     Category 2        0.004       0.001             0.003            1.827
       Category 2     Category 1        0.643       0.640             0.003            0.146
       Category 2     Category 2        0.237       0.239            -0.003           -0.164
     COG051         COG062
       Category 1     Category 1        0.118       0.119            -0.001           -0.074
       Category 1     Category 2        0.003       0.002             0.001            0.560
       Category 2     Category 1        0.732       0.731             0.001            0.054
       Category 2     Category 2        0.147       0.148            -0.001           -0.067
     COG051         COG063
       Category 1     Category 1        0.118       0.120            -0.003           -0.212
       Category 1     Category 2        0.003       0.000             0.003            5.219
       Category 2     Category 1        0.769       0.766             0.003            0.163
       Category 2     Category 2        0.111       0.113            -0.003           -0.217
     COG051         COG064
       Category 1     Category 1        0.115       0.117            -0.002           -0.166
       Category 1     Category 2        0.005       0.003             0.002            0.911
       Category 2     Category 1        0.648       0.646             0.002            0.112
       Category 2     Category 2        0.231       0.233            -0.002           -0.126
     COG051         COG066
       Category 1     Category 1        0.120       0.120             0.000            0.008
       Category 1     Category 2        0.000       0.000             0.000           -0.260
       Category 2     Category 1        0.704       0.704             0.000           -0.005
       Category 2     Category 2        0.176       0.176             0.000            0.007
     COG052         COG053
       Category 1     Category 1        0.141       0.164            -0.023           -1.677
       Category 1     Category 2        0.176       0.153             0.023            1.722
       Category 2     Category 1        0.194       0.171             0.023            1.648
       Category 2     Category 2        0.490       0.513            -0.023           -1.241
     COG052         COG054
       Category 1     Category 1        0.157       0.123             0.034            2.772
       Category 1     Category 2        0.160       0.193            -0.034           -2.310
       Category 2     Category 1        0.175       0.208            -0.034           -2.246
       Category 2     Category 2        0.509       0.475             0.034            1.826
     COG052         COG055
       Category 1     Category 1        0.077       0.059             0.018            2.044
       Category 1     Category 2        0.240       0.257            -0.018           -1.105
       Category 2     Category 1        0.045       0.062            -0.018           -1.997
       Category 2     Category 2        0.639       0.621             0.018            0.996
     COG052         COG056
       Category 1     Category 1        0.180       0.183            -0.003           -0.190
       Category 1     Category 2        0.137       0.134             0.003            0.216
       Category 2     Category 1        0.261       0.258             0.003            0.168
       Category 2     Category 2        0.422       0.425            -0.003           -0.149
     COG052         COG057
       Category 1     Category 1        0.277       0.284            -0.007           -0.396
       Category 1     Category 2        0.039       0.033             0.007            1.003
       Category 2     Category 1        0.539       0.532             0.007            0.357
       Category 2     Category 2        0.145       0.151            -0.007           -0.498
     COG052         COG058
       Category 1     Category 1        0.171       0.175            -0.005           -0.340
       Category 1     Category 2        0.146       0.141             0.005            0.371
       Category 2     Category 1        0.264       0.259             0.005            0.295
       Category 2     Category 2        0.419       0.424            -0.005           -0.262
     COG052         COG060
       Category 1     Category 1        0.237       0.233             0.004            0.236
       Category 1     Category 2        0.080       0.084            -0.004           -0.360
       Category 2     Category 1        0.375       0.378            -0.004           -0.206
       Category 2     Category 2        0.309       0.305             0.004            0.217
     COG052         COG061
       Category 1     Category 1        0.277       0.268             0.009            0.560
       Category 1     Category 2        0.039       0.048            -0.009           -1.156
       Category 2     Category 1        0.482       0.491            -0.009           -0.496
       Category 2     Category 2        0.202       0.193             0.009            0.629
     COG052         COG062
       Category 1     Category 1        0.291       0.286             0.005            0.325
       Category 1     Category 2        0.026       0.031            -0.005           -0.845
       Category 2     Category 1        0.559       0.564            -0.005           -0.296
       Category 2     Category 2        0.124       0.119             0.005            0.453
     COG052         COG063
       Category 1     Category 1        0.302       0.298             0.004            0.250
       Category 1     Category 2        0.015       0.019            -0.004           -0.834
       Category 2     Category 1        0.585       0.589            -0.004           -0.232
       Category 2     Category 2        0.099       0.095             0.004            0.390
     COG052         COG064
       Category 1     Category 1        0.280       0.279             0.001            0.071
       Category 1     Category 2        0.037       0.038            -0.001           -0.167
       Category 2     Category 1        0.483       0.484            -0.001           -0.063
       Category 2     Category 2        0.200       0.199             0.001            0.079
     COG052         COG066
       Category 1     Category 1        0.288       0.287             0.001            0.060
       Category 1     Category 2        0.028       0.029            -0.001           -0.161
       Category 2     Category 1        0.536       0.537            -0.001           -0.055
       Category 2     Category 2        0.147       0.146             0.001            0.077
     COG053         COG054
       Category 1     Category 1        0.139       0.133             0.006            0.516
       Category 1     Category 2        0.195       0.201            -0.006           -0.436
       Category 2     Category 1        0.192       0.199            -0.006           -0.439
       Category 2     Category 2        0.474       0.467             0.006            0.351
     COG053         COG055
       Category 1     Category 1        0.065       0.066            -0.001           -0.080
       Category 1     Category 2        0.269       0.269             0.001            0.045
       Category 2     Category 1        0.057       0.056             0.001            0.086
       Category 2     Category 2        0.609       0.610            -0.001           -0.041
     COG053         COG056
       Category 1     Category 1        0.172       0.199            -0.027           -1.865
       Category 1     Category 2        0.162       0.135             0.027            2.180
       Category 2     Category 1        0.269       0.242             0.027            1.740
       Category 2     Category 2        0.396       0.424            -0.027           -1.507
     COG053         COG057
       Category 1     Category 1        0.286       0.303            -0.018           -1.049
       Category 1     Category 2        0.049       0.031             0.018            2.781
       Category 2     Category 1        0.530       0.513             0.018            0.964
       Category 2     Category 2        0.135       0.153            -0.018           -1.339
     COG053         COG058
       Category 1     Category 1        0.157       0.191            -0.034           -2.326
       Category 1     Category 2        0.177       0.144             0.034            2.605
       Category 2     Category 1        0.277       0.244             0.034            2.128
       Category 2     Category 2        0.388       0.422            -0.034           -1.850
     COG053         COG060
       Category 1     Category 1        0.226       0.252            -0.026           -1.620
       Category 1     Category 2        0.108       0.082             0.026            2.558
       Category 2     Category 1        0.386       0.360             0.026            1.465
       Category 2     Category 2        0.280       0.306            -0.026           -1.526
     COG053         COG061
       Category 1     Category 1        0.269       0.287            -0.018           -1.071
       Category 1     Category 2        0.065       0.047             0.018            2.287
       Category 2     Category 1        0.490       0.472             0.018            0.971
       Category 2     Category 2        0.176       0.194            -0.018           -1.226
     COG053         COG062
       Category 1     Category 1        0.298       0.304            -0.006           -0.353
       Category 1     Category 2        0.037       0.031             0.006            0.943
       Category 2     Category 1        0.552       0.546             0.006            0.326
       Category 2     Category 2        0.114       0.120            -0.006           -0.500
     COG053         COG063
       Category 1     Category 1        0.310       0.316            -0.006           -0.377
       Category 1     Category 2        0.024       0.018             0.006            1.324
       Category 2     Category 1        0.576       0.570             0.006            0.354
       Category 2     Category 2        0.089       0.096            -0.006           -0.596
     COG053         COG064
       Category 1     Category 1        0.294       0.300            -0.006           -0.356
       Category 1     Category 2        0.041       0.035             0.006            0.892
       Category 2     Category 1        0.470       0.464             0.006            0.327
       Category 2     Category 2        0.196       0.202            -0.006           -0.406
     COG053         COG066
       Category 1     Category 1        0.294       0.307            -0.013           -0.773
       Category 1     Category 2        0.041       0.027             0.013            2.182
       Category 2     Category 1        0.530       0.517             0.013            0.714
       Category 2     Category 2        0.135       0.148            -0.013           -1.003
     COG054         COG055
       Category 1     Category 1        0.073       0.070             0.004            0.379
       Category 1     Category 2        0.258       0.262            -0.004           -0.219
       Category 2     Category 1        0.049       0.052            -0.004           -0.433
       Category 2     Category 2        0.620       0.616             0.004            0.198
     COG054         COG056
       Category 1     Category 1        0.179       0.206            -0.028           -1.869
       Category 1     Category 2        0.153       0.125             0.028            2.287
       Category 2     Category 1        0.263       0.235             0.028            1.785
       Category 2     Category 2        0.406       0.434            -0.028           -1.527
     COG054         COG057
       Category 1     Category 1        0.294       0.281             0.012            0.749
       Category 1     Category 2        0.038       0.050            -0.012           -1.542
       Category 2     Category 1        0.522       0.535            -0.012           -0.676
       Category 2     Category 2        0.146       0.134             0.012            0.990
     COG054         COG058
       Category 1     Category 1        0.189       0.197            -0.007           -0.494
       Category 1     Category 2        0.142       0.135             0.007            0.575
       Category 2     Category 1        0.245       0.238             0.007            0.461
       Category 2     Category 2        0.424       0.431            -0.007           -0.397
     COG054         COG060
       Category 1     Category 1        0.250       0.257            -0.007           -0.442
       Category 1     Category 2        0.081       0.074             0.007            0.738
       Category 2     Category 1        0.361       0.354             0.007            0.404
       Category 2     Category 2        0.307       0.314            -0.007           -0.416
     COG054         COG061
       Category 1     Category 1        0.288       0.290            -0.002           -0.096
       Category 1     Category 2        0.043       0.042             0.002            0.219
       Category 2     Category 1        0.471       0.469             0.002            0.088
       Category 2     Category 2        0.198       0.199            -0.002           -0.109
     COG054         COG062
       Category 1     Category 1        0.298       0.304            -0.006           -0.378
       Category 1     Category 2        0.034       0.027             0.006            1.066
       Category 2     Category 1        0.552       0.546             0.006            0.350
       Category 2     Category 2        0.116       0.123            -0.006           -0.530
     COG054         COG063
       Category 1     Category 1        0.313       0.317            -0.004           -0.230
       Category 1     Category 2        0.019       0.015             0.004            0.880
       Category 2     Category 1        0.574       0.570             0.004            0.216
       Category 2     Category 2        0.095       0.099            -0.004           -0.359
     COG054         COG064
       Category 1     Category 1        0.299       0.285             0.014            0.829
       Category 1     Category 2        0.032       0.046            -0.014           -1.783
       Category 2     Category 1        0.464       0.478            -0.014           -0.750
       Category 2     Category 2        0.204       0.191             0.014            0.953
     COG054         COG066
       Category 1     Category 1        0.310       0.309             0.001            0.069
       Category 1     Category 2        0.022       0.023            -0.001           -0.213
       Category 2     Category 1        0.514       0.515            -0.001           -0.064
       Category 2     Category 2        0.154       0.153             0.001            0.088
     COG055         COG056
       Category 1     Category 1        0.110       0.116            -0.006           -0.517
       Category 1     Category 2        0.012       0.006             0.006            2.122
       Category 2     Category 1        0.332       0.325             0.006            0.353
       Category 2     Category 2        0.547       0.553            -0.006           -0.332
     COG055         COG057
       Category 1     Category 1        0.118       0.110             0.008            0.696
       Category 1     Category 2        0.004       0.012            -0.008           -1.992
       Category 2     Category 1        0.698       0.706            -0.008           -0.477
       Category 2     Category 2        0.180       0.172             0.008            0.576
     COG055         COG058
       Category 1     Category 1        0.112       0.109             0.003            0.299
       Category 1     Category 2        0.009       0.013            -0.003           -0.826
       Category 2     Category 1        0.322       0.325            -0.003           -0.199
       Category 2     Category 2        0.556       0.553             0.003            0.187
     COG055         COG060
       Category 1     Category 1        0.115       0.120            -0.005           -0.420
       Category 1     Category 2        0.007       0.002             0.005            3.270
       Category 2     Category 1        0.497       0.492             0.005            0.273
       Category 2     Category 2        0.382       0.387            -0.005           -0.280
     COG055         COG061
       Category 1     Category 1        0.120       0.121             0.000           -0.024
       Category 1     Category 2        0.001       0.001             0.000            0.237
       Category 2     Category 1        0.639       0.638             0.000            0.016
       Category 2     Category 2        0.240       0.240             0.000           -0.018
     COG055         COG062
       Category 1     Category 1        0.122       0.120             0.002            0.128
       Category 1     Category 2        0.000       0.002            -0.002           -1.064
       Category 2     Category 1        0.728       0.730            -0.002           -0.094
       Category 2     Category 2        0.150       0.149             0.002            0.117
     COG055         COG063
       Category 1     Category 1        0.122       0.122             0.000            0.008
       Category 1     Category 2        0.000       0.000             0.000           -0.275
       Category 2     Category 1        0.765       0.765             0.000           -0.007
       Category 2     Category 2        0.114       0.114             0.000            0.009
     COG055         COG064
       Category 1     Category 1        0.120       0.119             0.002            0.130
       Category 1     Category 2        0.001       0.003            -0.002           -0.784
       Category 2     Category 1        0.643       0.644            -0.002           -0.088
       Category 2     Category 2        0.235       0.234             0.002            0.100
     COG055         COG066
       Category 1     Category 1        0.122       0.122             0.000            0.003
       Category 1     Category 2        0.000       0.000             0.000           -0.161
       Category 2     Category 1        0.702       0.702             0.000           -0.002
       Category 2     Category 2        0.176       0.176             0.000            0.002
     COG056         COG057
       Category 1     Category 1        0.386       0.385             0.001            0.037
       Category 1     Category 2        0.055       0.056            -0.001           -0.078
       Category 2     Category 1        0.430       0.431            -0.001           -0.036
       Category 2     Category 2        0.129       0.128             0.001            0.054
     COG056         COG058
       Category 1     Category 1        0.334       0.327             0.007            0.422
       Category 1     Category 2        0.107       0.114            -0.007           -0.623
       Category 2     Category 1        0.100       0.107            -0.007           -0.640
       Category 2     Category 2        0.459       0.451             0.007            0.398
     COG056         COG060
       Category 1     Category 1        0.425       0.412             0.013            0.693
       Category 1     Category 2        0.016       0.029            -0.013           -2.040
       Category 2     Category 1        0.187       0.199            -0.013           -0.854
       Category 2     Category 2        0.372       0.360             0.013            0.711
     COG056         COG061
       Category 1     Category 1        0.413       0.426            -0.014           -0.743
       Category 1     Category 2        0.028       0.015             0.014            3.033
       Category 2     Category 1        0.346       0.333             0.014            0.780
       Category 2     Category 2        0.212       0.226            -0.014           -0.879
     COG056         COG062
       Category 1     Category 1        0.415       0.427            -0.011           -0.610
       Category 1     Category 2        0.026       0.015             0.011            2.516
       Category 2     Category 1        0.434       0.423             0.011            0.611
       Category 2     Category 2        0.124       0.136            -0.011           -0.882
     COG056         COG063
       Category 1     Category 1        0.434       0.439            -0.005           -0.268
       Category 1     Category 2        0.007       0.002             0.005            3.080
       Category 2     Category 1        0.452       0.447             0.005            0.268
       Category 2     Category 2        0.107       0.112            -0.005           -0.422
     COG056         COG064
       Category 1     Category 1        0.413       0.414            -0.001           -0.055
       Category 1     Category 2        0.028       0.027             0.001            0.167
       Category 2     Category 1        0.350       0.349             0.001            0.057
       Category 2     Category 2        0.208       0.209            -0.001           -0.067
     COG056         COG066
       Category 1     Category 1        0.437       0.440            -0.003           -0.181
       Category 1     Category 2        0.004       0.001             0.003            3.291
       Category 2     Category 1        0.387       0.384             0.003            0.185
       Category 2     Category 2        0.172       0.175            -0.003           -0.237
     COG057         COG058
       Category 1     Category 1        0.388       0.376             0.012            0.667
       Category 1     Category 2        0.428       0.440            -0.012           -0.652
       Category 2     Category 1        0.046       0.058            -0.012           -1.385
       Category 2     Category 2        0.138       0.126             0.012            0.974
     COG057         COG060
       Category 1     Category 1        0.535       0.524             0.011            0.572
       Category 1     Category 2        0.281       0.292            -0.011           -0.629
       Category 2     Category 1        0.077       0.088            -0.011           -1.011
       Category 2     Category 2        0.107       0.096             0.011            0.969
     COG057         COG061
       Category 1     Category 1        0.656       0.638             0.018            1.020
       Category 1     Category 2        0.160       0.178            -0.018           -1.283
       Category 2     Category 1        0.103       0.121            -0.018           -1.504
       Category 2     Category 2        0.081       0.063             0.018            2.016
     COG057         COG062
       Category 1     Category 1        0.713       0.705             0.008            0.499
       Category 1     Category 2        0.103       0.111            -0.008           -0.724
       Category 2     Category 1        0.137       0.145            -0.008           -0.646
       Category 2     Category 2        0.047       0.039             0.008            1.176
     COG057         COG063
       Category 1     Category 1        0.744       0.736             0.009            0.526
       Category 1     Category 2        0.072       0.080            -0.009           -0.854
       Category 2     Category 1        0.142       0.151            -0.009           -0.648
       Category 2     Category 2        0.042       0.033             0.009            1.290
     COG057         COG064
       Category 1     Category 1        0.654       0.649             0.005            0.258
       Category 1     Category 2        0.162       0.167            -0.005           -0.330
       Category 2     Category 1        0.110       0.114            -0.005           -0.387
       Category 2     Category 2        0.074       0.070             0.005            0.482
     COG057         COG066
       Category 1     Category 1        0.698       0.691             0.007            0.405
       Category 1     Category 2        0.118       0.125            -0.007           -0.567
       Category 2     Category 1        0.126       0.133            -0.007           -0.552
       Category 2     Category 2        0.058       0.051             0.007            0.849
     COG058         COG060
       Category 1     Category 1        0.398       0.387             0.011            0.619
       Category 1     Category 2        0.037       0.048            -0.011           -1.415
       Category 2     Category 1        0.214       0.225            -0.011           -0.722
       Category 2     Category 2        0.352       0.341             0.011            0.636
     COG058         COG061
       Category 1     Category 1        0.403       0.410            -0.007           -0.382
       Category 1     Category 2        0.031       0.024             0.007            1.221
       Category 2     Category 1        0.356       0.349             0.007            0.394
       Category 2     Category 2        0.210       0.217            -0.007           -0.456
     COG058         COG062
       Category 1     Category 1        0.413       0.415            -0.002           -0.127
       Category 1     Category 2        0.022       0.019             0.002            0.452
       Category 2     Category 1        0.437       0.435             0.002            0.126
       Category 2     Category 2        0.129       0.131            -0.002           -0.185
     COG058         COG063
       Category 1     Category 1        0.428       0.429            -0.002           -0.103
       Category 1     Category 2        0.007       0.005             0.002            0.730
       Category 2     Category 1        0.459       0.457             0.002            0.102
       Category 2     Category 2        0.107       0.109            -0.002           -0.164
     COG058         COG064
       Category 1     Category 1        0.402       0.399             0.003            0.154
       Category 1     Category 2        0.032       0.035            -0.003           -0.408
       Category 2     Category 1        0.361       0.364            -0.003           -0.157
       Category 2     Category 2        0.204       0.202             0.003            0.188
     COG058         COG066
       Category 1     Category 1        0.434       0.429             0.005            0.282
       Category 1     Category 2        0.000       0.005            -0.005           -1.955
       Category 2     Category 1        0.390       0.395            -0.005           -0.286
       Category 2     Category 2        0.176       0.171             0.005            0.372
     COG060         COG061
       Category 1     Category 1        0.551       0.566            -0.015           -0.850
       Category 1     Category 2        0.061       0.045             0.015            2.023
       Category 2     Category 1        0.208       0.193             0.015            1.068
       Category 2     Category 2        0.180       0.195            -0.015           -1.062
     COG060         COG062
       Category 1     Category 1        0.568       0.577            -0.009           -0.495
       Category 1     Category 2        0.043       0.034             0.009            1.343
       Category 2     Category 1        0.281       0.272             0.009            0.549
       Category 2     Category 2        0.107       0.116            -0.009           -0.764
     COG060         COG063
       Category 1     Category 1        0.598       0.603            -0.004           -0.247
       Category 1     Category 2        0.014       0.009             0.004            1.277
       Category 2     Category 1        0.288       0.284             0.004            0.269
       Category 2     Category 2        0.100       0.105            -0.004           -0.396
     COG060         COG064
       Category 1     Category 1        0.551       0.549             0.001            0.075
       Category 1     Category 2        0.061       0.062            -0.001           -0.155
       Category 2     Category 1        0.212       0.214            -0.001           -0.091
       Category 2     Category 2        0.176       0.175             0.001            0.098
     COG060         COG066
       Category 1     Category 1        0.599       0.603            -0.003           -0.184
       Category 1     Category 2        0.012       0.009             0.003            0.962
       Category 2     Category 1        0.225       0.221             0.003            0.217
       Category 2     Category 2        0.164       0.167            -0.003           -0.242
     COG061         COG062
       Category 1     Category 1        0.696       0.692             0.004            0.214
       Category 1     Category 2        0.064       0.067            -0.004           -0.395
       Category 2     Category 1        0.154       0.158            -0.004           -0.271
       Category 2     Category 2        0.087       0.083             0.004            0.359
     COG061         COG063
       Category 1     Category 1        0.744       0.727             0.017            1.065
       Category 1     Category 2        0.015       0.032            -0.017           -2.682
       Category 2     Category 1        0.142       0.160            -0.017           -1.296
       Category 2     Category 2        0.099       0.081             0.017            1.736
     COG061         COG064
       Category 1     Category 1        0.651       0.643             0.007            0.422
       Category 1     Category 2        0.108       0.116            -0.007           -0.632
       Category 2     Category 1        0.112       0.120            -0.007           -0.623
       Category 2     Category 2        0.129       0.121             0.007            0.620
     COG061         COG066
       Category 1     Category 1        0.719       0.711             0.008            0.466
       Category 1     Category 2        0.041       0.048            -0.008           -0.985
       Category 2     Category 1        0.106       0.113            -0.008           -0.666
       Category 2     Category 2        0.135       0.128             0.008            0.633
     COG062         COG063
       Category 1     Category 1        0.786       0.787            -0.001           -0.039
       Category 1     Category 2        0.064       0.063             0.001            0.066
       Category 2     Category 1        0.100       0.100             0.001            0.053
       Category 2     Category 2        0.050       0.051            -0.001           -0.073
     COG062         COG064
       Category 1     Category 1        0.694       0.687             0.007            0.439
       Category 1     Category 2        0.156       0.163            -0.007           -0.551
       Category 2     Category 1        0.069       0.077            -0.007           -0.766
       Category 2     Category 2        0.081       0.074             0.007            0.780
     COG062         COG066
       Category 1     Category 1        0.758       0.751             0.007            0.441
       Category 1     Category 2        0.092       0.099            -0.007           -0.639
       Category 2     Category 1        0.066       0.073            -0.007           -0.732
       Category 2     Category 2        0.084       0.077             0.007            0.716
     COG063         COG064
       Category 1     Category 1        0.724       0.720             0.004            0.244
       Category 1     Category 2        0.162       0.166            -0.004           -0.294
       Category 2     Category 1        0.039       0.043            -0.004           -0.539
       Category 2     Category 2        0.074       0.070             0.004            0.428
     COG063         COG066
       Category 1     Category 1        0.788       0.793            -0.005           -0.355
       Category 1     Category 2        0.099       0.093             0.005            0.494
       Category 2     Category 1        0.037       0.031             0.005            0.826
       Category 2     Category 2        0.077       0.082            -0.005           -0.523
     COG064         COG066
       Category 1     Category 1        0.710       0.696             0.014            0.846
       Category 1     Category 2        0.053       0.067            -0.014           -1.555
       Category 2     Category 1        0.114       0.128            -0.014           -1.164
       Category 2     Category 2        0.123       0.109             0.014            1.249


MODEL MODIFICATION INDICES

NOTE:  Modification indices for direct effects of observed dependent variables
regressed on covariates and residual covariances among observed dependent
variables may not be included.  To include these, request MODINDICES (ALL).

Minimum M.I. value for printing the modification index    10.000

                                   M.I.     E.P.C.  Std E.P.C.  StdYX E.P.C.

BY Statements

WM       BY COG041                10.334     0.597      0.260        0.260
WM       BY COG043                14.956     0.836      0.364        0.364
WM       BY COG046                29.778     0.956      0.417        0.417
WM       BY COG048                99.361    -2.396     -1.045       -1.045
WM       BY COG052                18.177     0.806      0.351        0.351
WM       BY COG053                70.861    -1.638     -0.714       -0.714
WM       BY COG054                27.461     1.108      0.483        0.483
WM       BY COG056                11.664    -0.657     -0.287       -0.287
WM       BY COG057                23.331     0.984      0.429        0.429
GDP      BY COG054                27.896     0.696      0.321        0.321
GDP      BY COG055                13.870     0.584      0.269        0.269
GDP      BY COG056                17.216    -0.554     -0.256       -0.256
FS       BY COG040                15.779    -0.511     -0.423       -0.423
FS       BY COG041                10.946     0.213      0.177        0.177
FS       BY COG043                15.746     0.297      0.246        0.246
FS       BY COG045                16.955    -0.478     -0.396       -0.396
FS       BY COG046                36.823     0.367      0.304        0.304
FS       BY COG048               111.887    -0.883     -0.730       -0.730
FS       BY COG052                22.004     0.307      0.254        0.254
FS       BY COG053                93.374    -0.658     -0.544       -0.544
FS       BY COG057                41.122     0.452      0.374        0.374
FS       BY COG064                55.989     1.401      1.159        1.159

WITH Statements

COG045   WITH COG040              28.035     0.354      0.354        0.459
COG050   WITH COG040              13.288     0.261      0.261        0.366
COG050   WITH COG045              35.931     0.344      0.344        0.507
COG052   WITH COG043              15.392     0.260      0.260        0.414
COG052   WITH COG046              16.794    -0.278     -0.278       -0.380
COG052   WITH COG048              12.221    -0.306     -0.306       -0.686
COG053   WITH COG043              16.636    -0.338     -0.338       -0.606
COG053   WITH COG048             286.730     0.949      0.949        2.389
COG054   WITH COG052              17.340     0.248      0.248        0.343
COG056   WITH COG048              17.935    -0.359     -0.359       -1.746
COG056   WITH COG049              31.293     0.248      0.248        1.195
COG056   WITH COG054              10.175    -0.209     -0.209       -0.629
COG058   WITH COG053              13.884    -0.244     -0.244       -0.597
COG060   WITH COG056              19.402     0.148      0.148        0.953
COG061   WITH COG048              10.557    -0.302     -0.302       -0.940
COG062   WITH COG046              10.301     0.224      0.224        0.323
COG063   WITH COG061              30.265     0.250      0.250        0.787
COG064   WITH COG045              15.776    -0.329     -0.329       -2.028
COG064   WITH COG050              27.786    -0.489     -0.489       -3.254


TECHNICAL 1 OUTPUT


     PARAMETER SPECIFICATION


           TAU
              COG040$1      COG041$1      COG043$1      COG044$1      COG045$1
              ________      ________      ________      ________      ________
                  1             2             3             4             5


           TAU
              COG046$1      COG048$1      COG049$1      COG050$1      COG051$1
              ________      ________      ________      ________      ________
                  6             7             8             9            10


           TAU
              COG052$1      COG053$1      COG054$1      COG055$1      COG056$1
              ________      ________      ________      ________      ________
                 11            12            13            14            15


           TAU
              COG057$1      COG058$1      COG060$1      COG061$1      COG062$1
              ________      ________      ________      ________      ________
                 16            17            18            19            20


           TAU
              COG063$1      COG064$1      COG066$1
              ________      ________      ________
                 21            22            23


           NU
              COG040        COG041        COG043        COG044        COG045
              ________      ________      ________      ________      ________
                  0             0             0             0             0


           NU
              COG046        COG048        COG049        COG050        COG051
              ________      ________      ________      ________      ________
                  0             0             0             0             0


           NU
              COG052        COG053        COG054        COG055        COG056
              ________      ________      ________      ________      ________
                  0             0             0             0             0


           NU
              COG057        COG058        COG060        COG061        COG062
              ________      ________      ________      ________      ________
                  0             0             0             0             0


           NU
              COG063        COG064        COG066        CBATT
              ________      ________      ________      ________
                  0             0             0             0


           LAMBDA
              WM            GDP           FS            CBATT
              ________      ________      ________      ________
 COG040             0             0             0             0
 COG041             0             0             0             0
 COG043             0            24             0             0
 COG044             0            25             0             0
 COG045            26             0             0             0
 COG046             0            27             0             0
 COG048             0            28             0             0
 COG049             0             0             0             0
 COG050            29             0             0             0
 COG051             0             0            30             0
 COG052             0            31             0             0
 COG053             0            32             0             0
 COG054             0             0            33             0
 COG055             0             0            34             0
 COG056             0             0            35             0
 COG057             0            36             0             0
 COG058             0             0            37             0
 COG060             0             0            38             0
 COG061             0             0            39             0
 COG062             0             0            40             0
 COG063             0             0            41             0
 COG064            42             0             0             0
 COG066             0             0            43             0
 CBATT              0             0             0             0


           THETA
              COG040        COG041        COG043        COG044        COG045
              ________      ________      ________      ________      ________
 COG040             0
 COG041             0             0
 COG043             0             0             0
 COG044             0             0             0             0
 COG045             0             0             0             0             0
 COG046             0             0             0             0             0
 COG048             0             0             0             0             0
 COG049             0             0             0             0             0
 COG050             0             0             0             0             0
 COG051             0             0             0             0             0
 COG052             0             0             0             0             0
 COG053             0             0             0             0             0
 COG054             0             0             0             0             0
 COG055             0             0             0             0             0
 COG056             0             0             0             0             0
 COG057             0             0             0             0             0
 COG058             0             0             0             0             0
 COG060             0             0             0             0             0
 COG061             0             0             0             0             0
 COG062             0             0             0             0             0
 COG063             0             0             0             0             0
 COG064             0             0             0             0             0
 COG066             0             0             0             0             0
 CBATT              0             0             0             0             0


           THETA
              COG046        COG048        COG049        COG050        COG051
              ________      ________      ________      ________      ________
 COG046             0
 COG048             0             0
 COG049             0             0             0
 COG050             0             0             0             0
 COG051             0             0             0             0             0
 COG052             0             0             0             0             0
 COG053             0             0             0             0             0
 COG054             0             0             0             0             0
 COG055             0             0             0             0             0
 COG056             0             0             0             0             0
 COG057             0             0             0             0             0
 COG058             0             0             0             0             0
 COG060             0             0             0             0             0
 COG061             0             0             0             0             0
 COG062             0             0             0             0             0
 COG063             0             0             0             0             0
 COG064             0             0             0             0             0
 COG066             0             0             0             0             0
 CBATT              0             0             0             0             0


           THETA
              COG052        COG053        COG054        COG055        COG056
              ________      ________      ________      ________      ________
 COG052             0
 COG053             0             0
 COG054             0             0             0
 COG055             0             0             0             0
 COG056             0             0             0             0             0
 COG057             0             0             0             0             0
 COG058             0             0             0             0             0
 COG060             0             0             0             0             0
 COG061             0             0             0             0             0
 COG062             0             0             0             0             0
 COG063             0             0             0             0             0
 COG064             0             0             0             0             0
 COG066             0             0             0             0             0
 CBATT              0             0             0             0             0


           THETA
              COG057        COG058        COG060        COG061        COG062
              ________      ________      ________      ________      ________
 COG057             0
 COG058             0             0
 COG060             0             0             0
 COG061             0             0             0             0
 COG062             0             0             0             0             0
 COG063             0             0             0             0             0
 COG064             0             0             0             0             0
 COG066             0             0             0             0             0
 CBATT              0             0             0             0             0


           THETA
              COG063        COG064        COG066        CBATT
              ________      ________      ________      ________
 COG063             0
 COG064             0             0
 COG066             0             0             0
 CBATT              0             0             0             0


           ALPHA
              WM            GDP           FS            CBATT
              ________      ________      ________      ________
                  0             0             0            44


           BETA
              WM            GDP           FS            CBATT
              ________      ________      ________      ________
 WM                 0             0             0             0
 GDP                0             0             0             0
 FS                 0             0             0             0
 CBATT              0             0             0             0


           PSI
              WM            GDP           FS            CBATT
              ________      ________      ________      ________
 WM                45
 GDP               46            47
 FS                48            49            50
 CBATT             51            52            53            54


     STARTING VALUES


           TAU
              COG040$1      COG041$1      COG043$1      COG044$1      COG045$1
              ________      ________      ________      ________      ________
               -1.140        -0.583        -1.065        -1.214        -0.326


           TAU
              COG046$1      COG048$1      COG049$1      COG050$1      COG051$1
              ________      ________      ________      ________      ________
                0.032        -1.236        -1.013        -0.603        -1.173


           TAU
              COG052$1      COG053$1      COG054$1      COG055$1      COG056$1
              ________      ________      ________      ________      ________
               -0.477        -0.428        -0.436        -1.166        -0.148


           TAU
              COG057$1      COG058$1      COG060$1      COG061$1      COG062$1
              ________      ________      ________      ________      ________
                0.900        -0.165         0.284         0.704         1.036


           TAU
              COG063$1      COG064$1      COG066$1
              ________      ________      ________
                1.207         0.717         0.931


           NU
              COG040        COG041        COG043        COG044        COG045
              ________      ________      ________      ________      ________
                0.000         0.000         0.000         0.000         0.000


           NU
              COG046        COG048        COG049        COG050        COG051
              ________      ________      ________      ________      ________
                0.000         0.000         0.000         0.000         0.000


           NU
              COG052        COG053        COG054        COG055        COG056
              ________      ________      ________      ________      ________
                0.000         0.000         0.000         0.000         0.000


           NU
              COG057        COG058        COG060        COG061        COG062
              ________      ________      ________      ________      ________
                0.000         0.000         0.000         0.000         0.000


           NU
              COG063        COG064        COG066        CBATT
              ________      ________      ________      ________
                0.000         0.000         0.000         0.000


           LAMBDA
              WM            GDP           FS            CBATT
              ________      ________      ________      ________
 COG040         1.000         0.000         0.000         0.000
 COG041         0.000         1.000         0.000         0.000
 COG043         0.000         0.875         0.000         0.000
 COG044         0.000         0.782         0.000         0.000
 COG045         1.119         0.000         0.000         0.000
 COG046         0.000         0.625         0.000         0.000
 COG048         0.000         0.941         0.000         0.000
 COG049         0.000         0.000         1.000         0.000
 COG050         1.058         0.000         0.000         0.000
 COG051         0.000         0.000         1.000         0.000
 COG052         0.000         0.887         0.000         0.000
 COG053         0.000         0.862         0.000         0.000
 COG054         0.000         0.000         1.000         0.000
 COG055         0.000         0.000         1.000         0.000
 COG056         0.000         0.000         1.000         0.000
 COG057         0.000         0.483         0.000         0.000
 COG058         0.000         0.000         1.000         0.000
 COG060         0.000         0.000         1.000         0.000
 COG061         0.000         0.000         1.000         0.000
 COG062         0.000         0.000         1.000         0.000
 COG063         0.000         0.000         1.000         0.000
 COG064         0.602         0.000         0.000         0.000
 COG066         0.000         0.000         1.000         0.000
 CBATT          0.000         0.000         0.000         1.000


           THETA
              COG040        COG041        COG043        COG044        COG045
              ________      ________      ________      ________      ________
 COG040         1.000
 COG041         0.000         1.000
 COG043         0.000         0.000         1.000
 COG044         0.000         0.000         0.000         1.000
 COG045         0.000         0.000         0.000         0.000         1.000
 COG046         0.000         0.000         0.000         0.000         0.000
 COG048         0.000         0.000         0.000         0.000         0.000
 COG049         0.000         0.000         0.000         0.000         0.000
 COG050         0.000         0.000         0.000         0.000         0.000
 COG051         0.000         0.000         0.000         0.000         0.000
 COG052         0.000         0.000         0.000         0.000         0.000
 COG053         0.000         0.000         0.000         0.000         0.000
 COG054         0.000         0.000         0.000         0.000         0.000
 COG055         0.000         0.000         0.000         0.000         0.000
 COG056         0.000         0.000         0.000         0.000         0.000
 COG057         0.000         0.000         0.000         0.000         0.000
 COG058         0.000         0.000         0.000         0.000         0.000
 COG060         0.000         0.000         0.000         0.000         0.000
 COG061         0.000         0.000         0.000         0.000         0.000
 COG062         0.000         0.000         0.000         0.000         0.000
 COG063         0.000         0.000         0.000         0.000         0.000
 COG064         0.000         0.000         0.000         0.000         0.000
 COG066         0.000         0.000         0.000         0.000         0.000
 CBATT          0.000         0.000         0.000         0.000         0.000


           THETA
              COG046        COG048        COG049        COG050        COG051
              ________      ________      ________      ________      ________
 COG046         1.000
 COG048         0.000         1.000
 COG049         0.000         0.000         1.000
 COG050         0.000         0.000         0.000         1.000
 COG051         0.000         0.000         0.000         0.000         1.000
 COG052         0.000         0.000         0.000         0.000         0.000
 COG053         0.000         0.000         0.000         0.000         0.000
 COG054         0.000         0.000         0.000         0.000         0.000
 COG055         0.000         0.000         0.000         0.000         0.000
 COG056         0.000         0.000         0.000         0.000         0.000
 COG057         0.000         0.000         0.000         0.000         0.000
 COG058         0.000         0.000         0.000         0.000         0.000
 COG060         0.000         0.000         0.000         0.000         0.000
 COG061         0.000         0.000         0.000         0.000         0.000
 COG062         0.000         0.000         0.000         0.000         0.000
 COG063         0.000         0.000         0.000         0.000         0.000
 COG064         0.000         0.000         0.000         0.000         0.000
 COG066         0.000         0.000         0.000         0.000         0.000
 CBATT          0.000         0.000         0.000         0.000         0.000


           THETA
              COG052        COG053        COG054        COG055        COG056
              ________      ________      ________      ________      ________
 COG052         1.000
 COG053         0.000         1.000
 COG054         0.000         0.000         1.000
 COG055         0.000         0.000         0.000         1.000
 COG056         0.000         0.000         0.000         0.000         1.000
 COG057         0.000         0.000         0.000         0.000         0.000
 COG058         0.000         0.000         0.000         0.000         0.000
 COG060         0.000         0.000         0.000         0.000         0.000
 COG061         0.000         0.000         0.000         0.000         0.000
 COG062         0.000         0.000         0.000         0.000         0.000
 COG063         0.000         0.000         0.000         0.000         0.000
 COG064         0.000         0.000         0.000         0.000         0.000
 COG066         0.000         0.000         0.000         0.000         0.000
 CBATT          0.000         0.000         0.000         0.000         0.000


           THETA
              COG057        COG058        COG060        COG061        COG062
              ________      ________      ________      ________      ________
 COG057         1.000
 COG058         0.000         1.000
 COG060         0.000         0.000         1.000
 COG061         0.000         0.000         0.000         1.000
 COG062         0.000         0.000         0.000         0.000         1.000
 COG063         0.000         0.000         0.000         0.000         0.000
 COG064         0.000         0.000         0.000         0.000         0.000
 COG066         0.000         0.000         0.000         0.000         0.000
 CBATT          0.000         0.000         0.000         0.000         0.000


           THETA
              COG063        COG064        COG066        CBATT
              ________      ________      ________      ________
 COG063         1.000
 COG064         0.000         1.000
 COG066         0.000         0.000         1.000
 CBATT          0.000         0.000         0.000         0.000


           ALPHA
              WM            GDP           FS            CBATT
              ________      ________      ________      ________
                0.000         0.000         0.000         0.000


           BETA
              WM            GDP           FS            CBATT
              ________      ________      ________      ________
 WM             0.000         0.000         0.000         0.000
 GDP            0.000         0.000         0.000         0.000
 FS             0.000         0.000         0.000         0.000
 CBATT          0.000         0.000         0.000         0.000


           PSI
              WM            GDP           FS            CBATT
              ________      ________      ________      ________
 WM             0.050
 GDP            0.000         0.050
 FS             0.000         0.000         0.050
 CBATT          0.000         0.000         0.000         0.500


TECHNICAL 4 OUTPUT


     ESTIMATES DERIVED FROM THE MODEL


           ESTIMATED MEANS FOR THE LATENT VARIABLES
              WM            GDP           FS            CBATT
              ________      ________      ________      ________
                0.000         0.000         0.000         0.000


           ESTIMATED COVARIANCE MATRIX FOR THE LATENT VARIABLES
              WM            GDP           FS            CBATT
              ________      ________      ________      ________
 WM             0.190
 GDP            0.124         0.213
 FS             0.254         0.206         0.685
 CBATT         -0.099        -0.062        -0.128         1.000


           ESTIMATED CORRELATION MATRIX FOR THE LATENT VARIABLES
              WM            GDP           FS            CBATT
              ________      ________      ________      ________
 WM             1.000
 GDP            0.615         1.000
 FS             0.704         0.540         1.000
 CBATT         -0.227        -0.135        -0.154         1.000


     ESTIMATES DERIVED FROM THE MODEL


           S.E. FOR ESTIMATED MEANS FOR THE LATENT VARIABLES
              WM            GDP           FS            CBATT
              ________      ________      ________      ________
                0.000         0.000         0.000         0.052


           EST./S.E. FOR ESTIMATED MEANS FOR THE LATENT VARIABLES
              WM            GDP           FS            CBATT
              ________      ________      ________      ________
                0.000         0.000         0.000         0.000


           TWO-TAILED P-VALUE FOR ESTIMATED MEANS FOR THE LATENT VARIABLES
              WM            GDP           FS            CBATT
              ________      ________      ________      ________
                1.000         1.000         1.000         1.000


           S.E. FOR ESTIMATED COVARIANCE MATRIX FOR THE LATENT VARIABLES
              WM            GDP           FS            CBATT
              ________      ________      ________      ________
 WM             0.055
 GDP            0.026         0.050
 FS             0.043         0.030         0.050
 CBATT          0.026         0.022         0.033         0.058


           EST./S.E. FOR ESTIMATED COVARIANCE MATRIX FOR THE LATENT VARIABLES
              WM            GDP           FS            CBATT
              ________      ________      ________      ________
 WM             3.477
 GDP            4.668         4.279
 FS             5.900         6.919        13.666
 CBATT         -3.833        -2.836        -3.897        17.196


           TWO-TAILED P-VALUE FOR ESTIMATED COVARIANCE MATRIX FOR THE LATENT VARIABLES
              WM            GDP           FS            CBATT
              ________      ________      ________      ________
 WM             0.001
 GDP            0.000         0.000
 FS             0.000         0.000         0.000
 CBATT          0.000         0.005         0.000         0.000


           S.E. FOR ESTIMATED CORRELATION MATRIX FOR THE LATENT VARIABLES
              WM            GDP           FS            CBATT
              ________      ________      ________      ________
 WM             0.000
 GDP            0.050         0.000
 FS             0.041         0.037         0.000
 CBATT          0.047         0.044         0.038         0.000


           EST./S.E. FOR ESTIMATED CORRELATION MATRIX FOR THE LATENT VARIABLES
              WM            GDP           FS            CBATT
              ________      ________      ________      ________
 WM           999.000
 GDP           12.383       999.000
 FS            17.256        14.404       999.000
 CBATT         -4.856        -3.082        -4.022       999.000


           TWO-TAILED P-VALUE FOR ESTIMATED CORRELATION MATRIX FOR THE LATENT VARIABLES
              WM            GDP           FS            CBATT
              ________      ________      ________      ________
 WM             0.000
 GDP            0.000         0.000
 FS             0.000         0.000         0.000
 CBATT          0.000         0.002         0.000         0.000


SAMPLE STATISTICS FOR ESTIMATED FACTOR SCORES


     SAMPLE STATISTICS


           Means
              WM            WM_SE         GDP           GDP_SE        FS
              ________      ________      ________      ________      ________
                0.020         0.229        -0.017         0.259         0.007


           Means
              FS_SE
              ________
                0.282


           Covariances
              WM            WM_SE         GDP           GDP_SE        FS
              ________      ________      ________      ________      ________
 WM             0.119
 WM_SE         -0.011         0.003
 GDP            0.097        -0.007         0.125
 GDP_SE         0.006         0.000         0.010         0.001
 FS             0.218        -0.018         0.180         0.012         0.558
 FS_SE         -0.005         0.002        -0.003         0.000        -0.011


           Covariances
              FS_SE
              ________
 FS_SE          0.003


           Correlations
              WM            WM_SE         GDP           GDP_SE        FS
              ________      ________      ________      ________      ________
 WM             1.000
 WM_SE         -0.527         1.000
 GDP            0.793        -0.317         1.000
 GDP_SE         0.594        -0.116         0.879         1.000
 FS             0.843        -0.402         0.682         0.501         1.000
 FS_SE         -0.275         0.538        -0.145         0.132        -0.282


           Correlations
              FS_SE
              ________
 FS_SE          1.000


SAVEDATA INFORMATION


  Save file
    ../../fscores_structural.dat

  Order and format of variables

    COG040         F10.3
    COG041         F10.3
    COG043         F10.3
    COG044         F10.3
    COG045         F10.3
    COG046         F10.3
    COG048         F10.3
    COG049         F10.3
    COG050         F10.3
    COG051         F10.3
    COG052         F10.3
    COG053         F10.3
    COG054         F10.3
    COG055         F10.3
    COG056         F10.3
    COG057         F10.3
    COG058         F10.3
    COG060         F10.3
    COG061         F10.3
    COG062         F10.3
    COG063         F10.3
    COG064         F10.3
    COG066         F10.3
    CBATT          F10.3
    WM             F10.3
    WM_SE          F10.3
    GDP            F10.3
    GDP_SE         F10.3
    FS             F10.3
    FS_SE          F10.3

  Save file format
    30F10.3

  Save file record length    10000

  Save missing symbol        *


     Beginning Time:  14:45:22
        Ending Time:  14:45:22
       Elapsed Time:  00:00:00



MUTHEN & MUTHEN
3463 Stoner Ave.
Los Angeles, CA  90066

Tel: (310) 391-9971
Fax: (310) 391-8971
Web: www.StatModel.com
Support: Support@StatModel.com

Copyright (c) 1998-2021 Muthen & Muthen
