Mplus VERSION 8.6
MUTHEN & MUTHEN
06/04/2026   2:45 PM

INPUT INSTRUCTIONS

  TITLE:
    Structural model - UNIDIM - ECNeg outcome ~ COG
    WLSMV estimator; items treated as categorical (binary)
    Single factor: COG (all items load on one factor)

  DATA:
    FILE = "../../combined.dat";

  VARIABLE:
    NAMES ARE
      COG034 COG035 COG036 COG037 COG038 COG039 COG040 COG041
      COG042 COG043 COG044 COG045 COG046 COG047 COG048 COG049 COG050
      COG051 COG052 COG053 COG054 COG055 COG056 COG057 COG058
      COG060 COG061 COG062 COG063 COG064 COG065 COG066 COG067 COG068
      GA BirthWt Sex HdCirc IUGR GDiab PrEcl AntCor_P AntCor_C
      MomAge MomEdu DadEdu EthSAsian EthBlack EthMixed EthOther
      MomEng EPDSTot StimEnv PrLax PrOvr PrVrb PrSty
      CBInt CBExt CBTot CBAnx CBWth CBSom CBSlp CBAtt CBAgg
      ECSur ECNeg ECEff BayMot BayLan QchatTot;

    USEVARIABLES ARE
      COG040 COG041
      COG043 COG044 COG045 COG046 COG048 COG049 COG050
      COG051 COG052 COG053 COG054 COG055 COG056 COG057 COG058
      COG060 COG061 COG062 COG063 COG064 COG066
      ECNeg;

    CATEGORICAL ARE
      COG040 COG041
      COG043 COG044 COG045 COG046 COG048 COG049 COG050
      COG051 COG052 COG053 COG054 COG055 COG056 COG057 COG058
      COG060 COG061 COG062 COG063 COG064 COG066;

    MISSING ARE ALL (-999);

  DEFINE:
    STANDARDIZE ECNeg;

  ANALYSIS:
    ESTIMATOR = WLSMV;

  MODEL:
    COG BY
      COG040 COG045 COG050 COG064
      COG041 COG043 COG044 COG046
      COG048 COG052 COG053 COG057
      COG049 COG051 COG054 COG055 COG056
      COG058 COG060 COG061 COG062 COG063 COG066;

    ECNeg WITH COG;

  OUTPUT:
    STANDARDIZED;
    MODINDICES(10);
    RESIDUAL;
    SAMPSTAT;
    TECH1;
    TECH4;
    CINTERVAL;

  SAVEDATA:
    FILE = "../../fscores_structural.dat";
    SAVE = FSCORES;



INPUT READING TERMINATED NORMALLY




Structural model - UNIDIM - ECNeg outcome ~ COG
WLSMV estimator; items treated as categorical (binary)
Single factor: COG (all items load on one factor)

SUMMARY OF ANALYSIS

Number of groups                                                 1
Number of observations                                         739

Number of dependent variables                                   24
Number of independent variables                                  0
Number of continuous latent variables                            1

Observed dependent variables

  Continuous
   ECNEG

  Binary and ordered categorical (ordinal)
   COG040      COG041      COG043      COG044      COG045      COG046
   COG048      COG049      COG050      COG051      COG052      COG053
   COG054      COG055      COG056      COG057      COG058      COG060
   COG061      COG062      COG063      COG064      COG066

Continuous latent variables
   COG


Estimator                                                    WLSMV
Maximum number of iterations                                  1000
Convergence criterion                                    0.500D-04
Maximum number of steepest descent iterations                   20
Maximum number of iterations for H1                           2000
Convergence criterion for H1                             0.100D-03
Parameterization                                             DELTA
Link                                                        PROBIT

Input data file(s)
  ../../combined.dat

Input data format  FREE


SUMMARY OF DATA

     Number of missing data patterns             2


COVARIANCE COVERAGE OF DATA

Minimum covariance coverage value   0.100


     PROPORTION OF DATA PRESENT


           Covariance Coverage
              COG040        COG041        COG043        COG044        COG045
              ________      ________      ________      ________      ________
 COG040         1.000
 COG041         1.000         1.000
 COG043         1.000         1.000         1.000
 COG044         1.000         1.000         1.000         1.000
 COG045         1.000         1.000         1.000         1.000         1.000
 COG046         1.000         1.000         1.000         1.000         1.000
 COG048         1.000         1.000         1.000         1.000         1.000
 COG049         1.000         1.000         1.000         1.000         1.000
 COG050         1.000         1.000         1.000         1.000         1.000
 COG051         1.000         1.000         1.000         1.000         1.000
 COG052         1.000         1.000         1.000         1.000         1.000
 COG053         1.000         1.000         1.000         1.000         1.000
 COG054         1.000         1.000         1.000         1.000         1.000
 COG055         1.000         1.000         1.000         1.000         1.000
 COG056         1.000         1.000         1.000         1.000         1.000
 COG057         1.000         1.000         1.000         1.000         1.000
 COG058         1.000         1.000         1.000         1.000         1.000
 COG060         1.000         1.000         1.000         1.000         1.000
 COG061         1.000         1.000         1.000         1.000         1.000
 COG062         1.000         1.000         1.000         1.000         1.000
 COG063         1.000         1.000         1.000         1.000         1.000
 COG064         1.000         1.000         1.000         1.000         1.000
 COG066         1.000         1.000         1.000         1.000         1.000
 ECNEG          0.977         0.977         0.977         0.977         0.977


           Covariance Coverage
              COG046        COG048        COG049        COG050        COG051
              ________      ________      ________      ________      ________
 COG046         1.000
 COG048         1.000         1.000
 COG049         1.000         1.000         1.000
 COG050         1.000         1.000         1.000         1.000
 COG051         1.000         1.000         1.000         1.000         1.000
 COG052         1.000         1.000         1.000         1.000         1.000
 COG053         1.000         1.000         1.000         1.000         1.000
 COG054         1.000         1.000         1.000         1.000         1.000
 COG055         1.000         1.000         1.000         1.000         1.000
 COG056         1.000         1.000         1.000         1.000         1.000
 COG057         1.000         1.000         1.000         1.000         1.000
 COG058         1.000         1.000         1.000         1.000         1.000
 COG060         1.000         1.000         1.000         1.000         1.000
 COG061         1.000         1.000         1.000         1.000         1.000
 COG062         1.000         1.000         1.000         1.000         1.000
 COG063         1.000         1.000         1.000         1.000         1.000
 COG064         1.000         1.000         1.000         1.000         1.000
 COG066         1.000         1.000         1.000         1.000         1.000
 ECNEG          0.977         0.977         0.977         0.977         0.977


           Covariance Coverage
              COG052        COG053        COG054        COG055        COG056
              ________      ________      ________      ________      ________
 COG052         1.000
 COG053         1.000         1.000
 COG054         1.000         1.000         1.000
 COG055         1.000         1.000         1.000         1.000
 COG056         1.000         1.000         1.000         1.000         1.000
 COG057         1.000         1.000         1.000         1.000         1.000
 COG058         1.000         1.000         1.000         1.000         1.000
 COG060         1.000         1.000         1.000         1.000         1.000
 COG061         1.000         1.000         1.000         1.000         1.000
 COG062         1.000         1.000         1.000         1.000         1.000
 COG063         1.000         1.000         1.000         1.000         1.000
 COG064         1.000         1.000         1.000         1.000         1.000
 COG066         1.000         1.000         1.000         1.000         1.000
 ECNEG          0.977         0.977         0.977         0.977         0.977


           Covariance Coverage
              COG057        COG058        COG060        COG061        COG062
              ________      ________      ________      ________      ________
 COG057         1.000
 COG058         1.000         1.000
 COG060         1.000         1.000         1.000
 COG061         1.000         1.000         1.000         1.000
 COG062         1.000         1.000         1.000         1.000         1.000
 COG063         1.000         1.000         1.000         1.000         1.000
 COG064         1.000         1.000         1.000         1.000         1.000
 COG066         1.000         1.000         1.000         1.000         1.000
 ECNEG          0.977         0.977         0.977         0.977         0.977


           Covariance Coverage
              COG063        COG064        COG066        ECNEG
              ________      ________      ________      ________
 COG063         1.000
 COG064         1.000         1.000
 COG066         1.000         1.000         1.000
 ECNEG          0.977         0.977         0.977         0.977


UNIVARIATE PROPORTIONS AND COUNTS FOR CATEGORICAL VARIABLES

    COG040
      Category 1    0.127           94.000
      Category 2    0.873          645.000
    COG041
      Category 1    0.280          207.000
      Category 2    0.720          532.000
    COG043
      Category 1    0.143          106.000
      Category 2    0.857          633.000
    COG044
      Category 1    0.112           83.000
      Category 2    0.888          656.000
    COG045
      Category 1    0.372          275.000
      Category 2    0.628          464.000
    COG046
      Category 1    0.513          379.000
      Category 2    0.487          360.000
    COG048
      Category 1    0.108           80.000
      Category 2    0.892          659.000
    COG049
      Category 1    0.156          115.000
      Category 2    0.844          624.000
    COG050
      Category 1    0.273          202.000
      Category 2    0.727          537.000
    COG051
      Category 1    0.120           89.000
      Category 2    0.880          650.000
    COG052
      Category 1    0.317          234.000
      Category 2    0.683          505.000
    COG053
      Category 1    0.334          247.000
      Category 2    0.666          492.000
    COG054
      Category 1    0.332          245.000
      Category 2    0.668          494.000
    COG055
      Category 1    0.122           90.000
      Category 2    0.878          649.000
    COG056
      Category 1    0.441          326.000
      Category 2    0.559          413.000
    COG057
      Category 1    0.816          603.000
      Category 2    0.184          136.000
    COG058
      Category 1    0.434          321.000
      Category 2    0.566          418.000
    COG060
      Category 1    0.612          452.000
      Category 2    0.388          287.000
    COG061
      Category 1    0.759          561.000
      Category 2    0.241          178.000
    COG062
      Category 1    0.850          628.000
      Category 2    0.150          111.000
    COG063
      Category 1    0.886          655.000
      Category 2    0.114           84.000
    COG064
      Category 1    0.763          564.000
      Category 2    0.237          175.000
    COG066
      Category 1    0.824          609.000
      Category 2    0.176          130.000


SAMPLE STATISTICS


     ESTIMATED SAMPLE STATISTICS


           MEANS/INTERCEPTS/THRESHOLDS
              COG040$1      COG041$1      COG043$1      COG044$1      COG045$1
              ________      ________      ________      ________      ________
               -1.140        -0.583        -1.065        -1.214        -0.326


           MEANS/INTERCEPTS/THRESHOLDS
              COG046$1      COG048$1      COG049$1      COG050$1      COG051$1
              ________      ________      ________      ________      ________
                0.032        -1.236        -1.013        -0.603        -1.173


           MEANS/INTERCEPTS/THRESHOLDS
              COG052$1      COG053$1      COG054$1      COG055$1      COG056$1
              ________      ________      ________      ________      ________
               -0.477        -0.428        -0.436        -1.166        -0.148


           MEANS/INTERCEPTS/THRESHOLDS
              COG057$1      COG058$1      COG060$1      COG061$1      COG062$1
              ________      ________      ________      ________      ________
                0.900        -0.165         0.284         0.704         1.036


           MEANS/INTERCEPTS/THRESHOLDS
              COG063$1      COG064$1      COG066$1      ECNEG
              ________      ________      ________      ________
                1.207         0.717         0.931         0.000


           CORRELATION MATRIX (WITH VARIANCES ON THE DIAGONAL)
              COG040        COG041        COG043        COG044        COG045
              ________      ________      ________      ________      ________
 COG040
 COG041         0.088
 COG043         0.095         0.221
 COG044         0.340         0.318         0.291
 COG045         0.534         0.217         0.265         0.304
 COG046         0.193         0.179         0.160         0.241         0.214
 COG048         0.123         0.213         0.261         0.357         0.154
 COG049         0.307         0.188         0.310         0.301         0.315
 COG050         0.487         0.247         0.310         0.330         0.573
 COG051         0.265         0.293         0.283         0.339         0.335
 COG052         0.128         0.202         0.572         0.272         0.206
 COG053         0.080         0.160         0.152         0.329         0.231
 COG054         0.169         0.166         0.320         0.230         0.192
 COG055         0.187         0.319         0.438         0.334         0.262
 COG056         0.235         0.168         0.286         0.324         0.247
 COG057         0.084         0.315         0.107         0.063         0.104
 COG058         0.133         0.192         0.267         0.246         0.238
 COG060         0.202         0.249         0.351         0.322         0.297
 COG061         0.056         0.256         0.402         0.228         0.155
 COG062         0.230         0.351         0.447         0.230         0.314
 COG063         0.180         0.322         0.264         0.244         0.179
 COG064         0.325         0.276         0.396         0.313         0.300
 COG066         0.151         0.333         0.398         0.372         0.235
 ECNEG         -0.030         0.045        -0.045        -0.054         0.016


           CORRELATION MATRIX (WITH VARIANCES ON THE DIAGONAL)
              COG046        COG048        COG049        COG050        COG051
              ________      ________      ________      ________      ________
 COG048         0.221
 COG049         0.229         0.204
 COG050         0.126         0.262         0.400
 COG051         0.228         0.354         0.686         0.402
 COG052         0.000         0.242         0.277         0.273         0.343
 COG053         0.133         0.909         0.188         0.242         0.266
 COG054         0.087         0.218         0.249         0.289         0.335
 COG055         0.269         0.326         0.628         0.411         0.713
 COG056         0.229         0.086         0.904         0.311         0.723
 COG057         0.124         0.174         0.272         0.113         0.245
 COG058         0.226         0.151         0.564         0.276         0.897
 COG060         0.256         0.178         0.711         0.352         0.682
 COG061         0.284         0.079         0.489         0.317         0.534
 COG062         0.361         0.137         0.469         0.253         0.466
 COG063         0.302         0.129         0.550         0.371         0.397
 COG064         0.248         0.371         0.423         0.323         0.483
 COG066         0.386         0.230         0.697         0.302         0.652
 ECNEG          0.105        -0.146        -0.116        -0.045        -0.073


           CORRELATION MATRIX (WITH VARIANCES ON THE DIAGONAL)
              COG052        COG053        COG054        COG055        COG056
              ________      ________      ________      ________      ________
 COG053         0.260
 COG054         0.380         0.211
 COG055         0.474         0.307         0.405
 COG056         0.281         0.168         0.223         0.688
 COG057         0.210         0.136         0.252         0.460         0.249
 COG058         0.231         0.082         0.310         0.732         0.791
 COG060         0.320         0.156         0.345         0.619         0.899
 COG061         0.354         0.140         0.340         0.662         0.641
 COG062         0.284         0.167         0.198         0.624         0.461
 COG063         0.347         0.206         0.293         0.572         0.650
 COG064         0.372         0.362         0.440         0.658         0.633
 COG066         0.320         0.201         0.431         0.654         0.805
 ECNEG         -0.078        -0.058         0.070        -0.043        -0.053


           CORRELATION MATRIX (WITH VARIANCES ON THE DIAGONAL)
              COG057        COG058        COG060        COG061        COG062
              ________      ________      ________      ________      ________
 COG058         0.332
 COG060         0.332         0.800
 COG061         0.392         0.609         0.647
 COG062         0.280         0.503         0.504         0.563
 COG063         0.344         0.644         0.701         0.838         0.536
 COG064         0.337         0.590         0.636         0.615         0.521
 COG066         0.328         0.886         0.838         0.822         0.680
 ECNEG          0.006        -0.056        -0.044        -0.044         0.043


           CORRELATION MATRIX (WITH VARIANCES ON THE DIAGONAL)
              COG063        COG064        COG066        ECNEG
              ________      ________      ________      ________
 COG064         0.620
 COG066         0.754         0.757
 ECNEG          0.023        -0.051         0.014         1.000


UNIVARIATE SAMPLE STATISTICS


     UNIVARIATE HIGHER-ORDER MOMENT DESCRIPTIVE STATISTICS

         Variable/         Mean/     Skewness/   Minimum/ % with                Percentiles
        Sample Size      Variance    Kurtosis    Maximum  Min/Max      20%/60%    40%/80%    Median

     ECNEG                 0.000       0.949      -1.995    0.42%      -0.779     -0.281     -0.164
             722.000       1.000       1.459       4.114    0.14%       0.085      0.686


     THIS ANALYSIS MAY HAVE MULTIPLE SOLUTIONS.  EXPLORE THIS USING RANDOM STARTS,
     FOR EXAMPLE, STARTS = 20.  USE A LARGE ENOUGH NUMBER OF STARTS SO THAT THE
     BEST FIT FUNCTION VALUE IS REPLICATED SEVERAL TIMES.


THE MODEL ESTIMATION TERMINATED NORMALLY



MODEL FIT INFORMATION

Number of Free Parameters                       49

Chi-Square Test of Model Fit

          Value                           1224.742*
          Degrees of Freedom                   252
          P-Value                           0.0000

*   The chi-square value for MLM, MLMV, MLR, ULSMV, WLSM and WLSMV cannot be used
    for chi-square difference testing in the regular way.  MLM, MLR and WLSM
    chi-square difference testing is described on the Mplus website.  MLMV, WLSMV,
    and ULSMV difference testing is done using the DIFFTEST option.

RMSEA (Root Mean Square Error Of Approximation)

          Estimate                           0.072
          90 Percent C.I.                    0.068  0.076
          Probability RMSEA <= .05           0.000

CFI/TLI

          CFI                                0.885
          TLI                                0.874

Chi-Square Test of Model Fit for the Baseline Model

          Value                           8720.701
          Degrees of Freedom                   276
          P-Value                           0.0000

SRMR (Standardized Root Mean Square Residual)

          Value                              0.110

Optimum Function Value for Weighted Least-Squares Estimator

          Value                     0.85066666D+00



MODEL RESULTS

                                                    Two-Tailed
                    Estimate       S.E.  Est./S.E.    P-Value

 COG      BY
    COG040             1.000      0.000    999.000    999.000
    COG045             1.221      0.214      5.695      0.000
    COG050             1.472      0.259      5.681      0.000
    COG064             2.281      0.406      5.620      0.000
    COG041             1.065      0.224      4.755      0.000
    COG043             1.448      0.299      4.839      0.000
    COG044             1.328      0.264      5.038      0.000
    COG046             0.999      0.210      4.763      0.000
    COG048             1.684      0.318      5.299      0.000
    COG052             1.364      0.263      5.186      0.000
    COG053             1.417      0.273      5.201      0.000
    COG057             1.178      0.250      4.712      0.000
    COG049             2.470      0.439      5.631      0.000
    COG051             2.366      0.426      5.552      0.000
    COG054             1.306      0.255      5.129      0.000
    COG055             2.496      0.444      5.621      0.000
    COG056             2.804      0.494      5.675      0.000
    COG058             2.435      0.435      5.598      0.000
    COG060             2.748      0.484      5.680      0.000
    COG061             2.448      0.439      5.571      0.000
    COG062             1.943      0.354      5.490      0.000
    COG063             2.504      0.447      5.605      0.000
    COG066             2.842      0.503      5.654      0.000

 ECNEG    WITH
    COG               -0.016      0.014     -1.180      0.238

 Means
    ECNEG              0.000      0.043      0.000      1.000

 Thresholds
    COG040$1          -1.140      0.059    -19.376      0.000
    COG041$1          -0.583      0.049    -11.873      0.000
    COG043$1          -1.065      0.057    -18.689      0.000
    COG044$1          -1.214      0.061    -19.954      0.000
    COG045$1          -0.326      0.047     -6.940      0.000
    COG046$1           0.032      0.046      0.699      0.485
    COG048$1          -1.236      0.061    -20.100      0.000
    COG049$1          -1.013      0.056    -18.143      0.000
    COG050$1          -0.603      0.049    -12.231      0.000
    COG051$1          -1.173      0.060    -19.646      0.000
    COG052$1          -0.477      0.048     -9.927      0.000
    COG053$1          -0.428      0.048     -8.983      0.000
    COG054$1          -0.436      0.048     -9.128      0.000
    COG055$1          -1.166      0.060    -19.593      0.000
    COG056$1          -0.148      0.046     -3.199      0.001
    COG057$1           0.900      0.054     16.800      0.000
    COG058$1          -0.165      0.046     -3.567      0.000
    COG060$1           0.284      0.047      6.062      0.000
    COG061$1           0.704      0.050     13.931      0.000
    COG062$1           1.036      0.056     18.388      0.000
    COG063$1           1.207      0.061     19.904      0.000
    COG064$1           0.717      0.051     14.141      0.000
    COG066$1           0.931      0.054     17.192      0.000

 Variances
    ECNEG              1.000      0.047     21.492      0.000
    COG                0.108      0.038      2.838      0.005


QUALITY OF NUMERICAL RESULTS

     Condition Number for the Information Matrix              0.191E-05
       (ratio of smallest to largest eigenvalue)


STANDARDIZED MODEL RESULTS


STDYX Standardization

                                                    Two-Tailed
                    Estimate       S.E.  Est./S.E.    P-Value

 COG      BY
    COG040             0.328      0.058      5.677      0.000
    COG045             0.401      0.042      9.608      0.000
    COG050             0.483      0.042     11.623      0.000
    COG064             0.749      0.029     25.479      0.000
    COG041             0.350      0.045      7.746      0.000
    COG043             0.475      0.053      8.998      0.000
    COG044             0.436      0.058      7.559      0.000
    COG046             0.328      0.043      7.640      0.000
    COG048             0.553      0.054     10.187      0.000
    COG052             0.448      0.041     10.964      0.000
    COG053             0.465      0.039     12.013      0.000
    COG057             0.387      0.050      7.784      0.000
    COG049             0.811      0.030     26.900      0.000
    COG051             0.777      0.041     19.092      0.000
    COG054             0.429      0.042     10.156      0.000
    COG055             0.819      0.037     22.355      0.000
    COG056             0.920      0.015     61.632      0.000
    COG058             0.799      0.022     36.640      0.000
    COG060             0.902      0.015     59.812      0.000
    COG061             0.803      0.025     32.191      0.000
    COG062             0.638      0.041     15.478      0.000
    COG063             0.822      0.031     26.679      0.000
    COG066             0.933      0.019     49.769      0.000

 ECNEG    WITH
    COG               -0.050      0.041     -1.214      0.225

 Means
    ECNEG              0.000      0.043      0.000      1.000

 Thresholds
    COG040$1          -1.140      0.059    -19.376      0.000
    COG041$1          -0.583      0.049    -11.873      0.000
    COG043$1          -1.065      0.057    -18.689      0.000
    COG044$1          -1.214      0.061    -19.954      0.000
    COG045$1          -0.326      0.047     -6.940      0.000
    COG046$1           0.032      0.046      0.699      0.485
    COG048$1          -1.236      0.061    -20.100      0.000
    COG049$1          -1.013      0.056    -18.143      0.000
    COG050$1          -0.603      0.049    -12.231      0.000
    COG051$1          -1.173      0.060    -19.646      0.000
    COG052$1          -0.477      0.048     -9.927      0.000
    COG053$1          -0.428      0.048     -8.983      0.000
    COG054$1          -0.436      0.048     -9.128      0.000
    COG055$1          -1.166      0.060    -19.593      0.000
    COG056$1          -0.148      0.046     -3.199      0.001
    COG057$1           0.900      0.054     16.800      0.000
    COG058$1          -0.165      0.046     -3.567      0.000
    COG060$1           0.284      0.047      6.062      0.000
    COG061$1           0.704      0.050     13.931      0.000
    COG062$1           1.036      0.056     18.388      0.000
    COG063$1           1.207      0.061     19.904      0.000
    COG064$1           0.717      0.051     14.141      0.000
    COG066$1           0.931      0.054     17.192      0.000

 Variances
    ECNEG              1.000      0.000    999.000    999.000
    COG                1.000      0.000    999.000    999.000


STDY Standardization

                                                    Two-Tailed
                    Estimate       S.E.  Est./S.E.    P-Value

 COG      BY
    COG040             0.328      0.058      5.677      0.000
    COG045             0.401      0.042      9.608      0.000
    COG050             0.483      0.042     11.623      0.000
    COG064             0.749      0.029     25.479      0.000
    COG041             0.350      0.045      7.746      0.000
    COG043             0.475      0.053      8.998      0.000
    COG044             0.436      0.058      7.559      0.000
    COG046             0.328      0.043      7.640      0.000
    COG048             0.553      0.054     10.187      0.000
    COG052             0.448      0.041     10.964      0.000
    COG053             0.465      0.039     12.013      0.000
    COG057             0.387      0.050      7.784      0.000
    COG049             0.811      0.030     26.900      0.000
    COG051             0.777      0.041     19.092      0.000
    COG054             0.429      0.042     10.156      0.000
    COG055             0.819      0.037     22.355      0.000
    COG056             0.920      0.015     61.632      0.000
    COG058             0.799      0.022     36.640      0.000
    COG060             0.902      0.015     59.812      0.000
    COG061             0.803      0.025     32.191      0.000
    COG062             0.638      0.041     15.478      0.000
    COG063             0.822      0.031     26.679      0.000
    COG066             0.933      0.019     49.769      0.000

 ECNEG    WITH
    COG               -0.050      0.041     -1.214      0.225

 Means
    ECNEG              0.000      0.043      0.000      1.000

 Thresholds
    COG040$1          -1.140      0.059    -19.376      0.000
    COG041$1          -0.583      0.049    -11.873      0.000
    COG043$1          -1.065      0.057    -18.689      0.000
    COG044$1          -1.214      0.061    -19.954      0.000
    COG045$1          -0.326      0.047     -6.940      0.000
    COG046$1           0.032      0.046      0.699      0.485
    COG048$1          -1.236      0.061    -20.100      0.000
    COG049$1          -1.013      0.056    -18.143      0.000
    COG050$1          -0.603      0.049    -12.231      0.000
    COG051$1          -1.173      0.060    -19.646      0.000
    COG052$1          -0.477      0.048     -9.927      0.000
    COG053$1          -0.428      0.048     -8.983      0.000
    COG054$1          -0.436      0.048     -9.128      0.000
    COG055$1          -1.166      0.060    -19.593      0.000
    COG056$1          -0.148      0.046     -3.199      0.001
    COG057$1           0.900      0.054     16.800      0.000
    COG058$1          -0.165      0.046     -3.567      0.000
    COG060$1           0.284      0.047      6.062      0.000
    COG061$1           0.704      0.050     13.931      0.000
    COG062$1           1.036      0.056     18.388      0.000
    COG063$1           1.207      0.061     19.904      0.000
    COG064$1           0.717      0.051     14.141      0.000
    COG066$1           0.931      0.054     17.192      0.000

 Variances
    ECNEG              1.000      0.000    999.000    999.000
    COG                1.000      0.000    999.000    999.000


STD Standardization

                                                    Two-Tailed
                    Estimate       S.E.  Est./S.E.    P-Value

 COG      BY
    COG040             0.328      0.058      5.677      0.000
    COG045             0.401      0.042      9.608      0.000
    COG050             0.483      0.042     11.623      0.000
    COG064             0.749      0.029     25.479      0.000
    COG041             0.350      0.045      7.746      0.000
    COG043             0.475      0.053      8.998      0.000
    COG044             0.436      0.058      7.559      0.000
    COG046             0.328      0.043      7.640      0.000
    COG048             0.553      0.054     10.187      0.000
    COG052             0.448      0.041     10.964      0.000
    COG053             0.465      0.039     12.013      0.000
    COG057             0.387      0.050      7.784      0.000
    COG049             0.811      0.030     26.900      0.000
    COG051             0.777      0.041     19.092      0.000
    COG054             0.429      0.042     10.156      0.000
    COG055             0.819      0.037     22.355      0.000
    COG056             0.920      0.015     61.632      0.000
    COG058             0.799      0.022     36.640      0.000
    COG060             0.902      0.015     59.812      0.000
    COG061             0.803      0.025     32.191      0.000
    COG062             0.638      0.041     15.478      0.000
    COG063             0.822      0.031     26.679      0.000
    COG066             0.933      0.019     49.769      0.000

 ECNEG    WITH
    COG               -0.050      0.041     -1.213      0.225

 Means
    ECNEG              0.000      0.043      0.000      1.000

 Thresholds
    COG040$1          -1.140      0.059    -19.376      0.000
    COG041$1          -0.583      0.049    -11.873      0.000
    COG043$1          -1.065      0.057    -18.689      0.000
    COG044$1          -1.214      0.061    -19.954      0.000
    COG045$1          -0.326      0.047     -6.940      0.000
    COG046$1           0.032      0.046      0.699      0.485
    COG048$1          -1.236      0.061    -20.100      0.000
    COG049$1          -1.013      0.056    -18.143      0.000
    COG050$1          -0.603      0.049    -12.231      0.000
    COG051$1          -1.173      0.060    -19.646      0.000
    COG052$1          -0.477      0.048     -9.927      0.000
    COG053$1          -0.428      0.048     -8.983      0.000
    COG054$1          -0.436      0.048     -9.128      0.000
    COG055$1          -1.166      0.060    -19.593      0.000
    COG056$1          -0.148      0.046     -3.199      0.001
    COG057$1           0.900      0.054     16.800      0.000
    COG058$1          -0.165      0.046     -3.567      0.000
    COG060$1           0.284      0.047      6.062      0.000
    COG061$1           0.704      0.050     13.931      0.000
    COG062$1           1.036      0.056     18.388      0.000
    COG063$1           1.207      0.061     19.904      0.000
    COG064$1           0.717      0.051     14.141      0.000
    COG066$1           0.931      0.054     17.192      0.000

 Variances
    ECNEG              1.000      0.047     21.492      0.000
    COG                1.000      0.000    999.000    999.000


R-SQUARE

    Observed                                        Two-Tailed   Residual
    Variable        Estimate       S.E.  Est./S.E.    P-Value    Variance

    COG040             0.108      0.038      2.838      0.005      0.892
    COG041             0.122      0.032      3.873      0.000      0.878
    COG043             0.226      0.050      4.499      0.000      0.774
    COG044             0.190      0.050      3.779      0.000      0.810
    COG045             0.160      0.033      4.804      0.000      0.840
    COG046             0.108      0.028      3.820      0.000      0.892
    COG048             0.305      0.060      5.094      0.000      0.695
    COG049             0.657      0.049     13.450      0.000      0.343
    COG050             0.233      0.040      5.811      0.000      0.767
    COG051             0.603      0.063      9.546      0.000      0.397
    COG052             0.200      0.037      5.482      0.000      0.800
    COG053             0.216      0.036      6.007      0.000      0.784
    COG054             0.184      0.036      5.078      0.000      0.816
    COG055             0.671      0.060     11.177      0.000      0.329
    COG056             0.847      0.027     30.816      0.000      0.153
    COG057             0.149      0.038      3.892      0.000      0.851
    COG058             0.639      0.035     18.320      0.000      0.361
    COG060             0.813      0.027     29.906      0.000      0.187
    COG061             0.646      0.040     16.096      0.000      0.354
    COG062             0.407      0.053      7.739      0.000      0.593
    COG063             0.676      0.051     13.339      0.000      0.324
    COG064             0.561      0.044     12.740      0.000      0.439
    COG066             0.870      0.035     24.884      0.000      0.130


CONFIDENCE INTERVALS OF MODEL RESULTS

                  Lower .5%  Lower 2.5%    Lower 5%    Estimate    Upper 5%  Upper 2.5%   Upper .5%

 COG      BY
    COG040           1.000       1.000       1.000       1.000       1.000       1.000       1.000
    COG045           0.669       0.800       0.868       1.221       1.573       1.641       1.773
    COG050           0.805       0.964       1.046       1.472       1.898       1.980       2.139
    COG064           1.236       1.486       1.613       2.281       2.949       3.077       3.327
    COG041           0.488       0.626       0.697       1.065       1.434       1.504       1.642
    COG043           0.677       0.862       0.956       1.448       1.940       2.035       2.219
    COG044           0.649       0.811       0.894       1.328       1.762       1.845       2.007
    COG046           0.459       0.588       0.654       0.999       1.344       1.410       1.539
    COG048           0.865       1.061       1.161       1.684       2.207       2.307       2.503
    COG052           0.687       0.849       0.931       1.364       1.797       1.880       2.042
    COG053           0.715       0.883       0.969       1.417       1.866       1.952       2.119
    COG057           0.534       0.688       0.767       1.178       1.589       1.668       1.822
    COG049           1.340       1.610       1.748       2.470       3.192       3.330       3.600
    COG051           1.268       1.531       1.665       2.366       3.067       3.201       3.464
    COG054           0.650       0.807       0.887       1.306       1.725       1.805       1.961
    COG055           1.352       1.626       1.766       2.496       3.227       3.366       3.640
    COG056           1.531       1.835       1.991       2.804       3.616       3.772       4.076
    COG058           1.315       1.582       1.719       2.435       3.151       3.288       3.555
    COG060           1.502       1.799       1.952       2.748       3.543       3.696       3.994
    COG061           1.316       1.587       1.725       2.448       3.171       3.309       3.580
    COG062           1.032       1.250       1.361       1.943       2.526       2.637       2.855
    COG063           1.354       1.629       1.769       2.504       3.239       3.380       3.655
    COG066           1.547       1.857       2.015       2.842       3.668       3.827       4.136

 ECNEG    WITH
    COG             -0.052      -0.044      -0.039      -0.016       0.006       0.011       0.019

 Means
    ECNEG           -0.111      -0.085      -0.071       0.000       0.071       0.085       0.111

 Thresholds
    COG040$1        -1.291      -1.255      -1.236      -1.140      -1.043      -1.024      -0.988
    COG041$1        -0.709      -0.679      -0.663      -0.583      -0.502      -0.486      -0.456
    COG043$1        -1.212      -1.177      -1.159      -1.065      -0.971      -0.953      -0.918
    COG044$1        -1.371      -1.334      -1.314      -1.214      -1.114      -1.095      -1.058
    COG045$1        -0.447      -0.418      -0.404      -0.326      -0.249      -0.234      -0.205
    COG046$1        -0.087      -0.058      -0.044       0.032       0.108       0.123       0.151
    COG048$1        -1.394      -1.356      -1.337      -1.236      -1.135      -1.115      -1.077
    COG049$1        -1.156      -1.122      -1.104      -1.013      -0.921      -0.903      -0.869
    COG050$1        -0.730      -0.699      -0.684      -0.603      -0.522      -0.506      -0.476
    COG051$1        -1.327      -1.290      -1.271      -1.173      -1.075      -1.056      -1.019
    COG052$1        -0.601      -0.571      -0.556      -0.477      -0.398      -0.383      -0.353
    COG053$1        -0.551      -0.522      -0.507      -0.428      -0.350      -0.335      -0.305
    COG054$1        -0.559      -0.529      -0.514      -0.436      -0.357      -0.342      -0.313
    COG055$1        -1.319      -1.283      -1.264      -1.166      -1.068      -1.049      -1.013
    COG056$1        -0.267      -0.239      -0.224      -0.148      -0.072      -0.057      -0.029
    COG057$1         0.762       0.795       0.812       0.900       0.988       1.005       1.038
    COG058$1        -0.285      -0.256      -0.241      -0.165      -0.089      -0.074      -0.046
    COG060$1         0.163       0.192       0.207       0.284       0.361       0.375       0.404
    COG061$1         0.573       0.605       0.620       0.704       0.787       0.802       0.834
    COG062$1         0.891       0.925       0.943       1.036       1.128       1.146       1.181
    COG063$1         1.051       1.088       1.107       1.207       1.307       1.326       1.363
    COG064$1         0.586       0.617       0.633       0.717       0.800       0.816       0.847
    COG066$1         0.792       0.825       0.842       0.931       1.020       1.037       1.071

 Variances
    ECNEG            0.880       0.909       0.923       1.000       1.077       1.091       1.120
    COG              0.010       0.033       0.045       0.108       0.170       0.182       0.205


CONFIDENCE INTERVALS OF STANDARDIZED MODEL RESULTS


STDYX Standardization

                  Lower .5%  Lower 2.5%    Lower 5%    Estimate    Upper 5%  Upper 2.5%   Upper .5%

 COG      BY
    COG040           0.179       0.215       0.233       0.328       0.423       0.442       0.477
    COG045           0.293       0.319       0.332       0.401       0.469       0.482       0.508
    COG050           0.376       0.402       0.415       0.483       0.551       0.565       0.590
    COG064           0.673       0.691       0.700       0.749       0.797       0.806       0.824
    COG041           0.233       0.261       0.275       0.350       0.424       0.438       0.466
    COG043           0.339       0.372       0.388       0.475       0.562       0.579       0.611
    COG044           0.287       0.323       0.341       0.436       0.531       0.549       0.584
    COG046           0.217       0.244       0.257       0.328       0.398       0.412       0.438
    COG048           0.413       0.446       0.463       0.553       0.642       0.659       0.692
    COG052           0.343       0.368       0.381       0.448       0.515       0.528       0.553
    COG053           0.365       0.389       0.402       0.465       0.529       0.541       0.565
    COG057           0.259       0.289       0.305       0.387       0.468       0.484       0.514
    COG049           0.733       0.752       0.761       0.811       0.860       0.870       0.888
    COG051           0.672       0.697       0.710       0.777       0.843       0.856       0.881
    COG054           0.320       0.346       0.359       0.429       0.498       0.511       0.537
    COG055           0.725       0.747       0.759       0.819       0.880       0.891       0.914
    COG056           0.882       0.891       0.896       0.920       0.945       0.949       0.959
    COG058           0.743       0.756       0.763       0.799       0.835       0.842       0.855
    COG060           0.863       0.872       0.877       0.902       0.927       0.931       0.941
    COG061           0.739       0.755       0.762       0.803       0.845       0.852       0.868
    COG062           0.532       0.557       0.570       0.638       0.706       0.719       0.744
    COG063           0.743       0.762       0.771       0.822       0.873       0.882       0.901
    COG066           0.884       0.896       0.902       0.933       0.963       0.969       0.981

 ECNEG    WITH
    COG             -0.156      -0.131      -0.118      -0.050       0.018       0.031       0.056

 Means
    ECNEG           -0.111      -0.085      -0.071       0.000       0.071       0.085       0.111

 Thresholds
    COG040$1        -1.291      -1.255      -1.236      -1.140      -1.043      -1.024      -0.988
    COG041$1        -0.709      -0.679      -0.663      -0.583      -0.502      -0.486      -0.456
    COG043$1        -1.212      -1.177      -1.159      -1.065      -0.971      -0.953      -0.918
    COG044$1        -1.371      -1.334      -1.314      -1.214      -1.114      -1.095      -1.058
    COG045$1        -0.447      -0.418      -0.404      -0.326      -0.249      -0.234      -0.205
    COG046$1        -0.087      -0.058      -0.044       0.032       0.108       0.123       0.151
    COG048$1        -1.394      -1.356      -1.337      -1.236      -1.135      -1.115      -1.077
    COG049$1        -1.156      -1.122      -1.104      -1.013      -0.921      -0.903      -0.869
    COG050$1        -0.730      -0.699      -0.684      -0.603      -0.522      -0.506      -0.476
    COG051$1        -1.327      -1.290      -1.271      -1.173      -1.075      -1.056      -1.019
    COG052$1        -0.601      -0.571      -0.556      -0.477      -0.398      -0.383      -0.353
    COG053$1        -0.551      -0.522      -0.507      -0.428      -0.350      -0.335      -0.305
    COG054$1        -0.559      -0.529      -0.514      -0.436      -0.357      -0.342      -0.313
    COG055$1        -1.319      -1.283      -1.264      -1.166      -1.068      -1.049      -1.013
    COG056$1        -0.267      -0.239      -0.224      -0.148      -0.072      -0.057      -0.029
    COG057$1         0.762       0.795       0.812       0.900       0.988       1.005       1.038
    COG058$1        -0.285      -0.256      -0.241      -0.165      -0.089      -0.074      -0.046
    COG060$1         0.163       0.192       0.207       0.284       0.361       0.375       0.404
    COG061$1         0.573       0.605       0.620       0.704       0.787       0.802       0.834
    COG062$1         0.891       0.925       0.943       1.036       1.128       1.146       1.181
    COG063$1         1.051       1.088       1.107       1.207       1.307       1.326       1.363
    COG064$1         0.586       0.617       0.633       0.717       0.800       0.816       0.847
    COG066$1         0.792       0.825       0.842       0.931       1.020       1.037       1.071

 Variances
    ECNEG            1.000       1.000       1.000       1.000       1.000       1.000       1.000
    COG              1.000       1.000       1.000       1.000       1.000       1.000       1.000


STDY Standardization

                  Lower .5%  Lower 2.5%    Lower 5%    Estimate    Upper 5%  Upper 2.5%   Upper .5%

 COG      BY
    COG040           0.179       0.215       0.233       0.328       0.423       0.442       0.477
    COG045           0.293       0.319       0.332       0.401       0.469       0.482       0.508
    COG050           0.376       0.402       0.415       0.483       0.551       0.565       0.590
    COG064           0.673       0.691       0.700       0.749       0.797       0.806       0.824
    COG041           0.233       0.261       0.275       0.350       0.424       0.438       0.466
    COG043           0.339       0.372       0.388       0.475       0.562       0.579       0.611
    COG044           0.287       0.323       0.341       0.436       0.531       0.549       0.584
    COG046           0.217       0.244       0.257       0.328       0.398       0.412       0.438
    COG048           0.413       0.446       0.463       0.553       0.642       0.659       0.692
    COG052           0.343       0.368       0.381       0.448       0.515       0.528       0.553
    COG053           0.365       0.389       0.402       0.465       0.529       0.541       0.565
    COG057           0.259       0.289       0.305       0.387       0.468       0.484       0.514
    COG049           0.733       0.752       0.761       0.811       0.860       0.870       0.888
    COG051           0.672       0.697       0.710       0.777       0.843       0.856       0.881
    COG054           0.320       0.346       0.359       0.429       0.498       0.511       0.537
    COG055           0.725       0.747       0.759       0.819       0.880       0.891       0.914
    COG056           0.882       0.891       0.896       0.920       0.945       0.949       0.959
    COG058           0.743       0.756       0.763       0.799       0.835       0.842       0.855
    COG060           0.863       0.872       0.877       0.902       0.927       0.931       0.941
    COG061           0.739       0.755       0.762       0.803       0.845       0.852       0.868
    COG062           0.532       0.557       0.570       0.638       0.706       0.719       0.744
    COG063           0.743       0.762       0.771       0.822       0.873       0.882       0.901
    COG066           0.884       0.896       0.902       0.933       0.963       0.969       0.981

 ECNEG    WITH
    COG             -0.156      -0.131      -0.118      -0.050       0.018       0.031       0.056

 Means
    ECNEG           -0.111      -0.085      -0.071       0.000       0.071       0.085       0.111

 Thresholds
    COG040$1        -1.291      -1.255      -1.236      -1.140      -1.043      -1.024      -0.988
    COG041$1        -0.709      -0.679      -0.663      -0.583      -0.502      -0.486      -0.456
    COG043$1        -1.212      -1.177      -1.159      -1.065      -0.971      -0.953      -0.918
    COG044$1        -1.371      -1.334      -1.314      -1.214      -1.114      -1.095      -1.058
    COG045$1        -0.447      -0.418      -0.404      -0.326      -0.249      -0.234      -0.205
    COG046$1        -0.087      -0.058      -0.044       0.032       0.108       0.123       0.151
    COG048$1        -1.394      -1.356      -1.337      -1.236      -1.135      -1.115      -1.077
    COG049$1        -1.156      -1.122      -1.104      -1.013      -0.921      -0.903      -0.869
    COG050$1        -0.730      -0.699      -0.684      -0.603      -0.522      -0.506      -0.476
    COG051$1        -1.327      -1.290      -1.271      -1.173      -1.075      -1.056      -1.019
    COG052$1        -0.601      -0.571      -0.556      -0.477      -0.398      -0.383      -0.353
    COG053$1        -0.551      -0.522      -0.507      -0.428      -0.350      -0.335      -0.305
    COG054$1        -0.559      -0.529      -0.514      -0.436      -0.357      -0.342      -0.313
    COG055$1        -1.319      -1.283      -1.264      -1.166      -1.068      -1.049      -1.013
    COG056$1        -0.267      -0.239      -0.224      -0.148      -0.072      -0.057      -0.029
    COG057$1         0.762       0.795       0.812       0.900       0.988       1.005       1.038
    COG058$1        -0.285      -0.256      -0.241      -0.165      -0.089      -0.074      -0.046
    COG060$1         0.163       0.192       0.207       0.284       0.361       0.375       0.404
    COG061$1         0.573       0.605       0.620       0.704       0.787       0.802       0.834
    COG062$1         0.891       0.925       0.943       1.036       1.128       1.146       1.181
    COG063$1         1.051       1.088       1.107       1.207       1.307       1.326       1.363
    COG064$1         0.586       0.617       0.633       0.717       0.800       0.816       0.847
    COG066$1         0.792       0.825       0.842       0.931       1.020       1.037       1.071

 Variances
    ECNEG            1.000       1.000       1.000       1.000       1.000       1.000       1.000
    COG              1.000       1.000       1.000       1.000       1.000       1.000       1.000


STD Standardization

                  Lower .5%  Lower 2.5%    Lower 5%    Estimate    Upper 5%  Upper 2.5%   Upper .5%

 COG      BY
    COG040           0.179       0.215       0.233       0.328       0.423       0.442       0.477
    COG045           0.293       0.319       0.332       0.401       0.469       0.482       0.508
    COG050           0.376       0.402       0.415       0.483       0.551       0.565       0.590
    COG064           0.673       0.691       0.700       0.749       0.797       0.806       0.824
    COG041           0.233       0.261       0.275       0.350       0.424       0.438       0.466
    COG043           0.339       0.372       0.388       0.475       0.562       0.579       0.611
    COG044           0.287       0.323       0.341       0.436       0.531       0.549       0.584
    COG046           0.217       0.244       0.257       0.328       0.398       0.412       0.438
    COG048           0.413       0.446       0.463       0.553       0.642       0.659       0.692
    COG052           0.343       0.368       0.381       0.448       0.515       0.528       0.553
    COG053           0.365       0.389       0.402       0.465       0.529       0.541       0.565
    COG057           0.259       0.289       0.305       0.387       0.468       0.484       0.514
    COG049           0.733       0.752       0.761       0.811       0.860       0.870       0.888
    COG051           0.672       0.697       0.710       0.777       0.843       0.856       0.881
    COG054           0.320       0.346       0.359       0.429       0.498       0.511       0.537
    COG055           0.725       0.747       0.759       0.819       0.880       0.891       0.914
    COG056           0.882       0.891       0.896       0.920       0.945       0.949       0.959
    COG058           0.743       0.756       0.763       0.799       0.835       0.842       0.855
    COG060           0.863       0.872       0.877       0.902       0.927       0.931       0.941
    COG061           0.739       0.755       0.762       0.803       0.845       0.852       0.868
    COG062           0.532       0.557       0.570       0.638       0.706       0.719       0.744
    COG063           0.743       0.762       0.771       0.822       0.873       0.882       0.901
    COG066           0.884       0.896       0.902       0.933       0.963       0.969       0.981

 ECNEG    WITH
    COG             -0.156      -0.131      -0.118      -0.050       0.018       0.031       0.056

 Means
    ECNEG           -0.111      -0.085      -0.071       0.000       0.071       0.085       0.111

 Thresholds
    COG040$1        -1.291      -1.255      -1.236      -1.140      -1.043      -1.024      -0.988
    COG041$1        -0.709      -0.679      -0.663      -0.583      -0.502      -0.486      -0.456
    COG043$1        -1.212      -1.177      -1.159      -1.065      -0.971      -0.953      -0.918
    COG044$1        -1.371      -1.334      -1.314      -1.214      -1.114      -1.095      -1.058
    COG045$1        -0.447      -0.418      -0.404      -0.326      -0.249      -0.234      -0.205
    COG046$1        -0.087      -0.058      -0.044       0.032       0.108       0.123       0.151
    COG048$1        -1.394      -1.356      -1.337      -1.236      -1.135      -1.115      -1.077
    COG049$1        -1.156      -1.122      -1.104      -1.013      -0.921      -0.903      -0.869
    COG050$1        -0.730      -0.699      -0.684      -0.603      -0.522      -0.506      -0.476
    COG051$1        -1.327      -1.290      -1.271      -1.173      -1.075      -1.056      -1.019
    COG052$1        -0.601      -0.571      -0.556      -0.477      -0.398      -0.383      -0.353
    COG053$1        -0.551      -0.522      -0.507      -0.428      -0.350      -0.335      -0.305
    COG054$1        -0.559      -0.529      -0.514      -0.436      -0.357      -0.342      -0.313
    COG055$1        -1.319      -1.283      -1.264      -1.166      -1.068      -1.049      -1.013
    COG056$1        -0.267      -0.239      -0.224      -0.148      -0.072      -0.057      -0.029
    COG057$1         0.762       0.795       0.812       0.900       0.988       1.005       1.038
    COG058$1        -0.285      -0.256      -0.241      -0.165      -0.089      -0.074      -0.046
    COG060$1         0.163       0.192       0.207       0.284       0.361       0.375       0.404
    COG061$1         0.573       0.605       0.620       0.704       0.787       0.802       0.834
    COG062$1         0.891       0.925       0.943       1.036       1.128       1.146       1.181
    COG063$1         1.051       1.088       1.107       1.207       1.307       1.326       1.363
    COG064$1         0.586       0.617       0.633       0.717       0.800       0.816       0.847
    COG066$1         0.792       0.825       0.842       0.931       1.020       1.037       1.071

 Variances
    ECNEG            0.880       0.909       0.923       1.000       1.077       1.091       1.120
    COG              1.000       1.000       1.000       1.000       1.000       1.000       1.000


RESIDUAL OUTPUT


     ESTIMATED MODEL AND RESIDUALS (OBSERVED - ESTIMATED)


           Model Estimated Means/Intercepts/Thresholds
              COG040$1      COG041$1      COG043$1      COG044$1      COG045$1
              ________      ________      ________      ________      ________
               -1.140        -0.583        -1.065        -1.214        -0.326


           Model Estimated Means/Intercepts/Thresholds
              COG046$1      COG048$1      COG049$1      COG050$1      COG051$1
              ________      ________      ________      ________      ________
                0.032        -1.236        -1.013        -0.603        -1.173


           Model Estimated Means/Intercepts/Thresholds
              COG052$1      COG053$1      COG054$1      COG055$1      COG056$1
              ________      ________      ________      ________      ________
               -0.477        -0.428        -0.436        -1.166        -0.148


           Model Estimated Means/Intercepts/Thresholds
              COG057$1      COG058$1      COG060$1      COG061$1      COG062$1
              ________      ________      ________      ________      ________
                0.900        -0.165         0.284         0.704         1.036


           Model Estimated Means/Intercepts/Thresholds
              COG063$1      COG064$1      COG066$1      ECNEG
              ________      ________      ________      ________
                1.207         0.717         0.931         0.000


           Residuals for Means/Intercepts/Thresholds
              COG040$1      COG041$1      COG043$1      COG044$1      COG045$1
              ________      ________      ________      ________      ________
                0.000         0.000         0.000         0.000         0.000


           Residuals for Means/Intercepts/Thresholds
              COG046$1      COG048$1      COG049$1      COG050$1      COG051$1
              ________      ________      ________      ________      ________
                0.000         0.000         0.000         0.000         0.000


           Residuals for Means/Intercepts/Thresholds
              COG052$1      COG053$1      COG054$1      COG055$1      COG056$1
              ________      ________      ________      ________      ________
                0.000         0.000         0.000         0.000         0.000


           Residuals for Means/Intercepts/Thresholds
              COG057$1      COG058$1      COG060$1      COG061$1      COG062$1
              ________      ________      ________      ________      ________
                0.000         0.000         0.000         0.000         0.000


           Residuals for Means/Intercepts/Thresholds
              COG063$1      COG064$1      COG066$1      ECNEG
              ________      ________      ________      ________
                0.000         0.000         0.000         0.000


           Model Estimated Covariances/Correlations/Residual Correlations
              COG040        COG041        COG043        COG044        COG045
              ________      ________      ________      ________      ________
 COG040
 COG041         0.115
 COG043         0.156         0.166
 COG044         0.143         0.152         0.207
 COG045         0.131         0.140         0.190         0.175
 COG046         0.108         0.115         0.156         0.143         0.131
 COG048         0.181         0.193         0.263         0.241         0.221
 COG049         0.266         0.283         0.385         0.353         0.325
 COG050         0.159         0.169         0.230         0.211         0.194
 COG051         0.255         0.272         0.369         0.338         0.311
 COG052         0.147         0.157         0.213         0.195         0.179
 COG053         0.153         0.163         0.221         0.203         0.186
 COG054         0.141         0.150         0.204         0.187         0.172
 COG055         0.269         0.286         0.389         0.357         0.328
 COG056         0.302         0.322         0.437         0.401         0.369
 COG057         0.127         0.135         0.184         0.169         0.155
 COG058         0.262         0.279         0.380         0.348         0.320
 COG060         0.296         0.315         0.429         0.393         0.361
 COG061         0.264         0.281         0.382         0.350         0.322
 COG062         0.209         0.223         0.303         0.278         0.256
 COG063         0.270         0.287         0.391         0.358         0.329
 COG064         0.246         0.262         0.356         0.326         0.300
 COG066         0.306         0.326         0.443         0.407         0.374
 ECNEG         -0.016        -0.018        -0.024        -0.022        -0.020


           Model Estimated Covariances/Correlations/Residual Correlations
              COG046        COG048        COG049        COG050        COG051
              ________      ________      ________      ________      ________
 COG048         0.181
 COG049         0.266         0.448
 COG050         0.158         0.267         0.392
 COG051         0.255         0.429         0.630         0.375
 COG052         0.147         0.247         0.363         0.216         0.348
 COG053         0.153         0.257         0.377         0.225         0.361
 COG054         0.141         0.237         0.347         0.207         0.333
 COG055         0.269         0.453         0.664         0.396         0.636
 COG056         0.302         0.509         0.746         0.444         0.715
 COG057         0.127         0.214         0.313         0.187         0.300
 COG058         0.262         0.442         0.648         0.386         0.621
 COG060         0.296         0.498         0.731         0.436         0.700
 COG061         0.263         0.444         0.651         0.388         0.624
 COG062         0.209         0.353         0.517         0.308         0.495
 COG063         0.269         0.454         0.666         0.397         0.638
 COG064         0.245         0.414         0.607         0.362         0.581
 COG066         0.306         0.515         0.756         0.451         0.724
 ECNEG         -0.016        -0.028        -0.041        -0.024        -0.039


           Model Estimated Covariances/Correlations/Residual Correlations
              COG052        COG053        COG054        COG055        COG056
              ________      ________      ________      ________      ________
 COG053         0.208
 COG054         0.192         0.199
 COG055         0.367         0.381         0.351
 COG056         0.412         0.428         0.394         0.754
 COG057         0.173         0.180         0.166         0.317         0.356
 COG058         0.358         0.372         0.342         0.655         0.735
 COG060         0.404         0.420         0.386         0.739         0.830
 COG061         0.360         0.374         0.344         0.658         0.739
 COG062         0.286         0.297         0.273         0.523         0.587
 COG063         0.368         0.382         0.352         0.673         0.756
 COG064         0.335         0.348         0.321         0.613         0.689
 COG066         0.418         0.434         0.400         0.764         0.858
 ECNEG         -0.022        -0.023        -0.021        -0.041        -0.046


           Model Estimated Covariances/Correlations/Residual Correlations
              COG057        COG058        COG060        COG061        COG062
              ________      ________      ________      ________      ________
 COG058         0.309
 COG060         0.349         0.721
 COG061         0.311         0.642         0.725
 COG062         0.247         0.510         0.575         0.513
 COG063         0.318         0.657         0.741         0.660         0.524
 COG064         0.289         0.598         0.675         0.602         0.478
 COG066         0.361         0.745         0.841         0.749         0.595
 ECNEG         -0.019        -0.040        -0.045        -0.040        -0.032


           Model Estimated Covariances/Correlations/Residual Correlations
              COG063        COG064        COG066        ECNEG
              ________      ________      ________      ________
 COG064         0.615
 COG066         0.767         0.698
 ECNEG         -0.041        -0.038        -0.047         1.000


           Model Estimated Correlations/Residual Correlations
              COG040        COG041        COG043        COG044        COG045
              ________      ________      ________      ________      ________
 COG040
 COG041         0.115
 COG043         0.156         0.166
 COG044         0.143         0.152         0.207
 COG045         0.131         0.140         0.190         0.175
 COG046         0.108         0.115         0.156         0.143         0.131
 COG048         0.181         0.193         0.263         0.241         0.221
 COG049         0.266         0.283         0.385         0.353         0.325
 COG050         0.159         0.169         0.230         0.211         0.194
 COG051         0.255         0.272         0.369         0.338         0.311
 COG052         0.147         0.157         0.213         0.195         0.179
 COG053         0.153         0.163         0.221         0.203         0.186
 COG054         0.141         0.150         0.204         0.187         0.172
 COG055         0.269         0.286         0.389         0.357         0.328
 COG056         0.302         0.322         0.437         0.401         0.369
 COG057         0.127         0.135         0.184         0.169         0.155
 COG058         0.262         0.279         0.380         0.348         0.320
 COG060         0.296         0.315         0.429         0.393         0.361
 COG061         0.264         0.281         0.382         0.350         0.322
 COG062         0.209         0.223         0.303         0.278         0.256
 COG063         0.270         0.287         0.391         0.358         0.329
 COG064         0.246         0.262         0.356         0.326         0.300
 COG066         0.306         0.326         0.443         0.407         0.374
 ECNEG         -0.016        -0.018        -0.024        -0.022        -0.020


           Model Estimated Correlations/Residual Correlations
              COG046        COG048        COG049        COG050        COG051
              ________      ________      ________      ________      ________
 COG048         0.181
 COG049         0.266         0.448
 COG050         0.158         0.267         0.392
 COG051         0.255         0.429         0.630         0.375
 COG052         0.147         0.247         0.363         0.216         0.348
 COG053         0.153         0.257         0.377         0.225         0.361
 COG054         0.141         0.237         0.347         0.207         0.333
 COG055         0.269         0.453         0.664         0.396         0.636
 COG056         0.302         0.509         0.746         0.444         0.715
 COG057         0.127         0.214         0.313         0.187         0.300
 COG058         0.262         0.442         0.648         0.386         0.621
 COG060         0.296         0.498         0.731         0.436         0.700
 COG061         0.263         0.444         0.651         0.388         0.624
 COG062         0.209         0.353         0.517         0.308         0.495
 COG063         0.269         0.454         0.666         0.397         0.638
 COG064         0.245         0.414         0.607         0.362         0.581
 COG066         0.306         0.515         0.756         0.451         0.724
 ECNEG         -0.016        -0.028        -0.041        -0.024        -0.039


           Model Estimated Correlations/Residual Correlations
              COG052        COG053        COG054        COG055        COG056
              ________      ________      ________      ________      ________
 COG053         0.208
 COG054         0.192         0.199
 COG055         0.367         0.381         0.351
 COG056         0.412         0.428         0.394         0.754
 COG057         0.173         0.180         0.166         0.317         0.356
 COG058         0.358         0.372         0.342         0.655         0.735
 COG060         0.404         0.420         0.386         0.739         0.830
 COG061         0.360         0.374         0.344         0.658         0.739
 COG062         0.286         0.297         0.273         0.523         0.587
 COG063         0.368         0.382         0.352         0.673         0.756
 COG064         0.335         0.348         0.321         0.613         0.689
 COG066         0.418         0.434         0.400         0.764         0.858
 ECNEG         -0.022        -0.023        -0.021        -0.041        -0.046


           Model Estimated Correlations/Residual Correlations
              COG057        COG058        COG060        COG061        COG062
              ________      ________      ________      ________      ________
 COG058         0.309
 COG060         0.349         0.721
 COG061         0.311         0.642         0.725
 COG062         0.247         0.510         0.575         0.513
 COG063         0.318         0.657         0.741         0.660         0.524
 COG064         0.289         0.598         0.675         0.602         0.478
 COG066         0.361         0.745         0.841         0.749         0.595
 ECNEG         -0.019        -0.040        -0.045        -0.040        -0.032


           Model Estimated Correlations/Residual Correlations
              COG063        COG064        COG066        ECNEG
              ________      ________      ________      ________
 COG064         0.615
 COG066         0.767         0.698
 ECNEG         -0.041        -0.038        -0.047         1.000


           Residuals for Covariances/Correlations/Residual Correlations
              COG040        COG041        COG043        COG044        COG045
              ________      ________      ________      ________      ________
 COG040
 COG041        -0.027
 COG043        -0.061         0.055
 COG044         0.197         0.165         0.084
 COG045         0.403         0.077         0.075         0.129
 COG046         0.086         0.065         0.004         0.098         0.082
 COG048        -0.059         0.020        -0.002         0.116        -0.068
 COG049         0.041        -0.096        -0.076        -0.052        -0.009
 COG050         0.329         0.078         0.081         0.119         0.379
 COG051         0.010         0.021        -0.086         0.000         0.024
 COG052        -0.019         0.045         0.359         0.077         0.026
 COG053        -0.072        -0.003        -0.069         0.126         0.045
 COG054         0.028         0.016         0.116         0.044         0.020
 COG055        -0.082         0.033         0.048        -0.023        -0.066
 COG056        -0.067        -0.154        -0.152        -0.078        -0.121
 COG057        -0.043         0.180        -0.077        -0.106        -0.051
 COG058        -0.129        -0.087        -0.113        -0.102        -0.082
 COG060        -0.094        -0.066        -0.077        -0.072        -0.064
 COG061        -0.207        -0.025         0.020        -0.123        -0.167
 COG062         0.020         0.128         0.144        -0.048         0.058
 COG063        -0.089         0.035        -0.126        -0.115        -0.150
 COG064         0.079         0.014         0.040        -0.013         0.000
 COG066        -0.155         0.007        -0.045        -0.035        -0.139
 ECNEG         -0.014         0.063        -0.021        -0.032         0.036


           Residuals for Covariances/Correlations/Residual Correlations
              COG046        COG048        COG049        COG050        COG051
              ________      ________      ________      ________      ________
 COG048         0.039
 COG049        -0.037        -0.244
 COG050        -0.032        -0.005         0.009
 COG051        -0.027        -0.075         0.057         0.027
 COG052        -0.147        -0.005        -0.086         0.057        -0.004
 COG053        -0.019         0.652        -0.189         0.017        -0.096
 COG054        -0.053        -0.019        -0.098         0.082         0.002
 COG055         0.000        -0.127        -0.037         0.015         0.077
 COG056        -0.073        -0.422         0.158        -0.134         0.008
 COG057        -0.003        -0.040        -0.041        -0.074        -0.055
 COG058        -0.036        -0.291        -0.084        -0.110         0.277
 COG060        -0.040        -0.320        -0.021        -0.084        -0.018
 COG061         0.020        -0.365        -0.162        -0.071        -0.090
 COG062         0.152        -0.215        -0.048        -0.055        -0.029
 COG063         0.032        -0.325        -0.116        -0.026        -0.242
 COG064         0.003        -0.043        -0.184        -0.039        -0.099
 COG066         0.080        -0.285        -0.059        -0.148        -0.072
 ECNEG          0.122        -0.119        -0.075        -0.020        -0.034


           Residuals for Covariances/Correlations/Residual Correlations
              COG052        COG053        COG054        COG055        COG056
              ________      ________      ________      ________      ________
 COG053         0.052
 COG054         0.188         0.012
 COG055         0.107        -0.074         0.054
 COG056        -0.131        -0.260        -0.171        -0.065
 COG057         0.037        -0.044         0.086         0.143        -0.107
 COG058        -0.126        -0.290        -0.032         0.077         0.056
 COG060        -0.084        -0.264        -0.042        -0.120         0.070
 COG061        -0.006        -0.234        -0.005         0.004        -0.099
 COG062        -0.002        -0.129        -0.076         0.101        -0.126
 COG063        -0.021        -0.176        -0.059        -0.102        -0.107
 COG064         0.037         0.014         0.119         0.045        -0.056
 COG066        -0.098        -0.232         0.032        -0.110        -0.053
 ECNEG         -0.056        -0.035         0.091        -0.002        -0.007


           Residuals for Covariances/Correlations/Residual Correlations
              COG057        COG058        COG060        COG061        COG062
              ________      ________      ________      ________      ________
 COG058         0.023
 COG060        -0.017         0.079
 COG061         0.081        -0.033        -0.078
 COG062         0.033        -0.007        -0.071         0.050
 COG063         0.027        -0.013        -0.040         0.178         0.012
 COG064         0.047        -0.008        -0.039         0.013         0.044
 COG066        -0.033         0.141        -0.003         0.073         0.085
 ECNEG          0.025        -0.016         0.001        -0.004         0.075


           Residuals for Covariances/Correlations/Residual Correlations
              COG063        COG064        COG066        ECNEG
              ________      ________      ________      ________
 COG064         0.005
 COG066        -0.013         0.058
 ECNEG          0.064        -0.014         0.061         0.000


           Residuals for Correlations/Residual Correlations
              COG040        COG041        COG043        COG044        COG045
              ________      ________      ________      ________      ________
 COG040
 COG041        -0.027
 COG043        -0.061         0.055
 COG044         0.197         0.165         0.084
 COG045         0.403         0.077         0.075         0.129
 COG046         0.086         0.065         0.004         0.098         0.082
 COG048        -0.059         0.020        -0.002         0.116        -0.068
 COG049         0.041        -0.096        -0.076        -0.052        -0.009
 COG050         0.329         0.078         0.081         0.119         0.379
 COG051         0.010         0.021        -0.086         0.000         0.024
 COG052        -0.019         0.045         0.359         0.077         0.026
 COG053        -0.072        -0.003        -0.069         0.126         0.045
 COG054         0.028         0.016         0.116         0.044         0.020
 COG055        -0.082         0.033         0.048        -0.023        -0.066
 COG056        -0.067        -0.154        -0.152        -0.078        -0.121
 COG057        -0.043         0.180        -0.077        -0.106        -0.051
 COG058        -0.129        -0.087        -0.113        -0.102        -0.082
 COG060        -0.094        -0.066        -0.077        -0.072        -0.064
 COG061        -0.207        -0.025         0.020        -0.123        -0.167
 COG062         0.020         0.128         0.144        -0.048         0.058
 COG063        -0.089         0.035        -0.126        -0.115        -0.150
 COG064         0.079         0.014         0.040        -0.013         0.000
 COG066        -0.155         0.007        -0.045        -0.035        -0.139
 ECNEG         -0.014         0.063        -0.021        -0.032         0.036


           Residuals for Correlations/Residual Correlations
              COG046        COG048        COG049        COG050        COG051
              ________      ________      ________      ________      ________
 COG048         0.039
 COG049        -0.037        -0.244
 COG050        -0.032        -0.005         0.009
 COG051        -0.027        -0.075         0.057         0.027
 COG052        -0.147        -0.005        -0.086         0.057        -0.004
 COG053        -0.019         0.652        -0.189         0.017        -0.096
 COG054        -0.053        -0.019        -0.098         0.082         0.002
 COG055         0.000        -0.127        -0.037         0.015         0.077
 COG056        -0.073        -0.422         0.158        -0.134         0.008
 COG057        -0.003        -0.040        -0.041        -0.074        -0.055
 COG058        -0.036        -0.291        -0.084        -0.110         0.277
 COG060        -0.040        -0.320        -0.021        -0.084        -0.018
 COG061         0.020        -0.365        -0.162        -0.071        -0.090
 COG062         0.152        -0.215        -0.048        -0.055        -0.029
 COG063         0.032        -0.325        -0.116        -0.026        -0.242
 COG064         0.003        -0.043        -0.184        -0.039        -0.099
 COG066         0.080        -0.285        -0.059        -0.148        -0.072
 ECNEG          0.122        -0.119        -0.075        -0.020        -0.034


           Residuals for Correlations/Residual Correlations
              COG052        COG053        COG054        COG055        COG056
              ________      ________      ________      ________      ________
 COG053         0.052
 COG054         0.188         0.012
 COG055         0.107        -0.074         0.054
 COG056        -0.131        -0.260        -0.171        -0.065
 COG057         0.037        -0.044         0.086         0.143        -0.107
 COG058        -0.126        -0.290        -0.032         0.077         0.056
 COG060        -0.084        -0.264        -0.042        -0.120         0.070
 COG061        -0.006        -0.234        -0.005         0.004        -0.099
 COG062        -0.002        -0.129        -0.076         0.101        -0.126
 COG063        -0.021        -0.176        -0.059        -0.102        -0.107
 COG064         0.037         0.014         0.119         0.045        -0.056
 COG066        -0.098        -0.232         0.032        -0.110        -0.053
 ECNEG         -0.056        -0.035         0.091        -0.002        -0.007


           Residuals for Correlations/Residual Correlations
              COG057        COG058        COG060        COG061        COG062
              ________      ________      ________      ________      ________
 COG058         0.023
 COG060        -0.017         0.079
 COG061         0.081        -0.033        -0.078
 COG062         0.033        -0.007        -0.071         0.050
 COG063         0.027        -0.013        -0.040         0.178         0.012
 COG064         0.047        -0.008        -0.039         0.013         0.044
 COG066        -0.033         0.141        -0.003         0.073         0.085
 ECNEG          0.025        -0.016         0.001        -0.004         0.075


           Residuals for Correlations/Residual Correlations
              COG063        COG064        COG066        ECNEG
              ________      ________      ________      ________
 COG064         0.005
 COG066        -0.013         0.058
 ECNEG          0.064        -0.014         0.061         0.000


     UNIVARIATE PROPORTIONS FOR CATEGORICAL VARIABLES

     Variable          Observed      Estimated      Residual (Obs.-Est.)    Stand. Residual
     COG040
       Category  1       0.127          0.127                  0.000                0.000
       Category  2       0.873          0.873                  0.000                0.000
     COG041
       Category  1       0.280          0.280                  0.000                0.000
       Category  2       0.720          0.720                  0.000                0.000
     COG043
       Category  1       0.143          0.143                  0.000                0.000
       Category  2       0.857          0.857                  0.000                0.000
     COG044
       Category  1       0.112          0.112                  0.000                0.000
       Category  2       0.888          0.888                  0.000                0.000
     COG045
       Category  1       0.372          0.372                  0.000                0.000
       Category  2       0.628          0.628                  0.000                0.000
     COG046
       Category  1       0.513          0.513                  0.000                0.000
       Category  2       0.487          0.487                  0.000                0.000
     COG048
       Category  1       0.108          0.108                  0.000                0.000
       Category  2       0.892          0.892                  0.000                0.000
     COG049
       Category  1       0.156          0.156                  0.000                0.000
       Category  2       0.844          0.844                  0.000                0.000
     COG050
       Category  1       0.273          0.273                  0.000                0.000
       Category  2       0.727          0.727                  0.000                0.000
     COG051
       Category  1       0.120          0.120                  0.000                0.000
       Category  2       0.880          0.880                  0.000                0.000
     COG052
       Category  1       0.317          0.317                  0.000                0.000
       Category  2       0.683          0.683                  0.000                0.000
     COG053
       Category  1       0.334          0.334                  0.000                0.000
       Category  2       0.666          0.666                  0.000                0.000
     COG054
       Category  1       0.332          0.332                  0.000                0.000
       Category  2       0.668          0.668                  0.000                0.000
     COG055
       Category  1       0.122          0.122                  0.000                0.000
       Category  2       0.878          0.878                  0.000                0.000
     COG056
       Category  1       0.441          0.441                  0.000                0.000
       Category  2       0.559          0.559                  0.000                0.000
     COG057
       Category  1       0.816          0.816                  0.000                0.000
       Category  2       0.184          0.184                  0.000                0.000
     COG058
       Category  1       0.434          0.434                  0.000                0.000
       Category  2       0.566          0.566                  0.000                0.000
     COG060
       Category  1       0.612          0.612                  0.000                0.000
       Category  2       0.388          0.388                  0.000                0.000
     COG061
       Category  1       0.759          0.759                  0.000                0.000
       Category  2       0.241          0.241                  0.000                0.000
     COG062
       Category  1       0.850          0.850                  0.000                0.000
       Category  2       0.150          0.150                  0.000                0.000
     COG063
       Category  1       0.886          0.886                  0.000                0.000
       Category  2       0.114          0.114                  0.000                0.000
     COG064
       Category  1       0.763          0.763                  0.000                0.000
       Category  2       0.237          0.237                  0.000                0.000
     COG066
       Category  1       0.824          0.824                  0.000                0.000
       Category  2       0.176          0.176                  0.000                0.000


     BIVARIATE PROPORTIONS FOR CATEGORICAL VARIABLES

     Variable       Variable          Observed     Estimated    Residual (Obs.-Est.)  Stand. Residual
     COG040         COG041
       Category 1     Category 1        0.042       0.044            -0.002           -0.270
       Category 1     Category 2        0.085       0.083             0.002            0.200
       Category 2     Category 1        0.238       0.236             0.002            0.130
       Category 2     Category 2        0.635       0.637            -0.002           -0.115
     COG040         COG043
       Category 1     Category 1        0.023       0.026            -0.003           -0.560
       Category 1     Category 2        0.104       0.101             0.003            0.298
       Category 2     Category 1        0.120       0.117             0.003            0.279
       Category 2     Category 2        0.752       0.756            -0.003           -0.209
     COG040         COG044
       Category 1     Category 1        0.031       0.021             0.011            2.027
       Category 1     Category 2        0.096       0.107            -0.011           -0.932
       Category 2     Category 1        0.081       0.092            -0.011           -0.996
       Category 2     Category 2        0.792       0.781             0.011            0.695
     COG040         COG045
       Category 1     Category 1        0.093       0.058             0.035            4.122
       Category 1     Category 2        0.034       0.069            -0.035           -3.793
       Category 2     Category 1        0.279       0.314            -0.035           -2.075
       Category 2     Category 2        0.594       0.559             0.035            1.939
     COG040         COG046
       Category 1     Category 1        0.081       0.074             0.007            0.730
       Category 1     Category 2        0.046       0.053            -0.007           -0.854
       Category 2     Category 1        0.432       0.439            -0.007           -0.386
       Category 2     Category 2        0.441       0.434             0.007            0.386
     COG040         COG048
       Category 1     Category 1        0.019       0.022            -0.003           -0.515
       Category 1     Category 2        0.108       0.105             0.003            0.244
       Category 2     Category 1        0.089       0.087             0.003            0.267
       Category 2     Category 2        0.783       0.786            -0.003           -0.183
     COG040         COG049
       Category 1     Category 1        0.038       0.035             0.003            0.409
       Category 1     Category 2        0.089       0.092            -0.003           -0.260
       Category 2     Category 1        0.118       0.120            -0.003           -0.231
       Category 2     Category 2        0.755       0.752             0.003            0.174
     COG040         COG050
       Category 1     Category 1        0.074       0.046             0.028            3.629
       Category 1     Category 2        0.053       0.081            -0.028           -2.799
       Category 2     Category 1        0.199       0.227            -0.028           -1.822
       Category 2     Category 2        0.674       0.646             0.028            1.596
     COG040         COG051
       Category 1     Category 1        0.028       0.028             0.001            0.097
       Category 1     Category 2        0.099       0.099            -0.001           -0.054
       Category 2     Category 1        0.092       0.093            -0.001           -0.055
       Category 2     Category 2        0.781       0.780             0.001            0.039
     COG040         COG052
       Category 1     Category 1        0.050       0.052            -0.002           -0.189
       Category 1     Category 2        0.077       0.076             0.002            0.158
       Category 2     Category 1        0.267       0.265             0.002            0.095
       Category 2     Category 2        0.606       0.608            -0.002           -0.086
     COG040         COG053
       Category 1     Category 1        0.049       0.055            -0.006           -0.695
       Category 1     Category 2        0.078       0.073             0.006            0.608
       Category 2     Category 1        0.286       0.280             0.006            0.352
       Category 2     Category 2        0.587       0.593            -0.006           -0.321
     COG040         COG054
       Category 1     Category 1        0.055       0.053             0.002            0.280
       Category 1     Category 2        0.072       0.074            -0.002           -0.240
       Category 2     Category 1        0.276       0.278            -0.002           -0.140
       Category 2     Category 2        0.597       0.594             0.002            0.128
     COG040         COG055
       Category 1     Category 1        0.024       0.029            -0.005           -0.736
       Category 1     Category 2        0.103       0.098             0.005            0.414
       Category 2     Category 1        0.097       0.093             0.005            0.425
       Category 2     Category 2        0.775       0.780            -0.005           -0.298
     COG040         COG056
       Category 1     Category 1        0.076       0.081            -0.006           -0.566
       Category 1     Category 2        0.051       0.046             0.006            0.741
       Category 2     Category 1        0.365       0.360             0.006            0.323
       Category 2     Category 2        0.507       0.513            -0.006           -0.310
     COG040         COG057
       Category 1     Category 1        0.108       0.110            -0.002           -0.183
       Category 1     Category 2        0.019       0.017             0.002            0.446
       Category 2     Category 1        0.708       0.706             0.002            0.126
       Category 2     Category 2        0.165       0.167            -0.002           -0.154
     COG040         COG058
       Category 1     Category 1        0.066       0.077            -0.011           -1.112
       Category 1     Category 2        0.061       0.050             0.011            1.363
       Category 2     Category 1        0.368       0.357             0.011            0.620
       Category 2     Category 2        0.505       0.516            -0.011           -0.594
     COG040         COG060
       Category 1     Category 1        0.093       0.100            -0.007           -0.614
       Category 1     Category 2        0.034       0.027             0.007            1.137
       Category 2     Category 1        0.518       0.511             0.007            0.369
       Category 2     Category 2        0.355       0.361            -0.007           -0.384
     COG040         COG061
       Category 1     Category 1        0.100       0.112            -0.012           -1.006
       Category 1     Category 2        0.027       0.015             0.012            2.573
       Category 2     Category 1        0.659       0.647             0.012            0.663
       Category 2     Category 2        0.214       0.225            -0.012           -0.758
     COG040         COG062
       Category 1     Category 1        0.118       0.117             0.001            0.061
       Category 1     Category 2        0.009       0.010            -0.001           -0.196
       Category 2     Category 1        0.732       0.733            -0.001           -0.044
       Category 2     Category 2        0.141       0.140             0.001            0.057
     COG040         COG063
       Category 1     Category 1        0.119       0.122            -0.002           -0.205
       Category 1     Category 2        0.008       0.006             0.002            0.893
       Category 2     Category 1        0.767       0.765             0.002            0.158
       Category 2     Category 2        0.106       0.108            -0.002           -0.216
     COG040         COG064
       Category 1     Category 1        0.115       0.111             0.004            0.327
       Category 1     Category 2        0.012       0.016            -0.004           -0.821
       Category 2     Category 1        0.648       0.652            -0.004           -0.216
       Category 2     Category 2        0.225       0.221             0.004            0.248
     COG040         COG066
       Category 1     Category 1        0.112       0.119            -0.006           -0.525
       Category 1     Category 2        0.015       0.009             0.006            1.834
       Category 2     Category 1        0.712       0.706             0.006            0.372
       Category 2     Category 2        0.161       0.167            -0.006           -0.455
     COG041         COG043
       Category 1     Category 1        0.058       0.053             0.005            0.567
       Category 1     Category 2        0.222       0.227            -0.005           -0.305
       Category 2     Category 1        0.085       0.090            -0.005           -0.446
       Category 2     Category 2        0.635       0.630             0.005            0.264
     COG041         COG044
       Category 1     Category 1        0.054       0.042             0.012            1.678
       Category 1     Category 2        0.226       0.238            -0.012           -0.788
       Category 2     Category 1        0.058       0.071            -0.012           -1.311
       Category 2     Category 2        0.662       0.649             0.012            0.704
     COG041         COG045
       Category 1     Category 1        0.133       0.122             0.010            0.851
       Category 1     Category 2        0.147       0.158            -0.010           -0.765
       Category 2     Category 1        0.240       0.250            -0.010           -0.645
       Category 2     Category 2        0.480       0.470             0.010            0.559
     COG041         COG046
       Category 1     Category 1        0.168       0.159             0.009            0.650
       Category 1     Category 2        0.112       0.121            -0.009           -0.729
       Category 2     Category 1        0.345       0.354            -0.009           -0.497
       Category 2     Category 2        0.375       0.366             0.009            0.493
     COG041         COG048
       Category 1     Category 1        0.045       0.043             0.001            0.189
       Category 1     Category 2        0.235       0.237            -0.001           -0.090
       Category 2     Category 1        0.064       0.065            -0.001           -0.156
       Category 2     Category 2        0.656       0.655             0.001            0.081
     COG041         COG049
       Category 1     Category 1        0.060       0.068            -0.009           -0.950
       Category 1     Category 2        0.221       0.212             0.009            0.587
       Category 2     Category 1        0.096       0.087             0.009            0.849
       Category 2     Category 2        0.624       0.633            -0.009           -0.497
     COG041         COG050
       Category 1     Category 1        0.106       0.096             0.009            0.872
       Category 1     Category 2        0.175       0.184            -0.009           -0.663
       Category 2     Category 1        0.168       0.177            -0.009           -0.673
       Category 2     Category 2        0.552       0.543             0.009            0.516
     COG041         COG051
       Category 1     Category 1        0.055       0.054             0.002            0.208
       Category 1     Category 2        0.225       0.226            -0.002           -0.112
       Category 2     Category 1        0.065       0.067            -0.002           -0.188
       Category 2     Category 2        0.655       0.653             0.002            0.099
     COG041         COG052
       Category 1     Category 1        0.114       0.108             0.006            0.504
       Category 1     Category 2        0.166       0.172            -0.006           -0.414
       Category 2     Category 1        0.203       0.209            -0.006           -0.385
       Category 2     Category 2        0.517       0.511             0.006            0.313
     COG041         COG053
       Category 1     Category 1        0.114       0.114             0.000           -0.030
       Category 1     Category 2        0.166       0.166             0.000            0.025
       Category 2     Category 1        0.221       0.220             0.000            0.023
       Category 2     Category 2        0.499       0.500             0.000           -0.019
     COG041         COG054
       Category 1     Category 1        0.114       0.112             0.002            0.182
       Category 1     Category 2        0.166       0.169            -0.002           -0.153
       Category 2     Category 1        0.218       0.220            -0.002           -0.138
       Category 2     Category 2        0.502       0.500             0.002            0.115
     COG041         COG055
       Category 1     Category 1        0.058       0.055             0.003            0.320
       Category 1     Category 2        0.222       0.225            -0.003           -0.175
       Category 2     Category 1        0.064       0.066            -0.003           -0.294
       Category 2     Category 2        0.656       0.654             0.003            0.154
     COG041         COG056
       Category 1     Category 1        0.146       0.167            -0.021           -1.550
       Category 1     Category 2        0.134       0.113             0.021            1.831
       Category 2     Category 1        0.295       0.274             0.021            1.298
       Category 2     Category 2        0.425       0.446            -0.021           -1.164
     COG041         COG057
       Category 1     Category 1        0.254       0.240             0.014            0.901
       Category 1     Category 2        0.026       0.040            -0.014           -1.967
       Category 2     Category 1        0.562       0.576            -0.014           -0.779
       Category 2     Category 2        0.158       0.144             0.014            1.096
     COG041         COG058
       Category 1     Category 1        0.147       0.160            -0.012           -0.894
       Category 1     Category 2        0.133       0.121             0.012            1.005
       Category 2     Category 1        0.287       0.275             0.012            0.733
       Category 2     Category 2        0.433       0.445            -0.012           -0.659
     COG041         COG060
       Category 1     Category 1        0.203       0.211            -0.008           -0.554
       Category 1     Category 2        0.077       0.069             0.008            0.893
       Category 2     Category 1        0.409       0.400             0.008            0.461
       Category 2     Category 2        0.311       0.320            -0.008           -0.485
     COG041         COG061
       Category 1     Category 1        0.238       0.240            -0.002           -0.146
       Category 1     Category 2        0.042       0.040             0.002            0.320
       Category 2     Category 1        0.521       0.519             0.002            0.125
       Category 2     Category 2        0.199       0.201            -0.002           -0.156
     COG041         COG062
       Category 1     Category 1        0.263       0.254             0.008            0.510
       Category 1     Category 2        0.018       0.026            -0.008           -1.402
       Category 2     Category 1        0.587       0.595            -0.008           -0.453
       Category 2     Category 2        0.133       0.124             0.008            0.673
     COG041         COG063
       Category 1     Category 1        0.267       0.265             0.002            0.105
       Category 1     Category 2        0.014       0.015            -0.002           -0.377
       Category 2     Category 1        0.620       0.621            -0.002           -0.095
       Category 2     Category 2        0.100       0.098             0.002            0.155
     COG041         COG064
       Category 1     Category 1        0.241       0.240             0.001            0.085
       Category 1     Category 2        0.039       0.041            -0.001           -0.184
       Category 2     Category 1        0.522       0.524            -0.001           -0.073
       Category 2     Category 2        0.198       0.196             0.001            0.091
     COG041         COG066
       Category 1     Category 1        0.257       0.257             0.000            0.030
       Category 1     Category 2        0.023       0.023             0.000           -0.086
       Category 2     Category 1        0.567       0.567             0.000           -0.026
       Category 2     Category 2        0.153       0.152             0.000            0.036
     COG043         COG044
       Category 1     Category 1        0.031       0.026             0.005            0.824
       Category 1     Category 2        0.112       0.117            -0.005           -0.410
       Category 2     Category 1        0.081       0.086            -0.005           -0.470
       Category 2     Category 2        0.775       0.771             0.005            0.314
     COG043         COG045
       Category 1     Category 1        0.077       0.070             0.007            0.737
       Category 1     Category 2        0.066       0.073            -0.007           -0.723
       Category 2     Category 1        0.295       0.302            -0.007           -0.410
       Category 2     Category 2        0.562       0.555             0.007            0.379
     COG043         COG046
       Category 1     Category 1        0.088       0.088             0.000            0.037
       Category 1     Category 2        0.055       0.056             0.000           -0.045
       Category 2     Category 1        0.425       0.425             0.000           -0.021
       Category 2     Category 2        0.432       0.431             0.000            0.021
     COG043         COG048
       Category 1     Category 1        0.028       0.029             0.000           -0.018
       Category 1     Category 2        0.115       0.115             0.000            0.010
       Category 2     Category 1        0.080       0.080             0.000            0.011
       Category 2     Category 2        0.777       0.777             0.000           -0.007
     COG043         COG049
       Category 1     Category 1        0.042       0.048            -0.006           -0.734
       Category 1     Category 2        0.101       0.096             0.006            0.532
       Category 2     Category 1        0.114       0.108             0.006            0.505
       Category 2     Category 2        0.743       0.749            -0.006           -0.361
     COG043         COG050
       Category 1     Category 1        0.065       0.058             0.007            0.836
       Category 1     Category 2        0.078       0.086            -0.007           -0.697
       Category 2     Category 1        0.208       0.216            -0.007           -0.474
       Category 2     Category 2        0.648       0.641             0.007            0.407
     COG043         COG051
       Category 1     Category 1        0.032       0.038            -0.006           -0.794
       Category 1     Category 2        0.111       0.105             0.006            0.495
       Category 2     Category 1        0.088       0.082             0.006            0.552
       Category 2     Category 2        0.769       0.774            -0.006           -0.363
     COG043         COG052
       Category 1     Category 1        0.099       0.063             0.035            3.935
       Category 1     Category 2        0.045       0.080            -0.035           -3.538
       Category 2     Category 1        0.218       0.253            -0.035           -2.206
       Category 2     Category 2        0.639       0.603             0.035            1.961
     COG043         COG053
       Category 1     Category 1        0.061       0.067            -0.006           -0.671
       Category 1     Category 2        0.083       0.076             0.006            0.632
       Category 2     Category 1        0.273       0.267             0.006            0.380
       Category 2     Category 2        0.583       0.589            -0.006           -0.341
     COG043         COG054
       Category 1     Category 1        0.076       0.065             0.011            1.181
       Category 1     Category 2        0.068       0.078            -0.011           -1.084
       Category 2     Category 1        0.256       0.266            -0.011           -0.659
       Category 2     Category 2        0.601       0.590             0.011            0.592
     COG043         COG055
       Category 1     Category 1        0.043       0.040             0.003            0.486
       Category 1     Category 2        0.100       0.104            -0.003           -0.312
       Category 2     Category 1        0.078       0.082            -0.003           -0.346
       Category 2     Category 2        0.778       0.775             0.003            0.227
     COG043         COG056
       Category 1     Category 1        0.089       0.104            -0.014           -1.269
       Category 1     Category 2        0.054       0.040             0.014            1.975
       Category 2     Category 1        0.352       0.338             0.014            0.817
       Category 2     Category 2        0.505       0.519            -0.014           -0.774
     COG043         COG057
       Category 1     Category 1        0.123       0.127            -0.004           -0.324
       Category 1     Category 2        0.020       0.016             0.004            0.853
       Category 2     Category 1        0.693       0.689             0.004            0.233
       Category 2     Category 2        0.164       0.168            -0.004           -0.289
     COG043         COG058
       Category 1     Category 1        0.087       0.097            -0.011           -0.971
       Category 1     Category 2        0.057       0.046             0.011            1.369
       Category 2     Category 1        0.348       0.337             0.011            0.608
       Category 2     Category 2        0.509       0.519            -0.011           -0.576
     COG043         COG060
       Category 1     Category 1        0.116       0.122            -0.006           -0.472
       Category 1     Category 2        0.027       0.021             0.006            1.067
       Category 2     Category 1        0.495       0.490             0.006            0.309
       Category 2     Category 2        0.361       0.367            -0.006           -0.320
     COG043         COG061
       Category 1     Category 1        0.133       0.132             0.001            0.075
       Category 1     Category 2        0.011       0.012            -0.001           -0.236
       Category 2     Category 1        0.627       0.627            -0.001           -0.053
       Category 2     Category 2        0.230       0.229             0.001            0.061
     COG043         COG062
       Category 1     Category 1        0.139       0.135             0.004            0.336
       Category 1     Category 2        0.004       0.008            -0.004           -1.266
       Category 2     Category 1        0.710       0.715            -0.004           -0.254
       Category 2     Category 2        0.146       0.142             0.004            0.329
     COG043         COG063
       Category 1     Category 1        0.137       0.140            -0.003           -0.243
       Category 1     Category 2        0.007       0.004             0.003            1.398
       Category 2     Category 1        0.750       0.747             0.003            0.194
       Category 2     Category 2        0.107       0.110            -0.003           -0.270
     COG043         COG064
       Category 1     Category 1        0.133       0.131             0.002            0.151
       Category 1     Category 2        0.011       0.013            -0.002           -0.456
       Category 2     Category 1        0.631       0.632            -0.002           -0.106
       Category 2     Category 2        0.226       0.224             0.002            0.122
     COG043         COG066
       Category 1     Category 1        0.137       0.138            -0.001           -0.111
       Category 1     Category 2        0.007       0.005             0.001            0.523
       Category 2     Category 1        0.687       0.686             0.001            0.082
       Category 2     Category 2        0.169       0.171            -0.001           -0.102
     COG044         COG045
       Category 1     Category 1        0.065       0.055             0.010            1.211
       Category 1     Category 2        0.047       0.057            -0.010           -1.184
       Category 2     Category 1        0.307       0.317            -0.010           -0.592
       Category 2     Category 2        0.581       0.570             0.010            0.557
     COG044         COG046
       Category 1     Category 1        0.076       0.068             0.007            0.791
       Category 1     Category 2        0.037       0.044            -0.007           -0.975
       Category 2     Category 1        0.437       0.444            -0.007           -0.402
       Category 2     Category 2        0.451       0.443             0.007            0.402
     COG044         COG048
       Category 1     Category 1        0.028       0.022             0.006            1.128
       Category 1     Category 2        0.084       0.090            -0.006           -0.582
       Category 2     Category 1        0.080       0.086            -0.006           -0.594
       Category 2     Category 2        0.808       0.802             0.006            0.418
     COG044         COG049
       Category 1     Category 1        0.034       0.037            -0.003           -0.488
       Category 1     Category 2        0.078       0.075             0.003            0.350
       Category 2     Category 1        0.122       0.118             0.003            0.286
       Category 2     Category 2        0.766       0.769            -0.003           -0.219
     COG044         COG050
       Category 1     Category 1        0.054       0.045             0.009            1.185
       Category 1     Category 2        0.058       0.067            -0.009           -0.982
       Category 2     Category 1        0.219       0.228            -0.009           -0.586
       Category 2     Category 2        0.668       0.659             0.009            0.519
     COG044         COG051
       Category 1     Category 1        0.030       0.030             0.000            0.004
       Category 1     Category 2        0.083       0.083             0.000           -0.003
       Category 2     Category 1        0.091       0.091             0.000           -0.002
       Category 2     Category 2        0.797       0.797             0.000            0.002
     COG044         COG052
       Category 1     Category 1        0.055       0.050             0.006            0.743
       Category 1     Category 2        0.057       0.063            -0.006           -0.664
       Category 2     Category 1        0.261       0.267            -0.006           -0.364
       Category 2     Category 2        0.627       0.621             0.006            0.332
     COG044         COG053
       Category 1     Category 1        0.062       0.052             0.010            1.209
       Category 1     Category 2        0.050       0.060            -0.010           -1.134
       Category 2     Category 1        0.272       0.282            -0.010           -0.598
       Category 2     Category 2        0.616       0.606             0.010            0.551
     COG044         COG054
       Category 1     Category 1        0.054       0.051             0.003            0.413
       Category 1     Category 2        0.058       0.062            -0.003           -0.378
       Category 2     Category 1        0.277       0.281            -0.003           -0.202
       Category 2     Category 2        0.610       0.607             0.003            0.186
     COG044         COG055
       Category 1     Category 1        0.030       0.031            -0.001           -0.209
       Category 1     Category 2        0.083       0.081             0.001            0.133
       Category 2     Category 1        0.092       0.091             0.001            0.127
       Category 2     Category 2        0.796       0.797            -0.001           -0.090
     COG044         COG056
       Category 1     Category 1        0.074       0.080            -0.006           -0.603
       Category 1     Category 2        0.038       0.032             0.006            0.934
       Category 2     Category 1        0.367       0.361             0.006            0.342
       Category 2     Category 2        0.521       0.527            -0.006           -0.329
     COG044         COG057
       Category 1     Category 1        0.095       0.099            -0.005           -0.425
       Category 1     Category 2        0.018       0.013             0.005            1.127
       Category 2     Category 1        0.721       0.717             0.005            0.282
       Category 2     Category 2        0.166       0.171            -0.005           -0.338
     COG044         COG058
       Category 1     Category 1        0.068       0.076            -0.008           -0.819
       Category 1     Category 2        0.045       0.037             0.008            1.152
       Category 2     Category 1        0.367       0.359             0.008            0.452
       Category 2     Category 2        0.521       0.529            -0.008           -0.434
     COG044         COG060
       Category 1     Category 1        0.091       0.095            -0.004           -0.402
       Category 1     Category 2        0.022       0.017             0.004            0.904
       Category 2     Category 1        0.521       0.517             0.004            0.236
       Category 2     Category 2        0.367       0.371            -0.004           -0.244
     COG044         COG061
       Category 1     Category 1        0.097       0.103            -0.005           -0.475
       Category 1     Category 2        0.015       0.010             0.005            1.482
       Category 2     Category 1        0.662       0.656             0.005            0.304
       Category 2     Category 2        0.226       0.231            -0.005           -0.342
     COG044         COG062
       Category 1     Category 1        0.104       0.106            -0.001           -0.127
       Category 1     Category 2        0.008       0.007             0.001            0.480
       Category 2     Category 1        0.746       0.744             0.001            0.090
       Category 2     Category 2        0.142       0.144            -0.001           -0.111
     COG044         COG063
       Category 1     Category 1        0.107       0.109            -0.002           -0.205
       Category 1     Category 2        0.005       0.003             0.002            1.158
       Category 2     Category 1        0.779       0.777             0.002            0.154
       Category 2     Category 2        0.108       0.111            -0.002           -0.204
     COG044         COG064
       Category 1     Category 1        0.101       0.102            -0.001           -0.049
       Category 1     Category 2        0.011       0.010             0.001            0.148
       Category 2     Category 1        0.662       0.661             0.001            0.031
       Category 2     Category 2        0.226       0.227            -0.001           -0.036
     COG044         COG066
       Category 1     Category 1        0.107       0.108            -0.001           -0.078
       Category 1     Category 2        0.005       0.005             0.001            0.362
       Category 2     Category 1        0.717       0.716             0.001            0.054
       Category 2     Category 2        0.171       0.171            -0.001           -0.064
     COG045         COG046
       Category 1     Category 1        0.223       0.211             0.013            0.839
       Category 1     Category 2        0.149       0.161            -0.013           -0.930
       Category 2     Category 1        0.290       0.302            -0.013           -0.745
       Category 2     Category 2        0.338       0.326             0.013            0.730
     COG045         COG048
       Category 1     Category 1        0.051       0.056            -0.005           -0.598
       Category 1     Category 2        0.321       0.316             0.005            0.297
       Category 2     Category 1        0.057       0.052             0.005            0.623
       Category 2     Category 2        0.571       0.576            -0.005           -0.279
     COG045         COG049
       Category 1     Category 1        0.088       0.089            -0.001           -0.089
       Category 1     Category 2        0.284       0.283             0.001            0.056
       Category 2     Category 1        0.068       0.067             0.001            0.101
       Category 2     Category 2        0.560       0.561            -0.001           -0.051
     COG045         COG050
       Category 1     Category 1        0.181       0.127             0.055            4.471
       Category 1     Category 2        0.191       0.245            -0.055           -3.455
       Category 2     Category 1        0.092       0.147            -0.055           -4.202
       Category 2     Category 2        0.536       0.481             0.055            2.976
     COG045         COG051
       Category 1     Category 1        0.072       0.070             0.002            0.212
       Category 1     Category 2        0.300       0.302            -0.002           -0.118
       Category 2     Category 1        0.049       0.051            -0.002           -0.246
       Category 2     Category 2        0.579       0.577             0.002            0.109
     COG045         COG052
       Category 1     Category 1        0.146       0.142             0.004            0.290
       Category 1     Category 2        0.226       0.230            -0.004           -0.241
       Category 2     Category 1        0.171       0.174            -0.004           -0.267
       Category 2     Category 2        0.457       0.454             0.004            0.203
     COG045         COG053
       Category 1     Category 1        0.157       0.150             0.006            0.493
       Category 1     Category 2        0.215       0.222            -0.006           -0.424
       Category 2     Category 1        0.177       0.184            -0.006           -0.455
       Category 2     Category 2        0.451       0.444             0.006            0.355
     COG045         COG054
       Category 1     Category 1        0.150       0.147             0.003            0.222
       Category 1     Category 2        0.222       0.225            -0.003           -0.189
       Category 2     Category 1        0.181       0.184            -0.003           -0.203
       Category 2     Category 2        0.447       0.444             0.003            0.158
     COG045         COG055
       Category 1     Category 1        0.066       0.072            -0.006           -0.587
       Category 1     Category 2        0.306       0.300             0.006            0.331
       Category 2     Category 1        0.055       0.050             0.006            0.696
       Category 2     Category 2        0.572       0.578            -0.006           -0.307
     COG045         COG056
       Category 1     Category 1        0.202       0.221            -0.019           -1.261
       Category 1     Category 2        0.171       0.151             0.019            1.460
       Category 2     Category 1        0.240       0.220             0.019            1.262
       Category 2     Category 2        0.388       0.408            -0.019           -1.065
     COG045         COG057
       Category 1     Category 1        0.314       0.319            -0.005           -0.288
       Category 1     Category 2        0.058       0.053             0.005            0.598
       Category 2     Category 1        0.502       0.497             0.005            0.269
       Category 2     Category 2        0.126       0.131            -0.005           -0.398
     COG045         COG058
       Category 1     Category 1        0.198       0.210            -0.013           -0.861
       Category 1     Category 2        0.175       0.162             0.013            0.954
       Category 2     Category 1        0.237       0.224             0.013            0.842
       Category 2     Category 2        0.391       0.404            -0.013           -0.715
     COG045         COG060
       Category 1     Category 1        0.271       0.280            -0.009           -0.566
       Category 1     Category 2        0.101       0.092             0.009            0.879
       Category 2     Category 1        0.341       0.332             0.009            0.540
       Category 2     Category 2        0.287       0.296            -0.009           -0.557
     COG045         COG061
       Category 1     Category 1        0.300       0.319            -0.019           -1.097
       Category 1     Category 2        0.072       0.053             0.019            2.285
       Category 2     Category 1        0.459       0.440             0.019            1.030
       Category 2     Category 2        0.169       0.188            -0.019           -1.309
     COG045         COG062
       Category 1     Category 1        0.342       0.338             0.005            0.264
       Category 1     Category 2        0.030       0.034            -0.005           -0.685
       Category 2     Category 1        0.507       0.512            -0.005           -0.250
       Category 2     Category 2        0.120       0.116             0.005            0.390
     COG045         COG063
       Category 1     Category 1        0.342       0.352            -0.010           -0.548
       Category 1     Category 2        0.030       0.020             0.010            1.863
       Category 2     Category 1        0.544       0.534             0.010            0.525
       Category 2     Category 2        0.084       0.094            -0.010           -0.899
     COG045         COG064
       Category 1     Category 1        0.318       0.318             0.000            0.003
       Category 1     Category 2        0.054       0.054             0.000           -0.006
       Category 2     Category 1        0.445       0.445             0.000           -0.003
       Category 2     Category 2        0.183       0.183             0.000            0.004
     COG045         COG066
       Category 1     Category 1        0.329       0.341            -0.012           -0.701
       Category 1     Category 2        0.043       0.031             0.012            1.917
       Category 2     Category 1        0.495       0.483             0.012            0.665
       Category 2     Category 2        0.133       0.145            -0.012           -0.945
     COG046         COG048
       Category 1     Category 1        0.072       0.069             0.003            0.307
       Category 1     Category 2        0.441       0.444            -0.003           -0.156
       Category 2     Category 1        0.037       0.039            -0.003           -0.399
       Category 2     Category 2        0.451       0.448             0.003            0.156
     COG046         COG049
       Category 1     Category 1        0.101       0.105            -0.004           -0.311
       Category 1     Category 2        0.411       0.408             0.004            0.194
       Category 2     Category 1        0.054       0.051             0.004            0.436
       Category 2     Category 2        0.433       0.437            -0.004           -0.193
     COG046         COG050
       Category 1     Category 1        0.157       0.161            -0.004           -0.314
       Category 1     Category 2        0.356       0.352             0.004            0.242
       Category 2     Category 1        0.116       0.112             0.004            0.366
       Category 2     Category 2        0.371       0.375            -0.004           -0.239
     COG046         COG051
       Category 1     Category 1        0.080       0.082            -0.002           -0.208
       Category 1     Category 2        0.433       0.431             0.002            0.115
       Category 2     Category 1        0.041       0.038             0.002            0.296
       Category 2     Category 2        0.447       0.449            -0.002           -0.115
     COG046         COG052
       Category 1     Category 1        0.162       0.183            -0.021           -1.467
       Category 1     Category 2        0.350       0.330             0.021            1.208
       Category 2     Category 1        0.154       0.133             0.021            1.670
       Category 2     Category 2        0.333       0.354            -0.021           -1.187
     COG046         COG053
       Category 1     Category 1        0.191       0.194            -0.003           -0.193
       Category 1     Category 2        0.322       0.319             0.003            0.163
       Category 2     Category 1        0.143       0.141             0.003            0.219
       Category 2     Category 2        0.344       0.347            -0.003           -0.160
     COG046         COG054
       Category 1     Category 1        0.183       0.190            -0.008           -0.534
       Category 1     Category 2        0.330       0.322             0.008            0.448
       Category 2     Category 1        0.149       0.141             0.008            0.602
       Category 2     Category 2        0.338       0.346            -0.008           -0.441
     COG046         COG055
       Category 1     Category 1        0.084       0.084             0.000            0.001
       Category 1     Category 2        0.429       0.429             0.000            0.000
       Category 2     Category 1        0.038       0.038             0.000           -0.001
       Category 2     Category 2        0.449       0.449             0.000            0.000
     COG046         COG056
       Category 1     Category 1        0.263       0.274            -0.012           -0.724
       Category 1     Category 2        0.250       0.238             0.012            0.758
       Category 2     Category 1        0.179       0.167             0.012            0.867
       Category 2     Category 2        0.309       0.320            -0.012           -0.693
     COG046         COG057
       Category 1     Category 1        0.432       0.432             0.000           -0.016
       Category 1     Category 2        0.081       0.081             0.000            0.029
       Category 2     Category 1        0.384       0.384             0.000            0.016
       Category 2     Category 2        0.103       0.103             0.000           -0.026
     COG046         COG058
       Category 1     Category 1        0.258       0.264            -0.006           -0.362
       Category 1     Category 2        0.254       0.249             0.006            0.369
       Category 2     Category 1        0.176       0.170             0.006            0.425
       Category 2     Category 2        0.311       0.317            -0.006           -0.343
     COG046         COG060
       Category 1     Category 1        0.353       0.360            -0.006           -0.361
       Category 1     Category 2        0.160       0.153             0.006            0.481
       Category 2     Category 1        0.258       0.252             0.006            0.399
       Category 2     Category 2        0.229       0.235            -0.006           -0.409
     COG046         COG061
       Category 1     Category 1        0.425       0.422             0.003            0.141
       Category 1     Category 2        0.088       0.091            -0.003           -0.242
       Category 2     Category 1        0.334       0.337            -0.003           -0.147
       Category 2     Category 2        0.153       0.150             0.003            0.195
     COG046         COG062
       Category 1     Category 1        0.470       0.455             0.014            0.776
       Category 1     Category 2        0.043       0.058            -0.014           -1.660
       Category 2     Category 1        0.380       0.394            -0.014           -0.791
       Category 2     Category 2        0.107       0.093             0.014            1.332
     COG046         COG063
       Category 1     Category 1        0.478       0.475             0.002            0.133
       Category 1     Category 2        0.035       0.038            -0.002           -0.349
       Category 2     Category 1        0.409       0.411            -0.002           -0.135
       Category 2     Category 2        0.078       0.076             0.002            0.250
     COG046         COG064
       Category 1     Category 1        0.422       0.422             0.000            0.019
       Category 1     Category 2        0.091       0.091             0.000           -0.032
       Category 2     Category 1        0.341       0.341             0.000           -0.020
       Category 2     Category 2        0.146       0.146             0.000            0.026
     COG046         COG066
       Category 1     Category 1        0.463       0.454             0.008            0.459
       Category 1     Category 2        0.050       0.058            -0.008           -0.974
       Category 2     Category 1        0.361       0.370            -0.008           -0.474
       Category 2     Category 2        0.126       0.117             0.008            0.710
     COG048         COG049
       Category 1     Category 1        0.027       0.043            -0.016           -2.100
       Category 1     Category 2        0.081       0.066             0.016            1.715
       Category 2     Category 1        0.129       0.113             0.016            1.341
       Category 2     Category 2        0.763       0.779            -0.016           -1.023
     COG048         COG050
       Category 1     Category 1        0.047       0.048             0.000           -0.045
       Category 1     Category 2        0.061       0.061             0.000            0.040
       Category 2     Category 1        0.226       0.226             0.000            0.023
       Category 2     Category 2        0.666       0.666             0.000           -0.020
     COG048         COG051
       Category 1     Category 1        0.030       0.034            -0.005           -0.686
       Category 1     Category 2        0.078       0.074             0.005            0.478
       Category 2     Category 1        0.091       0.086             0.005            0.445
       Category 2     Category 2        0.801       0.806            -0.005           -0.316
     COG048         COG052
       Category 1     Category 1        0.051       0.052             0.000           -0.047
       Category 1     Category 2        0.057       0.056             0.000            0.045
       Category 2     Category 1        0.265       0.265             0.000            0.024
       Category 2     Category 2        0.627       0.627             0.000           -0.021
     COG048         COG053
       Category 1     Category 1        0.107       0.055             0.052            6.240
       Category 1     Category 2        0.001       0.054            -0.052           -6.303
       Category 2     Category 1        0.227       0.280            -0.052           -3.162
       Category 2     Category 2        0.664       0.612             0.052            2.912
     COG048         COG054
       Category 1     Category 1        0.051       0.053            -0.001           -0.172
       Category 1     Category 2        0.057       0.055             0.001            0.168
       Category 2     Category 1        0.280       0.279             0.001            0.086
       Category 2     Category 2        0.612       0.613            -0.001           -0.079
     COG048         COG055
       Category 1     Category 1        0.028       0.036            -0.008           -1.130
       Category 1     Category 2        0.080       0.072             0.008            0.816
       Category 2     Category 1        0.093       0.086             0.008            0.755
       Category 2     Category 2        0.798       0.806            -0.008           -0.534
     COG048         COG056
       Category 1     Category 1        0.054       0.086            -0.032           -3.079
       Category 1     Category 2        0.054       0.022             0.032            5.830
       Category 2     Category 1        0.387       0.355             0.032            1.802
       Category 2     Category 2        0.505       0.536            -0.032           -1.730
     COG048         COG057
       Category 1     Category 1        0.096       0.098            -0.002           -0.141
       Category 1     Category 2        0.012       0.011             0.002            0.409
       Category 2     Category 1        0.720       0.718             0.002            0.093
       Category 2     Category 2        0.172       0.173            -0.002           -0.111
     COG048         COG058
       Category 1     Category 1        0.058       0.080            -0.022           -2.206
       Category 1     Category 2        0.050       0.028             0.022            3.631
       Category 2     Category 1        0.376       0.354             0.022            1.253
       Category 2     Category 2        0.516       0.538            -0.022           -1.202
     COG048         COG060
       Category 1     Category 1        0.078       0.097            -0.019           -1.735
       Category 1     Category 2        0.030       0.011             0.019            4.966
       Category 2     Category 1        0.533       0.514             0.019            1.029
       Category 2     Category 2        0.359       0.378            -0.019           -1.061
     COG048         COG061
       Category 1     Category 1        0.087       0.102            -0.016           -1.415
       Category 1     Category 2        0.022       0.006             0.016            5.619
       Category 2     Category 1        0.673       0.657             0.016            0.904
       Category 2     Category 2        0.219       0.235            -0.016           -1.012
     COG048         COG062
       Category 1     Category 1        0.097       0.104            -0.006           -0.565
       Category 1     Category 2        0.011       0.004             0.006            2.577
       Category 2     Category 1        0.752       0.746             0.006            0.396
       Category 2     Category 2        0.139       0.146            -0.006           -0.488
     COG048         COG063
       Category 1     Category 1        0.100       0.107            -0.007           -0.579
       Category 1     Category 2        0.008       0.002             0.007            4.545
       Category 2     Category 1        0.786       0.780             0.007            0.431
       Category 2     Category 2        0.106       0.112            -0.007           -0.566
     COG048         COG064
       Category 1     Category 1        0.100       0.102            -0.001           -0.132
       Category 1     Category 2        0.008       0.007             0.001            0.489
       Category 2     Category 1        0.663       0.662             0.001            0.084
       Category 2     Category 2        0.229       0.230            -0.001           -0.094
     COG048         COG066
       Category 1     Category 1        0.099       0.106            -0.007           -0.650
       Category 1     Category 2        0.009       0.002             0.007            4.373
       Category 2     Category 1        0.725       0.718             0.007            0.445
       Category 2     Category 2        0.166       0.174            -0.007           -0.529
     COG049         COG050
       Category 1     Category 1        0.078       0.078             0.001            0.088
       Category 1     Category 2        0.077       0.078            -0.001           -0.088
       Category 2     Category 1        0.195       0.196            -0.001           -0.059
       Category 2     Category 2        0.650       0.649             0.001            0.049
     COG049         COG051
       Category 1     Category 1        0.068       0.062             0.006            0.645
       Category 1     Category 2        0.088       0.094            -0.006           -0.533
       Category 2     Category 1        0.053       0.058            -0.006           -0.662
       Category 2     Category 2        0.792       0.786             0.006            0.379
     COG049         COG052
       Category 1     Category 1        0.074       0.083            -0.009           -0.845
       Category 1     Category 2        0.081       0.073             0.009            0.898
       Category 2     Category 1        0.242       0.234             0.009            0.551
       Category 2     Category 2        0.602       0.611            -0.009           -0.478
     COG049         COG053
       Category 1     Category 1        0.069       0.088            -0.019           -1.791
       Category 1     Category 2        0.087       0.068             0.019            2.012
       Category 2     Category 1        0.265       0.247             0.019            1.175
       Category 2     Category 2        0.579       0.598            -0.019           -1.033
     COG049         COG054
       Category 1     Category 1        0.074       0.084            -0.010           -0.950
       Category 1     Category 2        0.081       0.071             0.010            1.023
       Category 2     Category 1        0.257       0.247             0.010            0.611
       Category 2     Category 2        0.587       0.597            -0.010           -0.537
     COG049         COG055
       Category 1     Category 1        0.062       0.066            -0.004           -0.399
       Category 1     Category 2        0.093       0.090             0.004            0.346
       Category 2     Category 1        0.060       0.056             0.004            0.431
       Category 2     Category 2        0.785       0.788            -0.004           -0.242
     COG049         COG056
       Category 1     Category 1        0.154       0.142             0.012            0.947
       Category 1     Category 2        0.001       0.014            -0.012           -2.864
       Category 2     Category 1        0.287       0.299            -0.012           -0.722
       Category 2     Category 2        0.558       0.545             0.012            0.664
     COG049         COG057
       Category 1     Category 1        0.142       0.144            -0.002           -0.145
       Category 1     Category 2        0.014       0.012             0.002            0.473
       Category 2     Category 1        0.674       0.672             0.002            0.108
       Category 2     Category 2        0.171       0.172            -0.002           -0.134
     COG049         COG058
       Category 1     Category 1        0.123       0.132            -0.009           -0.689
       Category 1     Category 2        0.032       0.024             0.009            1.525
       Category 2     Category 1        0.311       0.303             0.009            0.507
       Category 2     Category 2        0.533       0.542            -0.009           -0.468
     COG049         COG060
       Category 1     Category 1        0.150       0.151            -0.001           -0.074
       Category 1     Category 2        0.005       0.004             0.001            0.397
       Category 2     Category 1        0.461       0.460             0.001            0.053
       Category 2     Category 2        0.383       0.384            -0.001           -0.054
     COG049         COG061
       Category 1     Category 1        0.147       0.153            -0.006           -0.418
       Category 1     Category 2        0.008       0.003             0.006            2.958
       Category 2     Category 1        0.612       0.606             0.006            0.308
       Category 2     Category 2        0.233       0.238            -0.006           -0.353
     COG049         COG062
       Category 1     Category 1        0.152       0.153            -0.001           -0.084
       Category 1     Category 2        0.004       0.003             0.001            0.556
       Category 2     Category 1        0.698       0.697             0.001            0.066
       Category 2     Category 2        0.146       0.147            -0.001           -0.085
     COG049         COG063
       Category 1     Category 1        0.154       0.155            -0.001           -0.075
       Category 1     Category 2        0.001       0.000             0.001            1.456
       Category 2     Category 1        0.732       0.731             0.001            0.061
       Category 2     Category 2        0.112       0.113            -0.001           -0.086
     COG049         COG064
       Category 1     Category 1        0.145       0.152            -0.007           -0.541
       Category 1     Category 2        0.011       0.004             0.007            3.210
       Category 2     Category 1        0.618       0.611             0.007            0.399
       Category 2     Category 2        0.226       0.233            -0.007           -0.460
     COG049         COG066
       Category 1     Category 1        0.156       0.155             0.000            0.018
       Category 1     Category 2        0.000       0.000             0.000           -0.419
       Category 2     Category 1        0.668       0.669             0.000           -0.014
       Category 2     Category 2        0.176       0.176             0.000            0.017
     COG050         COG051
       Category 1     Category 1        0.064       0.061             0.002            0.263
       Category 1     Category 2        0.210       0.212            -0.002           -0.154
       Category 2     Category 1        0.057       0.059            -0.002           -0.267
       Category 2     Category 2        0.670       0.668             0.002            0.134
     COG050         COG052
       Category 1     Category 1        0.120       0.113             0.007            0.631
       Category 1     Category 2        0.153       0.160            -0.007           -0.544
       Category 2     Category 1        0.196       0.204            -0.007           -0.496
       Category 2     Category 2        0.530       0.523             0.007            0.400
     COG050         COG053
       Category 1     Category 1        0.122       0.120             0.002            0.191
       Category 1     Category 2        0.152       0.154            -0.002           -0.172
       Category 2     Category 1        0.212       0.215            -0.002           -0.151
       Category 2     Category 2        0.514       0.512             0.002            0.124
     COG050         COG054
       Category 1     Category 1        0.127       0.116             0.011            0.916
       Category 1     Category 2        0.146       0.157            -0.011           -0.807
       Category 2     Category 1        0.204       0.215            -0.011           -0.715
       Category 2     Category 2        0.522       0.512             0.011            0.587
     COG050         COG055
       Category 1     Category 1        0.065       0.064             0.001            0.146
       Category 1     Category 2        0.208       0.210            -0.001           -0.088
       Category 2     Category 1        0.057       0.058            -0.001           -0.152
       Category 2     Category 2        0.670       0.669             0.001            0.076
     COG050         COG056
       Category 1     Category 1        0.162       0.182            -0.019           -1.349
       Category 1     Category 2        0.111       0.092             0.019            1.801
       Category 2     Category 1        0.279       0.260             0.019            1.186
       Category 2     Category 2        0.448       0.467            -0.019           -1.042
     COG050         COG057
       Category 1     Category 1        0.233       0.239            -0.006           -0.381
       Category 1     Category 2        0.041       0.035             0.006            0.889
       Category 2     Category 1        0.583       0.577             0.006            0.329
       Category 2     Category 2        0.143       0.149            -0.006           -0.456
     COG050         COG058
       Category 1     Category 1        0.156       0.171            -0.016           -1.121
       Category 1     Category 2        0.118       0.102             0.016            1.394
       Category 2     Category 1        0.279       0.263             0.016            0.959
       Category 2     Category 2        0.448       0.463            -0.016           -0.847
     COG050         COG060
       Category 1     Category 1        0.211       0.221            -0.010           -0.677
       Category 1     Category 2        0.062       0.052             0.010            1.266
       Category 2     Category 1        0.401       0.390             0.010            0.576
       Category 2     Category 2        0.326       0.336            -0.010           -0.595
     COG050         COG061
       Category 1     Category 1        0.238       0.244            -0.006           -0.397
       Category 1     Category 2        0.035       0.029             0.006            1.019
       Category 2     Category 1        0.521       0.515             0.006            0.341
       Category 2     Category 2        0.206       0.212            -0.006           -0.418
     COG050         COG062
       Category 1     Category 1        0.250       0.254            -0.003           -0.216
       Category 1     Category 2        0.023       0.020             0.003            0.677
       Category 2     Category 1        0.599       0.596             0.003            0.191
       Category 2     Category 2        0.127       0.131            -0.003           -0.278
     COG050         COG063
       Category 1     Category 1        0.263       0.264            -0.001           -0.067
       Category 1     Category 2        0.011       0.010             0.001            0.302
       Category 2     Category 1        0.624       0.623             0.001            0.061
       Category 2     Category 2        0.103       0.104            -0.001           -0.097
     COG050         COG064
       Category 1     Category 1        0.240       0.243            -0.003           -0.213
       Category 1     Category 2        0.034       0.030             0.003            0.531
       Category 2     Category 1        0.524       0.520             0.003            0.183
       Category 2     Category 2        0.203       0.206            -0.003           -0.226
     COG050         COG066
       Category 1     Category 1        0.249       0.259            -0.010           -0.603
       Category 1     Category 2        0.024       0.015             0.010            2.198
       Category 2     Category 1        0.575       0.565             0.010            0.533
       Category 2     Category 2        0.152       0.161            -0.010           -0.718
     COG051         COG052
       Category 1     Category 1        0.065       0.065             0.000           -0.041
       Category 1     Category 2        0.055       0.055             0.000            0.044
       Category 2     Category 1        0.252       0.251             0.000            0.023
       Category 2     Category 2        0.628       0.628             0.000           -0.021
     COG051         COG053
       Category 1     Category 1        0.061       0.069            -0.008           -0.863
       Category 1     Category 2        0.060       0.051             0.008            0.989
       Category 2     Category 1        0.273       0.265             0.008            0.495
       Category 2     Category 2        0.606       0.614            -0.008           -0.449
     COG051         COG054
       Category 1     Category 1        0.066       0.066             0.000            0.019
       Category 1     Category 2        0.054       0.054             0.000           -0.020
       Category 2     Category 1        0.265       0.265             0.000           -0.010
       Category 2     Category 2        0.614       0.614             0.000            0.009
     COG051         COG055
       Category 1     Category 1        0.061       0.054             0.007            0.884
       Category 1     Category 2        0.060       0.067            -0.007           -0.797
       Category 2     Category 1        0.061       0.068            -0.007           -0.790
       Category 2     Category 2        0.819       0.811             0.007            0.509
     COG051         COG056
       Category 1     Category 1        0.111       0.110             0.001            0.051
       Category 1     Category 2        0.009       0.010            -0.001           -0.161
       Category 2     Category 1        0.330       0.331            -0.001           -0.034
       Category 2     Category 2        0.549       0.549             0.001            0.032
     COG051         COG057
       Category 1     Category 1        0.110       0.112            -0.002           -0.178
       Category 1     Category 2        0.011       0.009             0.002            0.601
       Category 2     Category 1        0.706       0.704             0.002            0.123
       Category 2     Category 2        0.173       0.175            -0.002           -0.147
     COG051         COG058
       Category 1     Category 1        0.120       0.103             0.018            1.578
       Category 1     Category 2        0.000       0.018            -0.018           -3.642
       Category 2     Category 1        0.314       0.332            -0.018           -1.018
       Category 2     Category 2        0.566       0.548             0.018            0.963
     COG051         COG060
       Category 1     Category 1        0.116       0.117            -0.001           -0.055
       Category 1     Category 2        0.004       0.003             0.001            0.302
       Category 2     Category 1        0.495       0.495             0.001            0.035
       Category 2     Category 2        0.384       0.385            -0.001           -0.036
     COG051         COG061
       Category 1     Category 1        0.116       0.118            -0.002           -0.176
       Category 1     Category 2        0.004       0.002             0.002            1.281
       Category 2     Category 1        0.643       0.641             0.002            0.118
       Category 2     Category 2        0.237       0.239            -0.002           -0.133
     COG051         COG062
       Category 1     Category 1        0.118       0.118            -0.001           -0.042
       Category 1     Category 2        0.003       0.002             0.001            0.293
       Category 2     Category 1        0.732       0.732             0.001            0.031
       Category 2     Category 2        0.147       0.148            -0.001           -0.039
     COG051         COG063
       Category 1     Category 1        0.118       0.120            -0.002           -0.203
       Category 1     Category 2        0.003       0.000             0.002            3.918
       Category 2     Category 1        0.769       0.766             0.002            0.156
       Category 2     Category 2        0.111       0.113            -0.002           -0.208
     COG051         COG064
       Category 1     Category 1        0.115       0.118            -0.003           -0.224
       Category 1     Category 2        0.005       0.003             0.003            1.374
       Category 2     Category 1        0.648       0.646             0.003            0.151
       Category 2     Category 2        0.231       0.234            -0.003           -0.170
     COG051         COG066
       Category 1     Category 1        0.120       0.120             0.000            0.018
       Category 1     Category 2        0.000       0.000             0.000           -0.397
       Category 2     Category 1        0.704       0.704             0.000           -0.013
       Category 2     Category 2        0.176       0.176             0.000            0.015
     COG052         COG053
       Category 1     Category 1        0.141       0.134             0.007            0.575
       Category 1     Category 2        0.176       0.183            -0.007           -0.505
       Category 2     Category 1        0.194       0.201            -0.007           -0.488
       Category 2     Category 2        0.490       0.483             0.007            0.391
     COG052         COG054
       Category 1     Category 1        0.157       0.130             0.027            2.148
       Category 1     Category 2        0.160       0.186            -0.027           -1.858
       Category 2     Category 1        0.175       0.201            -0.027           -1.804
       Category 2     Category 2        0.509       0.482             0.027            1.447
     COG052         COG055
       Category 1     Category 1        0.077       0.068             0.010            1.031
       Category 1     Category 2        0.240       0.249            -0.010           -0.599
       Category 2     Category 1        0.045       0.054            -0.010           -1.144
       Category 2     Category 2        0.639       0.629             0.010            0.536
     COG052         COG056
       Category 1     Category 1        0.180       0.200            -0.020           -1.349
       Category 1     Category 2        0.137       0.117             0.020            1.680
       Category 2     Category 1        0.261       0.241             0.020            1.261
       Category 2     Category 2        0.422       0.442            -0.020           -1.086
     COG052         COG057
       Category 1     Category 1        0.277       0.274             0.003            0.198
       Category 1     Category 2        0.039       0.042            -0.003           -0.437
       Category 2     Category 1        0.539       0.542            -0.003           -0.177
       Category 2     Category 2        0.145       0.142             0.003            0.253
     COG052         COG058
       Category 1     Category 1        0.171       0.189            -0.019           -1.304
       Category 1     Category 2        0.146       0.127             0.019            1.532
       Category 2     Category 1        0.264       0.245             0.019            1.187
       Category 2     Category 2        0.419       0.438            -0.019           -1.029
     COG052         COG060
       Category 1     Category 1        0.237       0.248            -0.011           -0.716
       Category 1     Category 2        0.080       0.068             0.011            1.224
       Category 2     Category 1        0.375       0.363             0.011            0.643
       Category 2     Category 2        0.309       0.320            -0.011           -0.663
     COG052         COG061
       Category 1     Category 1        0.277       0.278            -0.001           -0.036
       Category 1     Category 2        0.039       0.039             0.001            0.085
       Category 2     Category 1        0.482       0.481             0.001            0.033
       Category 2     Category 2        0.202       0.202            -0.001           -0.041
     COG052         COG062
       Category 1     Category 1        0.291       0.291             0.000           -0.007
       Category 1     Category 2        0.026       0.026             0.000            0.020
       Category 2     Category 1        0.559       0.559             0.000            0.006
       Category 2     Category 2        0.124       0.125             0.000           -0.010
     COG052         COG063
       Category 1     Category 1        0.302       0.303            -0.001           -0.064
       Category 1     Category 2        0.015       0.014             0.001            0.252
       Category 2     Category 1        0.585       0.583             0.001            0.060
       Category 2     Category 2        0.099       0.100            -0.001           -0.098
     COG052         COG064
       Category 1     Category 1        0.280       0.276             0.004            0.220
       Category 1     Category 2        0.037       0.040            -0.004           -0.501
       Category 2     Category 1        0.483       0.487            -0.004           -0.197
       Category 2     Category 2        0.200       0.197             0.004            0.247
     COG052         COG066
       Category 1     Category 1        0.288       0.296            -0.007           -0.438
       Category 1     Category 2        0.028       0.021             0.007            1.391
       Category 2     Category 1        0.536       0.529             0.007            0.400
       Category 2     Category 2        0.147       0.155            -0.007           -0.552
     COG053         COG054
       Category 1     Category 1        0.139       0.138             0.002            0.128
       Category 1     Category 2        0.195       0.196            -0.002           -0.111
       Category 2     Category 1        0.192       0.194            -0.002           -0.112
       Category 2     Category 2        0.474       0.472             0.002            0.088
     COG053         COG055
       Category 1     Category 1        0.065       0.071            -0.006           -0.674
       Category 1     Category 2        0.269       0.263             0.006            0.394
       Category 2     Category 1        0.057       0.050             0.006            0.793
       Category 2     Category 2        0.609       0.615            -0.006           -0.357
     COG053         COG056
       Category 1     Category 1        0.172       0.211            -0.040           -2.638
       Category 1     Category 2        0.162       0.123             0.040            3.283
       Category 2     Category 1        0.269       0.230             0.040            2.562
       Category 2     Category 2        0.396       0.436            -0.040           -2.173
     COG053         COG057
       Category 1     Category 1        0.286       0.290            -0.004           -0.241
       Category 1     Category 2        0.049       0.045             0.004            0.529
       Category 2     Category 1        0.530       0.526             0.004            0.219
       Category 2     Category 2        0.135       0.139            -0.004           -0.316
     COG053         COG058
       Category 1     Category 1        0.157       0.200            -0.043           -2.939
       Category 1     Category 2        0.177       0.134             0.043            3.453
       Category 2     Category 1        0.277       0.234             0.043            2.778
       Category 2     Category 2        0.388       0.432            -0.043           -2.375
     COG053         COG060
       Category 1     Category 1        0.226       0.263            -0.037           -2.263
       Category 1     Category 2        0.108       0.072             0.037            3.862
       Category 2     Category 1        0.386       0.349             0.037            2.089
       Category 2     Category 2        0.280       0.317            -0.037           -2.141
     COG053         COG061
       Category 1     Category 1        0.269       0.294            -0.025           -1.470
       Category 1     Category 2        0.065       0.040             0.025            3.404
       Category 2     Category 1        0.490       0.465             0.025            1.343
       Category 2     Category 2        0.176       0.201            -0.025           -1.672
     COG053         COG062
       Category 1     Category 1        0.298       0.307            -0.010           -0.576
       Category 1     Category 2        0.037       0.027             0.010            1.648
       Category 2     Category 1        0.552       0.542             0.010            0.534
       Category 2     Category 2        0.114       0.123            -0.010           -0.808
     COG053         COG063
       Category 1     Category 1        0.310       0.320            -0.010           -0.588
       Category 1     Category 2        0.024       0.014             0.010            2.311
       Category 2     Category 1        0.576       0.566             0.010            0.553
       Category 2     Category 2        0.089       0.099            -0.010           -0.916
     COG053         COG064
       Category 1     Category 1        0.294       0.292             0.001            0.082
       Category 1     Category 2        0.041       0.042            -0.001           -0.185
       Category 2     Category 1        0.470       0.471            -0.001           -0.074
       Category 2     Category 2        0.196       0.195             0.001            0.094
     COG053         COG066
       Category 1     Category 1        0.294       0.312            -0.019           -1.105
       Category 1     Category 2        0.041       0.022             0.019            3.511
       Category 2     Category 1        0.530       0.512             0.019            1.025
       Category 2     Category 2        0.135       0.154            -0.019           -1.418
     COG054         COG055
       Category 1     Category 1        0.073       0.068             0.005            0.508
       Category 1     Category 2        0.258       0.263            -0.005           -0.291
       Category 2     Category 1        0.049       0.053            -0.005           -0.570
       Category 2     Category 2        0.620       0.615             0.005            0.263
     COG054         COG056
       Category 1     Category 1        0.179       0.205            -0.026           -1.759
       Category 1     Category 2        0.153       0.127             0.026            2.134
       Category 2     Category 1        0.263       0.236             0.026            1.671
       Category 2     Category 2        0.406       0.432            -0.026           -1.433
     COG054         COG057
       Category 1     Category 1        0.294       0.286             0.008            0.460
       Category 1     Category 2        0.038       0.046            -0.008           -0.997
       Category 2     Category 1        0.522       0.530            -0.008           -0.417
       Category 2     Category 2        0.146       0.138             0.008            0.602
     COG054         COG058
       Category 1     Category 1        0.189       0.194            -0.005           -0.337
       Category 1     Category 2        0.142       0.137             0.005            0.387
       Category 2     Category 1        0.245       0.240             0.005            0.312
       Category 2     Category 2        0.424       0.428            -0.005           -0.269
     COG054         COG060
       Category 1     Category 1        0.250       0.256            -0.006           -0.360
       Category 1     Category 2        0.081       0.075             0.006            0.596
       Category 2     Category 1        0.361       0.356             0.006            0.329
       Category 2     Category 2        0.307       0.313            -0.006           -0.339
     COG054         COG061
       Category 1     Category 1        0.288       0.289             0.000           -0.028
       Category 1     Category 2        0.043       0.043             0.000            0.063
       Category 2     Category 1        0.471       0.470             0.000            0.026
       Category 2     Category 2        0.198       0.198             0.000           -0.032
     COG054         COG062
       Category 1     Category 1        0.298       0.303            -0.006           -0.336
       Category 1     Category 2        0.034       0.028             0.006            0.933
       Category 2     Category 1        0.552       0.546             0.006            0.310
       Category 2     Category 2        0.116       0.122            -0.006           -0.472
     COG054         COG063
       Category 1     Category 1        0.313       0.316            -0.003           -0.191
       Category 1     Category 2        0.019       0.016             0.003            0.714
       Category 2     Category 1        0.574       0.570             0.003            0.179
       Category 2     Category 2        0.095       0.098            -0.003           -0.299
     COG054         COG064
       Category 1     Category 1        0.299       0.287             0.012            0.708
       Category 1     Category 2        0.032       0.044            -0.012           -1.557
       Category 2     Category 1        0.464       0.476            -0.012           -0.641
       Category 2     Category 2        0.204       0.193             0.012            0.812
     COG054         COG066
       Category 1     Category 1        0.310       0.307             0.002            0.141
       Category 1     Category 2        0.022       0.024            -0.002           -0.424
       Category 2     Category 1        0.514       0.517            -0.002           -0.130
       Category 2     Category 2        0.154       0.152             0.002            0.181
     COG055         COG056
       Category 1     Category 1        0.110       0.114            -0.005           -0.393
       Category 1     Category 2        0.012       0.008             0.005            1.442
       Category 2     Category 1        0.332       0.327             0.005            0.267
       Category 2     Category 2        0.547       0.551            -0.005           -0.251
     COG055         COG057
       Category 1     Category 1        0.118       0.113             0.004            0.364
       Category 1     Category 2        0.004       0.008            -0.004           -1.273
       Category 2     Category 1        0.698       0.702            -0.004           -0.253
       Category 2     Category 2        0.180       0.176             0.004            0.304
     COG055         COG058
       Category 1     Category 1        0.112       0.107             0.006            0.510
       Category 1     Category 2        0.009       0.015            -0.006           -1.284
       Category 2     Category 1        0.322       0.328            -0.006           -0.335
       Category 2     Category 2        0.556       0.550             0.006            0.316
     COG055         COG060
       Category 1     Category 1        0.115       0.120            -0.004           -0.376
       Category 1     Category 2        0.007       0.002             0.004            2.551
       Category 2     Category 1        0.497       0.492             0.004            0.244
       Category 2     Category 2        0.382       0.386            -0.004           -0.250
     COG055         COG061
       Category 1     Category 1        0.120       0.120             0.000            0.005
       Category 1     Category 2        0.001       0.001             0.000           -0.043
       Category 2     Category 1        0.639       0.639             0.000           -0.003
       Category 2     Category 2        0.240       0.239             0.000            0.004
     COG055         COG062
       Category 1     Category 1        0.122       0.120             0.002            0.152
       Category 1     Category 2        0.000       0.002            -0.002           -1.160
       Category 2     Category 1        0.728       0.730            -0.002           -0.111
       Category 2     Category 2        0.150       0.148             0.002            0.139
     COG055         COG063
       Category 1     Category 1        0.122       0.122             0.000            0.014
       Category 1     Category 2        0.000       0.000             0.000           -0.351
       Category 2     Category 1        0.765       0.765             0.000           -0.011
       Category 2     Category 2        0.114       0.114             0.000            0.014
     COG055         COG064
       Category 1     Category 1        0.120       0.120             0.001            0.066
       Category 1     Category 2        0.001       0.002            -0.001           -0.462
       Category 2     Category 1        0.643       0.644            -0.001           -0.045
       Category 2     Category 2        0.235       0.235             0.001            0.050
     COG055         COG066
       Category 1     Category 1        0.122       0.122             0.000            0.008
       Category 1     Category 2        0.000       0.000             0.000           -0.259
       Category 2     Category 1        0.702       0.702             0.000           -0.005
       Category 2     Category 2        0.176       0.176             0.000            0.007
     COG056         COG057
       Category 1     Category 1        0.386       0.396            -0.011           -0.601
       Category 1     Category 2        0.055       0.045             0.011            1.423
       Category 2     Category 1        0.430       0.419             0.011            0.596
       Category 2     Category 2        0.129       0.139            -0.011           -0.849
     COG056         COG058
       Category 1     Category 1        0.334       0.321             0.013            0.786
       Category 1     Category 2        0.107       0.120            -0.013           -1.128
       Category 2     Category 1        0.100       0.114            -0.013           -1.156
       Category 2     Category 2        0.459       0.445             0.013            0.738
     COG056         COG060
       Category 1     Category 1        0.425       0.409             0.016            0.860
       Category 1     Category 2        0.016       0.032            -0.016           -2.410
       Category 2     Category 1        0.187       0.202            -0.016           -1.052
       Category 2     Category 2        0.372       0.357             0.016            0.883
     COG056         COG061
       Category 1     Category 1        0.413       0.424            -0.012           -0.633
       Category 1     Category 2        0.028       0.017             0.012            2.425
       Category 2     Category 1        0.346       0.335             0.012            0.662
       Category 2     Category 2        0.212       0.224            -0.012           -0.750
     COG056         COG062
       Category 1     Category 1        0.415       0.425            -0.010           -0.543
       Category 1     Category 2        0.026       0.016             0.010            2.152
       Category 2     Category 1        0.434       0.424             0.010            0.543
       Category 2     Category 2        0.124       0.134            -0.010           -0.788
     COG056         COG063
       Category 1     Category 1        0.434       0.439            -0.004           -0.234
       Category 1     Category 2        0.007       0.002             0.004            2.334
       Category 2     Category 1        0.452       0.448             0.004            0.234
       Category 2     Category 2        0.107       0.111            -0.004           -0.370
     COG056         COG064
       Category 1     Category 1        0.413       0.419            -0.006           -0.356
       Category 1     Category 2        0.028       0.022             0.006            1.200
       Category 2     Category 1        0.350       0.344             0.006            0.370
       Category 2     Category 2        0.208       0.215            -0.006           -0.428
     COG056         COG066
       Category 1     Category 1        0.437       0.440            -0.002           -0.135
       Category 1     Category 2        0.004       0.002             0.002            1.679
       Category 2     Category 1        0.387       0.385             0.002            0.138
       Category 2     Category 2        0.172       0.174            -0.002           -0.177
     COG057         COG058
       Category 1     Category 1        0.388       0.386             0.002            0.127
       Category 1     Category 2        0.428       0.430            -0.002           -0.125
       Category 2     Category 1        0.046       0.048            -0.002           -0.289
       Category 2     Category 2        0.138       0.136             0.002            0.181
     COG057         COG060
       Category 1     Category 1        0.535       0.536            -0.002           -0.104
       Category 1     Category 2        0.281       0.280             0.002            0.116
       Category 2     Category 1        0.077       0.075             0.002            0.197
       Category 2     Category 2        0.107       0.109            -0.002           -0.167
     COG057         COG061
       Category 1     Category 1        0.656       0.648             0.008            0.480
       Category 1     Category 2        0.160       0.168            -0.008           -0.613
       Category 2     Category 1        0.103       0.111            -0.008           -0.729
       Category 2     Category 2        0.081       0.073             0.008            0.883
     COG057         COG062
       Category 1     Category 1        0.713       0.711             0.003            0.157
       Category 1     Category 2        0.103       0.105            -0.003           -0.231
       Category 2     Category 1        0.137       0.139            -0.003           -0.205
       Category 2     Category 2        0.047       0.045             0.003            0.343
     COG057         COG063
       Category 1     Category 1        0.744       0.742             0.002            0.117
       Category 1     Category 2        0.072       0.074            -0.002           -0.196
       Category 2     Category 1        0.142       0.144            -0.002           -0.146
       Category 2     Category 2        0.042       0.040             0.002            0.261
     COG057         COG064
       Category 1     Category 1        0.654       0.649             0.005            0.270
       Category 1     Category 2        0.162       0.167            -0.005           -0.346
       Category 2     Category 1        0.110       0.114            -0.005           -0.405
       Category 2     Category 2        0.074       0.070             0.005            0.506
     COG057         COG066
       Category 1     Category 1        0.698       0.701            -0.003           -0.176
       Category 1     Category 2        0.118       0.115             0.003            0.253
       Category 2     Category 1        0.126       0.123             0.003            0.246
       Category 2     Category 2        0.058       0.061            -0.003           -0.336
     COG058         COG060
       Category 1     Category 1        0.398       0.382             0.016            0.875
       Category 1     Category 2        0.037       0.052            -0.016           -1.913
       Category 2     Category 1        0.214       0.229            -0.016           -1.012
       Category 2     Category 2        0.352       0.336             0.016            0.901
     COG058         COG061
       Category 1     Category 1        0.403       0.407            -0.004           -0.214
       Category 1     Category 2        0.031       0.027             0.004            0.644
       Category 2     Category 1        0.356       0.352             0.004            0.220
       Category 2     Category 2        0.210       0.214            -0.004           -0.256
     COG058         COG062
       Category 1     Category 1        0.413       0.413            -0.001           -0.029
       Category 1     Category 2        0.022       0.021             0.001            0.101
       Category 2     Category 1        0.437       0.437             0.001            0.029
       Category 2     Category 2        0.129       0.129            -0.001           -0.043
     COG058         COG063
       Category 1     Category 1        0.428       0.428            -0.001           -0.034
       Category 1     Category 2        0.007       0.006             0.001            0.214
       Category 2     Category 1        0.459       0.458             0.001            0.034
       Category 2     Category 2        0.107       0.108            -0.001           -0.054
     COG058         COG064
       Category 1     Category 1        0.402       0.403            -0.001           -0.054
       Category 1     Category 2        0.032       0.031             0.001            0.153
       Category 2     Category 1        0.361       0.360             0.001            0.056
       Category 2     Category 2        0.204       0.205            -0.001           -0.066
     COG058         COG066
       Category 1     Category 1        0.434       0.427             0.007            0.409
       Category 1     Category 2        0.000       0.007            -0.007           -2.353
       Category 2     Category 1        0.390       0.397            -0.007           -0.413
       Category 2     Category 2        0.176       0.168             0.007            0.540
     COG060         COG061
       Category 1     Category 1        0.551       0.564            -0.013           -0.702
       Category 1     Category 2        0.061       0.048             0.013            1.628
       Category 2     Category 1        0.208       0.196             0.013            0.878
       Category 2     Category 2        0.180       0.193            -0.013           -0.883
     COG060         COG062
       Category 1     Category 1        0.568       0.576            -0.007           -0.410
       Category 1     Category 2        0.043       0.036             0.007            1.089
       Category 2     Category 1        0.281       0.274             0.007            0.454
       Category 2     Category 2        0.107       0.114            -0.007           -0.636
     COG060         COG063
       Category 1     Category 1        0.598       0.601            -0.003           -0.171
       Category 1     Category 2        0.014       0.010             0.003            0.825
       Category 2     Category 1        0.288       0.285             0.003            0.186
       Category 2     Category 2        0.100       0.103            -0.003           -0.276
     COG060         COG064
       Category 1     Category 1        0.551       0.557            -0.006           -0.338
       Category 1     Category 2        0.061       0.055             0.006            0.739
       Category 2     Category 1        0.212       0.206             0.006            0.415
       Category 2     Category 2        0.176       0.182            -0.006           -0.435
     COG060         COG066
       Category 1     Category 1        0.599       0.600             0.000           -0.018
       Category 1     Category 2        0.012       0.012             0.000            0.081
       Category 2     Category 1        0.225       0.224             0.000            0.021
       Category 2     Category 2        0.164       0.164             0.000           -0.024
     COG061         COG062
       Category 1     Category 1        0.696       0.690             0.005            0.321
       Category 1     Category 2        0.064       0.069            -0.005           -0.585
       Category 2     Category 1        0.154       0.160            -0.005           -0.405
       Category 2     Category 2        0.087       0.081             0.005            0.544
     COG061         COG063
       Category 1     Category 1        0.744       0.725             0.020            1.197
       Category 1     Category 2        0.015       0.035            -0.020           -2.927
       Category 2     Category 1        0.142       0.162            -0.020           -1.452
       Category 2     Category 2        0.099       0.079             0.020            1.980
     COG061         COG064
       Category 1     Category 1        0.651       0.649             0.002            0.112
       Category 1     Category 2        0.108       0.110            -0.002           -0.171
       Category 2     Category 1        0.112       0.114            -0.002           -0.168
       Category 2     Category 2        0.129       0.127             0.002            0.161
     COG061         COG066
       Category 1     Category 1        0.719       0.706             0.012            0.728
       Category 1     Category 2        0.041       0.053            -0.012           -1.483
       Category 2     Category 1        0.106       0.118            -0.012           -1.029
       Category 2     Category 2        0.135       0.123             0.012            1.009
     COG062         COG063
       Category 1     Category 1        0.786       0.785             0.001            0.065
       Category 1     Category 2        0.064       0.065            -0.001           -0.108
       Category 2     Category 1        0.100       0.101            -0.001           -0.088
       Category 2     Category 2        0.050       0.049             0.001            0.123
     COG062         COG064
       Category 1     Category 1        0.694       0.690             0.005            0.269
       Category 1     Category 2        0.156       0.160            -0.005           -0.339
       Category 2     Category 1        0.069       0.074            -0.005           -0.476
       Category 2     Category 2        0.081       0.077             0.005            0.467
     COG062         COG066
       Category 1     Category 1        0.758       0.748             0.010            0.605
       Category 1     Category 2        0.092       0.102            -0.010           -0.869
       Category 2     Category 1        0.066       0.076            -0.010           -0.992
       Category 2     Category 2        0.084       0.074             0.010            1.002
     COG063         COG064
       Category 1     Category 1        0.724       0.724             0.000            0.027
       Category 1     Category 2        0.162       0.163             0.000           -0.033
       Category 2     Category 1        0.039       0.040             0.000           -0.062
       Category 2     Category 2        0.074       0.074             0.000            0.046
     COG063         COG066
       Category 1     Category 1        0.788       0.789            -0.001           -0.099
       Category 1     Category 2        0.099       0.097             0.001            0.136
       Category 2     Category 1        0.037       0.035             0.001            0.219
       Category 2     Category 2        0.077       0.079            -0.001           -0.150
     COG064         COG066
       Category 1     Category 1        0.710       0.702             0.009            0.520
       Category 1     Category 2        0.053       0.062            -0.009           -0.991
       Category 2     Category 1        0.114       0.122            -0.009           -0.726
       Category 2     Category 2        0.123       0.114             0.009            0.748


MODEL MODIFICATION INDICES

NOTE:  Modification indices for direct effects of observed dependent variables
regressed on covariates and residual covariances among observed dependent
variables may not be included.  To include these, request MODINDICES (ALL).

Minimum M.I. value for printing the modification index    10.000

                                   M.I.     E.P.C.  Std E.P.C.  StdYX E.P.C.

WITH Statements

COG045   WITH COG040              44.340     0.421      0.421        0.487
COG050   WITH COG040              26.685     0.347      0.347        0.419
COG050   WITH COG045              64.091     0.410      0.410        0.511
COG052   WITH COG043              42.079     0.387      0.387        0.492
COG053   WITH COG048             532.488     0.867      0.867        1.175
COG054   WITH COG052              11.163     0.199      0.199        0.246
COG056   WITH COG048              30.886    -0.473     -0.473       -1.451
COG056   WITH COG049              41.892     0.278      0.278        1.213
COG056   WITH COG053              20.161    -0.294     -0.294       -0.847
COG058   WITH COG048              14.688    -0.320     -0.320       -0.638
COG058   WITH COG053              23.609    -0.319     -0.319       -0.599
COG060   WITH COG048              17.048    -0.356     -0.356       -0.988
COG060   WITH COG053              19.845    -0.296     -0.296       -0.773
COG060   WITH COG056              29.415     0.176      0.176        1.039
COG060   WITH COG058              10.159     0.124      0.124        0.476
COG061   WITH COG048              17.854    -0.393     -0.393       -0.793
COG061   WITH COG053              12.705    -0.254     -0.254       -0.481
COG063   WITH COG061              38.794     0.275      0.275        0.812
COG066   WITH COG053              11.114    -0.255     -0.255       -0.799


TECHNICAL 1 OUTPUT


     PARAMETER SPECIFICATION


           TAU
              COG040$1      COG041$1      COG043$1      COG044$1      COG045$1
              ________      ________      ________      ________      ________
                  1             2             3             4             5


           TAU
              COG046$1      COG048$1      COG049$1      COG050$1      COG051$1
              ________      ________      ________      ________      ________
                  6             7             8             9            10


           TAU
              COG052$1      COG053$1      COG054$1      COG055$1      COG056$1
              ________      ________      ________      ________      ________
                 11            12            13            14            15


           TAU
              COG057$1      COG058$1      COG060$1      COG061$1      COG062$1
              ________      ________      ________      ________      ________
                 16            17            18            19            20


           TAU
              COG063$1      COG064$1      COG066$1
              ________      ________      ________
                 21            22            23


           NU
              COG040        COG041        COG043        COG044        COG045
              ________      ________      ________      ________      ________
                  0             0             0             0             0


           NU
              COG046        COG048        COG049        COG050        COG051
              ________      ________      ________      ________      ________
                  0             0             0             0             0


           NU
              COG052        COG053        COG054        COG055        COG056
              ________      ________      ________      ________      ________
                  0             0             0             0             0


           NU
              COG057        COG058        COG060        COG061        COG062
              ________      ________      ________      ________      ________
                  0             0             0             0             0


           NU
              COG063        COG064        COG066        ECNEG
              ________      ________      ________      ________
                  0             0             0             0


           LAMBDA
              COG           ECNEG
              ________      ________
 COG040             0             0
 COG041            24             0
 COG043            25             0
 COG044            26             0
 COG045            27             0
 COG046            28             0
 COG048            29             0
 COG049            30             0
 COG050            31             0
 COG051            32             0
 COG052            33             0
 COG053            34             0
 COG054            35             0
 COG055            36             0
 COG056            37             0
 COG057            38             0
 COG058            39             0
 COG060            40             0
 COG061            41             0
 COG062            42             0
 COG063            43             0
 COG064            44             0
 COG066            45             0
 ECNEG              0             0


           THETA
              COG040        COG041        COG043        COG044        COG045
              ________      ________      ________      ________      ________
 COG040             0
 COG041             0             0
 COG043             0             0             0
 COG044             0             0             0             0
 COG045             0             0             0             0             0
 COG046             0             0             0             0             0
 COG048             0             0             0             0             0
 COG049             0             0             0             0             0
 COG050             0             0             0             0             0
 COG051             0             0             0             0             0
 COG052             0             0             0             0             0
 COG053             0             0             0             0             0
 COG054             0             0             0             0             0
 COG055             0             0             0             0             0
 COG056             0             0             0             0             0
 COG057             0             0             0             0             0
 COG058             0             0             0             0             0
 COG060             0             0             0             0             0
 COG061             0             0             0             0             0
 COG062             0             0             0             0             0
 COG063             0             0             0             0             0
 COG064             0             0             0             0             0
 COG066             0             0             0             0             0
 ECNEG              0             0             0             0             0


           THETA
              COG046        COG048        COG049        COG050        COG051
              ________      ________      ________      ________      ________
 COG046             0
 COG048             0             0
 COG049             0             0             0
 COG050             0             0             0             0
 COG051             0             0             0             0             0
 COG052             0             0             0             0             0
 COG053             0             0             0             0             0
 COG054             0             0             0             0             0
 COG055             0             0             0             0             0
 COG056             0             0             0             0             0
 COG057             0             0             0             0             0
 COG058             0             0             0             0             0
 COG060             0             0             0             0             0
 COG061             0             0             0             0             0
 COG062             0             0             0             0             0
 COG063             0             0             0             0             0
 COG064             0             0             0             0             0
 COG066             0             0             0             0             0
 ECNEG              0             0             0             0             0


           THETA
              COG052        COG053        COG054        COG055        COG056
              ________      ________      ________      ________      ________
 COG052             0
 COG053             0             0
 COG054             0             0             0
 COG055             0             0             0             0
 COG056             0             0             0             0             0
 COG057             0             0             0             0             0
 COG058             0             0             0             0             0
 COG060             0             0             0             0             0
 COG061             0             0             0             0             0
 COG062             0             0             0             0             0
 COG063             0             0             0             0             0
 COG064             0             0             0             0             0
 COG066             0             0             0             0             0
 ECNEG              0             0             0             0             0


           THETA
              COG057        COG058        COG060        COG061        COG062
              ________      ________      ________      ________      ________
 COG057             0
 COG058             0             0
 COG060             0             0             0
 COG061             0             0             0             0
 COG062             0             0             0             0             0
 COG063             0             0             0             0             0
 COG064             0             0             0             0             0
 COG066             0             0             0             0             0
 ECNEG              0             0             0             0             0


           THETA
              COG063        COG064        COG066        ECNEG
              ________      ________      ________      ________
 COG063             0
 COG064             0             0
 COG066             0             0             0
 ECNEG              0             0             0             0


           ALPHA
              COG           ECNEG
              ________      ________
                  0            46


           BETA
              COG           ECNEG
              ________      ________
 COG                0             0
 ECNEG              0             0


           PSI
              COG           ECNEG
              ________      ________
 COG               47
 ECNEG             48            49


     STARTING VALUES


           TAU
              COG040$1      COG041$1      COG043$1      COG044$1      COG045$1
              ________      ________      ________      ________      ________
               -1.140        -0.583        -1.065        -1.214        -0.326


           TAU
              COG046$1      COG048$1      COG049$1      COG050$1      COG051$1
              ________      ________      ________      ________      ________
                0.032        -1.236        -1.013        -0.603        -1.173


           TAU
              COG052$1      COG053$1      COG054$1      COG055$1      COG056$1
              ________      ________      ________      ________      ________
               -0.477        -0.428        -0.436        -1.166        -0.148


           TAU
              COG057$1      COG058$1      COG060$1      COG061$1      COG062$1
              ________      ________      ________      ________      ________
                0.900        -0.165         0.284         0.704         1.036


           TAU
              COG063$1      COG064$1      COG066$1
              ________      ________      ________
                1.207         0.717         0.931


           NU
              COG040        COG041        COG043        COG044        COG045
              ________      ________      ________      ________      ________
                0.000         0.000         0.000         0.000         0.000


           NU
              COG046        COG048        COG049        COG050        COG051
              ________      ________      ________      ________      ________
                0.000         0.000         0.000         0.000         0.000


           NU
              COG052        COG053        COG054        COG055        COG056
              ________      ________      ________      ________      ________
                0.000         0.000         0.000         0.000         0.000


           NU
              COG057        COG058        COG060        COG061        COG062
              ________      ________      ________      ________      ________
                0.000         0.000         0.000         0.000         0.000


           NU
              COG063        COG064        COG066        ECNEG
              ________      ________      ________      ________
                0.000         0.000         0.000         0.000


           LAMBDA
              COG           ECNEG
              ________      ________
 COG040         1.000         0.000
 COG041         1.000         0.000
 COG043         1.000         0.000
 COG044         1.000         0.000
 COG045         1.000         0.000
 COG046         1.000         0.000
 COG048         1.000         0.000
 COG049         1.000         0.000
 COG050         1.000         0.000
 COG051         1.000         0.000
 COG052         1.000         0.000
 COG053         1.000         0.000
 COG054         1.000         0.000
 COG055         1.000         0.000
 COG056         1.000         0.000
 COG057         1.000         0.000
 COG058         1.000         0.000
 COG060         1.000         0.000
 COG061         1.000         0.000
 COG062         1.000         0.000
 COG063         1.000         0.000
 COG064         1.000         0.000
 COG066         1.000         0.000
 ECNEG          0.000         1.000


           THETA
              COG040        COG041        COG043        COG044        COG045
              ________      ________      ________      ________      ________
 COG040         1.000
 COG041         0.000         1.000
 COG043         0.000         0.000         1.000
 COG044         0.000         0.000         0.000         1.000
 COG045         0.000         0.000         0.000         0.000         1.000
 COG046         0.000         0.000         0.000         0.000         0.000
 COG048         0.000         0.000         0.000         0.000         0.000
 COG049         0.000         0.000         0.000         0.000         0.000
 COG050         0.000         0.000         0.000         0.000         0.000
 COG051         0.000         0.000         0.000         0.000         0.000
 COG052         0.000         0.000         0.000         0.000         0.000
 COG053         0.000         0.000         0.000         0.000         0.000
 COG054         0.000         0.000         0.000         0.000         0.000
 COG055         0.000         0.000         0.000         0.000         0.000
 COG056         0.000         0.000         0.000         0.000         0.000
 COG057         0.000         0.000         0.000         0.000         0.000
 COG058         0.000         0.000         0.000         0.000         0.000
 COG060         0.000         0.000         0.000         0.000         0.000
 COG061         0.000         0.000         0.000         0.000         0.000
 COG062         0.000         0.000         0.000         0.000         0.000
 COG063         0.000         0.000         0.000         0.000         0.000
 COG064         0.000         0.000         0.000         0.000         0.000
 COG066         0.000         0.000         0.000         0.000         0.000
 ECNEG          0.000         0.000         0.000         0.000         0.000


           THETA
              COG046        COG048        COG049        COG050        COG051
              ________      ________      ________      ________      ________
 COG046         1.000
 COG048         0.000         1.000
 COG049         0.000         0.000         1.000
 COG050         0.000         0.000         0.000         1.000
 COG051         0.000         0.000         0.000         0.000         1.000
 COG052         0.000         0.000         0.000         0.000         0.000
 COG053         0.000         0.000         0.000         0.000         0.000
 COG054         0.000         0.000         0.000         0.000         0.000
 COG055         0.000         0.000         0.000         0.000         0.000
 COG056         0.000         0.000         0.000         0.000         0.000
 COG057         0.000         0.000         0.000         0.000         0.000
 COG058         0.000         0.000         0.000         0.000         0.000
 COG060         0.000         0.000         0.000         0.000         0.000
 COG061         0.000         0.000         0.000         0.000         0.000
 COG062         0.000         0.000         0.000         0.000         0.000
 COG063         0.000         0.000         0.000         0.000         0.000
 COG064         0.000         0.000         0.000         0.000         0.000
 COG066         0.000         0.000         0.000         0.000         0.000
 ECNEG          0.000         0.000         0.000         0.000         0.000


           THETA
              COG052        COG053        COG054        COG055        COG056
              ________      ________      ________      ________      ________
 COG052         1.000
 COG053         0.000         1.000
 COG054         0.000         0.000         1.000
 COG055         0.000         0.000         0.000         1.000
 COG056         0.000         0.000         0.000         0.000         1.000
 COG057         0.000         0.000         0.000         0.000         0.000
 COG058         0.000         0.000         0.000         0.000         0.000
 COG060         0.000         0.000         0.000         0.000         0.000
 COG061         0.000         0.000         0.000         0.000         0.000
 COG062         0.000         0.000         0.000         0.000         0.000
 COG063         0.000         0.000         0.000         0.000         0.000
 COG064         0.000         0.000         0.000         0.000         0.000
 COG066         0.000         0.000         0.000         0.000         0.000
 ECNEG          0.000         0.000         0.000         0.000         0.000


           THETA
              COG057        COG058        COG060        COG061        COG062
              ________      ________      ________      ________      ________
 COG057         1.000
 COG058         0.000         1.000
 COG060         0.000         0.000         1.000
 COG061         0.000         0.000         0.000         1.000
 COG062         0.000         0.000         0.000         0.000         1.000
 COG063         0.000         0.000         0.000         0.000         0.000
 COG064         0.000         0.000         0.000         0.000         0.000
 COG066         0.000         0.000         0.000         0.000         0.000
 ECNEG          0.000         0.000         0.000         0.000         0.000


           THETA
              COG063        COG064        COG066        ECNEG
              ________      ________      ________      ________
 COG063         1.000
 COG064         0.000         1.000
 COG066         0.000         0.000         1.000
 ECNEG          0.000         0.000         0.000         0.000


           ALPHA
              COG           ECNEG
              ________      ________
                0.000         0.000


           BETA
              COG           ECNEG
              ________      ________
 COG            0.000         0.000
 ECNEG          0.000         0.000


           PSI
              COG           ECNEG
              ________      ________
 COG            0.050
 ECNEG          0.000         0.500


TECHNICAL 4 OUTPUT


     ESTIMATES DERIVED FROM THE MODEL


           ESTIMATED MEANS FOR THE LATENT VARIABLES
              COG           ECNEG
              ________      ________
                0.000         0.000


           ESTIMATED COVARIANCE MATRIX FOR THE LATENT VARIABLES
              COG           ECNEG
              ________      ________
 COG            0.108
 ECNEG         -0.016         1.000


           ESTIMATED CORRELATION MATRIX FOR THE LATENT VARIABLES
              COG           ECNEG
              ________      ________
 COG            1.000
 ECNEG         -0.050         1.000


     ESTIMATES DERIVED FROM THE MODEL


           S.E. FOR ESTIMATED MEANS FOR THE LATENT VARIABLES
              COG           ECNEG
              ________      ________
                0.000         0.043


           EST./S.E. FOR ESTIMATED MEANS FOR THE LATENT VARIABLES
              COG           ECNEG
              ________      ________
                0.000         0.000


           TWO-TAILED P-VALUE FOR ESTIMATED MEANS FOR THE LATENT VARIABLES
              COG           ECNEG
              ________      ________
                1.000         1.000


           S.E. FOR ESTIMATED COVARIANCE MATRIX FOR THE LATENT VARIABLES
              COG           ECNEG
              ________      ________
 COG            0.038
 ECNEG          0.014         0.047


           EST./S.E. FOR ESTIMATED COVARIANCE MATRIX FOR THE LATENT VARIABLES
              COG           ECNEG
              ________      ________
 COG            2.838
 ECNEG         -1.180        21.492


           TWO-TAILED P-VALUE FOR ESTIMATED COVARIANCE MATRIX FOR THE LATENT VARIABLES
              COG           ECNEG
              ________      ________
 COG            0.005
 ECNEG          0.238         0.000


           S.E. FOR ESTIMATED CORRELATION MATRIX FOR THE LATENT VARIABLES
              COG           ECNEG
              ________      ________
 COG            0.000
 ECNEG          0.041         0.000


           EST./S.E. FOR ESTIMATED CORRELATION MATRIX FOR THE LATENT VARIABLES
              COG           ECNEG
              ________      ________
 COG          999.000
 ECNEG         -1.214       999.000


           TWO-TAILED P-VALUE FOR ESTIMATED CORRELATION MATRIX FOR THE LATENT VARIABLES
              COG           ECNEG
              ________      ________
 COG            0.000
 ECNEG          0.225         0.000


SAMPLE STATISTICS FOR ESTIMATED FACTOR SCORES


     SAMPLE STATISTICS


           Means
              COG           COG_SE
              ________      ________
                0.002         0.109


           Covariances
              COG           COG_SE
              ________      ________
 COG            0.091
 COG_SE        -0.001         0.000


           Correlations
              COG           COG_SE
              ________      ________
 COG            1.000
 COG_SE        -0.183         1.000


SAVEDATA INFORMATION


  Save file
    ../../fscores_structural.dat

  Order and format of variables

    COG040         F10.3
    COG041         F10.3
    COG043         F10.3
    COG044         F10.3
    COG045         F10.3
    COG046         F10.3
    COG048         F10.3
    COG049         F10.3
    COG050         F10.3
    COG051         F10.3
    COG052         F10.3
    COG053         F10.3
    COG054         F10.3
    COG055         F10.3
    COG056         F10.3
    COG057         F10.3
    COG058         F10.3
    COG060         F10.3
    COG061         F10.3
    COG062         F10.3
    COG063         F10.3
    COG064         F10.3
    COG066         F10.3
    ECNEG          F10.3
    COG            F10.3
    COG_SE         F10.3

  Save file format
    26F10.3

  Save file record length    10000

  Save missing symbol        *


     Beginning Time:  14:45:29
        Ending Time:  14:45:29
       Elapsed Time:  00:00:00



MUTHEN & MUTHEN
3463 Stoner Ave.
Los Angeles, CA  90066

Tel: (310) 391-9971
Fax: (310) 391-8971
Web: www.StatModel.com
Support: Support@StatModel.com

Copyright (c) 1998-2021 Muthen & Muthen
