Mplus VERSION 8.6
MUTHEN & MUTHEN
06/04/2026   2:45 PM

INPUT INSTRUCTIONS

  TITLE:
    Structural model - UNIDIM - CBInt outcome ~ COG
    WLSMV estimator; items treated as categorical (binary)
    Single factor: COG (all items load on one factor)

  DATA:
    FILE = "../../combined.dat";

  VARIABLE:
    NAMES ARE
      COG034 COG035 COG036 COG037 COG038 COG039 COG040 COG041
      COG042 COG043 COG044 COG045 COG046 COG047 COG048 COG049 COG050
      COG051 COG052 COG053 COG054 COG055 COG056 COG057 COG058
      COG060 COG061 COG062 COG063 COG064 COG065 COG066 COG067 COG068
      GA BirthWt Sex HdCirc IUGR GDiab PrEcl AntCor_P AntCor_C
      MomAge MomEdu DadEdu EthSAsian EthBlack EthMixed EthOther
      MomEng EPDSTot StimEnv PrLax PrOvr PrVrb PrSty
      CBInt CBExt CBTot CBAnx CBWth CBSom CBSlp CBAtt CBAgg
      ECSur ECNeg ECEff BayMot BayLan QchatTot;

    USEVARIABLES ARE
      COG040 COG041
      COG043 COG044 COG045 COG046 COG048 COG049 COG050
      COG051 COG052 COG053 COG054 COG055 COG056 COG057 COG058
      COG060 COG061 COG062 COG063 COG064 COG066
      CBInt;

    CATEGORICAL ARE
      COG040 COG041
      COG043 COG044 COG045 COG046 COG048 COG049 COG050
      COG051 COG052 COG053 COG054 COG055 COG056 COG057 COG058
      COG060 COG061 COG062 COG063 COG064 COG066;

    MISSING ARE ALL (-999);

  DEFINE:
    STANDARDIZE CBInt;

  ANALYSIS:
    ESTIMATOR = WLSMV;

  MODEL:
    COG BY
      COG040 COG045 COG050 COG064
      COG041 COG043 COG044 COG046
      COG048 COG052 COG053 COG057
      COG049 COG051 COG054 COG055 COG056
      COG058 COG060 COG061 COG062 COG063 COG066;

    CBInt WITH COG;

  OUTPUT:
    STANDARDIZED;
    MODINDICES(10);
    RESIDUAL;
    SAMPSTAT;
    TECH1;
    TECH4;
    CINTERVAL;

  SAVEDATA:
    FILE = "../../fscores_structural.dat";
    SAVE = FSCORES;



INPUT READING TERMINATED NORMALLY




Structural model - UNIDIM - CBInt outcome ~ COG
WLSMV estimator; items treated as categorical (binary)
Single factor: COG (all items load on one factor)

SUMMARY OF ANALYSIS

Number of groups                                                 1
Number of observations                                         739

Number of dependent variables                                   24
Number of independent variables                                  0
Number of continuous latent variables                            1

Observed dependent variables

  Continuous
   CBINT

  Binary and ordered categorical (ordinal)
   COG040      COG041      COG043      COG044      COG045      COG046
   COG048      COG049      COG050      COG051      COG052      COG053
   COG054      COG055      COG056      COG057      COG058      COG060
   COG061      COG062      COG063      COG064      COG066

Continuous latent variables
   COG


Estimator                                                    WLSMV
Maximum number of iterations                                  1000
Convergence criterion                                    0.500D-04
Maximum number of steepest descent iterations                   20
Maximum number of iterations for H1                           2000
Convergence criterion for H1                             0.100D-03
Parameterization                                             DELTA
Link                                                        PROBIT

Input data file(s)
  ../../combined.dat

Input data format  FREE


SUMMARY OF DATA

     Number of missing data patterns             2


COVARIANCE COVERAGE OF DATA

Minimum covariance coverage value   0.100


     PROPORTION OF DATA PRESENT


           Covariance Coverage
              COG040        COG041        COG043        COG044        COG045
              ________      ________      ________      ________      ________
 COG040         1.000
 COG041         1.000         1.000
 COG043         1.000         1.000         1.000
 COG044         1.000         1.000         1.000         1.000
 COG045         1.000         1.000         1.000         1.000         1.000
 COG046         1.000         1.000         1.000         1.000         1.000
 COG048         1.000         1.000         1.000         1.000         1.000
 COG049         1.000         1.000         1.000         1.000         1.000
 COG050         1.000         1.000         1.000         1.000         1.000
 COG051         1.000         1.000         1.000         1.000         1.000
 COG052         1.000         1.000         1.000         1.000         1.000
 COG053         1.000         1.000         1.000         1.000         1.000
 COG054         1.000         1.000         1.000         1.000         1.000
 COG055         1.000         1.000         1.000         1.000         1.000
 COG056         1.000         1.000         1.000         1.000         1.000
 COG057         1.000         1.000         1.000         1.000         1.000
 COG058         1.000         1.000         1.000         1.000         1.000
 COG060         1.000         1.000         1.000         1.000         1.000
 COG061         1.000         1.000         1.000         1.000         1.000
 COG062         1.000         1.000         1.000         1.000         1.000
 COG063         1.000         1.000         1.000         1.000         1.000
 COG064         1.000         1.000         1.000         1.000         1.000
 COG066         1.000         1.000         1.000         1.000         1.000
 CBINT          0.978         0.978         0.978         0.978         0.978


           Covariance Coverage
              COG046        COG048        COG049        COG050        COG051
              ________      ________      ________      ________      ________
 COG046         1.000
 COG048         1.000         1.000
 COG049         1.000         1.000         1.000
 COG050         1.000         1.000         1.000         1.000
 COG051         1.000         1.000         1.000         1.000         1.000
 COG052         1.000         1.000         1.000         1.000         1.000
 COG053         1.000         1.000         1.000         1.000         1.000
 COG054         1.000         1.000         1.000         1.000         1.000
 COG055         1.000         1.000         1.000         1.000         1.000
 COG056         1.000         1.000         1.000         1.000         1.000
 COG057         1.000         1.000         1.000         1.000         1.000
 COG058         1.000         1.000         1.000         1.000         1.000
 COG060         1.000         1.000         1.000         1.000         1.000
 COG061         1.000         1.000         1.000         1.000         1.000
 COG062         1.000         1.000         1.000         1.000         1.000
 COG063         1.000         1.000         1.000         1.000         1.000
 COG064         1.000         1.000         1.000         1.000         1.000
 COG066         1.000         1.000         1.000         1.000         1.000
 CBINT          0.978         0.978         0.978         0.978         0.978


           Covariance Coverage
              COG052        COG053        COG054        COG055        COG056
              ________      ________      ________      ________      ________
 COG052         1.000
 COG053         1.000         1.000
 COG054         1.000         1.000         1.000
 COG055         1.000         1.000         1.000         1.000
 COG056         1.000         1.000         1.000         1.000         1.000
 COG057         1.000         1.000         1.000         1.000         1.000
 COG058         1.000         1.000         1.000         1.000         1.000
 COG060         1.000         1.000         1.000         1.000         1.000
 COG061         1.000         1.000         1.000         1.000         1.000
 COG062         1.000         1.000         1.000         1.000         1.000
 COG063         1.000         1.000         1.000         1.000         1.000
 COG064         1.000         1.000         1.000         1.000         1.000
 COG066         1.000         1.000         1.000         1.000         1.000
 CBINT          0.978         0.978         0.978         0.978         0.978


           Covariance Coverage
              COG057        COG058        COG060        COG061        COG062
              ________      ________      ________      ________      ________
 COG057         1.000
 COG058         1.000         1.000
 COG060         1.000         1.000         1.000
 COG061         1.000         1.000         1.000         1.000
 COG062         1.000         1.000         1.000         1.000         1.000
 COG063         1.000         1.000         1.000         1.000         1.000
 COG064         1.000         1.000         1.000         1.000         1.000
 COG066         1.000         1.000         1.000         1.000         1.000
 CBINT          0.978         0.978         0.978         0.978         0.978


           Covariance Coverage
              COG063        COG064        COG066        CBINT
              ________      ________      ________      ________
 COG063         1.000
 COG064         1.000         1.000
 COG066         1.000         1.000         1.000
 CBINT          0.978         0.978         0.978         0.978


UNIVARIATE PROPORTIONS AND COUNTS FOR CATEGORICAL VARIABLES

    COG040
      Category 1    0.127           94.000
      Category 2    0.873          645.000
    COG041
      Category 1    0.280          207.000
      Category 2    0.720          532.000
    COG043
      Category 1    0.143          106.000
      Category 2    0.857          633.000
    COG044
      Category 1    0.112           83.000
      Category 2    0.888          656.000
    COG045
      Category 1    0.372          275.000
      Category 2    0.628          464.000
    COG046
      Category 1    0.513          379.000
      Category 2    0.487          360.000
    COG048
      Category 1    0.108           80.000
      Category 2    0.892          659.000
    COG049
      Category 1    0.156          115.000
      Category 2    0.844          624.000
    COG050
      Category 1    0.273          202.000
      Category 2    0.727          537.000
    COG051
      Category 1    0.120           89.000
      Category 2    0.880          650.000
    COG052
      Category 1    0.317          234.000
      Category 2    0.683          505.000
    COG053
      Category 1    0.334          247.000
      Category 2    0.666          492.000
    COG054
      Category 1    0.332          245.000
      Category 2    0.668          494.000
    COG055
      Category 1    0.122           90.000
      Category 2    0.878          649.000
    COG056
      Category 1    0.441          326.000
      Category 2    0.559          413.000
    COG057
      Category 1    0.816          603.000
      Category 2    0.184          136.000
    COG058
      Category 1    0.434          321.000
      Category 2    0.566          418.000
    COG060
      Category 1    0.612          452.000
      Category 2    0.388          287.000
    COG061
      Category 1    0.759          561.000
      Category 2    0.241          178.000
    COG062
      Category 1    0.850          628.000
      Category 2    0.150          111.000
    COG063
      Category 1    0.886          655.000
      Category 2    0.114           84.000
    COG064
      Category 1    0.763          564.000
      Category 2    0.237          175.000
    COG066
      Category 1    0.824          609.000
      Category 2    0.176          130.000


SAMPLE STATISTICS


     ESTIMATED SAMPLE STATISTICS


           MEANS/INTERCEPTS/THRESHOLDS
              COG040$1      COG041$1      COG043$1      COG044$1      COG045$1
              ________      ________      ________      ________      ________
               -1.140        -0.583        -1.065        -1.214        -0.326


           MEANS/INTERCEPTS/THRESHOLDS
              COG046$1      COG048$1      COG049$1      COG050$1      COG051$1
              ________      ________      ________      ________      ________
                0.032        -1.236        -1.013        -0.603        -1.173


           MEANS/INTERCEPTS/THRESHOLDS
              COG052$1      COG053$1      COG054$1      COG055$1      COG056$1
              ________      ________      ________      ________      ________
               -0.477        -0.428        -0.436        -1.166        -0.148


           MEANS/INTERCEPTS/THRESHOLDS
              COG057$1      COG058$1      COG060$1      COG061$1      COG062$1
              ________      ________      ________      ________      ________
                0.900        -0.165         0.284         0.704         1.036


           MEANS/INTERCEPTS/THRESHOLDS
              COG063$1      COG064$1      COG066$1      CBINT
              ________      ________      ________      ________
                1.207         0.717         0.931         0.000


           CORRELATION MATRIX (WITH VARIANCES ON THE DIAGONAL)
              COG040        COG041        COG043        COG044        COG045
              ________      ________      ________      ________      ________
 COG040
 COG041         0.088
 COG043         0.095         0.221
 COG044         0.340         0.318         0.291
 COG045         0.534         0.217         0.265         0.304
 COG046         0.193         0.179         0.160         0.241         0.214
 COG048         0.123         0.213         0.261         0.357         0.154
 COG049         0.307         0.188         0.310         0.301         0.315
 COG050         0.487         0.247         0.310         0.330         0.573
 COG051         0.265         0.293         0.283         0.339         0.335
 COG052         0.128         0.202         0.572         0.272         0.206
 COG053         0.080         0.160         0.152         0.329         0.231
 COG054         0.169         0.166         0.320         0.230         0.192
 COG055         0.187         0.319         0.438         0.334         0.262
 COG056         0.235         0.168         0.286         0.324         0.247
 COG057         0.084         0.315         0.107         0.063         0.104
 COG058         0.133         0.192         0.267         0.246         0.238
 COG060         0.202         0.249         0.351         0.322         0.297
 COG061         0.056         0.256         0.402         0.228         0.155
 COG062         0.230         0.351         0.447         0.230         0.314
 COG063         0.180         0.322         0.264         0.244         0.179
 COG064         0.325         0.276         0.396         0.313         0.300
 COG066         0.151         0.333         0.398         0.372         0.235
 CBINT         -0.139        -0.051        -0.122        -0.024        -0.079


           CORRELATION MATRIX (WITH VARIANCES ON THE DIAGONAL)
              COG046        COG048        COG049        COG050        COG051
              ________      ________      ________      ________      ________
 COG048         0.221
 COG049         0.229         0.204
 COG050         0.126         0.262         0.400
 COG051         0.228         0.354         0.686         0.402
 COG052         0.000         0.242         0.277         0.273         0.343
 COG053         0.133         0.909         0.188         0.242         0.266
 COG054         0.087         0.218         0.249         0.289         0.335
 COG055         0.269         0.326         0.628         0.411         0.713
 COG056         0.229         0.086         0.904         0.311         0.723
 COG057         0.124         0.174         0.272         0.113         0.245
 COG058         0.226         0.151         0.564         0.276         0.897
 COG060         0.256         0.178         0.711         0.352         0.682
 COG061         0.284         0.079         0.489         0.317         0.534
 COG062         0.361         0.137         0.469         0.253         0.466
 COG063         0.302         0.129         0.550         0.371         0.397
 COG064         0.248         0.371         0.423         0.323         0.483
 COG066         0.386         0.230         0.697         0.302         0.652
 CBINT          0.060        -0.215        -0.028        -0.095        -0.097


           CORRELATION MATRIX (WITH VARIANCES ON THE DIAGONAL)
              COG052        COG053        COG054        COG055        COG056
              ________      ________      ________      ________      ________
 COG053         0.260
 COG054         0.380         0.211
 COG055         0.474         0.307         0.405
 COG056         0.281         0.168         0.223         0.688
 COG057         0.210         0.136         0.252         0.460         0.249
 COG058         0.231         0.082         0.310         0.732         0.791
 COG060         0.320         0.156         0.345         0.619         0.899
 COG061         0.354         0.140         0.340         0.662         0.641
 COG062         0.284         0.167         0.198         0.624         0.461
 COG063         0.347         0.206         0.293         0.572         0.650
 COG064         0.372         0.362         0.440         0.658         0.633
 COG066         0.320         0.201         0.431         0.654         0.805
 CBINT         -0.130        -0.136        -0.037        -0.152        -0.008


           CORRELATION MATRIX (WITH VARIANCES ON THE DIAGONAL)
              COG057        COG058        COG060        COG061        COG062
              ________      ________      ________      ________      ________
 COG058         0.332
 COG060         0.332         0.800
 COG061         0.392         0.609         0.647
 COG062         0.280         0.503         0.504         0.563
 COG063         0.344         0.644         0.701         0.838         0.536
 COG064         0.337         0.590         0.636         0.615         0.521
 COG066         0.328         0.886         0.838         0.822         0.680
 CBINT          0.052         0.008         0.001        -0.009         0.031


           CORRELATION MATRIX (WITH VARIANCES ON THE DIAGONAL)
              COG063        COG064        COG066        CBINT
              ________      ________      ________      ________
 COG064         0.620
 COG066         0.754         0.757
 CBINT         -0.109        -0.065         0.002         1.000


UNIVARIATE SAMPLE STATISTICS


     UNIVARIATE HIGHER-ORDER MOMENT DESCRIPTIVE STATISTICS

         Variable/         Mean/     Skewness/   Minimum/ % with                Percentiles
        Sample Size      Variance    Kurtosis    Maximum  Min/Max      20%/60%    40%/80%    Median

     CBINT                 0.000       1.570      -1.113    9.13%      -0.917     -0.525     -0.329
             723.000       1.000       4.004       6.735    0.14%       0.064      0.652


     THIS ANALYSIS MAY HAVE MULTIPLE SOLUTIONS.  EXPLORE THIS USING RANDOM STARTS,
     FOR EXAMPLE, STARTS = 20.  USE A LARGE ENOUGH NUMBER OF STARTS SO THAT THE
     BEST FIT FUNCTION VALUE IS REPLICATED SEVERAL TIMES.


THE MODEL ESTIMATION TERMINATED NORMALLY



MODEL FIT INFORMATION

Number of Free Parameters                       49

Chi-Square Test of Model Fit

          Value                           1250.475*
          Degrees of Freedom                   252
          P-Value                           0.0000

*   The chi-square value for MLM, MLMV, MLR, ULSMV, WLSM and WLSMV cannot be used
    for chi-square difference testing in the regular way.  MLM, MLR and WLSM
    chi-square difference testing is described on the Mplus website.  MLMV, WLSMV,
    and ULSMV difference testing is done using the DIFFTEST option.

RMSEA (Root Mean Square Error Of Approximation)

          Estimate                           0.073
          90 Percent C.I.                    0.069  0.077
          Probability RMSEA <= .05           0.000

CFI/TLI

          CFI                                0.881
          TLI                                0.870

Chi-Square Test of Model Fit for the Baseline Model

          Value                           8659.289
          Degrees of Freedom                   276
          P-Value                           0.0000

SRMR (Standardized Root Mean Square Residual)

          Value                              0.111

Optimum Function Value for Weighted Least-Squares Estimator

          Value                     0.86948072D+00



MODEL RESULTS

                                                    Two-Tailed
                    Estimate       S.E.  Est./S.E.    P-Value

 COG      BY
    COG040             1.000      0.000    999.000    999.000
    COG045             1.217      0.212      5.734      0.000
    COG050             1.465      0.256      5.720      0.000
    COG064             2.267      0.401      5.657      0.000
    COG041             1.062      0.222      4.779      0.000
    COG043             1.442      0.296      4.867      0.000
    COG044             1.319      0.261      5.054      0.000
    COG046             0.992      0.207      4.787      0.000
    COG048             1.682      0.315      5.342      0.000
    COG052             1.359      0.260      5.220      0.000
    COG053             1.414      0.270      5.238      0.000
    COG057             1.167      0.247      4.735      0.000
    COG049             2.451      0.432      5.670      0.000
    COG051             2.351      0.420      5.592      0.000
    COG054             1.300      0.252      5.162      0.000
    COG055             2.484      0.439      5.663      0.000
    COG056             2.785      0.487      5.715      0.000
    COG058             2.417      0.429      5.636      0.000
    COG060             2.730      0.477      5.721      0.000
    COG061             2.431      0.433      5.611      0.000
    COG062             1.929      0.349      5.523      0.000
    COG063             2.491      0.441      5.643      0.000
    COG066             2.822      0.496      5.693      0.000

 CBINT    WITH
    COG               -0.025      0.015     -1.645      0.100

 Means
    CBINT              0.000      0.048      0.000      1.000

 Thresholds
    COG040$1          -1.140      0.059    -19.376      0.000
    COG041$1          -0.583      0.049    -11.873      0.000
    COG043$1          -1.065      0.057    -18.689      0.000
    COG044$1          -1.214      0.061    -19.954      0.000
    COG045$1          -0.326      0.047     -6.940      0.000
    COG046$1           0.032      0.046      0.699      0.485
    COG048$1          -1.236      0.061    -20.100      0.000
    COG049$1          -1.013      0.056    -18.143      0.000
    COG050$1          -0.603      0.049    -12.231      0.000
    COG051$1          -1.173      0.060    -19.646      0.000
    COG052$1          -0.477      0.048     -9.927      0.000
    COG053$1          -0.428      0.048     -8.983      0.000
    COG054$1          -0.436      0.048     -9.128      0.000
    COG055$1          -1.166      0.060    -19.593      0.000
    COG056$1          -0.148      0.046     -3.199      0.001
    COG057$1           0.900      0.054     16.800      0.000
    COG058$1          -0.165      0.046     -3.567      0.000
    COG060$1           0.284      0.047      6.062      0.000
    COG061$1           0.704      0.050     13.931      0.000
    COG062$1           1.036      0.056     18.388      0.000
    COG063$1           1.207      0.061     19.904      0.000
    COG064$1           0.717      0.051     14.141      0.000
    COG066$1           0.931      0.054     17.192      0.000

 Variances
    CBINT              1.000      0.040     25.294      0.000
    COG                0.109      0.038      2.859      0.004


QUALITY OF NUMERICAL RESULTS

     Condition Number for the Information Matrix              0.199E-05
       (ratio of smallest to largest eigenvalue)


STANDARDIZED MODEL RESULTS


STDYX Standardization

                                                    Two-Tailed
                    Estimate       S.E.  Est./S.E.    P-Value

 COG      BY
    COG040             0.330      0.058      5.717      0.000
    COG045             0.402      0.042      9.651      0.000
    COG050             0.484      0.042     11.649      0.000
    COG064             0.749      0.029     25.531      0.000
    COG041             0.351      0.045      7.764      0.000
    COG043             0.476      0.053      9.034      0.000
    COG044             0.435      0.058      7.540      0.000
    COG046             0.328      0.043      7.637      0.000
    COG048             0.556      0.054     10.246      0.000
    COG052             0.449      0.041     10.990      0.000
    COG053             0.467      0.039     12.073      0.000
    COG057             0.386      0.050      7.772      0.000
    COG049             0.810      0.030     26.763      0.000
    COG051             0.776      0.041     19.046      0.000
    COG054             0.429      0.042     10.186      0.000
    COG055             0.820      0.037     22.437      0.000
    COG056             0.920      0.015     61.594      0.000
    COG058             0.798      0.022     36.515      0.000
    COG060             0.901      0.015     59.749      0.000
    COG061             0.803      0.025     32.171      0.000
    COG062             0.637      0.041     15.503      0.000
    COG063             0.823      0.031     26.744      0.000
    COG066             0.932      0.019     49.761      0.000

 CBINT    WITH
    COG               -0.075      0.041     -1.838      0.066

 Means
    CBINT              0.000      0.048      0.000      1.000

 Thresholds
    COG040$1          -1.140      0.059    -19.376      0.000
    COG041$1          -0.583      0.049    -11.873      0.000
    COG043$1          -1.065      0.057    -18.689      0.000
    COG044$1          -1.214      0.061    -19.954      0.000
    COG045$1          -0.326      0.047     -6.940      0.000
    COG046$1           0.032      0.046      0.699      0.485
    COG048$1          -1.236      0.061    -20.100      0.000
    COG049$1          -1.013      0.056    -18.143      0.000
    COG050$1          -0.603      0.049    -12.231      0.000
    COG051$1          -1.173      0.060    -19.646      0.000
    COG052$1          -0.477      0.048     -9.927      0.000
    COG053$1          -0.428      0.048     -8.983      0.000
    COG054$1          -0.436      0.048     -9.128      0.000
    COG055$1          -1.166      0.060    -19.593      0.000
    COG056$1          -0.148      0.046     -3.199      0.001
    COG057$1           0.900      0.054     16.800      0.000
    COG058$1          -0.165      0.046     -3.567      0.000
    COG060$1           0.284      0.047      6.062      0.000
    COG061$1           0.704      0.050     13.931      0.000
    COG062$1           1.036      0.056     18.388      0.000
    COG063$1           1.207      0.061     19.904      0.000
    COG064$1           0.717      0.051     14.141      0.000
    COG066$1           0.931      0.054     17.192      0.000

 Variances
    CBINT              1.000      0.000    999.000    999.000
    COG                1.000      0.000    999.000    999.000


STDY Standardization

                                                    Two-Tailed
                    Estimate       S.E.  Est./S.E.    P-Value

 COG      BY
    COG040             0.330      0.058      5.717      0.000
    COG045             0.402      0.042      9.651      0.000
    COG050             0.484      0.042     11.649      0.000
    COG064             0.749      0.029     25.531      0.000
    COG041             0.351      0.045      7.764      0.000
    COG043             0.476      0.053      9.034      0.000
    COG044             0.435      0.058      7.540      0.000
    COG046             0.328      0.043      7.637      0.000
    COG048             0.556      0.054     10.246      0.000
    COG052             0.449      0.041     10.990      0.000
    COG053             0.467      0.039     12.073      0.000
    COG057             0.386      0.050      7.772      0.000
    COG049             0.810      0.030     26.763      0.000
    COG051             0.776      0.041     19.046      0.000
    COG054             0.429      0.042     10.186      0.000
    COG055             0.820      0.037     22.437      0.000
    COG056             0.920      0.015     61.594      0.000
    COG058             0.798      0.022     36.515      0.000
    COG060             0.901      0.015     59.749      0.000
    COG061             0.803      0.025     32.171      0.000
    COG062             0.637      0.041     15.503      0.000
    COG063             0.823      0.031     26.744      0.000
    COG066             0.932      0.019     49.761      0.000

 CBINT    WITH
    COG               -0.075      0.041     -1.838      0.066

 Means
    CBINT              0.000      0.048      0.000      1.000

 Thresholds
    COG040$1          -1.140      0.059    -19.376      0.000
    COG041$1          -0.583      0.049    -11.873      0.000
    COG043$1          -1.065      0.057    -18.689      0.000
    COG044$1          -1.214      0.061    -19.954      0.000
    COG045$1          -0.326      0.047     -6.940      0.000
    COG046$1           0.032      0.046      0.699      0.485
    COG048$1          -1.236      0.061    -20.100      0.000
    COG049$1          -1.013      0.056    -18.143      0.000
    COG050$1          -0.603      0.049    -12.231      0.000
    COG051$1          -1.173      0.060    -19.646      0.000
    COG052$1          -0.477      0.048     -9.927      0.000
    COG053$1          -0.428      0.048     -8.983      0.000
    COG054$1          -0.436      0.048     -9.128      0.000
    COG055$1          -1.166      0.060    -19.593      0.000
    COG056$1          -0.148      0.046     -3.199      0.001
    COG057$1           0.900      0.054     16.800      0.000
    COG058$1          -0.165      0.046     -3.567      0.000
    COG060$1           0.284      0.047      6.062      0.000
    COG061$1           0.704      0.050     13.931      0.000
    COG062$1           1.036      0.056     18.388      0.000
    COG063$1           1.207      0.061     19.904      0.000
    COG064$1           0.717      0.051     14.141      0.000
    COG066$1           0.931      0.054     17.192      0.000

 Variances
    CBINT              1.000      0.000    999.000    999.000
    COG                1.000      0.000    999.000    999.000


STD Standardization

                                                    Two-Tailed
                    Estimate       S.E.  Est./S.E.    P-Value

 COG      BY
    COG040             0.330      0.058      5.717      0.000
    COG045             0.402      0.042      9.651      0.000
    COG050             0.484      0.042     11.649      0.000
    COG064             0.749      0.029     25.531      0.000
    COG041             0.351      0.045      7.764      0.000
    COG043             0.476      0.053      9.034      0.000
    COG044             0.435      0.058      7.540      0.000
    COG046             0.328      0.043      7.637      0.000
    COG048             0.556      0.054     10.246      0.000
    COG052             0.449      0.041     10.990      0.000
    COG053             0.467      0.039     12.073      0.000
    COG057             0.386      0.050      7.772      0.000
    COG049             0.810      0.030     26.763      0.000
    COG051             0.776      0.041     19.046      0.000
    COG054             0.429      0.042     10.186      0.000
    COG055             0.820      0.037     22.437      0.000
    COG056             0.920      0.015     61.594      0.000
    COG058             0.798      0.022     36.515      0.000
    COG060             0.901      0.015     59.749      0.000
    COG061             0.803      0.025     32.171      0.000
    COG062             0.637      0.041     15.503      0.000
    COG063             0.823      0.031     26.744      0.000
    COG066             0.932      0.019     49.761      0.000

 CBINT    WITH
    COG               -0.075      0.041     -1.835      0.067

 Means
    CBINT              0.000      0.048      0.000      1.000

 Thresholds
    COG040$1          -1.140      0.059    -19.376      0.000
    COG041$1          -0.583      0.049    -11.873      0.000
    COG043$1          -1.065      0.057    -18.689      0.000
    COG044$1          -1.214      0.061    -19.954      0.000
    COG045$1          -0.326      0.047     -6.940      0.000
    COG046$1           0.032      0.046      0.699      0.485
    COG048$1          -1.236      0.061    -20.100      0.000
    COG049$1          -1.013      0.056    -18.143      0.000
    COG050$1          -0.603      0.049    -12.231      0.000
    COG051$1          -1.173      0.060    -19.646      0.000
    COG052$1          -0.477      0.048     -9.927      0.000
    COG053$1          -0.428      0.048     -8.983      0.000
    COG054$1          -0.436      0.048     -9.128      0.000
    COG055$1          -1.166      0.060    -19.593      0.000
    COG056$1          -0.148      0.046     -3.199      0.001
    COG057$1           0.900      0.054     16.800      0.000
    COG058$1          -0.165      0.046     -3.567      0.000
    COG060$1           0.284      0.047      6.062      0.000
    COG061$1           0.704      0.050     13.931      0.000
    COG062$1           1.036      0.056     18.388      0.000
    COG063$1           1.207      0.061     19.904      0.000
    COG064$1           0.717      0.051     14.141      0.000
    COG066$1           0.931      0.054     17.192      0.000

 Variances
    CBINT              1.000      0.040     25.294      0.000
    COG                1.000      0.000    999.000    999.000


R-SQUARE

    Observed                                        Two-Tailed   Residual
    Variable        Estimate       S.E.  Est./S.E.    P-Value    Variance

    COG040             0.109      0.038      2.859      0.004      0.891
    COG041             0.123      0.032      3.882      0.000      0.877
    COG043             0.227      0.050      4.517      0.000      0.773
    COG044             0.190      0.050      3.770      0.000      0.810
    COG045             0.161      0.033      4.825      0.000      0.839
    COG046             0.107      0.028      3.819      0.000      0.893
    COG048             0.309      0.060      5.123      0.000      0.691
    COG049             0.655      0.049     13.381      0.000      0.345
    COG050             0.234      0.040      5.824      0.000      0.766
    COG051             0.603      0.063      9.523      0.000      0.397
    COG052             0.201      0.037      5.495      0.000      0.799
    COG053             0.218      0.036      6.036      0.000      0.782
    COG054             0.184      0.036      5.093      0.000      0.816
    COG055             0.673      0.060     11.218      0.000      0.327
    COG056             0.846      0.027     30.797      0.000      0.154
    COG057             0.149      0.038      3.886      0.000      0.851
    COG058             0.637      0.035     18.258      0.000      0.363
    COG060             0.813      0.027     29.874      0.000      0.187
    COG061             0.645      0.040     16.086      0.000      0.355
    COG062             0.406      0.052      7.752      0.000      0.594
    COG063             0.677      0.051     13.372      0.000      0.323
    COG064             0.561      0.044     12.765      0.000      0.439
    COG066             0.869      0.035     24.881      0.000      0.131


CONFIDENCE INTERVALS OF MODEL RESULTS

                  Lower .5%  Lower 2.5%    Lower 5%    Estimate    Upper 5%  Upper 2.5%   Upper .5%

 COG      BY
    COG040           1.000       1.000       1.000       1.000       1.000       1.000       1.000
    COG045           0.670       0.801       0.868       1.217       1.566       1.632       1.763
    COG050           0.805       0.963       1.044       1.465       1.886       1.967       2.125
    COG064           1.235       1.482       1.608       2.267       2.927       3.053       3.300
    COG041           0.489       0.626       0.696       1.062       1.427       1.497       1.634
    COG043           0.679       0.862       0.955       1.442       1.930       2.023       2.206
    COG044           0.647       0.807       0.889       1.319       1.748       1.830       1.991
    COG046           0.458       0.586       0.651       0.992       1.334       1.399       1.526
    COG048           0.871       1.065       1.164       1.682       2.200       2.299       2.493
    COG052           0.688       0.848       0.930       1.359       1.787       1.869       2.029
    COG053           0.719       0.885       0.970       1.414       1.858       1.943       2.110
    COG057           0.532       0.684       0.762       1.167       1.573       1.651       1.803
    COG049           1.338       1.604       1.740       2.451       3.163       3.299       3.565
    COG051           1.268       1.527       1.659       2.351       3.042       3.175       3.434
    COG054           0.651       0.807       0.886       1.300       1.715       1.794       1.949
    COG055           1.354       1.624       1.762       2.484       3.206       3.344       3.614
    COG056           1.530       1.830       1.984       2.785       3.587       3.740       4.041
    COG058           1.312       1.577       1.712       2.417       3.123       3.258       3.522
    COG060           1.501       1.794       1.945       2.730       3.515       3.665       3.959
    COG061           1.315       1.582       1.718       2.431       3.144       3.280       3.547
    COG062           1.029       1.245       1.355       1.929       2.504       2.614       2.829
    COG063           1.354       1.626       1.765       2.491       3.217       3.356       3.628
    COG066           1.545       1.851       2.007       2.822       3.638       3.794       4.099

 CBINT    WITH
    COG             -0.063      -0.054      -0.049      -0.025       0.000       0.005       0.014

 Means
    CBINT           -0.125      -0.095      -0.080       0.000       0.080       0.095       0.125

 Thresholds
    COG040$1        -1.291      -1.255      -1.236      -1.140      -1.043      -1.024      -0.988
    COG041$1        -0.709      -0.679      -0.663      -0.583      -0.502      -0.486      -0.456
    COG043$1        -1.212      -1.177      -1.159      -1.065      -0.971      -0.953      -0.918
    COG044$1        -1.371      -1.334      -1.314      -1.214      -1.114      -1.095      -1.058
    COG045$1        -0.447      -0.418      -0.404      -0.326      -0.249      -0.234      -0.205
    COG046$1        -0.087      -0.058      -0.044       0.032       0.108       0.123       0.151
    COG048$1        -1.394      -1.356      -1.337      -1.236      -1.135      -1.115      -1.077
    COG049$1        -1.156      -1.122      -1.104      -1.013      -0.921      -0.903      -0.869
    COG050$1        -0.730      -0.699      -0.684      -0.603      -0.522      -0.506      -0.476
    COG051$1        -1.327      -1.290      -1.271      -1.173      -1.075      -1.056      -1.019
    COG052$1        -0.601      -0.571      -0.556      -0.477      -0.398      -0.383      -0.353
    COG053$1        -0.551      -0.522      -0.507      -0.428      -0.350      -0.335      -0.305
    COG054$1        -0.559      -0.529      -0.514      -0.436      -0.357      -0.342      -0.313
    COG055$1        -1.319      -1.283      -1.264      -1.166      -1.068      -1.049      -1.013
    COG056$1        -0.267      -0.239      -0.224      -0.148      -0.072      -0.057      -0.029
    COG057$1         0.762       0.795       0.812       0.900       0.988       1.005       1.038
    COG058$1        -0.285      -0.256      -0.241      -0.165      -0.089      -0.074      -0.046
    COG060$1         0.163       0.192       0.207       0.284       0.361       0.375       0.404
    COG061$1         0.573       0.605       0.620       0.704       0.787       0.802       0.834
    COG062$1         0.891       0.925       0.943       1.036       1.128       1.146       1.181
    COG063$1         1.051       1.088       1.107       1.207       1.307       1.326       1.363
    COG064$1         0.586       0.617       0.633       0.717       0.800       0.816       0.847
    COG066$1         0.792       0.825       0.842       0.931       1.020       1.037       1.071

 Variances
    CBINT            0.898       0.923       0.935       1.000       1.065       1.077       1.102
    COG              0.011       0.034       0.046       0.109       0.172       0.184       0.207


CONFIDENCE INTERVALS OF STANDARDIZED MODEL RESULTS


STDYX Standardization

                  Lower .5%  Lower 2.5%    Lower 5%    Estimate    Upper 5%  Upper 2.5%   Upper .5%

 COG      BY
    COG040           0.181       0.217       0.235       0.330       0.425       0.443       0.479
    COG045           0.295       0.320       0.333       0.402       0.470       0.483       0.509
    COG050           0.377       0.402       0.415       0.484       0.552       0.565       0.591
    COG064           0.673       0.691       0.701       0.749       0.797       0.806       0.824
    COG041           0.234       0.262       0.276       0.351       0.425       0.439       0.467
    COG043           0.341       0.373       0.390       0.476       0.563       0.580       0.612
    COG044           0.287       0.322       0.340       0.435       0.531       0.549       0.584
    COG046           0.217       0.244       0.257       0.328       0.398       0.412       0.438
    COG048           0.416       0.449       0.466       0.556       0.645       0.662       0.695
    COG052           0.344       0.369       0.382       0.449       0.516       0.529       0.554
    COG053           0.367       0.391       0.403       0.467       0.531       0.543       0.567
    COG057           0.258       0.288       0.304       0.386       0.467       0.483       0.513
    COG049           0.732       0.750       0.760       0.810       0.859       0.869       0.888
    COG051           0.671       0.696       0.709       0.776       0.843       0.856       0.881
    COG054           0.321       0.347       0.360       0.429       0.499       0.512       0.538
    COG055           0.726       0.749       0.760       0.820       0.880       0.892       0.915
    COG056           0.881       0.891       0.895       0.920       0.944       0.949       0.958
    COG058           0.742       0.755       0.762       0.798       0.834       0.841       0.855
    COG060           0.863       0.872       0.877       0.901       0.926       0.931       0.940
    COG061           0.739       0.754       0.762       0.803       0.844       0.852       0.867
    COG062           0.531       0.557       0.570       0.637       0.705       0.718       0.743
    COG063           0.743       0.762       0.772       0.823       0.873       0.883       0.902
    COG066           0.884       0.895       0.901       0.932       0.963       0.969       0.980

 CBINT    WITH
    COG             -0.180      -0.155      -0.142      -0.075      -0.008       0.005       0.030

 Means
    CBINT           -0.125      -0.095      -0.080       0.000       0.080       0.095       0.125

 Thresholds
    COG040$1        -1.291      -1.255      -1.236      -1.140      -1.043      -1.024      -0.988
    COG041$1        -0.709      -0.679      -0.663      -0.583      -0.502      -0.486      -0.456
    COG043$1        -1.212      -1.177      -1.159      -1.065      -0.971      -0.953      -0.918
    COG044$1        -1.371      -1.334      -1.314      -1.214      -1.114      -1.095      -1.058
    COG045$1        -0.447      -0.418      -0.404      -0.326      -0.249      -0.234      -0.205
    COG046$1        -0.087      -0.058      -0.044       0.032       0.108       0.123       0.151
    COG048$1        -1.394      -1.356      -1.337      -1.236      -1.135      -1.115      -1.077
    COG049$1        -1.156      -1.122      -1.104      -1.013      -0.921      -0.903      -0.869
    COG050$1        -0.730      -0.699      -0.684      -0.603      -0.522      -0.506      -0.476
    COG051$1        -1.327      -1.290      -1.271      -1.173      -1.075      -1.056      -1.019
    COG052$1        -0.601      -0.571      -0.556      -0.477      -0.398      -0.383      -0.353
    COG053$1        -0.551      -0.522      -0.507      -0.428      -0.350      -0.335      -0.305
    COG054$1        -0.559      -0.529      -0.514      -0.436      -0.357      -0.342      -0.313
    COG055$1        -1.319      -1.283      -1.264      -1.166      -1.068      -1.049      -1.013
    COG056$1        -0.267      -0.239      -0.224      -0.148      -0.072      -0.057      -0.029
    COG057$1         0.762       0.795       0.812       0.900       0.988       1.005       1.038
    COG058$1        -0.285      -0.256      -0.241      -0.165      -0.089      -0.074      -0.046
    COG060$1         0.163       0.192       0.207       0.284       0.361       0.375       0.404
    COG061$1         0.573       0.605       0.620       0.704       0.787       0.802       0.834
    COG062$1         0.891       0.925       0.943       1.036       1.128       1.146       1.181
    COG063$1         1.051       1.088       1.107       1.207       1.307       1.326       1.363
    COG064$1         0.586       0.617       0.633       0.717       0.800       0.816       0.847
    COG066$1         0.792       0.825       0.842       0.931       1.020       1.037       1.071

 Variances
    CBINT            1.000       1.000       1.000       1.000       1.000       1.000       1.000
    COG              1.000       1.000       1.000       1.000       1.000       1.000       1.000


STDY Standardization

                  Lower .5%  Lower 2.5%    Lower 5%    Estimate    Upper 5%  Upper 2.5%   Upper .5%

 COG      BY
    COG040           0.181       0.217       0.235       0.330       0.425       0.443       0.479
    COG045           0.295       0.320       0.333       0.402       0.470       0.483       0.509
    COG050           0.377       0.402       0.415       0.484       0.552       0.565       0.591
    COG064           0.673       0.691       0.701       0.749       0.797       0.806       0.824
    COG041           0.234       0.262       0.276       0.351       0.425       0.439       0.467
    COG043           0.341       0.373       0.390       0.476       0.563       0.580       0.612
    COG044           0.287       0.322       0.340       0.435       0.531       0.549       0.584
    COG046           0.217       0.244       0.257       0.328       0.398       0.412       0.438
    COG048           0.416       0.449       0.466       0.556       0.645       0.662       0.695
    COG052           0.344       0.369       0.382       0.449       0.516       0.529       0.554
    COG053           0.367       0.391       0.403       0.467       0.531       0.543       0.567
    COG057           0.258       0.288       0.304       0.386       0.467       0.483       0.513
    COG049           0.732       0.750       0.760       0.810       0.859       0.869       0.888
    COG051           0.671       0.696       0.709       0.776       0.843       0.856       0.881
    COG054           0.321       0.347       0.360       0.429       0.499       0.512       0.538
    COG055           0.726       0.749       0.760       0.820       0.880       0.892       0.915
    COG056           0.881       0.891       0.895       0.920       0.944       0.949       0.958
    COG058           0.742       0.755       0.762       0.798       0.834       0.841       0.855
    COG060           0.863       0.872       0.877       0.901       0.926       0.931       0.940
    COG061           0.739       0.754       0.762       0.803       0.844       0.852       0.867
    COG062           0.531       0.557       0.570       0.637       0.705       0.718       0.743
    COG063           0.743       0.762       0.772       0.823       0.873       0.883       0.902
    COG066           0.884       0.895       0.901       0.932       0.963       0.969       0.980

 CBINT    WITH
    COG             -0.180      -0.155      -0.142      -0.075      -0.008       0.005       0.030

 Means
    CBINT           -0.125      -0.095      -0.080       0.000       0.080       0.095       0.125

 Thresholds
    COG040$1        -1.291      -1.255      -1.236      -1.140      -1.043      -1.024      -0.988
    COG041$1        -0.709      -0.679      -0.663      -0.583      -0.502      -0.486      -0.456
    COG043$1        -1.212      -1.177      -1.159      -1.065      -0.971      -0.953      -0.918
    COG044$1        -1.371      -1.334      -1.314      -1.214      -1.114      -1.095      -1.058
    COG045$1        -0.447      -0.418      -0.404      -0.326      -0.249      -0.234      -0.205
    COG046$1        -0.087      -0.058      -0.044       0.032       0.108       0.123       0.151
    COG048$1        -1.394      -1.356      -1.337      -1.236      -1.135      -1.115      -1.077
    COG049$1        -1.156      -1.122      -1.104      -1.013      -0.921      -0.903      -0.869
    COG050$1        -0.730      -0.699      -0.684      -0.603      -0.522      -0.506      -0.476
    COG051$1        -1.327      -1.290      -1.271      -1.173      -1.075      -1.056      -1.019
    COG052$1        -0.601      -0.571      -0.556      -0.477      -0.398      -0.383      -0.353
    COG053$1        -0.551      -0.522      -0.507      -0.428      -0.350      -0.335      -0.305
    COG054$1        -0.559      -0.529      -0.514      -0.436      -0.357      -0.342      -0.313
    COG055$1        -1.319      -1.283      -1.264      -1.166      -1.068      -1.049      -1.013
    COG056$1        -0.267      -0.239      -0.224      -0.148      -0.072      -0.057      -0.029
    COG057$1         0.762       0.795       0.812       0.900       0.988       1.005       1.038
    COG058$1        -0.285      -0.256      -0.241      -0.165      -0.089      -0.074      -0.046
    COG060$1         0.163       0.192       0.207       0.284       0.361       0.375       0.404
    COG061$1         0.573       0.605       0.620       0.704       0.787       0.802       0.834
    COG062$1         0.891       0.925       0.943       1.036       1.128       1.146       1.181
    COG063$1         1.051       1.088       1.107       1.207       1.307       1.326       1.363
    COG064$1         0.586       0.617       0.633       0.717       0.800       0.816       0.847
    COG066$1         0.792       0.825       0.842       0.931       1.020       1.037       1.071

 Variances
    CBINT            1.000       1.000       1.000       1.000       1.000       1.000       1.000
    COG              1.000       1.000       1.000       1.000       1.000       1.000       1.000


STD Standardization

                  Lower .5%  Lower 2.5%    Lower 5%    Estimate    Upper 5%  Upper 2.5%   Upper .5%

 COG      BY
    COG040           0.181       0.217       0.235       0.330       0.425       0.443       0.479
    COG045           0.295       0.320       0.333       0.402       0.470       0.483       0.509
    COG050           0.377       0.402       0.415       0.484       0.552       0.565       0.591
    COG064           0.673       0.691       0.701       0.749       0.797       0.806       0.824
    COG041           0.234       0.262       0.276       0.351       0.425       0.439       0.467
    COG043           0.341       0.373       0.390       0.476       0.563       0.580       0.612
    COG044           0.287       0.322       0.340       0.435       0.531       0.549       0.584
    COG046           0.217       0.244       0.257       0.328       0.398       0.412       0.438
    COG048           0.416       0.449       0.466       0.556       0.645       0.662       0.695
    COG052           0.344       0.369       0.382       0.449       0.516       0.529       0.554
    COG053           0.367       0.391       0.403       0.467       0.531       0.543       0.567
    COG057           0.258       0.288       0.304       0.386       0.467       0.483       0.513
    COG049           0.732       0.750       0.760       0.810       0.859       0.869       0.888
    COG051           0.671       0.696       0.709       0.776       0.843       0.856       0.881
    COG054           0.321       0.347       0.360       0.429       0.499       0.512       0.538
    COG055           0.726       0.749       0.760       0.820       0.880       0.892       0.915
    COG056           0.881       0.891       0.895       0.920       0.944       0.949       0.958
    COG058           0.742       0.755       0.762       0.798       0.834       0.841       0.855
    COG060           0.863       0.872       0.877       0.901       0.926       0.931       0.940
    COG061           0.739       0.754       0.762       0.803       0.844       0.852       0.867
    COG062           0.531       0.557       0.570       0.637       0.705       0.718       0.743
    COG063           0.743       0.762       0.772       0.823       0.873       0.883       0.902
    COG066           0.884       0.895       0.901       0.932       0.963       0.969       0.980

 CBINT    WITH
    COG             -0.180      -0.155      -0.142      -0.075      -0.008       0.005       0.030

 Means
    CBINT           -0.125      -0.095      -0.080       0.000       0.080       0.095       0.125

 Thresholds
    COG040$1        -1.291      -1.255      -1.236      -1.140      -1.043      -1.024      -0.988
    COG041$1        -0.709      -0.679      -0.663      -0.583      -0.502      -0.486      -0.456
    COG043$1        -1.212      -1.177      -1.159      -1.065      -0.971      -0.953      -0.918
    COG044$1        -1.371      -1.334      -1.314      -1.214      -1.114      -1.095      -1.058
    COG045$1        -0.447      -0.418      -0.404      -0.326      -0.249      -0.234      -0.205
    COG046$1        -0.087      -0.058      -0.044       0.032       0.108       0.123       0.151
    COG048$1        -1.394      -1.356      -1.337      -1.236      -1.135      -1.115      -1.077
    COG049$1        -1.156      -1.122      -1.104      -1.013      -0.921      -0.903      -0.869
    COG050$1        -0.730      -0.699      -0.684      -0.603      -0.522      -0.506      -0.476
    COG051$1        -1.327      -1.290      -1.271      -1.173      -1.075      -1.056      -1.019
    COG052$1        -0.601      -0.571      -0.556      -0.477      -0.398      -0.383      -0.353
    COG053$1        -0.551      -0.522      -0.507      -0.428      -0.350      -0.335      -0.305
    COG054$1        -0.559      -0.529      -0.514      -0.436      -0.357      -0.342      -0.313
    COG055$1        -1.319      -1.283      -1.264      -1.166      -1.068      -1.049      -1.013
    COG056$1        -0.267      -0.239      -0.224      -0.148      -0.072      -0.057      -0.029
    COG057$1         0.762       0.795       0.812       0.900       0.988       1.005       1.038
    COG058$1        -0.285      -0.256      -0.241      -0.165      -0.089      -0.074      -0.046
    COG060$1         0.163       0.192       0.207       0.284       0.361       0.375       0.404
    COG061$1         0.573       0.605       0.620       0.704       0.787       0.802       0.834
    COG062$1         0.891       0.925       0.943       1.036       1.128       1.146       1.181
    COG063$1         1.051       1.088       1.107       1.207       1.307       1.326       1.363
    COG064$1         0.586       0.617       0.633       0.717       0.800       0.816       0.847
    COG066$1         0.792       0.825       0.842       0.931       1.020       1.037       1.071

 Variances
    CBINT            0.898       0.923       0.935       1.000       1.065       1.077       1.102
    COG              1.000       1.000       1.000       1.000       1.000       1.000       1.000


RESIDUAL OUTPUT


     ESTIMATED MODEL AND RESIDUALS (OBSERVED - ESTIMATED)


           Model Estimated Means/Intercepts/Thresholds
              COG040$1      COG041$1      COG043$1      COG044$1      COG045$1
              ________      ________      ________      ________      ________
               -1.140        -0.583        -1.065        -1.214        -0.326


           Model Estimated Means/Intercepts/Thresholds
              COG046$1      COG048$1      COG049$1      COG050$1      COG051$1
              ________      ________      ________      ________      ________
                0.032        -1.236        -1.013        -0.603        -1.173


           Model Estimated Means/Intercepts/Thresholds
              COG052$1      COG053$1      COG054$1      COG055$1      COG056$1
              ________      ________      ________      ________      ________
               -0.477        -0.428        -0.436        -1.166        -0.148


           Model Estimated Means/Intercepts/Thresholds
              COG057$1      COG058$1      COG060$1      COG061$1      COG062$1
              ________      ________      ________      ________      ________
                0.900        -0.165         0.284         0.704         1.036


           Model Estimated Means/Intercepts/Thresholds
              COG063$1      COG064$1      COG066$1      CBINT
              ________      ________      ________      ________
                1.207         0.717         0.931         0.000


           Residuals for Means/Intercepts/Thresholds
              COG040$1      COG041$1      COG043$1      COG044$1      COG045$1
              ________      ________      ________      ________      ________
                0.000         0.000         0.000         0.000         0.000


           Residuals for Means/Intercepts/Thresholds
              COG046$1      COG048$1      COG049$1      COG050$1      COG051$1
              ________      ________      ________      ________      ________
                0.000         0.000         0.000         0.000         0.000


           Residuals for Means/Intercepts/Thresholds
              COG052$1      COG053$1      COG054$1      COG055$1      COG056$1
              ________      ________      ________      ________      ________
                0.000         0.000         0.000         0.000         0.000


           Residuals for Means/Intercepts/Thresholds
              COG057$1      COG058$1      COG060$1      COG061$1      COG062$1
              ________      ________      ________      ________      ________
                0.000         0.000         0.000         0.000         0.000


           Residuals for Means/Intercepts/Thresholds
              COG063$1      COG064$1      COG066$1      CBINT
              ________      ________      ________      ________
                0.000         0.000         0.000         0.000


           Model Estimated Covariances/Correlations/Residual Correlations
              COG040        COG041        COG043        COG044        COG045
              ________      ________      ________      ________      ________
 COG040
 COG041         0.116
 COG043         0.157         0.167
 COG044         0.144         0.153         0.207
 COG045         0.133         0.141         0.191         0.175
 COG046         0.108         0.115         0.156         0.143         0.132
 COG048         0.183         0.195         0.265         0.242         0.223
 COG049         0.267         0.284         0.386         0.353         0.325
 COG050         0.160         0.170         0.230         0.211         0.194
 COG051         0.256         0.272         0.370         0.338         0.312
 COG052         0.148         0.157         0.214         0.195         0.180
 COG053         0.154         0.164         0.222         0.203         0.188
 COG054         0.142         0.151         0.205         0.187         0.173
 COG055         0.271         0.288         0.391         0.357         0.330
 COG056         0.304         0.323         0.438         0.401         0.370
 COG057         0.127         0.135         0.184         0.168         0.155
 COG058         0.264         0.280         0.380         0.348         0.321
 COG060         0.298         0.316         0.429         0.393         0.362
 COG061         0.265         0.282         0.382         0.350         0.323
 COG062         0.210         0.223         0.304         0.277         0.256
 COG063         0.272         0.288         0.392         0.358         0.331
 COG064         0.247         0.263         0.357         0.326         0.301
 COG066         0.308         0.327         0.444         0.406         0.374
 CBINT         -0.025        -0.026        -0.036        -0.033        -0.030


           Model Estimated Covariances/Correlations/Residual Correlations
              COG046        COG048        COG049        COG050        COG051
              ________      ________      ________      ________      ________
 COG048         0.182
 COG049         0.265         0.450
 COG050         0.159         0.269         0.392
 COG051         0.254         0.431         0.629         0.376
 COG052         0.147         0.249         0.363         0.217         0.348
 COG053         0.153         0.259         0.378         0.226         0.363
 COG054         0.141         0.239         0.348         0.208         0.333
 COG055         0.269         0.456         0.664         0.397         0.637
 COG056         0.301         0.511         0.745         0.445         0.714
 COG057         0.126         0.214         0.312         0.187         0.299
 COG058         0.262         0.443         0.646         0.386         0.620
 COG060         0.295         0.501         0.730         0.436         0.700
 COG061         0.263         0.446         0.650         0.388         0.623
 COG062         0.209         0.354         0.516         0.308         0.495
 COG063         0.270         0.457         0.666         0.398         0.639
 COG064         0.245         0.416         0.606         0.362         0.581
 COG066         0.305         0.518         0.755         0.451         0.724
 CBINT         -0.025        -0.042        -0.061        -0.036        -0.058


           Model Estimated Covariances/Correlations/Residual Correlations
              COG052        COG053        COG054        COG055        COG056
              ________      ________      ________      ________      ________
 COG053         0.210
 COG054         0.193         0.201
 COG055         0.368         0.383         0.352
 COG056         0.413         0.430         0.395         0.755
 COG057         0.173         0.180         0.166         0.316         0.355
 COG058         0.358         0.373         0.343         0.655         0.734
 COG060         0.404         0.421         0.387         0.740         0.829
 COG061         0.360         0.375         0.345         0.659         0.739
 COG062         0.286         0.298         0.274         0.523         0.586
 COG063         0.369         0.384         0.353         0.675         0.757
 COG064         0.336         0.350         0.322         0.614         0.689
 COG066         0.418         0.435         0.400         0.765         0.857
 CBINT         -0.034        -0.035        -0.032        -0.061        -0.069


           Model Estimated Covariances/Correlations/Residual Correlations
              COG057        COG058        COG060        COG061        COG062
              ________      ________      ________      ________      ________
 COG058         0.308
 COG060         0.348         0.720
 COG061         0.310         0.641         0.724
 COG062         0.246         0.509         0.574         0.512
 COG063         0.317         0.657         0.742         0.660         0.524
 COG064         0.289         0.598         0.675         0.601         0.477
 COG066         0.359         0.744         0.840         0.748         0.594
 CBINT         -0.029        -0.060        -0.067        -0.060        -0.048


           Model Estimated Covariances/Correlations/Residual Correlations
              COG063        COG064        COG066        CBINT
              ________      ________      ________      ________
 COG064         0.616
 COG066         0.767         0.698
 CBINT         -0.062        -0.056        -0.070         1.000


           Model Estimated Correlations/Residual Correlations
              COG040        COG041        COG043        COG044        COG045
              ________      ________      ________      ________      ________
 COG040
 COG041         0.116
 COG043         0.157         0.167
 COG044         0.144         0.153         0.207
 COG045         0.133         0.141         0.191         0.175
 COG046         0.108         0.115         0.156         0.143         0.132
 COG048         0.183         0.195         0.265         0.242         0.223
 COG049         0.267         0.284         0.386         0.353         0.325
 COG050         0.160         0.170         0.230         0.211         0.194
 COG051         0.256         0.272         0.370         0.338         0.312
 COG052         0.148         0.157         0.214         0.195         0.180
 COG053         0.154         0.164         0.222         0.203         0.188
 COG054         0.142         0.151         0.205         0.187         0.173
 COG055         0.271         0.288         0.391         0.357         0.330
 COG056         0.304         0.323         0.438         0.401         0.370
 COG057         0.127         0.135         0.184         0.168         0.155
 COG058         0.264         0.280         0.380         0.348         0.321
 COG060         0.298         0.316         0.429         0.393         0.362
 COG061         0.265         0.282         0.382         0.350         0.323
 COG062         0.210         0.223         0.304         0.277         0.256
 COG063         0.272         0.288         0.392         0.358         0.331
 COG064         0.247         0.263         0.357         0.326         0.301
 COG066         0.308         0.327         0.444         0.406         0.374
 CBINT         -0.025        -0.026        -0.036        -0.033        -0.030


           Model Estimated Correlations/Residual Correlations
              COG046        COG048        COG049        COG050        COG051
              ________      ________      ________      ________      ________
 COG048         0.182
 COG049         0.265         0.450
 COG050         0.159         0.269         0.392
 COG051         0.254         0.431         0.629         0.376
 COG052         0.147         0.249         0.363         0.217         0.348
 COG053         0.153         0.259         0.378         0.226         0.363
 COG054         0.141         0.239         0.348         0.208         0.333
 COG055         0.269         0.456         0.664         0.397         0.637
 COG056         0.301         0.511         0.745         0.445         0.714
 COG057         0.126         0.214         0.312         0.187         0.299
 COG058         0.262         0.443         0.646         0.386         0.620
 COG060         0.295         0.501         0.730         0.436         0.700
 COG061         0.263         0.446         0.650         0.388         0.623
 COG062         0.209         0.354         0.516         0.308         0.495
 COG063         0.270         0.457         0.666         0.398         0.639
 COG064         0.245         0.416         0.606         0.362         0.581
 COG066         0.305         0.518         0.755         0.451         0.724
 CBINT         -0.025        -0.042        -0.061        -0.036        -0.058


           Model Estimated Correlations/Residual Correlations
              COG052        COG053        COG054        COG055        COG056
              ________      ________      ________      ________      ________
 COG053         0.210
 COG054         0.193         0.201
 COG055         0.368         0.383         0.352
 COG056         0.413         0.430         0.395         0.755
 COG057         0.173         0.180         0.166         0.316         0.355
 COG058         0.358         0.373         0.343         0.655         0.734
 COG060         0.404         0.421         0.387         0.740         0.829
 COG061         0.360         0.375         0.345         0.659         0.739
 COG062         0.286         0.298         0.274         0.523         0.586
 COG063         0.369         0.384         0.353         0.675         0.757
 COG064         0.336         0.350         0.322         0.614         0.689
 COG066         0.418         0.435         0.400         0.765         0.857
 CBINT         -0.034        -0.035        -0.032        -0.061        -0.069


           Model Estimated Correlations/Residual Correlations
              COG057        COG058        COG060        COG061        COG062
              ________      ________      ________      ________      ________
 COG058         0.308
 COG060         0.348         0.720
 COG061         0.310         0.641         0.724
 COG062         0.246         0.509         0.574         0.512
 COG063         0.317         0.657         0.742         0.660         0.524
 COG064         0.289         0.598         0.675         0.601         0.477
 COG066         0.359         0.744         0.840         0.748         0.594
 CBINT         -0.029        -0.060        -0.067        -0.060        -0.048


           Model Estimated Correlations/Residual Correlations
              COG063        COG064        COG066        CBINT
              ________      ________      ________      ________
 COG064         0.616
 COG066         0.767         0.698
 CBINT         -0.062        -0.056        -0.070         1.000


           Residuals for Covariances/Correlations/Residual Correlations
              COG040        COG041        COG043        COG044        COG045
              ________      ________      ________      ________      ________
 COG040
 COG041        -0.028
 COG043        -0.062         0.054
 COG044         0.196         0.165         0.084
 COG045         0.402         0.076         0.074         0.129
 COG046         0.085         0.065         0.004         0.098         0.082
 COG048        -0.061         0.018        -0.004         0.115        -0.069
 COG049         0.040        -0.096        -0.076        -0.051        -0.010
 COG050         0.327         0.077         0.080         0.119         0.378
 COG051         0.009         0.021        -0.086         0.001         0.023
 COG052        -0.021         0.044         0.358         0.077         0.026
 COG053        -0.074        -0.004        -0.070         0.126         0.044
 COG054         0.027         0.016         0.115         0.043         0.019
 COG055        -0.084         0.032         0.047        -0.023        -0.068
 COG056        -0.069        -0.154        -0.153        -0.077        -0.122
 COG057        -0.043         0.180        -0.077        -0.105        -0.051
 COG058        -0.130        -0.088        -0.113        -0.101        -0.083
 COG060        -0.096        -0.067        -0.078        -0.071        -0.065
 COG061        -0.209        -0.025         0.019        -0.122        -0.168
 COG062         0.019         0.128         0.143        -0.047         0.058
 COG063        -0.091         0.034        -0.127        -0.115        -0.152
 COG064         0.077         0.014         0.039        -0.013         0.000
 COG066        -0.157         0.006        -0.046        -0.034        -0.140
 CBINT         -0.114        -0.025        -0.086         0.008        -0.049


           Residuals for Covariances/Correlations/Residual Correlations
              COG046        COG048        COG049        COG050        COG051
              ________      ________      ________      ________      ________
 COG048         0.038
 COG049        -0.037        -0.246
 COG050        -0.032        -0.007         0.008
 COG051        -0.027        -0.078         0.058         0.027
 COG052        -0.147        -0.007        -0.087         0.056        -0.005
 COG053        -0.020         0.650        -0.190         0.016        -0.097
 COG054        -0.053        -0.021        -0.098         0.082         0.001
 COG055         0.000        -0.130        -0.037         0.014         0.076
 COG056        -0.073        -0.425         0.160        -0.134         0.009
 COG057        -0.002        -0.041        -0.040        -0.073        -0.054
 COG058        -0.036        -0.293        -0.082        -0.111         0.278
 COG060        -0.040        -0.322        -0.019        -0.085        -0.018
 COG061         0.020        -0.367        -0.161        -0.072        -0.089
 COG062         0.152        -0.217        -0.047        -0.055        -0.029
 COG063         0.032        -0.328        -0.116        -0.027        -0.242
 COG064         0.003        -0.045        -0.183        -0.039        -0.098
 COG066         0.081        -0.288        -0.057        -0.149        -0.072
 CBINT          0.085        -0.173         0.033        -0.059        -0.039


           Residuals for Covariances/Correlations/Residual Correlations
              COG052        COG053        COG054        COG055        COG056
              ________      ________      ________      ________      ________
 COG053         0.051
 COG054         0.187         0.010
 COG055         0.106        -0.076         0.053
 COG056        -0.132        -0.261        -0.172        -0.066
 COG057         0.037        -0.044         0.086         0.143        -0.106
 COG058        -0.127        -0.291        -0.032         0.077         0.057
 COG060        -0.085        -0.266        -0.042        -0.121         0.070
 COG061        -0.007        -0.235        -0.005         0.003        -0.098
 COG062        -0.002        -0.130        -0.076         0.101        -0.125
 COG063        -0.022        -0.178        -0.060        -0.103        -0.107
 COG064         0.036         0.012         0.118         0.044        -0.055
 COG066        -0.098        -0.234         0.031        -0.111        -0.052
 CBINT         -0.097        -0.101        -0.005        -0.090         0.061


           Residuals for Covariances/Correlations/Residual Correlations
              COG057        COG058        COG060        COG061        COG062
              ________      ________      ________      ________      ________
 COG058         0.024
 COG060        -0.016         0.080
 COG061         0.082        -0.032        -0.077
 COG062         0.034        -0.006        -0.070         0.051
 COG063         0.027        -0.013        -0.040         0.177         0.012
 COG064         0.048        -0.008        -0.039         0.014         0.044
 COG066        -0.031         0.142        -0.002         0.074         0.086
 CBINT          0.081         0.067         0.068         0.051         0.078


           Residuals for Covariances/Correlations/Residual Correlations
              COG063        COG064        COG066        CBINT
              ________      ________      ________      ________
 COG064         0.004
 COG066        -0.013         0.059
 CBINT         -0.047        -0.009         0.072         0.000


           Residuals for Correlations/Residual Correlations
              COG040        COG041        COG043        COG044        COG045
              ________      ________      ________      ________      ________
 COG040
 COG041        -0.028
 COG043        -0.062         0.054
 COG044         0.196         0.165         0.084
 COG045         0.402         0.076         0.074         0.129
 COG046         0.085         0.065         0.004         0.098         0.082
 COG048        -0.061         0.018        -0.004         0.115        -0.069
 COG049         0.040        -0.096        -0.076        -0.051        -0.010
 COG050         0.327         0.077         0.080         0.119         0.378
 COG051         0.009         0.021        -0.086         0.001         0.023
 COG052        -0.021         0.044         0.358         0.077         0.026
 COG053        -0.074        -0.004        -0.070         0.126         0.044
 COG054         0.027         0.016         0.115         0.043         0.019
 COG055        -0.084         0.032         0.047        -0.023        -0.068
 COG056        -0.069        -0.154        -0.153        -0.077        -0.122
 COG057        -0.043         0.180        -0.077        -0.105        -0.051
 COG058        -0.130        -0.088        -0.113        -0.101        -0.083
 COG060        -0.096        -0.067        -0.078        -0.071        -0.065
 COG061        -0.209        -0.025         0.019        -0.122        -0.168
 COG062         0.019         0.128         0.143        -0.047         0.058
 COG063        -0.091         0.034        -0.127        -0.115        -0.152
 COG064         0.077         0.014         0.039        -0.013         0.000
 COG066        -0.157         0.006        -0.046        -0.034        -0.140
 CBINT         -0.114        -0.025        -0.086         0.008        -0.049


           Residuals for Correlations/Residual Correlations
              COG046        COG048        COG049        COG050        COG051
              ________      ________      ________      ________      ________
 COG048         0.038
 COG049        -0.037        -0.246
 COG050        -0.032        -0.007         0.008
 COG051        -0.027        -0.078         0.058         0.027
 COG052        -0.147        -0.007        -0.087         0.056        -0.005
 COG053        -0.020         0.650        -0.190         0.016        -0.097
 COG054        -0.053        -0.021        -0.098         0.082         0.001
 COG055         0.000        -0.130        -0.037         0.014         0.076
 COG056        -0.073        -0.425         0.160        -0.134         0.009
 COG057        -0.002        -0.041        -0.040        -0.073        -0.054
 COG058        -0.036        -0.293        -0.082        -0.111         0.278
 COG060        -0.040        -0.322        -0.019        -0.085        -0.018
 COG061         0.020        -0.367        -0.161        -0.072        -0.089
 COG062         0.152        -0.217        -0.047        -0.055        -0.029
 COG063         0.032        -0.328        -0.116        -0.027        -0.242
 COG064         0.003        -0.045        -0.183        -0.039        -0.098
 COG066         0.081        -0.288        -0.057        -0.149        -0.072
 CBINT          0.085        -0.173         0.033        -0.059        -0.039


           Residuals for Correlations/Residual Correlations
              COG052        COG053        COG054        COG055        COG056
              ________      ________      ________      ________      ________
 COG053         0.051
 COG054         0.187         0.010
 COG055         0.106        -0.076         0.053
 COG056        -0.132        -0.261        -0.172        -0.066
 COG057         0.037        -0.044         0.086         0.143        -0.106
 COG058        -0.127        -0.291        -0.032         0.077         0.057
 COG060        -0.085        -0.266        -0.042        -0.121         0.070
 COG061        -0.007        -0.235        -0.005         0.003        -0.098
 COG062        -0.002        -0.130        -0.076         0.101        -0.125
 COG063        -0.022        -0.178        -0.060        -0.103        -0.107
 COG064         0.036         0.012         0.118         0.044        -0.055
 COG066        -0.098        -0.234         0.031        -0.111        -0.052
 CBINT         -0.097        -0.101        -0.005        -0.090         0.061


           Residuals for Correlations/Residual Correlations
              COG057        COG058        COG060        COG061        COG062
              ________      ________      ________      ________      ________
 COG058         0.024
 COG060        -0.016         0.080
 COG061         0.082        -0.032        -0.077
 COG062         0.034        -0.006        -0.070         0.051
 COG063         0.027        -0.013        -0.040         0.177         0.012
 COG064         0.048        -0.008        -0.039         0.014         0.044
 COG066        -0.031         0.142        -0.002         0.074         0.086
 CBINT          0.081         0.067         0.068         0.051         0.078


           Residuals for Correlations/Residual Correlations
              COG063        COG064        COG066        CBINT
              ________      ________      ________      ________
 COG064         0.004
 COG066        -0.013         0.059
 CBINT         -0.047        -0.009         0.072         0.000


     UNIVARIATE PROPORTIONS FOR CATEGORICAL VARIABLES

     Variable          Observed      Estimated      Residual (Obs.-Est.)    Stand. Residual
     COG040
       Category  1       0.127          0.127                  0.000                0.000
       Category  2       0.873          0.873                  0.000                0.000
     COG041
       Category  1       0.280          0.280                  0.000                0.000
       Category  2       0.720          0.720                  0.000                0.000
     COG043
       Category  1       0.143          0.143                  0.000                0.000
       Category  2       0.857          0.857                  0.000                0.000
     COG044
       Category  1       0.112          0.112                  0.000                0.000
       Category  2       0.888          0.888                  0.000                0.000
     COG045
       Category  1       0.372          0.372                  0.000                0.000
       Category  2       0.628          0.628                  0.000                0.000
     COG046
       Category  1       0.513          0.513                  0.000                0.000
       Category  2       0.487          0.487                  0.000                0.000
     COG048
       Category  1       0.108          0.108                  0.000                0.000
       Category  2       0.892          0.892                  0.000                0.000
     COG049
       Category  1       0.156          0.156                  0.000                0.000
       Category  2       0.844          0.844                  0.000                0.000
     COG050
       Category  1       0.273          0.273                  0.000                0.000
       Category  2       0.727          0.727                  0.000                0.000
     COG051
       Category  1       0.120          0.120                  0.000                0.000
       Category  2       0.880          0.880                  0.000                0.000
     COG052
       Category  1       0.317          0.317                  0.000                0.000
       Category  2       0.683          0.683                  0.000                0.000
     COG053
       Category  1       0.334          0.334                  0.000                0.000
       Category  2       0.666          0.666                  0.000                0.000
     COG054
       Category  1       0.332          0.332                  0.000                0.000
       Category  2       0.668          0.668                  0.000                0.000
     COG055
       Category  1       0.122          0.122                  0.000                0.000
       Category  2       0.878          0.878                  0.000                0.000
     COG056
       Category  1       0.441          0.441                  0.000                0.000
       Category  2       0.559          0.559                  0.000                0.000
     COG057
       Category  1       0.816          0.816                  0.000                0.000
       Category  2       0.184          0.184                  0.000                0.000
     COG058
       Category  1       0.434          0.434                  0.000                0.000
       Category  2       0.566          0.566                  0.000                0.000
     COG060
       Category  1       0.612          0.612                  0.000                0.000
       Category  2       0.388          0.388                  0.000                0.000
     COG061
       Category  1       0.759          0.759                  0.000                0.000
       Category  2       0.241          0.241                  0.000                0.000
     COG062
       Category  1       0.850          0.850                  0.000                0.000
       Category  2       0.150          0.150                  0.000                0.000
     COG063
       Category  1       0.886          0.886                  0.000                0.000
       Category  2       0.114          0.114                  0.000                0.000
     COG064
       Category  1       0.763          0.763                  0.000                0.000
       Category  2       0.237          0.237                  0.000                0.000
     COG066
       Category  1       0.824          0.824                  0.000                0.000
       Category  2       0.176          0.176                  0.000                0.000


     BIVARIATE PROPORTIONS FOR CATEGORICAL VARIABLES

     Variable       Variable          Observed     Estimated    Residual (Obs.-Est.)  Stand. Residual
     COG040         COG041
       Category 1     Category 1        0.042       0.044            -0.002           -0.280
       Category 1     Category 2        0.085       0.083             0.002            0.208
       Category 2     Category 1        0.238       0.236             0.002            0.135
       Category 2     Category 2        0.635       0.637            -0.002           -0.120
     COG040         COG043
       Category 1     Category 1        0.023       0.026            -0.003           -0.572
       Category 1     Category 2        0.104       0.101             0.003            0.305
       Category 2     Category 1        0.120       0.117             0.003            0.285
       Category 2     Category 2        0.752       0.756            -0.003           -0.213
     COG040         COG044
       Category 1     Category 1        0.031       0.021             0.011            2.019
       Category 1     Category 2        0.096       0.107            -0.011           -0.929
       Category 2     Category 1        0.081       0.092            -0.011           -0.993
       Category 2     Category 2        0.792       0.781             0.011            0.693
     COG040         COG045
       Category 1     Category 1        0.093       0.058             0.035            4.107
       Category 1     Category 2        0.034       0.069            -0.035           -3.785
       Category 2     Category 1        0.279       0.314            -0.035           -2.069
       Category 2     Category 2        0.594       0.559             0.035            1.934
     COG040         COG046
       Category 1     Category 1        0.081       0.074             0.007            0.725
       Category 1     Category 2        0.046       0.053            -0.007           -0.848
       Category 2     Category 1        0.432       0.439            -0.007           -0.383
       Category 2     Category 2        0.441       0.434             0.007            0.383
     COG040         COG048
       Category 1     Category 1        0.019       0.022            -0.003           -0.533
       Category 1     Category 2        0.108       0.105             0.003            0.253
       Category 2     Category 1        0.089       0.086             0.003            0.277
       Category 2     Category 2        0.783       0.786            -0.003           -0.190
     COG040         COG049
       Category 1     Category 1        0.038       0.035             0.003            0.396
       Category 1     Category 2        0.089       0.092            -0.003           -0.252
       Category 2     Category 1        0.118       0.120            -0.003           -0.224
       Category 2     Category 2        0.755       0.752             0.003            0.169
     COG040         COG050
       Category 1     Category 1        0.074       0.046             0.028            3.614
       Category 1     Category 2        0.053       0.081            -0.028           -2.791
       Category 2     Category 1        0.199       0.227            -0.028           -1.816
       Category 2     Category 2        0.674       0.646             0.028            1.590
     COG040         COG051
       Category 1     Category 1        0.028       0.028             0.001            0.083
       Category 1     Category 2        0.099       0.099            -0.001           -0.046
       Category 2     Category 1        0.092       0.093            -0.001           -0.047
       Category 2     Category 2        0.781       0.780             0.001            0.033
     COG040         COG052
       Category 1     Category 1        0.050       0.052            -0.002           -0.201
       Category 1     Category 2        0.077       0.075             0.002            0.169
       Category 2     Category 1        0.267       0.265             0.002            0.101
       Category 2     Category 2        0.606       0.608            -0.002           -0.091
     COG040         COG053
       Category 1     Category 1        0.049       0.055            -0.006           -0.709
       Category 1     Category 2        0.078       0.073             0.006            0.622
       Category 2     Category 1        0.286       0.280             0.006            0.359
       Category 2     Category 2        0.587       0.593            -0.006           -0.328
     COG040         COG054
       Category 1     Category 1        0.055       0.053             0.002            0.268
       Category 1     Category 2        0.072       0.074            -0.002           -0.230
       Category 2     Category 1        0.276       0.278            -0.002           -0.134
       Category 2     Category 2        0.597       0.595             0.002            0.123
     COG040         COG055
       Category 1     Category 1        0.024       0.029            -0.005           -0.754
       Category 1     Category 2        0.103       0.098             0.005            0.425
       Category 2     Category 1        0.097       0.093             0.005            0.436
       Category 2     Category 2        0.775       0.780            -0.005           -0.305
     COG040         COG056
       Category 1     Category 1        0.076       0.082            -0.006           -0.581
       Category 1     Category 2        0.051       0.046             0.006            0.762
       Category 2     Category 1        0.365       0.360             0.006            0.331
       Category 2     Category 2        0.507       0.513            -0.006           -0.318
     COG040         COG057
       Category 1     Category 1        0.108       0.110            -0.002           -0.185
       Category 1     Category 2        0.019       0.017             0.002            0.450
       Category 2     Category 1        0.708       0.706             0.002            0.127
       Category 2     Category 2        0.165       0.167            -0.002           -0.155
     COG040         COG058
       Category 1     Category 1        0.066       0.077            -0.011           -1.123
       Category 1     Category 2        0.061       0.050             0.011            1.378
       Category 2     Category 1        0.368       0.357             0.011            0.626
       Category 2     Category 2        0.505       0.516            -0.011           -0.600
     COG040         COG060
       Category 1     Category 1        0.093       0.100            -0.007           -0.625
       Category 1     Category 2        0.034       0.027             0.007            1.160
       Category 2     Category 1        0.518       0.511             0.007            0.376
       Category 2     Category 2        0.355       0.361            -0.007           -0.391
     COG040         COG061
       Category 1     Category 1        0.100       0.112            -0.012           -1.012
       Category 1     Category 2        0.027       0.015             0.012            2.595
       Category 2     Category 1        0.659       0.647             0.012            0.667
       Category 2     Category 2        0.214       0.226            -0.012           -0.763
     COG040         COG062
       Category 1     Category 1        0.118       0.117             0.001            0.058
       Category 1     Category 2        0.009       0.010            -0.001           -0.186
       Category 2     Category 1        0.732       0.733            -0.001           -0.042
       Category 2     Category 2        0.141       0.140             0.001            0.054
     COG040         COG063
       Category 1     Category 1        0.119       0.122            -0.003           -0.209
       Category 1     Category 2        0.008       0.006             0.003            0.915
       Category 2     Category 1        0.767       0.765             0.003            0.161
       Category 2     Category 2        0.106       0.108            -0.003           -0.220
     COG040         COG064
       Category 1     Category 1        0.115       0.111             0.004            0.320
       Category 1     Category 2        0.012       0.016            -0.004           -0.806
       Category 2     Category 1        0.648       0.652            -0.004           -0.211
       Category 2     Category 2        0.225       0.221             0.004            0.243
     COG040         COG066
       Category 1     Category 1        0.112       0.119            -0.006           -0.530
       Category 1     Category 2        0.015       0.009             0.006            1.858
       Category 2     Category 1        0.712       0.705             0.006            0.376
       Category 2     Category 2        0.161       0.167            -0.006           -0.459
     COG041         COG043
       Category 1     Category 1        0.058       0.054             0.005            0.558
       Category 1     Category 2        0.222       0.227            -0.005           -0.300
       Category 2     Category 1        0.085       0.090            -0.005           -0.439
       Category 2     Category 2        0.635       0.630             0.005            0.260
     COG041         COG044
       Category 1     Category 1        0.054       0.042             0.012            1.675
       Category 1     Category 2        0.226       0.238            -0.012           -0.787
       Category 2     Category 1        0.058       0.071            -0.012           -1.310
       Category 2     Category 2        0.662       0.649             0.012            0.703
     COG041         COG045
       Category 1     Category 1        0.133       0.122             0.010            0.842
       Category 1     Category 2        0.147       0.158            -0.010           -0.758
       Category 2     Category 1        0.240       0.250            -0.010           -0.638
       Category 2     Category 2        0.480       0.470             0.010            0.553
     COG041         COG046
       Category 1     Category 1        0.168       0.159             0.009            0.647
       Category 1     Category 2        0.112       0.121            -0.009           -0.726
       Category 2     Category 1        0.345       0.354            -0.009           -0.495
       Category 2     Category 2        0.375       0.366             0.009            0.491
     COG041         COG048
       Category 1     Category 1        0.045       0.043             0.001            0.174
       Category 1     Category 2        0.235       0.237            -0.001           -0.083
       Category 2     Category 1        0.064       0.065            -0.001           -0.144
       Category 2     Category 2        0.656       0.655             0.001            0.075
     COG041         COG049
       Category 1     Category 1        0.060       0.068            -0.009           -0.954
       Category 1     Category 2        0.221       0.212             0.009            0.589
       Category 2     Category 1        0.096       0.087             0.009            0.853
       Category 2     Category 2        0.624       0.633            -0.009           -0.499
     COG041         COG050
       Category 1     Category 1        0.106       0.096             0.009            0.864
       Category 1     Category 2        0.175       0.184            -0.009           -0.657
       Category 2     Category 1        0.168       0.177            -0.009           -0.667
       Category 2     Category 2        0.552       0.543             0.009            0.511
     COG041         COG051
       Category 1     Category 1        0.055       0.054             0.002            0.201
       Category 1     Category 2        0.225       0.226            -0.002           -0.108
       Category 2     Category 1        0.065       0.067            -0.002           -0.182
       Category 2     Category 2        0.655       0.653             0.002            0.095
     COG041         COG052
       Category 1     Category 1        0.114       0.108             0.006            0.495
       Category 1     Category 2        0.166       0.172            -0.006           -0.407
       Category 2     Category 1        0.203       0.209            -0.006           -0.378
       Category 2     Category 2        0.517       0.511             0.006            0.308
     COG041         COG053
       Category 1     Category 1        0.114       0.114             0.000           -0.042
       Category 1     Category 2        0.166       0.166             0.000            0.036
       Category 2     Category 1        0.221       0.220             0.000            0.032
       Category 2     Category 2        0.499       0.500             0.000           -0.027
     COG041         COG054
       Category 1     Category 1        0.114       0.112             0.002            0.174
       Category 1     Category 2        0.166       0.168            -0.002           -0.146
       Category 2     Category 1        0.218       0.220            -0.002           -0.132
       Category 2     Category 2        0.502       0.500             0.002            0.110
     COG041         COG055
       Category 1     Category 1        0.058       0.056             0.003            0.308
       Category 1     Category 2        0.222       0.225            -0.003           -0.169
       Category 2     Category 1        0.064       0.066            -0.003           -0.284
       Category 2     Category 2        0.656       0.654             0.003            0.148
     COG041         COG056
       Category 1     Category 1        0.146       0.168            -0.021           -1.558
       Category 1     Category 2        0.134       0.113             0.021            1.841
       Category 2     Category 1        0.295       0.274             0.021            1.305
       Category 2     Category 2        0.425       0.446            -0.021           -1.171
     COG041         COG057
       Category 1     Category 1        0.254       0.240             0.014            0.901
       Category 1     Category 2        0.026       0.040            -0.014           -1.967
       Category 2     Category 1        0.562       0.576            -0.014           -0.779
       Category 2     Category 2        0.158       0.144             0.014            1.096
     COG041         COG058
       Category 1     Category 1        0.147       0.160            -0.012           -0.898
       Category 1     Category 2        0.133       0.121             0.012            1.011
       Category 2     Category 1        0.287       0.275             0.012            0.737
       Category 2     Category 2        0.433       0.445            -0.012           -0.662
     COG041         COG060
       Category 1     Category 1        0.203       0.211            -0.008           -0.560
       Category 1     Category 2        0.077       0.069             0.008            0.904
       Category 2     Category 1        0.409       0.400             0.008            0.467
       Category 2     Category 2        0.311       0.320            -0.008           -0.490
     COG041         COG061
       Category 1     Category 1        0.238       0.241            -0.002           -0.150
       Category 1     Category 2        0.042       0.040             0.002            0.328
       Category 2     Category 1        0.521       0.519             0.002            0.128
       Category 2     Category 2        0.199       0.201            -0.002           -0.160
     COG041         COG062
       Category 1     Category 1        0.263       0.254             0.008            0.508
       Category 1     Category 2        0.018       0.026            -0.008           -1.398
       Category 2     Category 1        0.587       0.595            -0.008           -0.451
       Category 2     Category 2        0.133       0.124             0.008            0.671
     COG041         COG063
       Category 1     Category 1        0.267       0.265             0.002            0.101
       Category 1     Category 2        0.014       0.015            -0.002           -0.366
       Category 2     Category 1        0.620       0.621            -0.002           -0.092
       Category 2     Category 2        0.100       0.098             0.002            0.150
     COG041         COG064
       Category 1     Category 1        0.241       0.240             0.001            0.080
       Category 1     Category 2        0.039       0.041            -0.001           -0.174
       Category 2     Category 1        0.522       0.524            -0.001           -0.069
       Category 2     Category 2        0.198       0.196             0.001            0.086
     COG041         COG066
       Category 1     Category 1        0.257       0.257             0.000            0.027
       Category 1     Category 2        0.023       0.023             0.000           -0.077
       Category 2     Category 1        0.567       0.567             0.000           -0.024
       Category 2     Category 2        0.153       0.152             0.000            0.032
     COG043         COG044
       Category 1     Category 1        0.031       0.026             0.005            0.821
       Category 1     Category 2        0.112       0.117            -0.005           -0.409
       Category 2     Category 1        0.081       0.086            -0.005           -0.469
       Category 2     Category 2        0.775       0.771             0.005            0.313
     COG043         COG045
       Category 1     Category 1        0.077       0.070             0.007            0.727
       Category 1     Category 2        0.066       0.073            -0.007           -0.713
       Category 2     Category 1        0.295       0.302            -0.007           -0.405
       Category 2     Category 2        0.562       0.555             0.007            0.374
     COG043         COG046
       Category 1     Category 1        0.088       0.088             0.000            0.034
       Category 1     Category 2        0.055       0.056             0.000           -0.042
       Category 2     Category 1        0.425       0.425             0.000           -0.019
       Category 2     Category 2        0.432       0.431             0.000            0.019
     COG043         COG048
       Category 1     Category 1        0.028       0.029             0.000           -0.037
       Category 1     Category 2        0.115       0.115             0.000            0.019
       Category 2     Category 1        0.080       0.080             0.000            0.023
       Category 2     Category 2        0.777       0.777             0.000           -0.015
     COG043         COG049
       Category 1     Category 1        0.042       0.048            -0.006           -0.738
       Category 1     Category 2        0.101       0.096             0.006            0.535
       Category 2     Category 1        0.114       0.108             0.006            0.507
       Category 2     Category 2        0.743       0.749            -0.006           -0.363
     COG043         COG050
       Category 1     Category 1        0.065       0.058             0.007            0.827
       Category 1     Category 2        0.078       0.086            -0.007           -0.690
       Category 2     Category 1        0.208       0.215            -0.007           -0.469
       Category 2     Category 2        0.648       0.641             0.007            0.402
     COG043         COG051
       Category 1     Category 1        0.032       0.038            -0.006           -0.800
       Category 1     Category 2        0.111       0.105             0.006            0.499
       Category 2     Category 1        0.088       0.082             0.006            0.558
       Category 2     Category 2        0.769       0.774            -0.006           -0.367
     COG043         COG052
       Category 1     Category 1        0.099       0.064             0.035            3.923
       Category 1     Category 2        0.045       0.080            -0.035           -3.531
       Category 2     Category 1        0.218       0.253            -0.035           -2.201
       Category 2     Category 2        0.639       0.603             0.035            1.957
     COG043         COG053
       Category 1     Category 1        0.061       0.067            -0.006           -0.684
       Category 1     Category 2        0.083       0.076             0.006            0.646
       Category 2     Category 1        0.273       0.267             0.006            0.387
       Category 2     Category 2        0.583       0.590            -0.006           -0.348
     COG043         COG054
       Category 1     Category 1        0.076       0.065             0.011            1.171
       Category 1     Category 2        0.068       0.078            -0.011           -1.076
       Category 2     Category 1        0.256       0.266            -0.011           -0.654
       Category 2     Category 2        0.601       0.590             0.011            0.588
     COG043         COG055
       Category 1     Category 1        0.043       0.040             0.003            0.471
       Category 1     Category 2        0.100       0.104            -0.003           -0.303
       Category 2     Category 1        0.078       0.082            -0.003           -0.336
       Category 2     Category 2        0.778       0.775             0.003            0.221
     COG043         COG056
       Category 1     Category 1        0.089       0.104            -0.014           -1.276
       Category 1     Category 2        0.054       0.040             0.014            1.988
       Category 2     Category 1        0.352       0.338             0.014            0.822
       Category 2     Category 2        0.505       0.519            -0.014           -0.778
     COG043         COG057
       Category 1     Category 1        0.123       0.127            -0.004           -0.324
       Category 1     Category 2        0.020       0.016             0.004            0.852
       Category 2     Category 1        0.693       0.689             0.004            0.233
       Category 2     Category 2        0.164       0.168            -0.004           -0.289
     COG043         COG058
       Category 1     Category 1        0.087       0.097            -0.011           -0.975
       Category 1     Category 2        0.057       0.046             0.011            1.375
       Category 2     Category 1        0.348       0.337             0.011            0.611
       Category 2     Category 2        0.509       0.519            -0.011           -0.578
     COG043         COG060
       Category 1     Category 1        0.116       0.122            -0.006           -0.477
       Category 1     Category 2        0.027       0.021             0.006            1.080
       Category 2     Category 1        0.495       0.490             0.006            0.312
       Category 2     Category 2        0.361       0.367            -0.006           -0.324
     COG043         COG061
       Category 1     Category 1        0.133       0.132             0.001            0.073
       Category 1     Category 2        0.011       0.012            -0.001           -0.229
       Category 2     Category 1        0.627       0.627            -0.001           -0.051
       Category 2     Category 2        0.230       0.229             0.001            0.059
     COG043         COG062
       Category 1     Category 1        0.139       0.135             0.004            0.335
       Category 1     Category 2        0.004       0.008            -0.004           -1.263
       Category 2     Category 1        0.710       0.715            -0.004           -0.253
       Category 2     Category 2        0.146       0.142             0.004            0.328
     COG043         COG063
       Category 1     Category 1        0.137       0.140            -0.003           -0.245
       Category 1     Category 2        0.007       0.004             0.003            1.414
       Category 2     Category 1        0.750       0.747             0.003            0.196
       Category 2     Category 2        0.107       0.110            -0.003           -0.272
     COG043         COG064
       Category 1     Category 1        0.133       0.131             0.002            0.148
       Category 1     Category 2        0.011       0.013            -0.002           -0.446
       Category 2     Category 1        0.631       0.632            -0.002           -0.103
       Category 2     Category 2        0.226       0.224             0.002            0.120
     COG043         COG066
       Category 1     Category 1        0.137       0.138            -0.001           -0.112
       Category 1     Category 2        0.007       0.005             0.001            0.532
       Category 2     Category 1        0.687       0.686             0.001            0.084
       Category 2     Category 2        0.169       0.171            -0.001           -0.103
     COG044         COG045
       Category 1     Category 1        0.065       0.055             0.010            1.207
       Category 1     Category 2        0.047       0.057            -0.010           -1.181
       Category 2     Category 1        0.307       0.317            -0.010           -0.591
       Category 2     Category 2        0.581       0.570             0.010            0.555
     COG044         COG046
       Category 1     Category 1        0.076       0.068             0.007            0.793
       Category 1     Category 2        0.037       0.044            -0.007           -0.977
       Category 2     Category 1        0.437       0.444            -0.007           -0.403
       Category 2     Category 2        0.451       0.443             0.007            0.403
     COG044         COG048
       Category 1     Category 1        0.028       0.022             0.006            1.118
       Category 1     Category 2        0.084       0.090            -0.006           -0.577
       Category 2     Category 1        0.080       0.086            -0.006           -0.589
       Category 2     Category 2        0.808       0.802             0.006            0.414
     COG044         COG049
       Category 1     Category 1        0.034       0.037            -0.003           -0.480
       Category 1     Category 2        0.078       0.075             0.003            0.345
       Category 2     Category 1        0.122       0.118             0.003            0.281
       Category 2     Category 2        0.766       0.769            -0.003           -0.216
     COG044         COG050
       Category 1     Category 1        0.054       0.045             0.009            1.183
       Category 1     Category 2        0.058       0.067            -0.009           -0.981
       Category 2     Category 1        0.219       0.228            -0.009           -0.585
       Category 2     Category 2        0.668       0.659             0.009            0.518
     COG044         COG051
       Category 1     Category 1        0.030       0.030             0.000            0.008
       Category 1     Category 2        0.083       0.083             0.000           -0.005
       Category 2     Category 1        0.091       0.091             0.000           -0.005
       Category 2     Category 2        0.797       0.797             0.000            0.003
     COG044         COG052
       Category 1     Category 1        0.055       0.050             0.006            0.740
       Category 1     Category 2        0.057       0.063            -0.006           -0.662
       Category 2     Category 1        0.261       0.267            -0.006           -0.363
       Category 2     Category 2        0.627       0.621             0.006            0.331
     COG044         COG053
       Category 1     Category 1        0.062       0.052             0.010            1.203
       Category 1     Category 2        0.050       0.060            -0.010           -1.129
       Category 2     Category 1        0.272       0.282            -0.010           -0.596
       Category 2     Category 2        0.616       0.606             0.010            0.548
     COG044         COG054
       Category 1     Category 1        0.054       0.051             0.003            0.411
       Category 1     Category 2        0.058       0.062            -0.003           -0.376
       Category 2     Category 1        0.277       0.281            -0.003           -0.201
       Category 2     Category 2        0.610       0.607             0.003            0.185
     COG044         COG055
       Category 1     Category 1        0.030       0.031            -0.001           -0.211
       Category 1     Category 2        0.083       0.081             0.001            0.134
       Category 2     Category 1        0.092       0.091             0.001            0.127
       Category 2     Category 2        0.796       0.797            -0.001           -0.091
     COG044         COG056
       Category 1     Category 1        0.074       0.080            -0.006           -0.599
       Category 1     Category 2        0.038       0.032             0.006            0.927
       Category 2     Category 1        0.367       0.361             0.006            0.339
       Category 2     Category 2        0.521       0.527            -0.006           -0.326
     COG044         COG057
       Category 1     Category 1        0.095       0.099            -0.005           -0.423
       Category 1     Category 2        0.018       0.013             0.005            1.120
       Category 2     Category 1        0.721       0.717             0.005            0.281
       Category 2     Category 2        0.166       0.171            -0.005           -0.336
     COG044         COG058
       Category 1     Category 1        0.068       0.076            -0.008           -0.814
       Category 1     Category 2        0.045       0.037             0.008            1.143
       Category 2     Category 1        0.367       0.359             0.008            0.448
       Category 2     Category 2        0.521       0.529            -0.008           -0.431
     COG044         COG060
       Category 1     Category 1        0.091       0.095            -0.004           -0.400
       Category 1     Category 2        0.022       0.017             0.004            0.898
       Category 2     Category 1        0.521       0.517             0.004            0.234
       Category 2     Category 2        0.367       0.371            -0.004           -0.243
     COG044         COG061
       Category 1     Category 1        0.097       0.103            -0.005           -0.473
       Category 1     Category 2        0.015       0.010             0.005            1.474
       Category 2     Category 1        0.662       0.656             0.005            0.303
       Category 2     Category 2        0.226       0.231            -0.005           -0.341
     COG044         COG062
       Category 1     Category 1        0.104       0.106            -0.001           -0.126
       Category 1     Category 2        0.008       0.007             0.001            0.474
       Category 2     Category 1        0.746       0.744             0.001            0.089
       Category 2     Category 2        0.142       0.144            -0.001           -0.110
     COG044         COG063
       Category 1     Category 1        0.107       0.109            -0.002           -0.205
       Category 1     Category 2        0.005       0.003             0.002            1.157
       Category 2     Category 1        0.779       0.777             0.002            0.154
       Category 2     Category 2        0.108       0.111            -0.002           -0.204
     COG044         COG064
       Category 1     Category 1        0.101       0.102            -0.001           -0.048
       Category 1     Category 2        0.011       0.010             0.001            0.145
       Category 2     Category 1        0.662       0.661             0.001            0.031
       Category 2     Category 2        0.226       0.227            -0.001           -0.035
     COG044         COG066
       Category 1     Category 1        0.107       0.108            -0.001           -0.077
       Category 1     Category 2        0.005       0.005             0.001            0.355
       Category 2     Category 1        0.717       0.716             0.001            0.053
       Category 2     Category 2        0.171       0.171            -0.001           -0.063
     COG045         COG046
       Category 1     Category 1        0.223       0.211             0.013            0.835
       Category 1     Category 2        0.149       0.161            -0.013           -0.926
       Category 2     Category 1        0.290       0.302            -0.013           -0.742
       Category 2     Category 2        0.338       0.326             0.013            0.727
     COG045         COG048
       Category 1     Category 1        0.051       0.057            -0.005           -0.613
       Category 1     Category 2        0.321       0.315             0.005            0.305
       Category 2     Category 1        0.057       0.052             0.005            0.640
       Category 2     Category 2        0.571       0.576            -0.005           -0.287
     COG045         COG049
       Category 1     Category 1        0.088       0.089            -0.001           -0.094
       Category 1     Category 2        0.284       0.283             0.001            0.059
       Category 2     Category 1        0.068       0.067             0.001            0.107
       Category 2     Category 2        0.560       0.561            -0.001           -0.054
     COG045         COG050
       Category 1     Category 1        0.181       0.127             0.055            4.460
       Category 1     Category 2        0.191       0.245            -0.055           -3.448
       Category 2     Category 1        0.092       0.147            -0.055           -4.195
       Category 2     Category 2        0.536       0.481             0.055            2.969
     COG045         COG051
       Category 1     Category 1        0.072       0.070             0.002            0.205
       Category 1     Category 2        0.300       0.302            -0.002           -0.113
       Category 2     Category 1        0.049       0.051            -0.002           -0.238
       Category 2     Category 2        0.579       0.577             0.002            0.105
     COG045         COG052
       Category 1     Category 1        0.146       0.143             0.004            0.279
       Category 1     Category 2        0.226       0.230            -0.004           -0.232
       Category 2     Category 1        0.171       0.174            -0.004           -0.258
       Category 2     Category 2        0.457       0.454             0.004            0.196
     COG045         COG053
       Category 1     Category 1        0.157       0.151             0.006            0.478
       Category 1     Category 2        0.215       0.221            -0.006           -0.412
       Category 2     Category 1        0.177       0.184            -0.006           -0.442
       Category 2     Category 2        0.451       0.444             0.006            0.344
     COG045         COG054
       Category 1     Category 1        0.150       0.147             0.003            0.212
       Category 1     Category 2        0.222       0.225            -0.003           -0.180
       Category 2     Category 1        0.181       0.184            -0.003           -0.194
       Category 2     Category 2        0.447       0.444             0.003            0.152
     COG045         COG055
       Category 1     Category 1        0.066       0.072            -0.006           -0.599
       Category 1     Category 2        0.306       0.300             0.006            0.338
       Category 2     Category 1        0.055       0.050             0.006            0.712
       Category 2     Category 2        0.572       0.578            -0.006           -0.314
     COG045         COG056
       Category 1     Category 1        0.202       0.221            -0.019           -1.271
       Category 1     Category 2        0.171       0.151             0.019            1.473
       Category 2     Category 1        0.240       0.220             0.019            1.273
       Category 2     Category 2        0.388       0.408            -0.019           -1.074
     COG045         COG057
       Category 1     Category 1        0.314       0.319            -0.005           -0.288
       Category 1     Category 2        0.058       0.053             0.005            0.599
       Category 2     Category 1        0.502       0.497             0.005            0.269
       Category 2     Category 2        0.126       0.131            -0.005           -0.399
     COG045         COG058
       Category 1     Category 1        0.198       0.211            -0.013           -0.867
       Category 1     Category 2        0.175       0.162             0.013            0.961
       Category 2     Category 1        0.237       0.224             0.013            0.848
       Category 2     Category 2        0.391       0.404            -0.013           -0.721
     COG045         COG060
       Category 1     Category 1        0.271       0.280            -0.009           -0.575
       Category 1     Category 2        0.101       0.092             0.009            0.893
       Category 2     Category 1        0.341       0.332             0.009            0.548
       Category 2     Category 2        0.287       0.296            -0.009           -0.565
     COG045         COG061
       Category 1     Category 1        0.300       0.319            -0.019           -1.102
       Category 1     Category 2        0.072       0.053             0.019            2.296
       Category 2     Category 1        0.459       0.440             0.019            1.035
       Category 2     Category 2        0.169       0.188            -0.019           -1.314
     COG045         COG062
       Category 1     Category 1        0.342       0.338             0.005            0.262
       Category 1     Category 2        0.030       0.034            -0.005           -0.680
       Category 2     Category 1        0.507       0.512            -0.005           -0.248
       Category 2     Category 2        0.120       0.116             0.005            0.387
     COG045         COG063
       Category 1     Category 1        0.342       0.352            -0.010           -0.552
       Category 1     Category 2        0.030       0.020             0.010            1.881
       Category 2     Category 1        0.544       0.534             0.010            0.529
       Category 2     Category 2        0.084       0.094            -0.010           -0.906
     COG045         COG064
       Category 1     Category 1        0.318       0.318             0.000           -0.003
       Category 1     Category 2        0.054       0.054             0.000            0.006
       Category 2     Category 1        0.445       0.445             0.000            0.003
       Category 2     Category 2        0.183       0.183             0.000           -0.004
     COG045         COG066
       Category 1     Category 1        0.329       0.341            -0.012           -0.706
       Category 1     Category 2        0.043       0.031             0.012            1.931
       Category 2     Category 1        0.495       0.483             0.012            0.670
       Category 2     Category 2        0.133       0.145            -0.012           -0.951
     COG046         COG048
       Category 1     Category 1        0.072       0.069             0.003            0.300
       Category 1     Category 2        0.441       0.444            -0.003           -0.153
       Category 2     Category 1        0.037       0.039            -0.003           -0.391
       Category 2     Category 2        0.451       0.448             0.003            0.153
     COG046         COG049
       Category 1     Category 1        0.101       0.105            -0.003           -0.308
       Category 1     Category 2        0.411       0.408             0.003            0.192
       Category 2     Category 1        0.054       0.051             0.003            0.430
       Category 2     Category 2        0.433       0.436            -0.003           -0.190
     COG046         COG050
       Category 1     Category 1        0.157       0.161            -0.004           -0.316
       Category 1     Category 2        0.356       0.352             0.004            0.243
       Category 2     Category 1        0.116       0.112             0.004            0.368
       Category 2     Category 2        0.371       0.375            -0.004           -0.240
     COG046         COG051
       Category 1     Category 1        0.080       0.082            -0.002           -0.207
       Category 1     Category 2        0.433       0.431             0.002            0.114
       Category 2     Category 1        0.041       0.039             0.002            0.294
       Category 2     Category 2        0.447       0.449            -0.002           -0.114
     COG046         COG052
       Category 1     Category 1        0.162       0.183            -0.021           -1.470
       Category 1     Category 2        0.350       0.330             0.021            1.210
       Category 2     Category 1        0.154       0.133             0.021            1.673
       Category 2     Category 2        0.333       0.354            -0.021           -1.190
     COG046         COG053
       Category 1     Category 1        0.191       0.194            -0.003           -0.198
       Category 1     Category 2        0.322       0.319             0.003            0.168
       Category 2     Category 1        0.143       0.141             0.003            0.225
       Category 2     Category 2        0.344       0.347            -0.003           -0.165
     COG046         COG054
       Category 1     Category 1        0.183       0.190            -0.008           -0.536
       Category 1     Category 2        0.330       0.322             0.008            0.450
       Category 2     Category 1        0.149       0.141             0.008            0.605
       Category 2     Category 2        0.338       0.346            -0.008           -0.443
     COG046         COG055
       Category 1     Category 1        0.084       0.084             0.000           -0.001
       Category 1     Category 2        0.429       0.429             0.000            0.001
       Category 2     Category 1        0.038       0.038             0.000            0.002
       Category 2     Category 2        0.449       0.449             0.000           -0.001
     COG046         COG056
       Category 1     Category 1        0.263       0.274            -0.012           -0.722
       Category 1     Category 2        0.250       0.238             0.012            0.756
       Category 2     Category 1        0.179       0.167             0.012            0.864
       Category 2     Category 2        0.309       0.320            -0.012           -0.691
     COG046         COG057
       Category 1     Category 1        0.432       0.432             0.000           -0.014
       Category 1     Category 2        0.081       0.081             0.000            0.025
       Category 2     Category 1        0.384       0.384             0.000            0.014
       Category 2     Category 2        0.103       0.103             0.000           -0.022
     COG046         COG058
       Category 1     Category 1        0.258       0.264            -0.006           -0.358
       Category 1     Category 2        0.254       0.249             0.006            0.365
       Category 2     Category 1        0.176       0.170             0.006            0.420
       Category 2     Category 2        0.311       0.317            -0.006           -0.339
     COG046         COG060
       Category 1     Category 1        0.353       0.360            -0.006           -0.359
       Category 1     Category 2        0.160       0.153             0.006            0.478
       Category 2     Category 1        0.258       0.252             0.006            0.397
       Category 2     Category 2        0.229       0.235            -0.006           -0.407
     COG046         COG061
       Category 1     Category 1        0.425       0.422             0.003            0.143
       Category 1     Category 2        0.088       0.091            -0.003           -0.246
       Category 2     Category 1        0.334       0.337            -0.003           -0.149
       Category 2     Category 2        0.153       0.150             0.003            0.197
     COG046         COG062
       Category 1     Category 1        0.470       0.455             0.014            0.777
       Category 1     Category 2        0.043       0.058            -0.014           -1.663
       Category 2     Category 1        0.380       0.394            -0.014           -0.792
       Category 2     Category 2        0.107       0.093             0.014            1.335
     COG046         COG063
       Category 1     Category 1        0.478       0.475             0.002            0.132
       Category 1     Category 2        0.035       0.038            -0.002           -0.347
       Category 2     Category 1        0.409       0.411            -0.002           -0.134
       Category 2     Category 2        0.078       0.076             0.002            0.249
     COG046         COG064
       Category 1     Category 1        0.422       0.422             0.000            0.019
       Category 1     Category 2        0.091       0.091             0.000           -0.033
       Category 2     Category 1        0.341       0.341             0.000           -0.020
       Category 2     Category 2        0.146       0.146             0.000            0.027
     COG046         COG066
       Category 1     Category 1        0.463       0.454             0.008            0.461
       Category 1     Category 2        0.050       0.059            -0.008           -0.978
       Category 2     Category 1        0.361       0.370            -0.008           -0.475
       Category 2     Category 2        0.126       0.117             0.008            0.713
     COG048         COG049
       Category 1     Category 1        0.027       0.043            -0.016           -2.114
       Category 1     Category 2        0.081       0.065             0.016            1.730
       Category 2     Category 1        0.129       0.113             0.016            1.352
       Category 2     Category 2        0.763       0.779            -0.016           -1.031
     COG048         COG050
       Category 1     Category 1        0.047       0.048             0.000           -0.062
       Category 1     Category 2        0.061       0.060             0.000            0.055
       Category 2     Category 1        0.226       0.225             0.000            0.031
       Category 2     Category 2        0.666       0.666             0.000           -0.028
     COG048         COG051
       Category 1     Category 1        0.030       0.034            -0.005           -0.704
       Category 1     Category 2        0.078       0.074             0.005            0.492
       Category 2     Category 1        0.091       0.086             0.005            0.459
       Category 2     Category 2        0.801       0.806            -0.005           -0.325
     COG048         COG052
       Category 1     Category 1        0.051       0.052            -0.001           -0.063
       Category 1     Category 2        0.057       0.056             0.001            0.061
       Category 2     Category 1        0.265       0.265             0.001            0.032
       Category 2     Category 2        0.627       0.627            -0.001           -0.029
     COG048         COG053
       Category 1     Category 1        0.107       0.055             0.052            6.209
       Category 1     Category 2        0.001       0.053            -0.052           -6.291
       Category 2     Category 1        0.227       0.279            -0.052           -3.152
       Category 2     Category 2        0.664       0.612             0.052            2.903
     COG048         COG054
       Category 1     Category 1        0.051       0.053            -0.002           -0.187
       Category 1     Category 2        0.057       0.055             0.002            0.184
       Category 2     Category 1        0.280       0.279             0.002            0.094
       Category 2     Category 2        0.612       0.613            -0.002           -0.086
     COG048         COG055
       Category 1     Category 1        0.028       0.036            -0.008           -1.156
       Category 1     Category 2        0.080       0.072             0.008            0.838
       Category 2     Category 1        0.093       0.085             0.008            0.774
       Category 2     Category 2        0.798       0.806            -0.008           -0.547
     COG048         COG056
       Category 1     Category 1        0.054       0.086            -0.032           -3.094
       Category 1     Category 2        0.054       0.022             0.032            5.886
       Category 2     Category 1        0.387       0.355             0.032            1.813
       Category 2     Category 2        0.505       0.537            -0.032           -1.740
     COG048         COG057
       Category 1     Category 1        0.096       0.098            -0.002           -0.143
       Category 1     Category 2        0.012       0.011             0.002            0.415
       Category 2     Category 1        0.720       0.718             0.002            0.095
       Category 2     Category 2        0.172       0.173            -0.002           -0.112
     COG048         COG058
       Category 1     Category 1        0.058       0.080            -0.022           -2.218
       Category 1     Category 2        0.050       0.028             0.022            3.661
       Category 2     Category 1        0.376       0.354             0.022            1.261
       Category 2     Category 2        0.516       0.538            -0.022           -1.209
     COG048         COG060
       Category 1     Category 1        0.078       0.098            -0.019           -1.745
       Category 1     Category 2        0.030       0.011             0.019            5.024
       Category 2     Category 1        0.533       0.514             0.019            1.036
       Category 2     Category 2        0.359       0.378            -0.019           -1.068
     COG048         COG061
       Category 1     Category 1        0.087       0.102            -0.016           -1.420
       Category 1     Category 2        0.022       0.006             0.016            5.669
       Category 2     Category 1        0.673       0.657             0.016            0.907
       Category 2     Category 2        0.219       0.235            -0.016           -1.016
     COG048         COG062
       Category 1     Category 1        0.097       0.104            -0.006           -0.568
       Category 1     Category 2        0.011       0.004             0.006            2.599
       Category 2     Category 1        0.752       0.746             0.006            0.398
       Category 2     Category 2        0.139       0.146            -0.006           -0.491
     COG048         COG063
       Category 1     Category 1        0.100       0.107            -0.007           -0.581
       Category 1     Category 2        0.008       0.002             0.007            4.613
       Category 2     Category 1        0.786       0.780             0.007            0.433
       Category 2     Category 2        0.106       0.112            -0.007           -0.569
     COG048         COG064
       Category 1     Category 1        0.100       0.102            -0.002           -0.138
       Category 1     Category 2        0.008       0.007             0.002            0.515
       Category 2     Category 1        0.663       0.662             0.002            0.088
       Category 2     Category 2        0.229       0.230            -0.002           -0.099
     COG048         COG066
       Category 1     Category 1        0.099       0.106            -0.007           -0.654
       Category 1     Category 2        0.009       0.002             0.007            4.434
       Category 2     Category 1        0.725       0.718             0.007            0.447
       Category 2     Category 2        0.166       0.174            -0.007           -0.531
     COG049         COG050
       Category 1     Category 1        0.078       0.078             0.001            0.087
       Category 1     Category 2        0.077       0.078            -0.001           -0.087
       Category 2     Category 1        0.195       0.196            -0.001           -0.058
       Category 2     Category 2        0.650       0.649             0.001            0.049
     COG049         COG051
       Category 1     Category 1        0.068       0.062             0.006            0.656
       Category 1     Category 2        0.088       0.094            -0.006           -0.542
       Category 2     Category 1        0.053       0.059            -0.006           -0.673
       Category 2     Category 2        0.792       0.786             0.006            0.385
     COG049         COG052
       Category 1     Category 1        0.074       0.083            -0.009           -0.848
       Category 1     Category 2        0.081       0.073             0.009            0.901
       Category 2     Category 1        0.242       0.234             0.009            0.553
       Category 2     Category 2        0.602       0.611            -0.009           -0.480
     COG049         COG053
       Category 1     Category 1        0.069       0.088            -0.019           -1.799
       Category 1     Category 2        0.087       0.068             0.019            2.024
       Category 2     Category 1        0.265       0.246             0.019            1.181
       Category 2     Category 2        0.579       0.598            -0.019           -1.038
     COG049         COG054
       Category 1     Category 1        0.074       0.084            -0.010           -0.952
       Category 1     Category 2        0.081       0.071             0.010            1.026
       Category 2     Category 1        0.257       0.247             0.010            0.613
       Category 2     Category 2        0.587       0.597            -0.010           -0.539
     COG049         COG055
       Category 1     Category 1        0.062       0.066            -0.004           -0.399
       Category 1     Category 2        0.093       0.090             0.004            0.347
       Category 2     Category 1        0.060       0.056             0.004            0.431
       Category 2     Category 2        0.785       0.788            -0.004           -0.243
     COG049         COG056
       Category 1     Category 1        0.154       0.142             0.012            0.956
       Category 1     Category 2        0.001       0.014            -0.012           -2.879
       Category 2     Category 1        0.287       0.299            -0.012           -0.729
       Category 2     Category 2        0.558       0.545             0.012            0.670
     COG049         COG057
       Category 1     Category 1        0.142       0.144            -0.002           -0.140
       Category 1     Category 2        0.014       0.012             0.002            0.458
       Category 2     Category 1        0.674       0.672             0.002            0.105
       Category 2     Category 2        0.171       0.172            -0.002           -0.131
     COG049         COG058
       Category 1     Category 1        0.123       0.132            -0.008           -0.676
       Category 1     Category 2        0.032       0.024             0.008            1.492
       Category 2     Category 1        0.311       0.303             0.008            0.498
       Category 2     Category 2        0.533       0.542            -0.008           -0.459
     COG049         COG060
       Category 1     Category 1        0.150       0.151            -0.001           -0.069
       Category 1     Category 2        0.005       0.004             0.001            0.372
       Category 2     Category 1        0.461       0.461             0.001            0.050
       Category 2     Category 2        0.383       0.384            -0.001           -0.051
     COG049         COG061
       Category 1     Category 1        0.147       0.153            -0.005           -0.415
       Category 1     Category 2        0.008       0.003             0.005            2.921
       Category 2     Category 1        0.612       0.606             0.005            0.306
       Category 2     Category 2        0.233       0.238            -0.005           -0.351
     COG049         COG062
       Category 1     Category 1        0.152       0.153            -0.001           -0.082
       Category 1     Category 2        0.004       0.003             0.001            0.541
       Category 2     Category 1        0.698       0.697             0.001            0.064
       Category 2     Category 2        0.146       0.147            -0.001           -0.083
     COG049         COG063
       Category 1     Category 1        0.154       0.155            -0.001           -0.075
       Category 1     Category 2        0.001       0.000             0.001            1.450
       Category 2     Category 1        0.732       0.731             0.001            0.061
       Category 2     Category 2        0.112       0.113            -0.001           -0.086
     COG049         COG064
       Category 1     Category 1        0.145       0.152            -0.007           -0.540
       Category 1     Category 2        0.011       0.004             0.007            3.191
       Category 2     Category 1        0.618       0.611             0.007            0.397
       Category 2     Category 2        0.226       0.233            -0.007           -0.458
     COG049         COG066
       Category 1     Category 1        0.156       0.155             0.000            0.018
       Category 1     Category 2        0.000       0.000             0.000           -0.425
       Category 2     Category 1        0.668       0.669             0.000           -0.014
       Category 2     Category 2        0.176       0.176             0.000            0.017
     COG050         COG051
       Category 1     Category 1        0.064       0.061             0.002            0.258
       Category 1     Category 2        0.210       0.212            -0.002           -0.151
       Category 2     Category 1        0.057       0.059            -0.002           -0.262
       Category 2     Category 2        0.670       0.668             0.002            0.131
     COG050         COG052
       Category 1     Category 1        0.120       0.113             0.007            0.621
       Category 1     Category 2        0.153       0.160            -0.007           -0.537
       Category 2     Category 1        0.196       0.203            -0.007           -0.489
       Category 2     Category 2        0.530       0.523             0.007            0.394
     COG050         COG053
       Category 1     Category 1        0.122       0.120             0.002            0.177
       Category 1     Category 2        0.152       0.154            -0.002           -0.160
       Category 2     Category 1        0.212       0.215            -0.002           -0.140
       Category 2     Category 2        0.514       0.512             0.002            0.115
     COG050         COG054
       Category 1     Category 1        0.127       0.116             0.011            0.907
       Category 1     Category 2        0.146       0.157            -0.011           -0.800
       Category 2     Category 1        0.204       0.215            -0.011           -0.708
       Category 2     Category 2        0.522       0.512             0.011            0.582
     COG050         COG055
       Category 1     Category 1        0.065       0.064             0.001            0.135
       Category 1     Category 2        0.208       0.210            -0.001           -0.081
       Category 2     Category 1        0.057       0.058            -0.001           -0.141
       Category 2     Category 2        0.670       0.669             0.001            0.070
     COG050         COG056
       Category 1     Category 1        0.162       0.182            -0.019           -1.355
       Category 1     Category 2        0.111       0.092             0.019            1.809
       Category 2     Category 1        0.279       0.260             0.019            1.191
       Category 2     Category 2        0.448       0.467            -0.019           -1.047
     COG050         COG057
       Category 1     Category 1        0.233       0.239            -0.006           -0.380
       Category 1     Category 2        0.041       0.035             0.006            0.887
       Category 2     Category 1        0.583       0.577             0.006            0.328
       Category 2     Category 2        0.143       0.149            -0.006           -0.455
     COG050         COG058
       Category 1     Category 1        0.156       0.171            -0.016           -1.123
       Category 1     Category 2        0.118       0.102             0.016            1.397
       Category 2     Category 1        0.279       0.263             0.016            0.961
       Category 2     Category 2        0.448       0.463            -0.016           -0.848
     COG050         COG060
       Category 1     Category 1        0.211       0.221            -0.010           -0.681
       Category 1     Category 2        0.062       0.052             0.010            1.275
       Category 2     Category 1        0.401       0.390             0.010            0.580
       Category 2     Category 2        0.326       0.337            -0.010           -0.598
     COG050         COG061
       Category 1     Category 1        0.238       0.244            -0.006           -0.399
       Category 1     Category 2        0.035       0.029             0.006            1.024
       Category 2     Category 1        0.521       0.515             0.006            0.343
       Category 2     Category 2        0.206       0.212            -0.006           -0.419
     COG050         COG062
       Category 1     Category 1        0.250       0.254            -0.003           -0.216
       Category 1     Category 2        0.023       0.020             0.003            0.679
       Category 2     Category 1        0.599       0.596             0.003            0.192
       Category 2     Category 2        0.127       0.131            -0.003           -0.279
     COG050         COG063
       Category 1     Category 1        0.263       0.264            -0.001           -0.070
       Category 1     Category 2        0.011       0.010             0.001            0.314
       Category 2     Category 1        0.624       0.623             0.001            0.064
       Category 2     Category 2        0.103       0.104            -0.001           -0.101
     COG050         COG064
       Category 1     Category 1        0.240       0.243            -0.003           -0.216
       Category 1     Category 2        0.034       0.030             0.003            0.540
       Category 2     Category 1        0.524       0.520             0.003            0.186
       Category 2     Category 2        0.203       0.206            -0.003           -0.229
     COG050         COG066
       Category 1     Category 1        0.249       0.259            -0.010           -0.604
       Category 1     Category 2        0.024       0.015             0.010            2.206
       Category 2     Category 1        0.575       0.565             0.010            0.534
       Category 2     Category 2        0.152       0.161            -0.010           -0.720
     COG051         COG052
       Category 1     Category 1        0.065       0.065             0.000           -0.047
       Category 1     Category 2        0.055       0.055             0.000            0.051
       Category 2     Category 1        0.252       0.251             0.000            0.027
       Category 2     Category 2        0.628       0.628             0.000           -0.024
     COG051         COG053
       Category 1     Category 1        0.061       0.069            -0.008           -0.875
       Category 1     Category 2        0.060       0.051             0.008            1.005
       Category 2     Category 1        0.273       0.265             0.008            0.502
       Category 2     Category 2        0.606       0.614            -0.008           -0.456
     COG051         COG054
       Category 1     Category 1        0.066       0.066             0.000            0.013
       Category 1     Category 2        0.054       0.054             0.000           -0.014
       Category 2     Category 1        0.265       0.265             0.000           -0.007
       Category 2     Category 2        0.614       0.614             0.000            0.007
     COG051         COG055
       Category 1     Category 1        0.061       0.054             0.007            0.876
       Category 1     Category 2        0.060       0.067            -0.007           -0.790
       Category 2     Category 1        0.061       0.068            -0.007           -0.783
       Category 2     Category 2        0.819       0.811             0.007            0.504
     COG051         COG056
       Category 1     Category 1        0.111       0.110             0.001            0.054
       Category 1     Category 2        0.009       0.010            -0.001           -0.169
       Category 2     Category 1        0.330       0.331            -0.001           -0.036
       Category 2     Category 2        0.549       0.549             0.001            0.034
     COG051         COG057
       Category 1     Category 1        0.110       0.112            -0.002           -0.175
       Category 1     Category 2        0.011       0.009             0.002            0.591
       Category 2     Category 1        0.706       0.704             0.002            0.121
       Category 2     Category 2        0.173       0.175            -0.002           -0.145
     COG051         COG058
       Category 1     Category 1        0.120       0.103             0.018            1.585
       Category 1     Category 2        0.000       0.018            -0.018           -3.649
       Category 2     Category 1        0.314       0.332            -0.018           -1.022
       Category 2     Category 2        0.566       0.548             0.018            0.967
     COG051         COG060
       Category 1     Category 1        0.116       0.117            -0.001           -0.054
       Category 1     Category 2        0.004       0.003             0.001            0.295
       Category 2     Category 1        0.495       0.495             0.001            0.034
       Category 2     Category 2        0.384       0.385            -0.001           -0.035
     COG051         COG061
       Category 1     Category 1        0.116       0.118            -0.002           -0.175
       Category 1     Category 2        0.004       0.002             0.002            1.270
       Category 2     Category 1        0.643       0.641             0.002            0.118
       Category 2     Category 2        0.237       0.239            -0.002           -0.132
     COG051         COG062
       Category 1     Category 1        0.118       0.118             0.000           -0.042
       Category 1     Category 2        0.003       0.002             0.000            0.285
       Category 2     Category 1        0.732       0.732             0.000            0.030
       Category 2     Category 2        0.147       0.148             0.000           -0.038
     COG051         COG063
       Category 1     Category 1        0.118       0.120            -0.002           -0.203
       Category 1     Category 2        0.003       0.000             0.002            3.931
       Category 2     Category 1        0.769       0.766             0.002            0.156
       Category 2     Category 2        0.111       0.113            -0.002           -0.208
     COG051         COG064
       Category 1     Category 1        0.115       0.118            -0.003           -0.224
       Category 1     Category 2        0.005       0.003             0.003            1.373
       Category 2     Category 1        0.648       0.646             0.003            0.151
       Category 2     Category 2        0.231       0.234            -0.003           -0.170
     COG051         COG066
       Category 1     Category 1        0.120       0.120             0.000            0.018
       Category 1     Category 2        0.000       0.000             0.000           -0.400
       Category 2     Category 1        0.704       0.704             0.000           -0.013
       Category 2     Category 2        0.176       0.176             0.000            0.015
     COG052         COG053
       Category 1     Category 1        0.141       0.134             0.007            0.560
       Category 1     Category 2        0.176       0.183            -0.007           -0.493
       Category 2     Category 1        0.194       0.201            -0.007           -0.476
       Category 2     Category 2        0.490       0.483             0.007            0.382
     COG052         COG054
       Category 1     Category 1        0.157       0.130             0.026            2.138
       Category 1     Category 2        0.160       0.186            -0.026           -1.850
       Category 2     Category 1        0.175       0.201            -0.026           -1.797
       Category 2     Category 2        0.509       0.482             0.026            1.441
     COG052         COG055
       Category 1     Category 1        0.077       0.068             0.009            1.018
       Category 1     Category 2        0.240       0.249            -0.009           -0.592
       Category 2     Category 1        0.045       0.054            -0.009           -1.132
       Category 2     Category 2        0.639       0.629             0.009            0.530
     COG052         COG056
       Category 1     Category 1        0.180       0.200            -0.020           -1.357
       Category 1     Category 2        0.137       0.117             0.020            1.691
       Category 2     Category 1        0.261       0.241             0.020            1.269
       Category 2     Category 2        0.422       0.442            -0.020           -1.093
     COG052         COG057
       Category 1     Category 1        0.277       0.274             0.003            0.198
       Category 1     Category 2        0.039       0.042            -0.003           -0.438
       Category 2     Category 1        0.539       0.542            -0.003           -0.177
       Category 2     Category 2        0.145       0.142             0.003            0.253
     COG052         COG058
       Category 1     Category 1        0.171       0.189            -0.019           -1.307
       Category 1     Category 2        0.146       0.127             0.019            1.537
       Category 2     Category 1        0.264       0.245             0.019            1.191
       Category 2     Category 2        0.419       0.438            -0.019           -1.032
     COG052         COG060
       Category 1     Category 1        0.237       0.248            -0.011           -0.722
       Category 1     Category 2        0.080       0.068             0.011            1.236
       Category 2     Category 1        0.375       0.363             0.011            0.649
       Category 2     Category 2        0.309       0.320            -0.011           -0.669
     COG052         COG061
       Category 1     Category 1        0.277       0.278            -0.001           -0.039
       Category 1     Category 2        0.039       0.039             0.001            0.092
       Category 2     Category 1        0.482       0.481             0.001            0.035
       Category 2     Category 2        0.202       0.202            -0.001           -0.044
     COG052         COG062
       Category 1     Category 1        0.291       0.291             0.000           -0.008
       Category 1     Category 2        0.026       0.026             0.000            0.024
       Category 2     Category 1        0.559       0.559             0.000            0.008
       Category 2     Category 2        0.124       0.125             0.000           -0.011
     COG052         COG063
       Category 1     Category 1        0.302       0.303            -0.001           -0.067
       Category 1     Category 2        0.015       0.014             0.001            0.265
       Category 2     Category 1        0.585       0.583             0.001            0.063
       Category 2     Category 2        0.099       0.100            -0.001           -0.103
     COG052         COG064
       Category 1     Category 1        0.280       0.277             0.004            0.215
       Category 1     Category 2        0.037       0.040            -0.004           -0.491
       Category 2     Category 1        0.483       0.487            -0.004           -0.193
       Category 2     Category 2        0.200       0.197             0.004            0.242
     COG052         COG066
       Category 1     Category 1        0.288       0.296            -0.007           -0.441
       Category 1     Category 2        0.028       0.021             0.007            1.401
       Category 2     Category 1        0.536       0.528             0.007            0.403
       Category 2     Category 2        0.147       0.155            -0.007           -0.556
     COG053         COG054
       Category 1     Category 1        0.139       0.138             0.001            0.115
       Category 1     Category 2        0.195       0.196            -0.001           -0.100
       Category 2     Category 1        0.192       0.194            -0.001           -0.100
       Category 2     Category 2        0.474       0.472             0.001            0.079
     COG053         COG055
       Category 1     Category 1        0.065       0.072            -0.007           -0.692
       Category 1     Category 2        0.269       0.263             0.007            0.405
       Category 2     Category 1        0.057       0.050             0.007            0.816
       Category 2     Category 2        0.609       0.615            -0.007           -0.366
     COG053         COG056
       Category 1     Category 1        0.172       0.212            -0.040           -2.654
       Category 1     Category 2        0.162       0.123             0.040            3.307
       Category 2     Category 1        0.269       0.229             0.040            2.579
       Category 2     Category 2        0.396       0.436            -0.040           -2.186
     COG053         COG057
       Category 1     Category 1        0.286       0.290            -0.004           -0.242
       Category 1     Category 2        0.049       0.045             0.004            0.532
       Category 2     Category 1        0.530       0.526             0.004            0.220
       Category 2     Category 2        0.135       0.139            -0.004           -0.317
     COG053         COG058
       Category 1     Category 1        0.157       0.200            -0.043           -2.949
       Category 1     Category 2        0.177       0.134             0.043            3.468
       Category 2     Category 1        0.277       0.234             0.043            2.789
       Category 2     Category 2        0.388       0.432            -0.043           -2.384
     COG053         COG060
       Category 1     Category 1        0.226       0.263            -0.037           -2.276
       Category 1     Category 2        0.108       0.071             0.037            3.890
       Category 2     Category 1        0.386       0.349             0.037            2.102
       Category 2     Category 2        0.280       0.317            -0.037           -2.153
     COG053         COG061
       Category 1     Category 1        0.269       0.294            -0.025           -1.477
       Category 1     Category 2        0.065       0.040             0.025            3.426
       Category 2     Category 1        0.490       0.465             0.025            1.349
       Category 2     Category 2        0.176       0.201            -0.025           -1.680
     COG053         COG062
       Category 1     Category 1        0.298       0.308            -0.010           -0.580
       Category 1     Category 2        0.037       0.027             0.010            1.660
       Category 2     Category 1        0.552       0.542             0.010            0.537
       Category 2     Category 2        0.114       0.124            -0.010           -0.813
     COG053         COG063
       Category 1     Category 1        0.310       0.320            -0.010           -0.593
       Category 1     Category 2        0.024       0.014             0.010            2.340
       Category 2     Category 1        0.576       0.566             0.010            0.558
       Category 2     Category 2        0.089       0.099            -0.010           -0.924
     COG053         COG064
       Category 1     Category 1        0.294       0.292             0.001            0.073
       Category 1     Category 2        0.041       0.042            -0.001           -0.166
       Category 2     Category 1        0.470       0.471            -0.001           -0.067
       Category 2     Category 2        0.196       0.195             0.001            0.084
     COG053         COG066
       Category 1     Category 1        0.294       0.313            -0.019           -1.111
       Category 1     Category 2        0.041       0.022             0.019            3.539
       Category 2     Category 1        0.530       0.511             0.019            1.030
       Category 2     Category 2        0.135       0.154            -0.019           -1.426
     COG054         COG055
       Category 1     Category 1        0.073       0.068             0.005            0.497
       Category 1     Category 2        0.258       0.263            -0.005           -0.285
       Category 2     Category 1        0.049       0.053            -0.005           -0.558
       Category 2     Category 2        0.620       0.615             0.005            0.258
     COG054         COG056
       Category 1     Category 1        0.179       0.205            -0.026           -1.766
       Category 1     Category 2        0.153       0.127             0.026            2.143
       Category 2     Category 1        0.263       0.236             0.026            1.678
       Category 2     Category 2        0.406       0.432            -0.026           -1.439
     COG054         COG057
       Category 1     Category 1        0.294       0.286             0.008            0.461
       Category 1     Category 2        0.038       0.046            -0.008           -0.998
       Category 2     Category 1        0.522       0.530            -0.008           -0.417
       Category 2     Category 2        0.146       0.138             0.008            0.603
     COG054         COG058
       Category 1     Category 1        0.189       0.194            -0.005           -0.340
       Category 1     Category 2        0.142       0.137             0.005            0.391
       Category 2     Category 1        0.245       0.240             0.005            0.315
       Category 2     Category 2        0.424       0.428            -0.005           -0.272
     COG054         COG060
       Category 1     Category 1        0.250       0.256            -0.006           -0.366
       Category 1     Category 2        0.081       0.075             0.006            0.606
       Category 2     Category 1        0.361       0.355             0.006            0.334
       Category 2     Category 2        0.307       0.313            -0.006           -0.345
     COG054         COG061
       Category 1     Category 1        0.288       0.289            -0.001           -0.031
       Category 1     Category 2        0.043       0.043             0.001            0.069
       Category 2     Category 1        0.471       0.470             0.001            0.028
       Category 2     Category 2        0.198       0.198            -0.001           -0.035
     COG054         COG062
       Category 1     Category 1        0.298       0.303            -0.006           -0.337
       Category 1     Category 2        0.034       0.028             0.006            0.937
       Category 2     Category 1        0.552       0.546             0.006            0.311
       Category 2     Category 2        0.116       0.122            -0.006           -0.473
     COG054         COG063
       Category 1     Category 1        0.313       0.316            -0.003           -0.194
       Category 1     Category 2        0.019       0.016             0.003            0.728
       Category 2     Category 1        0.574       0.570             0.003            0.182
       Category 2     Category 2        0.095       0.098            -0.003           -0.304
     COG054         COG064
       Category 1     Category 1        0.299       0.287             0.012            0.703
       Category 1     Category 2        0.032       0.044            -0.012           -1.549
       Category 2     Category 1        0.464       0.476            -0.012           -0.637
       Category 2     Category 2        0.204       0.193             0.012            0.807
     COG054         COG066
       Category 1     Category 1        0.310       0.308             0.002            0.138
       Category 1     Category 2        0.022       0.024            -0.002           -0.416
       Category 2     Category 1        0.514       0.517            -0.002           -0.127
       Category 2     Category 2        0.154       0.152             0.002            0.177
     COG055         COG056
       Category 1     Category 1        0.110       0.114            -0.005           -0.398
       Category 1     Category 2        0.012       0.008             0.005            1.463
       Category 2     Category 1        0.332       0.327             0.005            0.270
       Category 2     Category 2        0.547       0.551            -0.005           -0.254
     COG055         COG057
       Category 1     Category 1        0.118       0.113             0.004            0.366
       Category 1     Category 2        0.004       0.008            -0.004           -1.276
       Category 2     Category 1        0.698       0.703            -0.004           -0.254
       Category 2     Category 2        0.180       0.176             0.004            0.305
     COG055         COG058
       Category 1     Category 1        0.112       0.107             0.006            0.509
       Category 1     Category 2        0.009       0.015            -0.006           -1.282
       Category 2     Category 1        0.322       0.328            -0.006           -0.335
       Category 2     Category 2        0.556       0.550             0.006            0.316
     COG055         COG060
       Category 1     Category 1        0.115       0.120            -0.005           -0.377
       Category 1     Category 2        0.007       0.002             0.005            2.576
       Category 2     Category 1        0.497       0.492             0.005            0.245
       Category 2     Category 2        0.382       0.386            -0.005           -0.251
     COG055         COG061
       Category 1     Category 1        0.120       0.120             0.000            0.004
       Category 1     Category 2        0.001       0.001             0.000           -0.038
       Category 2     Category 1        0.639       0.639             0.000           -0.003
       Category 2     Category 2        0.240       0.239             0.000            0.003
     COG055         COG062
       Category 1     Category 1        0.122       0.120             0.002            0.152
       Category 1     Category 2        0.000       0.002            -0.002           -1.160
       Category 2     Category 1        0.728       0.730            -0.002           -0.111
       Category 2     Category 2        0.150       0.148             0.002            0.139
     COG055         COG063
       Category 1     Category 1        0.122       0.122             0.000            0.013
       Category 1     Category 2        0.000       0.000             0.000           -0.346
       Category 2     Category 1        0.765       0.765             0.000           -0.010
       Category 2     Category 2        0.114       0.114             0.000            0.014
     COG055         COG064
       Category 1     Category 1        0.120       0.120             0.001            0.064
       Category 1     Category 2        0.001       0.002            -0.001           -0.454
       Category 2     Category 1        0.643       0.644            -0.001           -0.044
       Category 2     Category 2        0.235       0.235             0.001            0.049
     COG055         COG066
       Category 1     Category 1        0.122       0.122             0.000            0.007
       Category 1     Category 2        0.000       0.000             0.000           -0.258
       Category 2     Category 1        0.702       0.702             0.000           -0.005
       Category 2     Category 2        0.176       0.176             0.000            0.006
     COG056         COG057
       Category 1     Category 1        0.386       0.396            -0.011           -0.595
       Category 1     Category 2        0.055       0.045             0.011            1.408
       Category 2     Category 1        0.430       0.420             0.011            0.590
       Category 2     Category 2        0.129       0.139            -0.011           -0.841
     COG056         COG058
       Category 1     Category 1        0.334       0.320             0.014            0.801
       Category 1     Category 2        0.107       0.121            -0.014           -1.148
       Category 2     Category 1        0.100       0.114            -0.014           -1.177
       Category 2     Category 2        0.459       0.445             0.014            0.752
     COG056         COG060
       Category 1     Category 1        0.425       0.409             0.016            0.866
       Category 1     Category 2        0.016       0.032            -0.016           -2.424
       Category 2     Category 1        0.187       0.202            -0.016           -1.060
       Category 2     Category 2        0.372       0.356             0.016            0.889
     COG056         COG061
       Category 1     Category 1        0.413       0.424            -0.011           -0.628
       Category 1     Category 2        0.028       0.017             0.011            2.399
       Category 2     Category 1        0.346       0.335             0.011            0.657
       Category 2     Category 2        0.212       0.224            -0.011           -0.744
     COG056         COG062
       Category 1     Category 1        0.415       0.425            -0.010           -0.540
       Category 1     Category 2        0.026       0.016             0.010            2.134
       Category 2     Category 1        0.434       0.425             0.010            0.540
       Category 2     Category 2        0.124       0.134            -0.010           -0.783
     COG056         COG063
       Category 1     Category 1        0.434       0.439            -0.004           -0.235
       Category 1     Category 2        0.007       0.002             0.004            2.346
       Category 2     Category 1        0.452       0.448             0.004            0.235
       Category 2     Category 2        0.107       0.111            -0.004           -0.371
     COG056         COG064
       Category 1     Category 1        0.413       0.419            -0.006           -0.355
       Category 1     Category 2        0.028       0.022             0.006            1.196
       Category 2     Category 1        0.350       0.344             0.006            0.369
       Category 2     Category 2        0.208       0.215            -0.006           -0.427
     COG056         COG066
       Category 1     Category 1        0.437       0.440            -0.002           -0.133
       Category 1     Category 2        0.004       0.002             0.002            1.642
       Category 2     Category 1        0.387       0.385             0.002            0.136
       Category 2     Category 2        0.172       0.174            -0.002           -0.174
     COG057         COG058
       Category 1     Category 1        0.388       0.386             0.002            0.134
       Category 1     Category 2        0.428       0.430            -0.002           -0.132
       Category 2     Category 1        0.046       0.048            -0.002           -0.304
       Category 2     Category 2        0.138       0.136             0.002            0.190
     COG057         COG060
       Category 1     Category 1        0.535       0.536            -0.002           -0.098
       Category 1     Category 2        0.281       0.280             0.002            0.109
       Category 2     Category 1        0.077       0.075             0.002            0.185
       Category 2     Category 2        0.107       0.109            -0.002           -0.157
     COG057         COG061
       Category 1     Category 1        0.656       0.648             0.009            0.486
       Category 1     Category 2        0.160       0.168            -0.009           -0.621
       Category 2     Category 1        0.103       0.111            -0.009           -0.738
       Category 2     Category 2        0.081       0.073             0.009            0.895
     COG057         COG062
       Category 1     Category 1        0.713       0.710             0.003            0.161
       Category 1     Category 2        0.103       0.106            -0.003           -0.237
       Category 2     Category 1        0.137       0.139            -0.003           -0.211
       Category 2     Category 2        0.047       0.045             0.003            0.353
     COG057         COG063
       Category 1     Category 1        0.744       0.742             0.002            0.120
       Category 1     Category 2        0.072       0.074            -0.002           -0.200
       Category 2     Category 1        0.142       0.144            -0.002           -0.149
       Category 2     Category 2        0.042       0.040             0.002            0.267
     COG057         COG064
       Category 1     Category 1        0.654       0.649             0.005            0.274
       Category 1     Category 2        0.162       0.167            -0.005           -0.351
       Category 2     Category 1        0.110       0.114            -0.005           -0.411
       Category 2     Category 2        0.074       0.070             0.005            0.514
     COG057         COG066
       Category 1     Category 1        0.698       0.701            -0.003           -0.170
       Category 1     Category 2        0.118       0.115             0.003            0.244
       Category 2     Category 1        0.126       0.123             0.003            0.236
       Category 2     Category 2        0.058       0.061            -0.003           -0.324
     COG058         COG060
       Category 1     Category 1        0.398       0.382             0.016            0.887
       Category 1     Category 2        0.037       0.052            -0.016           -1.934
       Category 2     Category 1        0.214       0.230            -0.016           -1.025
       Category 2     Category 2        0.352       0.336             0.016            0.912
     COG058         COG061
       Category 1     Category 1        0.403       0.407            -0.004           -0.206
       Category 1     Category 2        0.031       0.027             0.004            0.619
       Category 2     Category 1        0.356       0.352             0.004            0.212
       Category 2     Category 2        0.210       0.213            -0.004           -0.247
     COG058         COG062
       Category 1     Category 1        0.413       0.413             0.000           -0.024
       Category 1     Category 2        0.022       0.021             0.000            0.083
       Category 2     Category 1        0.437       0.437             0.000            0.024
       Category 2     Category 2        0.129       0.129             0.000           -0.036
     COG058         COG063
       Category 1     Category 1        0.428       0.428            -0.001           -0.033
       Category 1     Category 2        0.007       0.006             0.001            0.210
       Category 2     Category 1        0.459       0.458             0.001            0.033
       Category 2     Category 2        0.107       0.108            -0.001           -0.053
     COG058         COG064
       Category 1     Category 1        0.402       0.403            -0.001           -0.050
       Category 1     Category 2        0.032       0.032             0.001            0.142
       Category 2     Category 1        0.361       0.360             0.001            0.052
       Category 2     Category 2        0.204       0.205            -0.001           -0.061
     COG058         COG066
       Category 1     Category 1        0.434       0.427             0.008            0.414
       Category 1     Category 2        0.000       0.008            -0.008           -2.367
       Category 2     Category 1        0.390       0.397            -0.008           -0.418
       Category 2     Category 2        0.176       0.168             0.008            0.547
     COG060         COG061
       Category 1     Category 1        0.551       0.563            -0.013           -0.695
       Category 1     Category 2        0.061       0.048             0.013            1.609
       Category 2     Category 1        0.208       0.196             0.013            0.869
       Category 2     Category 2        0.180       0.193            -0.013           -0.874
     COG060         COG062
       Category 1     Category 1        0.568       0.576            -0.007           -0.405
       Category 1     Category 2        0.043       0.036             0.007            1.075
       Category 2     Category 1        0.281       0.274             0.007            0.449
       Category 2     Category 2        0.107       0.114            -0.007           -0.629
     COG060         COG063
       Category 1     Category 1        0.598       0.601            -0.003           -0.173
       Category 1     Category 2        0.014       0.010             0.003            0.834
       Category 2     Category 1        0.288       0.285             0.003            0.188
       Category 2     Category 2        0.100       0.103            -0.003           -0.278
     COG060         COG064
       Category 1     Category 1        0.551       0.557            -0.006           -0.337
       Category 1     Category 2        0.061       0.055             0.006            0.736
       Category 2     Category 1        0.212       0.206             0.006            0.414
       Category 2     Category 2        0.176       0.182            -0.006           -0.434
     COG060         COG066
       Category 1     Category 1        0.599       0.600             0.000           -0.012
       Category 1     Category 2        0.012       0.012             0.000            0.056
       Category 2     Category 1        0.225       0.224             0.000            0.015
       Category 2     Category 2        0.164       0.164             0.000           -0.016
     COG061         COG062
       Category 1     Category 1        0.696       0.690             0.006            0.327
       Category 1     Category 2        0.064       0.069            -0.006           -0.596
       Category 2     Category 1        0.154       0.160            -0.006           -0.413
       Category 2     Category 2        0.087       0.081             0.006            0.554
     COG061         COG063
       Category 1     Category 1        0.744       0.725             0.020            1.196
       Category 1     Category 2        0.015       0.035            -0.020           -2.926
       Category 2     Category 1        0.142       0.162            -0.020           -1.451
       Category 2     Category 2        0.099       0.079             0.020            1.980
     COG061         COG064
       Category 1     Category 1        0.651       0.649             0.002            0.115
       Category 1     Category 2        0.108       0.110            -0.002           -0.176
       Category 2     Category 1        0.112       0.114            -0.002           -0.173
       Category 2     Category 2        0.129       0.127             0.002            0.165
     COG061         COG066
       Category 1     Category 1        0.719       0.706             0.012            0.737
       Category 1     Category 2        0.041       0.053            -0.012           -1.500
       Category 2     Category 1        0.106       0.118            -0.012           -1.042
       Category 2     Category 2        0.135       0.123             0.012            1.023
     COG062         COG063
       Category 1     Category 1        0.786       0.785             0.001            0.065
       Category 1     Category 2        0.064       0.065            -0.001           -0.109
       Category 2     Category 1        0.100       0.101            -0.001           -0.089
       Category 2     Category 2        0.050       0.049             0.001            0.124
     COG062         COG064
       Category 1     Category 1        0.694       0.690             0.005            0.272
       Category 1     Category 2        0.156       0.160            -0.005           -0.342
       Category 2     Category 1        0.069       0.074            -0.005           -0.481
       Category 2     Category 2        0.081       0.077             0.005            0.472
     COG062         COG066
       Category 1     Category 1        0.758       0.748             0.010            0.612
       Category 1     Category 2        0.092       0.102            -0.010           -0.879
       Category 2     Category 1        0.066       0.076            -0.010           -1.003
       Category 2     Category 2        0.084       0.074             0.010            1.015
     COG063         COG064
       Category 1     Category 1        0.724       0.724             0.000            0.024
       Category 1     Category 2        0.162       0.163             0.000           -0.029
       Category 2     Category 1        0.039       0.040             0.000           -0.054
       Category 2     Category 2        0.074       0.074             0.000            0.040
     COG063         COG066
       Category 1     Category 1        0.788       0.789            -0.002           -0.100
       Category 1     Category 2        0.099       0.097             0.002            0.138
       Category 2     Category 1        0.037       0.035             0.002            0.222
       Category 2     Category 2        0.077       0.079            -0.002           -0.152
     COG064         COG066
       Category 1     Category 1        0.710       0.702             0.009            0.523
       Category 1     Category 2        0.053       0.062            -0.009           -0.996
       Category 2     Category 1        0.114       0.122            -0.009           -0.731
       Category 2     Category 2        0.123       0.114             0.009            0.753


MODEL MODIFICATION INDICES

NOTE:  Modification indices for direct effects of observed dependent variables
regressed on covariates and residual covariances among observed dependent
variables may not be included.  To include these, request MODINDICES (ALL).

Minimum M.I. value for printing the modification index    10.000

                                   M.I.     E.P.C.  Std E.P.C.  StdYX E.P.C.

WITH Statements

COG045   WITH COG040              44.090     0.420      0.420        0.486
COG050   WITH COG040              26.492     0.346      0.346        0.418
COG050   WITH COG045              63.813     0.409      0.409        0.511
COG052   WITH COG043              41.869     0.386      0.386        0.491
COG053   WITH COG048             529.805     0.866      0.866        1.177
COG054   WITH COG052              11.069     0.198      0.198        0.245
COG056   WITH COG048              31.240    -0.476     -0.476       -1.460
COG056   WITH COG049              42.502     0.280      0.280        1.216
COG056   WITH COG053              20.400    -0.295     -0.295       -0.852
COG058   WITH COG048              14.862    -0.321     -0.321       -0.642
COG058   WITH COG053              23.777    -0.320     -0.320       -0.601
COG060   WITH COG048              17.301    -0.358     -0.358       -0.996
COG060   WITH COG053              20.072    -0.297     -0.297       -0.777
COG060   WITH COG056              29.855     0.177      0.177        1.043
COG060   WITH COG058              10.426     0.125      0.125        0.481
COG061   WITH COG048              18.044    -0.395     -0.395       -0.797
COG061   WITH COG053              12.835    -0.255     -0.255       -0.484
COG063   WITH COG061              38.761     0.275      0.275        0.812
COG066   WITH COG053              11.252    -0.257     -0.257       -0.802


TECHNICAL 1 OUTPUT


     PARAMETER SPECIFICATION


           TAU
              COG040$1      COG041$1      COG043$1      COG044$1      COG045$1
              ________      ________      ________      ________      ________
                  1             2             3             4             5


           TAU
              COG046$1      COG048$1      COG049$1      COG050$1      COG051$1
              ________      ________      ________      ________      ________
                  6             7             8             9            10


           TAU
              COG052$1      COG053$1      COG054$1      COG055$1      COG056$1
              ________      ________      ________      ________      ________
                 11            12            13            14            15


           TAU
              COG057$1      COG058$1      COG060$1      COG061$1      COG062$1
              ________      ________      ________      ________      ________
                 16            17            18            19            20


           TAU
              COG063$1      COG064$1      COG066$1
              ________      ________      ________
                 21            22            23


           NU
              COG040        COG041        COG043        COG044        COG045
              ________      ________      ________      ________      ________
                  0             0             0             0             0


           NU
              COG046        COG048        COG049        COG050        COG051
              ________      ________      ________      ________      ________
                  0             0             0             0             0


           NU
              COG052        COG053        COG054        COG055        COG056
              ________      ________      ________      ________      ________
                  0             0             0             0             0


           NU
              COG057        COG058        COG060        COG061        COG062
              ________      ________      ________      ________      ________
                  0             0             0             0             0


           NU
              COG063        COG064        COG066        CBINT
              ________      ________      ________      ________
                  0             0             0             0


           LAMBDA
              COG           CBINT
              ________      ________
 COG040             0             0
 COG041            24             0
 COG043            25             0
 COG044            26             0
 COG045            27             0
 COG046            28             0
 COG048            29             0
 COG049            30             0
 COG050            31             0
 COG051            32             0
 COG052            33             0
 COG053            34             0
 COG054            35             0
 COG055            36             0
 COG056            37             0
 COG057            38             0
 COG058            39             0
 COG060            40             0
 COG061            41             0
 COG062            42             0
 COG063            43             0
 COG064            44             0
 COG066            45             0
 CBINT              0             0


           THETA
              COG040        COG041        COG043        COG044        COG045
              ________      ________      ________      ________      ________
 COG040             0
 COG041             0             0
 COG043             0             0             0
 COG044             0             0             0             0
 COG045             0             0             0             0             0
 COG046             0             0             0             0             0
 COG048             0             0             0             0             0
 COG049             0             0             0             0             0
 COG050             0             0             0             0             0
 COG051             0             0             0             0             0
 COG052             0             0             0             0             0
 COG053             0             0             0             0             0
 COG054             0             0             0             0             0
 COG055             0             0             0             0             0
 COG056             0             0             0             0             0
 COG057             0             0             0             0             0
 COG058             0             0             0             0             0
 COG060             0             0             0             0             0
 COG061             0             0             0             0             0
 COG062             0             0             0             0             0
 COG063             0             0             0             0             0
 COG064             0             0             0             0             0
 COG066             0             0             0             0             0
 CBINT              0             0             0             0             0


           THETA
              COG046        COG048        COG049        COG050        COG051
              ________      ________      ________      ________      ________
 COG046             0
 COG048             0             0
 COG049             0             0             0
 COG050             0             0             0             0
 COG051             0             0             0             0             0
 COG052             0             0             0             0             0
 COG053             0             0             0             0             0
 COG054             0             0             0             0             0
 COG055             0             0             0             0             0
 COG056             0             0             0             0             0
 COG057             0             0             0             0             0
 COG058             0             0             0             0             0
 COG060             0             0             0             0             0
 COG061             0             0             0             0             0
 COG062             0             0             0             0             0
 COG063             0             0             0             0             0
 COG064             0             0             0             0             0
 COG066             0             0             0             0             0
 CBINT              0             0             0             0             0


           THETA
              COG052        COG053        COG054        COG055        COG056
              ________      ________      ________      ________      ________
 COG052             0
 COG053             0             0
 COG054             0             0             0
 COG055             0             0             0             0
 COG056             0             0             0             0             0
 COG057             0             0             0             0             0
 COG058             0             0             0             0             0
 COG060             0             0             0             0             0
 COG061             0             0             0             0             0
 COG062             0             0             0             0             0
 COG063             0             0             0             0             0
 COG064             0             0             0             0             0
 COG066             0             0             0             0             0
 CBINT              0             0             0             0             0


           THETA
              COG057        COG058        COG060        COG061        COG062
              ________      ________      ________      ________      ________
 COG057             0
 COG058             0             0
 COG060             0             0             0
 COG061             0             0             0             0
 COG062             0             0             0             0             0
 COG063             0             0             0             0             0
 COG064             0             0             0             0             0
 COG066             0             0             0             0             0
 CBINT              0             0             0             0             0


           THETA
              COG063        COG064        COG066        CBINT
              ________      ________      ________      ________
 COG063             0
 COG064             0             0
 COG066             0             0             0
 CBINT              0             0             0             0


           ALPHA
              COG           CBINT
              ________      ________
                  0            46


           BETA
              COG           CBINT
              ________      ________
 COG                0             0
 CBINT              0             0


           PSI
              COG           CBINT
              ________      ________
 COG               47
 CBINT             48            49


     STARTING VALUES


           TAU
              COG040$1      COG041$1      COG043$1      COG044$1      COG045$1
              ________      ________      ________      ________      ________
               -1.140        -0.583        -1.065        -1.214        -0.326


           TAU
              COG046$1      COG048$1      COG049$1      COG050$1      COG051$1
              ________      ________      ________      ________      ________
                0.032        -1.236        -1.013        -0.603        -1.173


           TAU
              COG052$1      COG053$1      COG054$1      COG055$1      COG056$1
              ________      ________      ________      ________      ________
               -0.477        -0.428        -0.436        -1.166        -0.148


           TAU
              COG057$1      COG058$1      COG060$1      COG061$1      COG062$1
              ________      ________      ________      ________      ________
                0.900        -0.165         0.284         0.704         1.036


           TAU
              COG063$1      COG064$1      COG066$1
              ________      ________      ________
                1.207         0.717         0.931


           NU
              COG040        COG041        COG043        COG044        COG045
              ________      ________      ________      ________      ________
                0.000         0.000         0.000         0.000         0.000


           NU
              COG046        COG048        COG049        COG050        COG051
              ________      ________      ________      ________      ________
                0.000         0.000         0.000         0.000         0.000


           NU
              COG052        COG053        COG054        COG055        COG056
              ________      ________      ________      ________      ________
                0.000         0.000         0.000         0.000         0.000


           NU
              COG057        COG058        COG060        COG061        COG062
              ________      ________      ________      ________      ________
                0.000         0.000         0.000         0.000         0.000


           NU
              COG063        COG064        COG066        CBINT
              ________      ________      ________      ________
                0.000         0.000         0.000         0.000


           LAMBDA
              COG           CBINT
              ________      ________
 COG040         1.000         0.000
 COG041         1.000         0.000
 COG043         1.000         0.000
 COG044         1.000         0.000
 COG045         1.000         0.000
 COG046         1.000         0.000
 COG048         1.000         0.000
 COG049         1.000         0.000
 COG050         1.000         0.000
 COG051         1.000         0.000
 COG052         1.000         0.000
 COG053         1.000         0.000
 COG054         1.000         0.000
 COG055         1.000         0.000
 COG056         1.000         0.000
 COG057         1.000         0.000
 COG058         1.000         0.000
 COG060         1.000         0.000
 COG061         1.000         0.000
 COG062         1.000         0.000
 COG063         1.000         0.000
 COG064         1.000         0.000
 COG066         1.000         0.000
 CBINT          0.000         1.000


           THETA
              COG040        COG041        COG043        COG044        COG045
              ________      ________      ________      ________      ________
 COG040         1.000
 COG041         0.000         1.000
 COG043         0.000         0.000         1.000
 COG044         0.000         0.000         0.000         1.000
 COG045         0.000         0.000         0.000         0.000         1.000
 COG046         0.000         0.000         0.000         0.000         0.000
 COG048         0.000         0.000         0.000         0.000         0.000
 COG049         0.000         0.000         0.000         0.000         0.000
 COG050         0.000         0.000         0.000         0.000         0.000
 COG051         0.000         0.000         0.000         0.000         0.000
 COG052         0.000         0.000         0.000         0.000         0.000
 COG053         0.000         0.000         0.000         0.000         0.000
 COG054         0.000         0.000         0.000         0.000         0.000
 COG055         0.000         0.000         0.000         0.000         0.000
 COG056         0.000         0.000         0.000         0.000         0.000
 COG057         0.000         0.000         0.000         0.000         0.000
 COG058         0.000         0.000         0.000         0.000         0.000
 COG060         0.000         0.000         0.000         0.000         0.000
 COG061         0.000         0.000         0.000         0.000         0.000
 COG062         0.000         0.000         0.000         0.000         0.000
 COG063         0.000         0.000         0.000         0.000         0.000
 COG064         0.000         0.000         0.000         0.000         0.000
 COG066         0.000         0.000         0.000         0.000         0.000
 CBINT          0.000         0.000         0.000         0.000         0.000


           THETA
              COG046        COG048        COG049        COG050        COG051
              ________      ________      ________      ________      ________
 COG046         1.000
 COG048         0.000         1.000
 COG049         0.000         0.000         1.000
 COG050         0.000         0.000         0.000         1.000
 COG051         0.000         0.000         0.000         0.000         1.000
 COG052         0.000         0.000         0.000         0.000         0.000
 COG053         0.000         0.000         0.000         0.000         0.000
 COG054         0.000         0.000         0.000         0.000         0.000
 COG055         0.000         0.000         0.000         0.000         0.000
 COG056         0.000         0.000         0.000         0.000         0.000
 COG057         0.000         0.000         0.000         0.000         0.000
 COG058         0.000         0.000         0.000         0.000         0.000
 COG060         0.000         0.000         0.000         0.000         0.000
 COG061         0.000         0.000         0.000         0.000         0.000
 COG062         0.000         0.000         0.000         0.000         0.000
 COG063         0.000         0.000         0.000         0.000         0.000
 COG064         0.000         0.000         0.000         0.000         0.000
 COG066         0.000         0.000         0.000         0.000         0.000
 CBINT          0.000         0.000         0.000         0.000         0.000


           THETA
              COG052        COG053        COG054        COG055        COG056
              ________      ________      ________      ________      ________
 COG052         1.000
 COG053         0.000         1.000
 COG054         0.000         0.000         1.000
 COG055         0.000         0.000         0.000         1.000
 COG056         0.000         0.000         0.000         0.000         1.000
 COG057         0.000         0.000         0.000         0.000         0.000
 COG058         0.000         0.000         0.000         0.000         0.000
 COG060         0.000         0.000         0.000         0.000         0.000
 COG061         0.000         0.000         0.000         0.000         0.000
 COG062         0.000         0.000         0.000         0.000         0.000
 COG063         0.000         0.000         0.000         0.000         0.000
 COG064         0.000         0.000         0.000         0.000         0.000
 COG066         0.000         0.000         0.000         0.000         0.000
 CBINT          0.000         0.000         0.000         0.000         0.000


           THETA
              COG057        COG058        COG060        COG061        COG062
              ________      ________      ________      ________      ________
 COG057         1.000
 COG058         0.000         1.000
 COG060         0.000         0.000         1.000
 COG061         0.000         0.000         0.000         1.000
 COG062         0.000         0.000         0.000         0.000         1.000
 COG063         0.000         0.000         0.000         0.000         0.000
 COG064         0.000         0.000         0.000         0.000         0.000
 COG066         0.000         0.000         0.000         0.000         0.000
 CBINT          0.000         0.000         0.000         0.000         0.000


           THETA
              COG063        COG064        COG066        CBINT
              ________      ________      ________      ________
 COG063         1.000
 COG064         0.000         1.000
 COG066         0.000         0.000         1.000
 CBINT          0.000         0.000         0.000         0.000


           ALPHA
              COG           CBINT
              ________      ________
                0.000         0.000


           BETA
              COG           CBINT
              ________      ________
 COG            0.000         0.000
 CBINT          0.000         0.000


           PSI
              COG           CBINT
              ________      ________
 COG            0.050
 CBINT          0.000         0.500


TECHNICAL 4 OUTPUT


     ESTIMATES DERIVED FROM THE MODEL


           ESTIMATED MEANS FOR THE LATENT VARIABLES
              COG           CBINT
              ________      ________
                0.000         0.000


           ESTIMATED COVARIANCE MATRIX FOR THE LATENT VARIABLES
              COG           CBINT
              ________      ________
 COG            0.109
 CBINT         -0.025         1.000


           ESTIMATED CORRELATION MATRIX FOR THE LATENT VARIABLES
              COG           CBINT
              ________      ________
 COG            1.000
 CBINT         -0.075         1.000


     ESTIMATES DERIVED FROM THE MODEL


           S.E. FOR ESTIMATED MEANS FOR THE LATENT VARIABLES
              COG           CBINT
              ________      ________
                0.000         0.048


           EST./S.E. FOR ESTIMATED MEANS FOR THE LATENT VARIABLES
              COG           CBINT
              ________      ________
                0.000         0.000


           TWO-TAILED P-VALUE FOR ESTIMATED MEANS FOR THE LATENT VARIABLES
              COG           CBINT
              ________      ________
                1.000         1.000


           S.E. FOR ESTIMATED COVARIANCE MATRIX FOR THE LATENT VARIABLES
              COG           CBINT
              ________      ________
 COG            0.038
 CBINT          0.015         0.040


           EST./S.E. FOR ESTIMATED COVARIANCE MATRIX FOR THE LATENT VARIABLES
              COG           CBINT
              ________      ________
 COG            2.859
 CBINT         -1.645        25.294


           TWO-TAILED P-VALUE FOR ESTIMATED COVARIANCE MATRIX FOR THE LATENT VARIABLES
              COG           CBINT
              ________      ________
 COG            0.004
 CBINT          0.100         0.000


           S.E. FOR ESTIMATED CORRELATION MATRIX FOR THE LATENT VARIABLES
              COG           CBINT
              ________      ________
 COG            0.000
 CBINT          0.041         0.000


           EST./S.E. FOR ESTIMATED CORRELATION MATRIX FOR THE LATENT VARIABLES
              COG           CBINT
              ________      ________
 COG          999.000
 CBINT         -1.838       999.000


           TWO-TAILED P-VALUE FOR ESTIMATED CORRELATION MATRIX FOR THE LATENT VARIABLES
              COG           CBINT
              ________      ________
 COG            0.000
 CBINT          0.066         0.000


SAMPLE STATISTICS FOR ESTIMATED FACTOR SCORES


     SAMPLE STATISTICS


           Means
              COG           COG_SE
              ________      ________
                0.002         0.109


           Covariances
              COG           COG_SE
              ________      ________
 COG            0.092
 COG_SE        -0.001         0.000


           Correlations
              COG           COG_SE
              ________      ________
 COG            1.000
 COG_SE        -0.182         1.000


SAVEDATA INFORMATION


  Save file
    ../../fscores_structural.dat

  Order and format of variables

    COG040         F10.3
    COG041         F10.3
    COG043         F10.3
    COG044         F10.3
    COG045         F10.3
    COG046         F10.3
    COG048         F10.3
    COG049         F10.3
    COG050         F10.3
    COG051         F10.3
    COG052         F10.3
    COG053         F10.3
    COG054         F10.3
    COG055         F10.3
    COG056         F10.3
    COG057         F10.3
    COG058         F10.3
    COG060         F10.3
    COG061         F10.3
    COG062         F10.3
    COG063         F10.3
    COG064         F10.3
    COG066         F10.3
    CBINT          F10.3
    COG            F10.3
    COG_SE         F10.3

  Save file format
    26F10.3

  Save file record length    10000

  Save missing symbol        *


     Beginning Time:  14:45:08
        Ending Time:  14:45:09
       Elapsed Time:  00:00:01



MUTHEN & MUTHEN
3463 Stoner Ave.
Los Angeles, CA  90066

Tel: (310) 391-9971
Fax: (310) 391-8971
Web: www.StatModel.com
Support: Support@StatModel.com

Copyright (c) 1998-2021 Muthen & Muthen
