Mplus VERSION 8.6
MUTHEN & MUTHEN
06/04/2026   2:45 PM

INPUT INSTRUCTIONS

  TITLE:
    Structural model - CBInt outcome ~ WM + GDP + FS
    WLSMV estimator; items treated as categorical (binary)
    Factors: WM, GDP, FS (same measurement model as model_measurement.inp)

  DATA:
    FILE = "../../combined.dat";

  VARIABLE:
    NAMES ARE
      COG034 COG035 COG036 COG037 COG038 COG039 COG040 COG041
      COG042 COG043 COG044 COG045 COG046 COG047 COG048 COG049 COG050
      COG051 COG052 COG053 COG054 COG055 COG056 COG057 COG058
      COG060 COG061 COG062 COG063 COG064 COG065 COG066 COG067 COG068
      GA BirthWt Sex HdCirc IUGR GDiab PrEcl AntCor_P AntCor_C
      MomAge MomEdu DadEdu EthSAsian EthBlack EthMixed EthOther
      MomEng EPDSTot StimEnv PrLax PrOvr PrVrb PrSty
      CBInt CBExt CBTot CBAnx CBWth CBSom CBSlp CBAtt CBAgg
      ECSur ECNeg ECEff BayMot BayLan QchatTot;

    USEVARIABLES ARE
      COG040 COG041
      COG043 COG044 COG045 COG046 COG048 COG049 COG050
      COG051 COG052 COG053 COG054 COG055 COG056 COG057 COG058
      COG060 COG061 COG062 COG063 COG064 COG066
      CBInt;

    CATEGORICAL ARE
      COG040 COG041
      COG043 COG044 COG045 COG046 COG048 COG049 COG050
      COG051 COG052 COG053 COG054 COG055 COG056 COG057 COG058
      COG060 COG061 COG062 COG063 COG064 COG066;

    MISSING ARE ALL (-999);

  DEFINE:
    STANDARDIZE CBInt;

  ANALYSIS:
    ESTIMATOR = WLSMV;

  MODEL:
    ! Factor 1: Working Memory
    WM BY
      COG040 COG045 COG050 COG064;

    ! Factor 2: Goal-Directed Problem Solving
    GDP BY
      COG041 COG043 COG044 COG046
      COG048 COG052 COG053 COG057;

    ! Factor 3: Flexibility / Shift
    FS BY
      COG049 COG051 COG054 COG055 COG056
      COG058 COG060 COG061 COG062 COG063 COG066;

    WM  WITH GDP FS;
    GDP WITH FS;

    CBInt WITH WM GDP FS;

  OUTPUT:
    STANDARDIZED;
    MODINDICES(10);
    RESIDUAL;
    SAMPSTAT;
    TECH1;
    TECH4;
    CINTERVAL;

  SAVEDATA:
    FILE = "../../fscores_structural.dat";
    SAVE = FSCORES;



INPUT READING TERMINATED NORMALLY




Structural model - CBInt outcome ~ WM + GDP + FS
WLSMV estimator; items treated as categorical (binary)
Factors: WM, GDP, FS (same measurement model as model_measurement.inp)

SUMMARY OF ANALYSIS

Number of groups                                                 1
Number of observations                                         739

Number of dependent variables                                   24
Number of independent variables                                  0
Number of continuous latent variables                            3

Observed dependent variables

  Continuous
   CBINT

  Binary and ordered categorical (ordinal)
   COG040      COG041      COG043      COG044      COG045      COG046
   COG048      COG049      COG050      COG051      COG052      COG053
   COG054      COG055      COG056      COG057      COG058      COG060
   COG061      COG062      COG063      COG064      COG066

Continuous latent variables
   WM          GDP         FS


Estimator                                                    WLSMV
Maximum number of iterations                                  1000
Convergence criterion                                    0.500D-04
Maximum number of steepest descent iterations                   20
Maximum number of iterations for H1                           2000
Convergence criterion for H1                             0.100D-03
Parameterization                                             DELTA
Link                                                        PROBIT

Input data file(s)
  ../../combined.dat

Input data format  FREE


SUMMARY OF DATA

     Number of missing data patterns             2


COVARIANCE COVERAGE OF DATA

Minimum covariance coverage value   0.100


     PROPORTION OF DATA PRESENT


           Covariance Coverage
              COG040        COG041        COG043        COG044        COG045
              ________      ________      ________      ________      ________
 COG040         1.000
 COG041         1.000         1.000
 COG043         1.000         1.000         1.000
 COG044         1.000         1.000         1.000         1.000
 COG045         1.000         1.000         1.000         1.000         1.000
 COG046         1.000         1.000         1.000         1.000         1.000
 COG048         1.000         1.000         1.000         1.000         1.000
 COG049         1.000         1.000         1.000         1.000         1.000
 COG050         1.000         1.000         1.000         1.000         1.000
 COG051         1.000         1.000         1.000         1.000         1.000
 COG052         1.000         1.000         1.000         1.000         1.000
 COG053         1.000         1.000         1.000         1.000         1.000
 COG054         1.000         1.000         1.000         1.000         1.000
 COG055         1.000         1.000         1.000         1.000         1.000
 COG056         1.000         1.000         1.000         1.000         1.000
 COG057         1.000         1.000         1.000         1.000         1.000
 COG058         1.000         1.000         1.000         1.000         1.000
 COG060         1.000         1.000         1.000         1.000         1.000
 COG061         1.000         1.000         1.000         1.000         1.000
 COG062         1.000         1.000         1.000         1.000         1.000
 COG063         1.000         1.000         1.000         1.000         1.000
 COG064         1.000         1.000         1.000         1.000         1.000
 COG066         1.000         1.000         1.000         1.000         1.000
 CBINT          0.978         0.978         0.978         0.978         0.978


           Covariance Coverage
              COG046        COG048        COG049        COG050        COG051
              ________      ________      ________      ________      ________
 COG046         1.000
 COG048         1.000         1.000
 COG049         1.000         1.000         1.000
 COG050         1.000         1.000         1.000         1.000
 COG051         1.000         1.000         1.000         1.000         1.000
 COG052         1.000         1.000         1.000         1.000         1.000
 COG053         1.000         1.000         1.000         1.000         1.000
 COG054         1.000         1.000         1.000         1.000         1.000
 COG055         1.000         1.000         1.000         1.000         1.000
 COG056         1.000         1.000         1.000         1.000         1.000
 COG057         1.000         1.000         1.000         1.000         1.000
 COG058         1.000         1.000         1.000         1.000         1.000
 COG060         1.000         1.000         1.000         1.000         1.000
 COG061         1.000         1.000         1.000         1.000         1.000
 COG062         1.000         1.000         1.000         1.000         1.000
 COG063         1.000         1.000         1.000         1.000         1.000
 COG064         1.000         1.000         1.000         1.000         1.000
 COG066         1.000         1.000         1.000         1.000         1.000
 CBINT          0.978         0.978         0.978         0.978         0.978


           Covariance Coverage
              COG052        COG053        COG054        COG055        COG056
              ________      ________      ________      ________      ________
 COG052         1.000
 COG053         1.000         1.000
 COG054         1.000         1.000         1.000
 COG055         1.000         1.000         1.000         1.000
 COG056         1.000         1.000         1.000         1.000         1.000
 COG057         1.000         1.000         1.000         1.000         1.000
 COG058         1.000         1.000         1.000         1.000         1.000
 COG060         1.000         1.000         1.000         1.000         1.000
 COG061         1.000         1.000         1.000         1.000         1.000
 COG062         1.000         1.000         1.000         1.000         1.000
 COG063         1.000         1.000         1.000         1.000         1.000
 COG064         1.000         1.000         1.000         1.000         1.000
 COG066         1.000         1.000         1.000         1.000         1.000
 CBINT          0.978         0.978         0.978         0.978         0.978


           Covariance Coverage
              COG057        COG058        COG060        COG061        COG062
              ________      ________      ________      ________      ________
 COG057         1.000
 COG058         1.000         1.000
 COG060         1.000         1.000         1.000
 COG061         1.000         1.000         1.000         1.000
 COG062         1.000         1.000         1.000         1.000         1.000
 COG063         1.000         1.000         1.000         1.000         1.000
 COG064         1.000         1.000         1.000         1.000         1.000
 COG066         1.000         1.000         1.000         1.000         1.000
 CBINT          0.978         0.978         0.978         0.978         0.978


           Covariance Coverage
              COG063        COG064        COG066        CBINT
              ________      ________      ________      ________
 COG063         1.000
 COG064         1.000         1.000
 COG066         1.000         1.000         1.000
 CBINT          0.978         0.978         0.978         0.978


UNIVARIATE PROPORTIONS AND COUNTS FOR CATEGORICAL VARIABLES

    COG040
      Category 1    0.127           94.000
      Category 2    0.873          645.000
    COG041
      Category 1    0.280          207.000
      Category 2    0.720          532.000
    COG043
      Category 1    0.143          106.000
      Category 2    0.857          633.000
    COG044
      Category 1    0.112           83.000
      Category 2    0.888          656.000
    COG045
      Category 1    0.372          275.000
      Category 2    0.628          464.000
    COG046
      Category 1    0.513          379.000
      Category 2    0.487          360.000
    COG048
      Category 1    0.108           80.000
      Category 2    0.892          659.000
    COG049
      Category 1    0.156          115.000
      Category 2    0.844          624.000
    COG050
      Category 1    0.273          202.000
      Category 2    0.727          537.000
    COG051
      Category 1    0.120           89.000
      Category 2    0.880          650.000
    COG052
      Category 1    0.317          234.000
      Category 2    0.683          505.000
    COG053
      Category 1    0.334          247.000
      Category 2    0.666          492.000
    COG054
      Category 1    0.332          245.000
      Category 2    0.668          494.000
    COG055
      Category 1    0.122           90.000
      Category 2    0.878          649.000
    COG056
      Category 1    0.441          326.000
      Category 2    0.559          413.000
    COG057
      Category 1    0.816          603.000
      Category 2    0.184          136.000
    COG058
      Category 1    0.434          321.000
      Category 2    0.566          418.000
    COG060
      Category 1    0.612          452.000
      Category 2    0.388          287.000
    COG061
      Category 1    0.759          561.000
      Category 2    0.241          178.000
    COG062
      Category 1    0.850          628.000
      Category 2    0.150          111.000
    COG063
      Category 1    0.886          655.000
      Category 2    0.114           84.000
    COG064
      Category 1    0.763          564.000
      Category 2    0.237          175.000
    COG066
      Category 1    0.824          609.000
      Category 2    0.176          130.000


SAMPLE STATISTICS


     ESTIMATED SAMPLE STATISTICS


           MEANS/INTERCEPTS/THRESHOLDS
              COG040$1      COG041$1      COG043$1      COG044$1      COG045$1
              ________      ________      ________      ________      ________
               -1.140        -0.583        -1.065        -1.214        -0.326


           MEANS/INTERCEPTS/THRESHOLDS
              COG046$1      COG048$1      COG049$1      COG050$1      COG051$1
              ________      ________      ________      ________      ________
                0.032        -1.236        -1.013        -0.603        -1.173


           MEANS/INTERCEPTS/THRESHOLDS
              COG052$1      COG053$1      COG054$1      COG055$1      COG056$1
              ________      ________      ________      ________      ________
               -0.477        -0.428        -0.436        -1.166        -0.148


           MEANS/INTERCEPTS/THRESHOLDS
              COG057$1      COG058$1      COG060$1      COG061$1      COG062$1
              ________      ________      ________      ________      ________
                0.900        -0.165         0.284         0.704         1.036


           MEANS/INTERCEPTS/THRESHOLDS
              COG063$1      COG064$1      COG066$1      CBINT
              ________      ________      ________      ________
                1.207         0.717         0.931         0.000


           CORRELATION MATRIX (WITH VARIANCES ON THE DIAGONAL)
              COG040        COG041        COG043        COG044        COG045
              ________      ________      ________      ________      ________
 COG040
 COG041         0.088
 COG043         0.095         0.221
 COG044         0.340         0.318         0.291
 COG045         0.534         0.217         0.265         0.304
 COG046         0.193         0.179         0.160         0.241         0.214
 COG048         0.123         0.213         0.261         0.357         0.154
 COG049         0.307         0.188         0.310         0.301         0.315
 COG050         0.487         0.247         0.310         0.330         0.573
 COG051         0.265         0.293         0.283         0.339         0.335
 COG052         0.128         0.202         0.572         0.272         0.206
 COG053         0.080         0.160         0.152         0.329         0.231
 COG054         0.169         0.166         0.320         0.230         0.192
 COG055         0.187         0.319         0.438         0.334         0.262
 COG056         0.235         0.168         0.286         0.324         0.247
 COG057         0.084         0.315         0.107         0.063         0.104
 COG058         0.133         0.192         0.267         0.246         0.238
 COG060         0.202         0.249         0.351         0.322         0.297
 COG061         0.056         0.256         0.402         0.228         0.155
 COG062         0.230         0.351         0.447         0.230         0.314
 COG063         0.180         0.322         0.264         0.244         0.179
 COG064         0.325         0.276         0.396         0.313         0.300
 COG066         0.151         0.333         0.398         0.372         0.235
 CBINT         -0.139        -0.051        -0.122        -0.024        -0.079


           CORRELATION MATRIX (WITH VARIANCES ON THE DIAGONAL)
              COG046        COG048        COG049        COG050        COG051
              ________      ________      ________      ________      ________
 COG048         0.221
 COG049         0.229         0.204
 COG050         0.126         0.262         0.400
 COG051         0.228         0.354         0.686         0.402
 COG052         0.000         0.242         0.277         0.273         0.343
 COG053         0.133         0.909         0.188         0.242         0.266
 COG054         0.087         0.218         0.249         0.289         0.335
 COG055         0.269         0.326         0.628         0.411         0.713
 COG056         0.229         0.086         0.904         0.311         0.723
 COG057         0.124         0.174         0.272         0.113         0.245
 COG058         0.226         0.151         0.564         0.276         0.897
 COG060         0.256         0.178         0.711         0.352         0.682
 COG061         0.284         0.079         0.489         0.317         0.534
 COG062         0.361         0.137         0.469         0.253         0.466
 COG063         0.302         0.129         0.550         0.371         0.397
 COG064         0.248         0.371         0.423         0.323         0.483
 COG066         0.386         0.230         0.697         0.302         0.652
 CBINT          0.060        -0.215        -0.028        -0.095        -0.097


           CORRELATION MATRIX (WITH VARIANCES ON THE DIAGONAL)
              COG052        COG053        COG054        COG055        COG056
              ________      ________      ________      ________      ________
 COG053         0.260
 COG054         0.380         0.211
 COG055         0.474         0.307         0.405
 COG056         0.281         0.168         0.223         0.688
 COG057         0.210         0.136         0.252         0.460         0.249
 COG058         0.231         0.082         0.310         0.732         0.791
 COG060         0.320         0.156         0.345         0.619         0.899
 COG061         0.354         0.140         0.340         0.662         0.641
 COG062         0.284         0.167         0.198         0.624         0.461
 COG063         0.347         0.206         0.293         0.572         0.650
 COG064         0.372         0.362         0.440         0.658         0.633
 COG066         0.320         0.201         0.431         0.654         0.805
 CBINT         -0.130        -0.136        -0.037        -0.152        -0.008


           CORRELATION MATRIX (WITH VARIANCES ON THE DIAGONAL)
              COG057        COG058        COG060        COG061        COG062
              ________      ________      ________      ________      ________
 COG058         0.332
 COG060         0.332         0.800
 COG061         0.392         0.609         0.647
 COG062         0.280         0.503         0.504         0.563
 COG063         0.344         0.644         0.701         0.838         0.536
 COG064         0.337         0.590         0.636         0.615         0.521
 COG066         0.328         0.886         0.838         0.822         0.680
 CBINT          0.052         0.008         0.001        -0.009         0.031


           CORRELATION MATRIX (WITH VARIANCES ON THE DIAGONAL)
              COG063        COG064        COG066        CBINT
              ________      ________      ________      ________
 COG064         0.620
 COG066         0.754         0.757
 CBINT         -0.109        -0.065         0.002         1.000


UNIVARIATE SAMPLE STATISTICS


     UNIVARIATE HIGHER-ORDER MOMENT DESCRIPTIVE STATISTICS

         Variable/         Mean/     Skewness/   Minimum/ % with                Percentiles
        Sample Size      Variance    Kurtosis    Maximum  Min/Max      20%/60%    40%/80%    Median

     CBINT                 0.000       1.570      -1.113    9.13%      -0.917     -0.525     -0.329
             723.000       1.000       4.004       6.735    0.14%       0.064      0.652


     THIS ANALYSIS MAY HAVE MULTIPLE SOLUTIONS.  EXPLORE THIS USING RANDOM STARTS,
     FOR EXAMPLE, STARTS = 20.  USE A LARGE ENOUGH NUMBER OF STARTS SO THAT THE
     BEST FIT FUNCTION VALUE IS REPLICATED SEVERAL TIMES.


THE MODEL ESTIMATION TERMINATED NORMALLY



MODEL FIT INFORMATION

Number of Free Parameters                       54

Chi-Square Test of Model Fit

          Value                            861.379*
          Degrees of Freedom                   247
          P-Value                           0.0000

*   The chi-square value for MLM, MLMV, MLR, ULSMV, WLSM and WLSMV cannot be used
    for chi-square difference testing in the regular way.  MLM, MLR and WLSM
    chi-square difference testing is described on the Mplus website.  MLMV, WLSMV,
    and ULSMV difference testing is done using the DIFFTEST option.

RMSEA (Root Mean Square Error Of Approximation)

          Estimate                           0.058
          90 Percent C.I.                    0.054  0.062
          Probability RMSEA <= .05           0.001

CFI/TLI

          CFI                                0.927
          TLI                                0.918

Chi-Square Test of Model Fit for the Baseline Model

          Value                           8659.289
          Degrees of Freedom                   276
          P-Value                           0.0000

SRMR (Standardized Root Mean Square Residual)

          Value                              0.105

Optimum Function Value for Weighted Least-Squares Estimator

          Value                     0.59194264D+00



MODEL RESULTS

                                                    Two-Tailed
                    Estimate       S.E.  Est./S.E.    P-Value

 WM       BY
    COG040             1.000      0.000    999.000    999.000
    COG045             1.178      0.183      6.421      0.000
    COG050             1.399      0.219      6.384      0.000
    COG064             2.214      0.357      6.206      0.000

 GDP      BY
    COG041             1.000      0.000    999.000    999.000
    COG043             1.354      0.203      6.656      0.000
    COG044             1.247      0.194      6.420      0.000
    COG046             0.876      0.151      5.812      0.000
    COG048             1.822      0.242      7.524      0.000
    COG052             1.298      0.177      7.318      0.000
    COG053             1.522      0.204      7.445      0.000
    COG057             1.038      0.176      5.890      0.000

 FS       BY
    COG049             1.000      0.000    999.000    999.000
    COG051             0.964      0.056     17.098      0.000
    COG054             0.523      0.055      9.493      0.000
    COG055             1.009      0.053     18.897      0.000
    COG056             1.122      0.046     24.597      0.000
    COG058             0.989      0.043     22.913      0.000
    COG060             1.096      0.043     25.535      0.000
    COG061             0.982      0.047     20.960      0.000
    COG062             0.782      0.059     13.244      0.000
    COG063             1.008      0.053     18.903      0.000
    COG066             1.149      0.049     23.331      0.000

 WM       WITH
    GDP                0.125      0.027      4.662      0.000
    FS                 0.257      0.044      5.888      0.000
    CBINT             -0.052      0.023     -2.273      0.023

 GDP      WITH
    FS                 0.205      0.030      6.916      0.000
    CBINT             -0.070      0.023     -3.119      0.002

 CBINT    WITH
    FS                -0.026      0.033     -0.797      0.426

 Means
    CBINT              0.000      0.048      0.000      1.000

 Thresholds
    COG040$1          -1.140      0.059    -19.376      0.000
    COG041$1          -0.583      0.049    -11.873      0.000
    COG043$1          -1.065      0.057    -18.689      0.000
    COG044$1          -1.214      0.061    -19.954      0.000
    COG045$1          -0.326      0.047     -6.940      0.000
    COG046$1           0.032      0.046      0.699      0.485
    COG048$1          -1.236      0.061    -20.100      0.000
    COG049$1          -1.013      0.056    -18.143      0.000
    COG050$1          -0.603      0.049    -12.231      0.000
    COG051$1          -1.173      0.060    -19.646      0.000
    COG052$1          -0.477      0.048     -9.927      0.000
    COG053$1          -0.428      0.048     -8.983      0.000
    COG054$1          -0.436      0.048     -9.128      0.000
    COG055$1          -1.166      0.060    -19.593      0.000
    COG056$1          -0.148      0.046     -3.199      0.001
    COG057$1           0.900      0.054     16.800      0.000
    COG058$1          -0.165      0.046     -3.567      0.000
    COG060$1           0.284      0.047      6.062      0.000
    COG061$1           0.704      0.050     13.931      0.000
    COG062$1           1.036      0.056     18.388      0.000
    COG063$1           1.207      0.061     19.904      0.000
    COG064$1           0.717      0.051     14.141      0.000
    COG066$1           0.931      0.054     17.192      0.000

 Variances
    CBINT              1.000      0.040     25.294      0.000
    WM                 0.193      0.056      3.469      0.001
    GDP                0.212      0.049      4.283      0.000
    FS                 0.687      0.050     13.719      0.000


QUALITY OF NUMERICAL RESULTS

     Condition Number for the Information Matrix              0.588E-03
       (ratio of smallest to largest eigenvalue)


STANDARDIZED MODEL RESULTS


STDYX Standardization

                                                    Two-Tailed
                    Estimate       S.E.  Est./S.E.    P-Value

 WM       BY
    COG040             0.440      0.063      6.938      0.000
    COG045             0.518      0.044     11.662      0.000
    COG050             0.615      0.045     13.703      0.000
    COG064             0.974      0.050     19.386      0.000

 GDP      BY
    COG041             0.460      0.054      8.566      0.000
    COG043             0.623      0.062     10.099      0.000
    COG044             0.574      0.066      8.642      0.000
    COG046             0.403      0.052      7.756      0.000
    COG048             0.838      0.051     16.385      0.000
    COG052             0.597      0.046     13.003      0.000
    COG053             0.700      0.038     18.298      0.000
    COG057             0.478      0.062      7.649      0.000

 FS       BY
    COG049             0.829      0.030     27.437      0.000
    COG051             0.800      0.041     19.487      0.000
    COG054             0.433      0.044      9.940      0.000
    COG055             0.837      0.038     22.260      0.000
    COG056             0.930      0.015     62.385      0.000
    COG058             0.819      0.022     37.220      0.000
    COG060             0.909      0.015     59.835      0.000
    COG061             0.814      0.025     32.057      0.000
    COG062             0.648      0.042     15.422      0.000
    COG063             0.835      0.031     26.980      0.000
    COG066             0.952      0.019     50.273      0.000

 WM       WITH
    GDP                0.616      0.050     12.384      0.000
    FS                 0.705      0.041     17.278      0.000
    CBINT             -0.119      0.047     -2.544      0.011

 GDP      WITH
    FS                 0.539      0.038     14.356      0.000
    CBINT             -0.153      0.044     -3.491      0.000

 CBINT    WITH
    FS                -0.031      0.039     -0.799      0.424

 Means
    CBINT              0.000      0.048      0.000      1.000

 Thresholds
    COG040$1          -1.140      0.059    -19.376      0.000
    COG041$1          -0.583      0.049    -11.873      0.000
    COG043$1          -1.065      0.057    -18.689      0.000
    COG044$1          -1.214      0.061    -19.954      0.000
    COG045$1          -0.326      0.047     -6.940      0.000
    COG046$1           0.032      0.046      0.699      0.485
    COG048$1          -1.236      0.061    -20.100      0.000
    COG049$1          -1.013      0.056    -18.143      0.000
    COG050$1          -0.603      0.049    -12.231      0.000
    COG051$1          -1.173      0.060    -19.646      0.000
    COG052$1          -0.477      0.048     -9.927      0.000
    COG053$1          -0.428      0.048     -8.983      0.000
    COG054$1          -0.436      0.048     -9.128      0.000
    COG055$1          -1.166      0.060    -19.593      0.000
    COG056$1          -0.148      0.046     -3.199      0.001
    COG057$1           0.900      0.054     16.800      0.000
    COG058$1          -0.165      0.046     -3.567      0.000
    COG060$1           0.284      0.047      6.062      0.000
    COG061$1           0.704      0.050     13.931      0.000
    COG062$1           1.036      0.056     18.388      0.000
    COG063$1           1.207      0.061     19.904      0.000
    COG064$1           0.717      0.051     14.141      0.000
    COG066$1           0.931      0.054     17.192      0.000

 Variances
    CBINT              1.000      0.000    999.000    999.000
    WM                 1.000      0.000    999.000    999.000
    GDP                1.000      0.000    999.000    999.000
    FS                 1.000      0.000    999.000    999.000


STDY Standardization

                                                    Two-Tailed
                    Estimate       S.E.  Est./S.E.    P-Value

 WM       BY
    COG040             0.440      0.063      6.938      0.000
    COG045             0.518      0.044     11.662      0.000
    COG050             0.615      0.045     13.703      0.000
    COG064             0.974      0.050     19.386      0.000

 GDP      BY
    COG041             0.460      0.054      8.566      0.000
    COG043             0.623      0.062     10.099      0.000
    COG044             0.574      0.066      8.642      0.000
    COG046             0.403      0.052      7.756      0.000
    COG048             0.838      0.051     16.385      0.000
    COG052             0.597      0.046     13.003      0.000
    COG053             0.700      0.038     18.298      0.000
    COG057             0.478      0.062      7.649      0.000

 FS       BY
    COG049             0.829      0.030     27.437      0.000
    COG051             0.800      0.041     19.487      0.000
    COG054             0.433      0.044      9.940      0.000
    COG055             0.837      0.038     22.260      0.000
    COG056             0.930      0.015     62.385      0.000
    COG058             0.819      0.022     37.220      0.000
    COG060             0.909      0.015     59.835      0.000
    COG061             0.814      0.025     32.057      0.000
    COG062             0.648      0.042     15.422      0.000
    COG063             0.835      0.031     26.980      0.000
    COG066             0.952      0.019     50.273      0.000

 WM       WITH
    GDP                0.616      0.050     12.384      0.000
    FS                 0.705      0.041     17.278      0.000
    CBINT             -0.119      0.047     -2.544      0.011

 GDP      WITH
    FS                 0.539      0.038     14.356      0.000
    CBINT             -0.153      0.044     -3.491      0.000

 CBINT    WITH
    FS                -0.031      0.039     -0.799      0.424

 Means
    CBINT              0.000      0.048      0.000      1.000

 Thresholds
    COG040$1          -1.140      0.059    -19.376      0.000
    COG041$1          -0.583      0.049    -11.873      0.000
    COG043$1          -1.065      0.057    -18.689      0.000
    COG044$1          -1.214      0.061    -19.954      0.000
    COG045$1          -0.326      0.047     -6.940      0.000
    COG046$1           0.032      0.046      0.699      0.485
    COG048$1          -1.236      0.061    -20.100      0.000
    COG049$1          -1.013      0.056    -18.143      0.000
    COG050$1          -0.603      0.049    -12.231      0.000
    COG051$1          -1.173      0.060    -19.646      0.000
    COG052$1          -0.477      0.048     -9.927      0.000
    COG053$1          -0.428      0.048     -8.983      0.000
    COG054$1          -0.436      0.048     -9.128      0.000
    COG055$1          -1.166      0.060    -19.593      0.000
    COG056$1          -0.148      0.046     -3.199      0.001
    COG057$1           0.900      0.054     16.800      0.000
    COG058$1          -0.165      0.046     -3.567      0.000
    COG060$1           0.284      0.047      6.062      0.000
    COG061$1           0.704      0.050     13.931      0.000
    COG062$1           1.036      0.056     18.388      0.000
    COG063$1           1.207      0.061     19.904      0.000
    COG064$1           0.717      0.051     14.141      0.000
    COG066$1           0.931      0.054     17.192      0.000

 Variances
    CBINT              1.000      0.000    999.000    999.000
    WM                 1.000      0.000    999.000    999.000
    GDP                1.000      0.000    999.000    999.000
    FS                 1.000      0.000    999.000    999.000


STD Standardization

                                                    Two-Tailed
                    Estimate       S.E.  Est./S.E.    P-Value

 WM       BY
    COG040             0.440      0.063      6.938      0.000
    COG045             0.518      0.044     11.662      0.000
    COG050             0.615      0.045     13.703      0.000
    COG064             0.974      0.050     19.386      0.000

 GDP      BY
    COG041             0.460      0.054      8.566      0.000
    COG043             0.623      0.062     10.099      0.000
    COG044             0.574      0.066      8.642      0.000
    COG046             0.403      0.052      7.756      0.000
    COG048             0.838      0.051     16.385      0.000
    COG052             0.597      0.046     13.003      0.000
    COG053             0.700      0.038     18.298      0.000
    COG057             0.478      0.062      7.649      0.000

 FS       BY
    COG049             0.829      0.030     27.437      0.000
    COG051             0.800      0.041     19.487      0.000
    COG054             0.433      0.044      9.940      0.000
    COG055             0.837      0.038     22.260      0.000
    COG056             0.930      0.015     62.385      0.000
    COG058             0.819      0.022     37.220      0.000
    COG060             0.909      0.015     59.835      0.000
    COG061             0.814      0.025     32.057      0.000
    COG062             0.648      0.042     15.422      0.000
    COG063             0.835      0.031     26.980      0.000
    COG066             0.952      0.019     50.273      0.000

 WM       WITH
    GDP                0.616      0.050     12.384      0.000
    FS                 0.705      0.041     17.278      0.000
    CBINT             -0.119      0.047     -2.535      0.011

 GDP      WITH
    FS                 0.539      0.038     14.356      0.000
    CBINT             -0.153      0.044     -3.467      0.001

 CBINT    WITH
    FS                -0.031      0.039     -0.799      0.425

 Means
    CBINT              0.000      0.048      0.000      1.000

 Thresholds
    COG040$1          -1.140      0.059    -19.376      0.000
    COG041$1          -0.583      0.049    -11.873      0.000
    COG043$1          -1.065      0.057    -18.689      0.000
    COG044$1          -1.214      0.061    -19.954      0.000
    COG045$1          -0.326      0.047     -6.940      0.000
    COG046$1           0.032      0.046      0.699      0.485
    COG048$1          -1.236      0.061    -20.100      0.000
    COG049$1          -1.013      0.056    -18.143      0.000
    COG050$1          -0.603      0.049    -12.231      0.000
    COG051$1          -1.173      0.060    -19.646      0.000
    COG052$1          -0.477      0.048     -9.927      0.000
    COG053$1          -0.428      0.048     -8.983      0.000
    COG054$1          -0.436      0.048     -9.128      0.000
    COG055$1          -1.166      0.060    -19.593      0.000
    COG056$1          -0.148      0.046     -3.199      0.001
    COG057$1           0.900      0.054     16.800      0.000
    COG058$1          -0.165      0.046     -3.567      0.000
    COG060$1           0.284      0.047      6.062      0.000
    COG061$1           0.704      0.050     13.931      0.000
    COG062$1           1.036      0.056     18.388      0.000
    COG063$1           1.207      0.061     19.904      0.000
    COG064$1           0.717      0.051     14.141      0.000
    COG066$1           0.931      0.054     17.192      0.000

 Variances
    CBINT              1.000      0.040     25.294      0.000
    WM                 1.000      0.000    999.000    999.000
    GDP                1.000      0.000    999.000    999.000
    FS                 1.000      0.000    999.000    999.000


R-SQUARE

    Observed                                        Two-Tailed   Residual
    Variable        Estimate       S.E.  Est./S.E.    P-Value    Variance

    COG040             0.193      0.056      3.469      0.001      0.807
    COG041             0.212      0.049      4.283      0.000      0.788
    COG043             0.388      0.077      5.049      0.000      0.612
    COG044             0.329      0.076      4.321      0.000      0.671
    COG045             0.268      0.046      5.831      0.000      0.732
    COG046             0.162      0.042      3.878      0.000      0.838
    COG048             0.703      0.086      8.193      0.000      0.297
    COG049             0.687      0.050     13.719      0.000      0.313
    COG050             0.379      0.055      6.851      0.000      0.621
    COG051             0.639      0.066      9.744      0.000      0.361
    COG052             0.357      0.055      6.502      0.000      0.643
    COG053             0.490      0.054      9.149      0.000      0.510
    COG054             0.188      0.038      4.970      0.000      0.812
    COG055             0.700      0.063     11.130      0.000      0.300
    COG056             0.865      0.028     31.193      0.000      0.135
    COG057             0.228      0.060      3.825      0.000      0.772
    COG058             0.672      0.036     18.610      0.000      0.328
    COG060             0.826      0.028     29.917      0.000      0.174
    COG061             0.663      0.041     16.028      0.000      0.337
    COG062             0.420      0.054      7.711      0.000      0.580
    COG063             0.698      0.052     13.490      0.000      0.302
    COG064             0.948      0.098      9.693      0.000      0.052
    COG066             0.907      0.036     25.137      0.000      0.093


CONFIDENCE INTERVALS OF MODEL RESULTS

                  Lower .5%  Lower 2.5%    Lower 5%    Estimate    Upper 5%  Upper 2.5%   Upper .5%

 WM       BY
    COG040           1.000       1.000       1.000       1.000       1.000       1.000       1.000
    COG045           0.705       0.818       0.876       1.178       1.480       1.537       1.650
    COG050           0.835       0.970       1.039       1.399       1.760       1.829       1.964
    COG064           1.295       1.515       1.627       2.214       2.801       2.913       3.133

 GDP      BY
    COG041           1.000       1.000       1.000       1.000       1.000       1.000       1.000
    COG043           0.830       0.956       1.020       1.354       1.689       1.753       1.879
    COG044           0.747       0.866       0.927       1.247       1.566       1.628       1.747
    COG046           0.488       0.580       0.628       0.876       1.124       1.171       1.264
    COG048           1.198       1.347       1.424       1.822       2.220       2.297       2.446
    COG052           0.841       0.950       1.006       1.298       1.590       1.646       1.755
    COG053           0.995       1.121       1.186       1.522       1.858       1.923       2.049
    COG057           0.584       0.693       0.748       1.038       1.328       1.383       1.492

 FS       BY
    COG049           1.000       1.000       1.000       1.000       1.000       1.000       1.000
    COG051           0.819       0.854       0.872       0.964       1.057       1.075       1.110
    COG054           0.381       0.415       0.432       0.523       0.613       0.631       0.665
    COG055           0.872       0.905       0.922       1.009       1.097       1.114       1.147
    COG056           1.004       1.033       1.047       1.122       1.197       1.211       1.239
    COG058           0.877       0.904       0.918       0.989       1.060       1.073       1.100
    COG060           0.986       1.012       1.026       1.096       1.167       1.180       1.207
    COG061           0.862       0.891       0.905       0.982       1.060       1.074       1.103
    COG062           0.630       0.666       0.685       0.782       0.879       0.898       0.934
    COG063           0.871       0.903       0.920       1.008       1.096       1.112       1.145
    COG066           1.022       1.052       1.068       1.149       1.230       1.245       1.276

 WM       WITH
    GDP              0.056       0.072       0.081       0.125       0.169       0.177       0.193
    FS               0.145       0.171       0.185       0.257       0.329       0.343       0.370
    CBINT           -0.112      -0.097      -0.090      -0.052      -0.014      -0.007       0.007

 GDP      WITH
    FS               0.129       0.147       0.157       0.205       0.254       0.264       0.282
    CBINT           -0.128      -0.115      -0.107      -0.070      -0.033      -0.026      -0.012

 CBINT    WITH
    FS              -0.110      -0.090      -0.080      -0.026       0.028       0.038       0.058

 Means
    CBINT           -0.125      -0.095      -0.080       0.000       0.080       0.095       0.125

 Thresholds
    COG040$1        -1.291      -1.255      -1.236      -1.140      -1.043      -1.024      -0.988
    COG041$1        -0.709      -0.679      -0.663      -0.583      -0.502      -0.486      -0.456
    COG043$1        -1.212      -1.177      -1.159      -1.065      -0.971      -0.953      -0.918
    COG044$1        -1.371      -1.334      -1.314      -1.214      -1.114      -1.095      -1.058
    COG045$1        -0.447      -0.418      -0.404      -0.326      -0.249      -0.234      -0.205
    COG046$1        -0.087      -0.058      -0.044       0.032       0.108       0.123       0.151
    COG048$1        -1.394      -1.356      -1.337      -1.236      -1.135      -1.115      -1.077
    COG049$1        -1.156      -1.122      -1.104      -1.013      -0.921      -0.903      -0.869
    COG050$1        -0.730      -0.699      -0.684      -0.603      -0.522      -0.506      -0.476
    COG051$1        -1.327      -1.290      -1.271      -1.173      -1.075      -1.056      -1.019
    COG052$1        -0.601      -0.571      -0.556      -0.477      -0.398      -0.383      -0.353
    COG053$1        -0.551      -0.522      -0.507      -0.428      -0.350      -0.335      -0.305
    COG054$1        -0.559      -0.529      -0.514      -0.436      -0.357      -0.342      -0.313
    COG055$1        -1.319      -1.283      -1.264      -1.166      -1.068      -1.049      -1.013
    COG056$1        -0.267      -0.239      -0.224      -0.148      -0.072      -0.057      -0.029
    COG057$1         0.762       0.795       0.812       0.900       0.988       1.005       1.038
    COG058$1        -0.285      -0.256      -0.241      -0.165      -0.089      -0.074      -0.046
    COG060$1         0.163       0.192       0.207       0.284       0.361       0.375       0.404
    COG061$1         0.573       0.605       0.620       0.704       0.787       0.802       0.834
    COG062$1         0.891       0.925       0.943       1.036       1.128       1.146       1.181
    COG063$1         1.051       1.088       1.107       1.207       1.307       1.326       1.363
    COG064$1         0.586       0.617       0.633       0.717       0.800       0.816       0.847
    COG066$1         0.792       0.825       0.842       0.931       1.020       1.037       1.071

 Variances
    CBINT            0.898       0.923       0.935       1.000       1.065       1.077       1.102
    WM               0.050       0.084       0.102       0.193       0.285       0.303       0.337
    GDP              0.084       0.115       0.130       0.212       0.293       0.309       0.339
    FS               0.558       0.589       0.605       0.687       0.770       0.785       0.816


CONFIDENCE INTERVALS OF STANDARDIZED MODEL RESULTS


STDYX Standardization

                  Lower .5%  Lower 2.5%    Lower 5%    Estimate    Upper 5%  Upper 2.5%   Upper .5%

 WM       BY
    COG040           0.277       0.316       0.335       0.440       0.544       0.564       0.603
    COG045           0.404       0.431       0.445       0.518       0.591       0.605       0.632
    COG050           0.500       0.527       0.541       0.615       0.689       0.703       0.731
    COG064           0.844       0.875       0.891       0.974       1.056       1.072       1.103

 GDP      BY
    COG041           0.322       0.355       0.372       0.460       0.549       0.565       0.599
    COG043           0.464       0.502       0.522       0.623       0.725       0.744       0.782
    COG044           0.403       0.444       0.465       0.574       0.683       0.704       0.745
    COG046           0.269       0.301       0.317       0.403       0.488       0.505       0.537
    COG048           0.707       0.738       0.754       0.838       0.923       0.939       0.970
    COG052           0.479       0.507       0.522       0.597       0.673       0.687       0.716
    COG053           0.602       0.625       0.637       0.700       0.763       0.775       0.799
    COG057           0.317       0.355       0.375       0.478       0.580       0.600       0.638

 FS       BY
    COG049           0.751       0.770       0.779       0.829       0.879       0.888       0.907
    COG051           0.694       0.719       0.732       0.800       0.867       0.880       0.905
    COG054           0.321       0.348       0.362       0.433       0.505       0.519       0.546
    COG055           0.740       0.763       0.775       0.837       0.899       0.910       0.934
    COG056           0.892       0.901       0.906       0.930       0.955       0.959       0.968
    COG058           0.763       0.776       0.783       0.819       0.856       0.863       0.876
    COG060           0.870       0.879       0.884       0.909       0.934       0.938       0.948
    COG061           0.749       0.765       0.773       0.814       0.856       0.864       0.880
    COG062           0.540       0.566       0.579       0.648       0.717       0.730       0.756
    COG063           0.756       0.775       0.785       0.835       0.886       0.896       0.915
    COG066           0.903       0.915       0.921       0.952       0.983       0.989       1.001

 WM       WITH
    GDP              0.488       0.518       0.534       0.616       0.697       0.713       0.744
    FS               0.600       0.625       0.638       0.705       0.772       0.785       0.810
    CBINT           -0.239      -0.211      -0.196      -0.119      -0.042      -0.027       0.001

 GDP      WITH
    FS               0.442       0.465       0.477       0.539       0.600       0.612       0.635
    CBINT           -0.266      -0.239      -0.225      -0.153      -0.081      -0.067      -0.040

 CBINT    WITH
    FS              -0.133      -0.109      -0.096      -0.031       0.033       0.046       0.070

 Means
    CBINT           -0.125      -0.095      -0.080       0.000       0.080       0.095       0.125

 Thresholds
    COG040$1        -1.291      -1.255      -1.236      -1.140      -1.043      -1.024      -0.988
    COG041$1        -0.709      -0.679      -0.663      -0.583      -0.502      -0.486      -0.456
    COG043$1        -1.212      -1.177      -1.159      -1.065      -0.971      -0.953      -0.918
    COG044$1        -1.371      -1.334      -1.314      -1.214      -1.114      -1.095      -1.058
    COG045$1        -0.447      -0.418      -0.404      -0.326      -0.249      -0.234      -0.205
    COG046$1        -0.087      -0.058      -0.044       0.032       0.108       0.123       0.151
    COG048$1        -1.394      -1.356      -1.337      -1.236      -1.135      -1.115      -1.077
    COG049$1        -1.156      -1.122      -1.104      -1.013      -0.921      -0.903      -0.869
    COG050$1        -0.730      -0.699      -0.684      -0.603      -0.522      -0.506      -0.476
    COG051$1        -1.327      -1.290      -1.271      -1.173      -1.075      -1.056      -1.019
    COG052$1        -0.601      -0.571      -0.556      -0.477      -0.398      -0.383      -0.353
    COG053$1        -0.551      -0.522      -0.507      -0.428      -0.350      -0.335      -0.305
    COG054$1        -0.559      -0.529      -0.514      -0.436      -0.357      -0.342      -0.313
    COG055$1        -1.319      -1.283      -1.264      -1.166      -1.068      -1.049      -1.013
    COG056$1        -0.267      -0.239      -0.224      -0.148      -0.072      -0.057      -0.029
    COG057$1         0.762       0.795       0.812       0.900       0.988       1.005       1.038
    COG058$1        -0.285      -0.256      -0.241      -0.165      -0.089      -0.074      -0.046
    COG060$1         0.163       0.192       0.207       0.284       0.361       0.375       0.404
    COG061$1         0.573       0.605       0.620       0.704       0.787       0.802       0.834
    COG062$1         0.891       0.925       0.943       1.036       1.128       1.146       1.181
    COG063$1         1.051       1.088       1.107       1.207       1.307       1.326       1.363
    COG064$1         0.586       0.617       0.633       0.717       0.800       0.816       0.847
    COG066$1         0.792       0.825       0.842       0.931       1.020       1.037       1.071

 Variances
    CBINT            1.000       1.000       1.000       1.000       1.000       1.000       1.000
    WM               1.000       1.000       1.000       1.000       1.000       1.000       1.000
    GDP              1.000       1.000       1.000       1.000       1.000       1.000       1.000
    FS               1.000       1.000       1.000       1.000       1.000       1.000       1.000


STDY Standardization

                  Lower .5%  Lower 2.5%    Lower 5%    Estimate    Upper 5%  Upper 2.5%   Upper .5%

 WM       BY
    COG040           0.277       0.316       0.335       0.440       0.544       0.564       0.603
    COG045           0.404       0.431       0.445       0.518       0.591       0.605       0.632
    COG050           0.500       0.527       0.541       0.615       0.689       0.703       0.731
    COG064           0.844       0.875       0.891       0.974       1.056       1.072       1.103

 GDP      BY
    COG041           0.322       0.355       0.372       0.460       0.549       0.565       0.599
    COG043           0.464       0.502       0.522       0.623       0.725       0.744       0.782
    COG044           0.403       0.444       0.465       0.574       0.683       0.704       0.745
    COG046           0.269       0.301       0.317       0.403       0.488       0.505       0.537
    COG048           0.707       0.738       0.754       0.838       0.923       0.939       0.970
    COG052           0.479       0.507       0.522       0.597       0.673       0.687       0.716
    COG053           0.602       0.625       0.637       0.700       0.763       0.775       0.799
    COG057           0.317       0.355       0.375       0.478       0.580       0.600       0.638

 FS       BY
    COG049           0.751       0.770       0.779       0.829       0.879       0.888       0.907
    COG051           0.694       0.719       0.732       0.800       0.867       0.880       0.905
    COG054           0.321       0.348       0.362       0.433       0.505       0.519       0.546
    COG055           0.740       0.763       0.775       0.837       0.899       0.910       0.934
    COG056           0.892       0.901       0.906       0.930       0.955       0.959       0.968
    COG058           0.763       0.776       0.783       0.819       0.856       0.863       0.876
    COG060           0.870       0.879       0.884       0.909       0.934       0.938       0.948
    COG061           0.749       0.765       0.773       0.814       0.856       0.864       0.880
    COG062           0.540       0.566       0.579       0.648       0.717       0.730       0.756
    COG063           0.756       0.775       0.785       0.835       0.886       0.896       0.915
    COG066           0.903       0.915       0.921       0.952       0.983       0.989       1.001

 WM       WITH
    GDP              0.488       0.518       0.534       0.616       0.697       0.713       0.744
    FS               0.600       0.625       0.638       0.705       0.772       0.785       0.810
    CBINT           -0.239      -0.211      -0.196      -0.119      -0.042      -0.027       0.001

 GDP      WITH
    FS               0.442       0.465       0.477       0.539       0.600       0.612       0.635
    CBINT           -0.266      -0.239      -0.225      -0.153      -0.081      -0.067      -0.040

 CBINT    WITH
    FS              -0.133      -0.109      -0.096      -0.031       0.033       0.046       0.070

 Means
    CBINT           -0.125      -0.095      -0.080       0.000       0.080       0.095       0.125

 Thresholds
    COG040$1        -1.291      -1.255      -1.236      -1.140      -1.043      -1.024      -0.988
    COG041$1        -0.709      -0.679      -0.663      -0.583      -0.502      -0.486      -0.456
    COG043$1        -1.212      -1.177      -1.159      -1.065      -0.971      -0.953      -0.918
    COG044$1        -1.371      -1.334      -1.314      -1.214      -1.114      -1.095      -1.058
    COG045$1        -0.447      -0.418      -0.404      -0.326      -0.249      -0.234      -0.205
    COG046$1        -0.087      -0.058      -0.044       0.032       0.108       0.123       0.151
    COG048$1        -1.394      -1.356      -1.337      -1.236      -1.135      -1.115      -1.077
    COG049$1        -1.156      -1.122      -1.104      -1.013      -0.921      -0.903      -0.869
    COG050$1        -0.730      -0.699      -0.684      -0.603      -0.522      -0.506      -0.476
    COG051$1        -1.327      -1.290      -1.271      -1.173      -1.075      -1.056      -1.019
    COG052$1        -0.601      -0.571      -0.556      -0.477      -0.398      -0.383      -0.353
    COG053$1        -0.551      -0.522      -0.507      -0.428      -0.350      -0.335      -0.305
    COG054$1        -0.559      -0.529      -0.514      -0.436      -0.357      -0.342      -0.313
    COG055$1        -1.319      -1.283      -1.264      -1.166      -1.068      -1.049      -1.013
    COG056$1        -0.267      -0.239      -0.224      -0.148      -0.072      -0.057      -0.029
    COG057$1         0.762       0.795       0.812       0.900       0.988       1.005       1.038
    COG058$1        -0.285      -0.256      -0.241      -0.165      -0.089      -0.074      -0.046
    COG060$1         0.163       0.192       0.207       0.284       0.361       0.375       0.404
    COG061$1         0.573       0.605       0.620       0.704       0.787       0.802       0.834
    COG062$1         0.891       0.925       0.943       1.036       1.128       1.146       1.181
    COG063$1         1.051       1.088       1.107       1.207       1.307       1.326       1.363
    COG064$1         0.586       0.617       0.633       0.717       0.800       0.816       0.847
    COG066$1         0.792       0.825       0.842       0.931       1.020       1.037       1.071

 Variances
    CBINT            1.000       1.000       1.000       1.000       1.000       1.000       1.000
    WM               1.000       1.000       1.000       1.000       1.000       1.000       1.000
    GDP              1.000       1.000       1.000       1.000       1.000       1.000       1.000
    FS               1.000       1.000       1.000       1.000       1.000       1.000       1.000


STD Standardization

                  Lower .5%  Lower 2.5%    Lower 5%    Estimate    Upper 5%  Upper 2.5%   Upper .5%

 WM       BY
    COG040           0.277       0.316       0.335       0.440       0.544       0.564       0.603
    COG045           0.404       0.431       0.445       0.518       0.591       0.605       0.632
    COG050           0.500       0.527       0.541       0.615       0.689       0.703       0.731
    COG064           0.844       0.875       0.891       0.974       1.056       1.072       1.103

 GDP      BY
    COG041           0.322       0.355       0.372       0.460       0.549       0.565       0.599
    COG043           0.464       0.502       0.522       0.623       0.725       0.744       0.782
    COG044           0.403       0.444       0.465       0.574       0.683       0.704       0.745
    COG046           0.269       0.301       0.317       0.403       0.488       0.505       0.537
    COG048           0.707       0.738       0.754       0.838       0.923       0.939       0.970
    COG052           0.479       0.507       0.522       0.597       0.673       0.687       0.716
    COG053           0.602       0.625       0.637       0.700       0.763       0.775       0.799
    COG057           0.317       0.355       0.375       0.478       0.580       0.600       0.638

 FS       BY
    COG049           0.751       0.770       0.779       0.829       0.879       0.888       0.907
    COG051           0.694       0.719       0.732       0.800       0.867       0.880       0.905
    COG054           0.321       0.348       0.362       0.433       0.505       0.519       0.546
    COG055           0.740       0.763       0.775       0.837       0.899       0.910       0.934
    COG056           0.892       0.901       0.906       0.930       0.955       0.959       0.968
    COG058           0.763       0.776       0.783       0.819       0.856       0.863       0.876
    COG060           0.870       0.879       0.884       0.909       0.934       0.938       0.948
    COG061           0.749       0.765       0.773       0.814       0.856       0.864       0.880
    COG062           0.540       0.566       0.579       0.648       0.717       0.730       0.756
    COG063           0.756       0.775       0.785       0.835       0.886       0.896       0.915
    COG066           0.903       0.915       0.921       0.952       0.983       0.989       1.001

 WM       WITH
    GDP              0.488       0.518       0.534       0.616       0.697       0.713       0.744
    FS               0.600       0.625       0.638       0.705       0.772       0.785       0.810
    CBINT           -0.240      -0.211      -0.196      -0.119      -0.042      -0.027       0.002

 GDP      WITH
    FS               0.442       0.465       0.477       0.539       0.600       0.612       0.635
    CBINT           -0.266      -0.239      -0.225      -0.153      -0.080      -0.066      -0.039

 CBINT    WITH
    FS              -0.133      -0.109      -0.096      -0.031       0.033       0.046       0.070

 Means
    CBINT           -0.125      -0.095      -0.080       0.000       0.080       0.095       0.125

 Thresholds
    COG040$1        -1.291      -1.255      -1.236      -1.140      -1.043      -1.024      -0.988
    COG041$1        -0.709      -0.679      -0.663      -0.583      -0.502      -0.486      -0.456
    COG043$1        -1.212      -1.177      -1.159      -1.065      -0.971      -0.953      -0.918
    COG044$1        -1.371      -1.334      -1.314      -1.214      -1.114      -1.095      -1.058
    COG045$1        -0.447      -0.418      -0.404      -0.326      -0.249      -0.234      -0.205
    COG046$1        -0.087      -0.058      -0.044       0.032       0.108       0.123       0.151
    COG048$1        -1.394      -1.356      -1.337      -1.236      -1.135      -1.115      -1.077
    COG049$1        -1.156      -1.122      -1.104      -1.013      -0.921      -0.903      -0.869
    COG050$1        -0.730      -0.699      -0.684      -0.603      -0.522      -0.506      -0.476
    COG051$1        -1.327      -1.290      -1.271      -1.173      -1.075      -1.056      -1.019
    COG052$1        -0.601      -0.571      -0.556      -0.477      -0.398      -0.383      -0.353
    COG053$1        -0.551      -0.522      -0.507      -0.428      -0.350      -0.335      -0.305
    COG054$1        -0.559      -0.529      -0.514      -0.436      -0.357      -0.342      -0.313
    COG055$1        -1.319      -1.283      -1.264      -1.166      -1.068      -1.049      -1.013
    COG056$1        -0.267      -0.239      -0.224      -0.148      -0.072      -0.057      -0.029
    COG057$1         0.762       0.795       0.812       0.900       0.988       1.005       1.038
    COG058$1        -0.285      -0.256      -0.241      -0.165      -0.089      -0.074      -0.046
    COG060$1         0.163       0.192       0.207       0.284       0.361       0.375       0.404
    COG061$1         0.573       0.605       0.620       0.704       0.787       0.802       0.834
    COG062$1         0.891       0.925       0.943       1.036       1.128       1.146       1.181
    COG063$1         1.051       1.088       1.107       1.207       1.307       1.326       1.363
    COG064$1         0.586       0.617       0.633       0.717       0.800       0.816       0.847
    COG066$1         0.792       0.825       0.842       0.931       1.020       1.037       1.071

 Variances
    CBINT            0.898       0.923       0.935       1.000       1.065       1.077       1.102
    WM               1.000       1.000       1.000       1.000       1.000       1.000       1.000
    GDP              1.000       1.000       1.000       1.000       1.000       1.000       1.000
    FS               1.000       1.000       1.000       1.000       1.000       1.000       1.000


RESIDUAL OUTPUT


     ESTIMATED MODEL AND RESIDUALS (OBSERVED - ESTIMATED)


           Model Estimated Means/Intercepts/Thresholds
              COG040$1      COG041$1      COG043$1      COG044$1      COG045$1
              ________      ________      ________      ________      ________
               -1.140        -0.583        -1.065        -1.214        -0.326


           Model Estimated Means/Intercepts/Thresholds
              COG046$1      COG048$1      COG049$1      COG050$1      COG051$1
              ________      ________      ________      ________      ________
                0.032        -1.236        -1.013        -0.603        -1.173


           Model Estimated Means/Intercepts/Thresholds
              COG052$1      COG053$1      COG054$1      COG055$1      COG056$1
              ________      ________      ________      ________      ________
               -0.477        -0.428        -0.436        -1.166        -0.148


           Model Estimated Means/Intercepts/Thresholds
              COG057$1      COG058$1      COG060$1      COG061$1      COG062$1
              ________      ________      ________      ________      ________
                0.900        -0.165         0.284         0.704         1.036


           Model Estimated Means/Intercepts/Thresholds
              COG063$1      COG064$1      COG066$1      CBINT
              ________      ________      ________      ________
                1.207         0.717         0.931         0.000


           Residuals for Means/Intercepts/Thresholds
              COG040$1      COG041$1      COG043$1      COG044$1      COG045$1
              ________      ________      ________      ________      ________
                0.000         0.000         0.000         0.000         0.000


           Residuals for Means/Intercepts/Thresholds
              COG046$1      COG048$1      COG049$1      COG050$1      COG051$1
              ________      ________      ________      ________      ________
                0.000         0.000         0.000         0.000         0.000


           Residuals for Means/Intercepts/Thresholds
              COG052$1      COG053$1      COG054$1      COG055$1      COG056$1
              ________      ________      ________      ________      ________
                0.000         0.000         0.000         0.000         0.000


           Residuals for Means/Intercepts/Thresholds
              COG057$1      COG058$1      COG060$1      COG061$1      COG062$1
              ________      ________      ________      ________      ________
                0.000         0.000         0.000         0.000         0.000


           Residuals for Means/Intercepts/Thresholds
              COG063$1      COG064$1      COG066$1      CBINT
              ________      ________      ________      ________
                0.000         0.000         0.000         0.000


           Model Estimated Covariances/Correlations/Residual Correlations
              COG040        COG041        COG043        COG044        COG045
              ________      ________      ________      ________      ________
 COG040
 COG041         0.125
 COG043         0.169         0.287
 COG044         0.155         0.264         0.358
 COG045         0.228         0.147         0.199         0.183
 COG046         0.109         0.185         0.251         0.231         0.128
 COG048         0.227         0.386         0.522         0.481         0.267
 COG049         0.257         0.205         0.278         0.256         0.303
 COG050         0.271         0.174         0.236         0.217         0.319
 COG051         0.248         0.198         0.268         0.247         0.292
 COG052         0.162         0.275         0.372         0.343         0.190
 COG053         0.190         0.322         0.436         0.402         0.223
 COG054         0.134         0.107         0.145         0.134         0.158
 COG055         0.259         0.207         0.281         0.259         0.306
 COG056         0.288         0.231         0.312         0.287         0.340
 COG057         0.129         0.220         0.298         0.274         0.152
 COG058         0.254         0.203         0.275         0.253         0.299
 COG060         0.282         0.225         0.305         0.281         0.332
 COG061         0.253         0.202         0.273         0.252         0.297
 COG062         0.201         0.161         0.218         0.200         0.237
 COG063         0.259         0.207         0.281         0.258         0.305
 COG064         0.428         0.276         0.374         0.344         0.504
 COG066         0.295         0.236         0.320         0.294         0.348
 CBINT         -0.052        -0.070        -0.095        -0.088        -0.062


           Model Estimated Covariances/Correlations/Residual Correlations
              COG046        COG048        COG049        COG050        COG051
              ________      ________      ________      ________      ________
 COG048         0.338
 COG049         0.180         0.374
 COG050         0.153         0.318         0.360
 COG051         0.174         0.361         0.663         0.347
 COG052         0.241         0.501         0.267         0.226         0.257
 COG053         0.282         0.587         0.313         0.265         0.302
 COG054         0.094         0.196         0.359         0.188         0.346
 COG055         0.182         0.378         0.694         0.363         0.669
 COG056         0.202         0.420         0.771         0.404         0.744
 COG057         0.192         0.400         0.213         0.181         0.206
 COG058         0.178         0.370         0.679         0.356         0.655
 COG060         0.197         0.410         0.753         0.394         0.726
 COG061         0.177         0.368         0.675         0.353         0.651
 COG062         0.141         0.293         0.537         0.281         0.518
 COG063         0.181         0.377         0.693         0.363         0.668
 COG064         0.242         0.502         0.569         0.599         0.549
 COG066         0.207         0.430         0.789         0.413         0.761
 CBINT         -0.062        -0.128        -0.026        -0.073        -0.025


           Model Estimated Covariances/Correlations/Residual Correlations
              COG052        COG053        COG054        COG055        COG056
              ________      ________      ________      ________      ________
 COG053         0.418
 COG054         0.139         0.163
 COG055         0.269         0.316         0.363
 COG056         0.299         0.351         0.403         0.778
 COG057         0.285         0.334         0.111         0.215         0.239
 COG058         0.264         0.309         0.355         0.686         0.762
 COG060         0.292         0.343         0.394         0.760         0.845
 COG061         0.262         0.307         0.353         0.681         0.757
 COG062         0.209         0.245         0.281         0.542         0.603
 COG063         0.269         0.315         0.362         0.699         0.777
 COG064         0.358         0.420         0.298         0.575         0.639
 COG066         0.306         0.359         0.413         0.797         0.886
 CBINT         -0.091        -0.107        -0.014        -0.026        -0.029


           Model Estimated Covariances/Correlations/Residual Correlations
              COG057        COG058        COG060        COG061        COG062
              ________      ________      ________      ________      ________
 COG058         0.211
 COG060         0.234         0.745
 COG061         0.210         0.667         0.740
 COG062         0.167         0.531         0.589         0.528
 COG063         0.215         0.685         0.759         0.680         0.541
 COG064         0.286         0.563         0.624         0.559         0.445
 COG066         0.245         0.780         0.865         0.776         0.617
 CBINT         -0.073        -0.026        -0.029        -0.026        -0.020


           Model Estimated Covariances/Correlations/Residual Correlations
              COG063        COG064        COG066        CBINT
              ________      ________      ________      ________
 COG064         0.574
 COG066         0.796         0.654
 CBINT         -0.026        -0.116        -0.030         1.000


           Model Estimated Correlations/Residual Correlations
              COG040        COG041        COG043        COG044        COG045
              ________      ________      ________      ________      ________
 COG040
 COG041         0.125
 COG043         0.169         0.287
 COG044         0.155         0.264         0.358
 COG045         0.228         0.147         0.199         0.183
 COG046         0.109         0.185         0.251         0.231         0.128
 COG048         0.227         0.386         0.522         0.481         0.267
 COG049         0.257         0.205         0.278         0.256         0.303
 COG050         0.271         0.174         0.236         0.217         0.319
 COG051         0.248         0.198         0.268         0.247         0.292
 COG052         0.162         0.275         0.372         0.343         0.190
 COG053         0.190         0.322         0.436         0.402         0.223
 COG054         0.134         0.107         0.145         0.134         0.158
 COG055         0.259         0.207         0.281         0.259         0.306
 COG056         0.288         0.231         0.312         0.287         0.340
 COG057         0.129         0.220         0.298         0.274         0.152
 COG058         0.254         0.203         0.275         0.253         0.299
 COG060         0.282         0.225         0.305         0.281         0.332
 COG061         0.253         0.202         0.273         0.252         0.297
 COG062         0.201         0.161         0.218         0.200         0.237
 COG063         0.259         0.207         0.281         0.258         0.305
 COG064         0.428         0.276         0.374         0.344         0.504
 COG066         0.295         0.236         0.320         0.294         0.348
 CBINT         -0.052        -0.070        -0.095        -0.088        -0.062


           Model Estimated Correlations/Residual Correlations
              COG046        COG048        COG049        COG050        COG051
              ________      ________      ________      ________      ________
 COG048         0.338
 COG049         0.180         0.374
 COG050         0.153         0.318         0.360
 COG051         0.174         0.361         0.663         0.347
 COG052         0.241         0.501         0.267         0.226         0.257
 COG053         0.282         0.587         0.313         0.265         0.302
 COG054         0.094         0.196         0.359         0.188         0.346
 COG055         0.182         0.378         0.694         0.363         0.669
 COG056         0.202         0.420         0.771         0.404         0.744
 COG057         0.192         0.400         0.213         0.181         0.206
 COG058         0.178         0.370         0.679         0.356         0.655
 COG060         0.197         0.410         0.753         0.394         0.726
 COG061         0.177         0.368         0.675         0.353         0.651
 COG062         0.141         0.293         0.537         0.281         0.518
 COG063         0.181         0.377         0.693         0.363         0.668
 COG064         0.242         0.502         0.569         0.599         0.549
 COG066         0.207         0.430         0.789         0.413         0.761
 CBINT         -0.062        -0.128        -0.026        -0.073        -0.025


           Model Estimated Correlations/Residual Correlations
              COG052        COG053        COG054        COG055        COG056
              ________      ________      ________      ________      ________
 COG053         0.418
 COG054         0.139         0.163
 COG055         0.269         0.316         0.363
 COG056         0.299         0.351         0.403         0.778
 COG057         0.285         0.334         0.111         0.215         0.239
 COG058         0.264         0.309         0.355         0.686         0.762
 COG060         0.292         0.343         0.394         0.760         0.845
 COG061         0.262         0.307         0.353         0.681         0.757
 COG062         0.209         0.245         0.281         0.542         0.603
 COG063         0.269         0.315         0.362         0.699         0.777
 COG064         0.358         0.420         0.298         0.575         0.639
 COG066         0.306         0.359         0.413         0.797         0.886
 CBINT         -0.091        -0.107        -0.014        -0.026        -0.029


           Model Estimated Correlations/Residual Correlations
              COG057        COG058        COG060        COG061        COG062
              ________      ________      ________      ________      ________
 COG058         0.211
 COG060         0.234         0.745
 COG061         0.210         0.667         0.740
 COG062         0.167         0.531         0.589         0.528
 COG063         0.215         0.685         0.759         0.680         0.541
 COG064         0.286         0.563         0.624         0.559         0.445
 COG066         0.245         0.780         0.865         0.776         0.617
 CBINT         -0.073        -0.026        -0.029        -0.026        -0.020


           Model Estimated Correlations/Residual Correlations
              COG063        COG064        COG066        CBINT
              ________      ________      ________      ________
 COG064         0.574
 COG066         0.796         0.654
 CBINT         -0.026        -0.116        -0.030         1.000


           Residuals for Covariances/Correlations/Residual Correlations
              COG040        COG041        COG043        COG044        COG045
              ________      ________      ________      ________      ________
 COG040
 COG041        -0.037
 COG043        -0.073        -0.066
 COG044         0.185         0.054        -0.066
 COG045         0.306         0.070         0.067         0.121
 COG046         0.084        -0.006        -0.091         0.010         0.085
 COG048        -0.104        -0.173        -0.262        -0.124        -0.113
 COG049         0.050        -0.018         0.031         0.045         0.013
 COG050         0.217         0.072         0.074         0.112         0.254
 COG051         0.017         0.095         0.015         0.092         0.043
 COG052        -0.034        -0.073         0.200        -0.070         0.015
 COG053        -0.109        -0.162        -0.284        -0.073         0.008
 COG054         0.035         0.059         0.174         0.097         0.034
 COG055        -0.073         0.112         0.157         0.076        -0.044
 COG056        -0.053        -0.062        -0.027         0.036        -0.093
 COG057        -0.045         0.095        -0.191        -0.211        -0.048
 COG058        -0.121        -0.011        -0.008        -0.007        -0.062
 COG060        -0.080         0.024         0.046         0.041        -0.034
 COG061        -0.196         0.054         0.128        -0.024        -0.143
 COG062         0.029         0.191         0.229         0.030         0.077
 COG063        -0.079         0.115        -0.016        -0.015        -0.126
 COG064        -0.104         0.000         0.022        -0.031        -0.204
 COG066        -0.144         0.097         0.079         0.078        -0.113
 CBINT         -0.086         0.019        -0.027         0.064        -0.017


           Residuals for Covariances/Correlations/Residual Correlations
              COG046        COG048        COG049        COG050        COG051
              ________      ________      ________      ________      ________
 COG048        -0.117
 COG049         0.049        -0.171
 COG050        -0.026        -0.055         0.040
 COG051         0.054        -0.007         0.023         0.055
 COG052        -0.241        -0.258         0.010         0.047         0.086
 COG053        -0.149         0.322        -0.125        -0.023        -0.036
 COG054        -0.007         0.022        -0.110         0.101        -0.012
 COG055         0.087        -0.052        -0.066         0.048         0.044
 COG056         0.027        -0.334         0.133        -0.093        -0.021
 COG057        -0.068        -0.227         0.059        -0.068         0.039
 COG058         0.048        -0.220        -0.115        -0.080         0.242
 COG060         0.058        -0.232        -0.043        -0.043        -0.045
 COG061         0.107        -0.289        -0.186        -0.037        -0.117
 COG062         0.220        -0.155        -0.068        -0.028        -0.052
 COG063         0.120        -0.248        -0.142         0.009        -0.271
 COG064         0.007        -0.131        -0.146        -0.276        -0.066
 COG066         0.179        -0.200        -0.092        -0.111        -0.109
 CBINT          0.122        -0.087        -0.002        -0.022        -0.072


           Residuals for Covariances/Correlations/Residual Correlations
              COG052        COG053        COG054        COG055        COG056
              ________      ________      ________      ________      ________
 COG053        -0.158
 COG054         0.241         0.048
 COG055         0.205        -0.009         0.043
 COG056        -0.018        -0.182        -0.180        -0.090
 COG057        -0.075        -0.199         0.141         0.244         0.009
 COG058        -0.032        -0.227        -0.045         0.046         0.029
 COG060         0.027        -0.187        -0.049        -0.142         0.054
 COG061         0.092        -0.167        -0.013        -0.019        -0.117
 COG062         0.075        -0.077        -0.083         0.081        -0.142
 COG063         0.078        -0.109        -0.069        -0.127        -0.127
 COG064         0.014        -0.058         0.142         0.084        -0.005
 COG066         0.013        -0.158         0.019        -0.143        -0.080
 CBINT         -0.039        -0.029        -0.023        -0.126         0.021


           Residuals for Covariances/Correlations/Residual Correlations
              COG057        COG058        COG060        COG061        COG062
              ________      ________      ________      ________      ________
 COG058         0.121
 COG060         0.098         0.055
 COG061         0.182        -0.058        -0.093
 COG062         0.113        -0.028        -0.085         0.035
 COG063         0.129        -0.041        -0.058         0.158        -0.005
 COG064         0.050         0.027         0.012         0.056         0.076
 COG066         0.083         0.106        -0.027         0.047         0.063
 CBINT          0.125         0.033         0.029         0.017         0.051


           Residuals for Covariances/Correlations/Residual Correlations
              COG063        COG064        COG066        CBINT
              ________      ________      ________      ________
 COG064         0.046
 COG066        -0.042         0.103
 CBINT         -0.083         0.051         0.032         0.000


           Residuals for Correlations/Residual Correlations
              COG040        COG041        COG043        COG044        COG045
              ________      ________      ________      ________      ________
 COG040
 COG041        -0.037
 COG043        -0.073        -0.066
 COG044         0.185         0.054        -0.066
 COG045         0.306         0.070         0.067         0.121
 COG046         0.084        -0.006        -0.091         0.010         0.085
 COG048        -0.104        -0.173        -0.262        -0.124        -0.113
 COG049         0.050        -0.018         0.031         0.045         0.013
 COG050         0.217         0.072         0.074         0.112         0.254
 COG051         0.017         0.095         0.015         0.092         0.043
 COG052        -0.034        -0.073         0.200        -0.070         0.015
 COG053        -0.109        -0.162        -0.284        -0.073         0.008
 COG054         0.035         0.059         0.174         0.097         0.034
 COG055        -0.073         0.112         0.157         0.076        -0.044
 COG056        -0.053        -0.062        -0.027         0.036        -0.093
 COG057        -0.045         0.095        -0.191        -0.211        -0.048
 COG058        -0.121        -0.011        -0.008        -0.007        -0.062
 COG060        -0.080         0.024         0.046         0.041        -0.034
 COG061        -0.196         0.054         0.128        -0.024        -0.143
 COG062         0.029         0.191         0.229         0.030         0.077
 COG063        -0.079         0.115        -0.016        -0.015        -0.126
 COG064        -0.104         0.000         0.022        -0.031        -0.204
 COG066        -0.144         0.097         0.079         0.078        -0.113
 CBINT         -0.086         0.019        -0.027         0.064        -0.017


           Residuals for Correlations/Residual Correlations
              COG046        COG048        COG049        COG050        COG051
              ________      ________      ________      ________      ________
 COG048        -0.117
 COG049         0.049        -0.171
 COG050        -0.026        -0.055         0.040
 COG051         0.054        -0.007         0.023         0.055
 COG052        -0.241        -0.258         0.010         0.047         0.086
 COG053        -0.149         0.322        -0.125        -0.023        -0.036
 COG054        -0.007         0.022        -0.110         0.101        -0.012
 COG055         0.087        -0.052        -0.066         0.048         0.044
 COG056         0.027        -0.334         0.133        -0.093        -0.021
 COG057        -0.068        -0.227         0.059        -0.068         0.039
 COG058         0.048        -0.220        -0.115        -0.080         0.242
 COG060         0.058        -0.232        -0.043        -0.043        -0.045
 COG061         0.107        -0.289        -0.186        -0.037        -0.117
 COG062         0.220        -0.155        -0.068        -0.028        -0.052
 COG063         0.120        -0.248        -0.142         0.009        -0.271
 COG064         0.007        -0.131        -0.146        -0.276        -0.066
 COG066         0.179        -0.200        -0.092        -0.111        -0.109
 CBINT          0.122        -0.087        -0.002        -0.022        -0.072


           Residuals for Correlations/Residual Correlations
              COG052        COG053        COG054        COG055        COG056
              ________      ________      ________      ________      ________
 COG053        -0.158
 COG054         0.241         0.048
 COG055         0.205        -0.009         0.043
 COG056        -0.018        -0.182        -0.180        -0.090
 COG057        -0.075        -0.199         0.141         0.244         0.009
 COG058        -0.032        -0.227        -0.045         0.046         0.029
 COG060         0.027        -0.187        -0.049        -0.142         0.054
 COG061         0.092        -0.167        -0.013        -0.019        -0.117
 COG062         0.075        -0.077        -0.083         0.081        -0.142
 COG063         0.078        -0.109        -0.069        -0.127        -0.127
 COG064         0.014        -0.058         0.142         0.084        -0.005
 COG066         0.013        -0.158         0.019        -0.143        -0.080
 CBINT         -0.039        -0.029        -0.023        -0.126         0.021


           Residuals for Correlations/Residual Correlations
              COG057        COG058        COG060        COG061        COG062
              ________      ________      ________      ________      ________
 COG058         0.121
 COG060         0.098         0.055
 COG061         0.182        -0.058        -0.093
 COG062         0.113        -0.028        -0.085         0.035
 COG063         0.129        -0.041        -0.058         0.158        -0.005
 COG064         0.050         0.027         0.012         0.056         0.076
 COG066         0.083         0.106        -0.027         0.047         0.063
 CBINT          0.125         0.033         0.029         0.017         0.051


           Residuals for Correlations/Residual Correlations
              COG063        COG064        COG066        CBINT
              ________      ________      ________      ________
 COG064         0.046
 COG066        -0.042         0.103
 CBINT         -0.083         0.051         0.032         0.000


     UNIVARIATE PROPORTIONS FOR CATEGORICAL VARIABLES

     Variable          Observed      Estimated      Residual (Obs.-Est.)    Stand. Residual
     COG040
       Category  1       0.127          0.127                  0.000                0.000
       Category  2       0.873          0.873                  0.000                0.000
     COG041
       Category  1       0.280          0.280                  0.000                0.000
       Category  2       0.720          0.720                  0.000                0.000
     COG043
       Category  1       0.143          0.143                  0.000                0.000
       Category  2       0.857          0.857                  0.000                0.000
     COG044
       Category  1       0.112          0.112                  0.000                0.000
       Category  2       0.888          0.888                  0.000                0.000
     COG045
       Category  1       0.372          0.372                  0.000                0.000
       Category  2       0.628          0.628                  0.000                0.000
     COG046
       Category  1       0.513          0.513                  0.000                0.000
       Category  2       0.487          0.487                  0.000                0.000
     COG048
       Category  1       0.108          0.108                  0.000                0.000
       Category  2       0.892          0.892                  0.000                0.000
     COG049
       Category  1       0.156          0.156                  0.000                0.000
       Category  2       0.844          0.844                  0.000                0.000
     COG050
       Category  1       0.273          0.273                  0.000                0.000
       Category  2       0.727          0.727                  0.000                0.000
     COG051
       Category  1       0.120          0.120                  0.000                0.000
       Category  2       0.880          0.880                  0.000                0.000
     COG052
       Category  1       0.317          0.317                  0.000                0.000
       Category  2       0.683          0.683                  0.000                0.000
     COG053
       Category  1       0.334          0.334                  0.000                0.000
       Category  2       0.666          0.666                  0.000                0.000
     COG054
       Category  1       0.332          0.332                  0.000                0.000
       Category  2       0.668          0.668                  0.000                0.000
     COG055
       Category  1       0.122          0.122                  0.000                0.000
       Category  2       0.878          0.878                  0.000                0.000
     COG056
       Category  1       0.441          0.441                  0.000                0.000
       Category  2       0.559          0.559                  0.000                0.000
     COG057
       Category  1       0.816          0.816                  0.000                0.000
       Category  2       0.184          0.184                  0.000                0.000
     COG058
       Category  1       0.434          0.434                  0.000                0.000
       Category  2       0.566          0.566                  0.000                0.000
     COG060
       Category  1       0.612          0.612                  0.000                0.000
       Category  2       0.388          0.388                  0.000                0.000
     COG061
       Category  1       0.759          0.759                  0.000                0.000
       Category  2       0.241          0.241                  0.000                0.000
     COG062
       Category  1       0.850          0.850                  0.000                0.000
       Category  2       0.150          0.150                  0.000                0.000
     COG063
       Category  1       0.886          0.886                  0.000                0.000
       Category  2       0.114          0.114                  0.000                0.000
     COG064
       Category  1       0.763          0.763                  0.000                0.000
       Category  2       0.237          0.237                  0.000                0.000
     COG066
       Category  1       0.824          0.824                  0.000                0.000
       Category  2       0.176          0.176                  0.000                0.000


     BIVARIATE PROPORTIONS FOR CATEGORICAL VARIABLES

     Variable       Variable          Observed     Estimated    Residual (Obs.-Est.)  Stand. Residual
     COG040         COG041
       Category 1     Category 1        0.042       0.045            -0.003           -0.365
       Category 1     Category 2        0.085       0.082             0.003            0.275
       Category 2     Category 1        0.238       0.235             0.003            0.178
       Category 2     Category 2        0.635       0.637            -0.003           -0.157
     COG040         COG043
       Category 1     Category 1        0.023       0.027            -0.004           -0.673
       Category 1     Category 2        0.104       0.100             0.004            0.364
       Category 2     Category 1        0.120       0.116             0.004            0.340
       Category 2     Category 2        0.752       0.756            -0.004           -0.254
     COG040         COG044
       Category 1     Category 1        0.031       0.021             0.010            1.888
       Category 1     Category 2        0.096       0.106            -0.010           -0.882
       Category 2     Category 1        0.081       0.091            -0.010           -0.943
       Category 2     Category 2        0.792       0.782             0.010            0.657
     COG040         COG045
       Category 1     Category 1        0.093       0.066             0.027            2.994
       Category 1     Category 2        0.034       0.061            -0.027           -3.102
       Category 2     Category 1        0.279       0.306            -0.027           -1.613
       Category 2     Category 2        0.594       0.567             0.027            1.500
     COG040         COG046
       Category 1     Category 1        0.081       0.074             0.007            0.717
       Category 1     Category 2        0.046       0.053            -0.007           -0.840
       Category 2     Category 1        0.432       0.439            -0.007           -0.379
       Category 2     Category 2        0.441       0.434             0.007            0.379
     COG040         COG048
       Category 1     Category 1        0.019       0.024            -0.005           -0.897
       Category 1     Category 2        0.108       0.103             0.005            0.451
       Category 2     Category 1        0.089       0.084             0.005            0.494
       Category 2     Category 2        0.783       0.789            -0.005           -0.336
     COG040         COG049
       Category 1     Category 1        0.038       0.035             0.003            0.500
       Category 1     Category 2        0.089       0.093            -0.003           -0.315
       Category 2     Category 1        0.118       0.121            -0.003           -0.280
       Category 2     Category 2        0.755       0.752             0.003            0.211
     COG040         COG050
       Category 1     Category 1        0.074       0.055             0.019            2.279
       Category 1     Category 2        0.053       0.072            -0.019           -2.015
       Category 2     Category 1        0.199       0.218            -0.019           -1.261
       Category 2     Category 2        0.674       0.655             0.019            1.095
     COG040         COG051
       Category 1     Category 1        0.028       0.027             0.001            0.163
       Category 1     Category 2        0.099       0.100            -0.001           -0.089
       Category 2     Category 1        0.092       0.093            -0.001           -0.092
       Category 2     Category 2        0.781       0.780             0.001            0.064
     COG040         COG052
       Category 1     Category 1        0.050       0.053            -0.003           -0.331
       Category 1     Category 2        0.077       0.074             0.003            0.282
       Category 2     Category 1        0.267       0.264             0.003            0.168
       Category 2     Category 2        0.606       0.609            -0.003           -0.152
     COG040         COG053
       Category 1     Category 1        0.049       0.058            -0.009           -1.031
       Category 1     Category 2        0.078       0.070             0.009            0.943
       Category 2     Category 1        0.286       0.277             0.009            0.537
       Category 2     Category 2        0.587       0.596            -0.009           -0.489
     COG040         COG054
       Category 1     Category 1        0.055       0.053             0.003            0.343
       Category 1     Category 2        0.072       0.075            -0.003           -0.292
       Category 2     Category 1        0.276       0.279            -0.003           -0.171
       Category 2     Category 2        0.597       0.594             0.003            0.156
     COG040         COG055
       Category 1     Category 1        0.024       0.028            -0.004           -0.654
       Category 1     Category 2        0.103       0.099             0.004            0.364
       Category 2     Category 1        0.097       0.093             0.004            0.373
       Category 2     Category 2        0.775       0.779            -0.004           -0.262
     COG040         COG056
       Category 1     Category 1        0.076       0.080            -0.005           -0.454
       Category 1     Category 2        0.051       0.047             0.005            0.584
       Category 2     Category 1        0.365       0.361             0.005            0.257
       Category 2     Category 2        0.507       0.512            -0.005           -0.247
     COG040         COG057
       Category 1     Category 1        0.108       0.110            -0.002           -0.193
       Category 1     Category 2        0.019       0.017             0.002            0.471
       Category 2     Category 1        0.708       0.705             0.002            0.133
       Category 2     Category 2        0.165       0.167            -0.002           -0.162
     COG040         COG058
       Category 1     Category 1        0.066       0.077            -0.010           -1.046
       Category 1     Category 2        0.061       0.051             0.010            1.267
       Category 2     Category 1        0.368       0.358             0.010            0.580
       Category 2     Category 2        0.505       0.515            -0.010           -0.556
     COG040         COG060
       Category 1     Category 1        0.093       0.099            -0.006           -0.526
       Category 1     Category 2        0.034       0.028             0.006            0.952
       Category 2     Category 1        0.518       0.512             0.006            0.314
       Category 2     Category 2        0.355       0.360            -0.006           -0.327
     COG040         COG061
       Category 1     Category 1        0.100       0.111            -0.011           -0.959
       Category 1     Category 2        0.027       0.016             0.011            2.406
       Category 2     Category 1        0.659       0.648             0.011            0.631
       Category 2     Category 2        0.214       0.225            -0.011           -0.722
     COG040         COG062
       Category 1     Category 1        0.118       0.117             0.001            0.087
       Category 1     Category 2        0.009       0.011            -0.001           -0.274
       Category 2     Category 1        0.732       0.733            -0.001           -0.063
       Category 2     Category 2        0.141       0.140             0.001            0.081
     COG040         COG063
       Category 1     Category 1        0.119       0.121            -0.002           -0.183
       Category 1     Category 2        0.008       0.006             0.002            0.777
       Category 2     Category 1        0.767       0.765             0.002            0.141
       Category 2     Category 2        0.106       0.108            -0.002           -0.192
     COG040         COG064
       Category 1     Category 1        0.115       0.119            -0.004           -0.363
       Category 1     Category 2        0.012       0.008             0.004            1.332
       Category 2     Category 1        0.648       0.644             0.004            0.246
       Category 2     Category 2        0.225       0.229            -0.004           -0.280
     COG040         COG066
       Category 1     Category 1        0.112       0.118            -0.006           -0.493
       Category 1     Category 2        0.015       0.009             0.006            1.684
       Category 2     Category 1        0.712       0.706             0.006            0.350
       Category 2     Category 2        0.161       0.167            -0.006           -0.427
     COG041         COG043
       Category 1     Category 1        0.058       0.064            -0.006           -0.646
       Category 1     Category 2        0.222       0.216             0.006            0.384
       Category 2     Category 1        0.085       0.079             0.006            0.585
       Category 2     Category 2        0.635       0.640            -0.006           -0.330
     COG041         COG044
       Category 1     Category 1        0.054       0.050             0.004            0.517
       Category 1     Category 2        0.226       0.230            -0.004           -0.268
       Category 2     Category 1        0.058       0.062            -0.004           -0.466
       Category 2     Category 2        0.662       0.658             0.004            0.237
     COG041         COG045
       Category 1     Category 1        0.133       0.123             0.009            0.777
       Category 1     Category 2        0.147       0.157            -0.009           -0.702
       Category 2     Category 1        0.240       0.249            -0.009           -0.590
       Category 2     Category 2        0.480       0.471             0.009            0.511
     COG041         COG046
       Category 1     Category 1        0.168       0.169            -0.001           -0.058
       Category 1     Category 2        0.112       0.112             0.001            0.069
       Category 2     Category 1        0.345       0.344             0.001            0.046
       Category 2     Category 2        0.375       0.376            -0.001           -0.045
     COG041         COG048
       Category 1     Category 1        0.045       0.058            -0.013           -1.527
       Category 1     Category 2        0.235       0.222             0.013            0.857
       Category 2     Category 1        0.064       0.050             0.013            1.627
       Category 2     Category 2        0.656       0.669            -0.013           -0.757
     COG041         COG049
       Category 1     Category 1        0.060       0.061            -0.002           -0.181
       Category 1     Category 2        0.221       0.219             0.002            0.105
       Category 2     Category 1        0.096       0.094             0.002            0.148
       Category 2     Category 2        0.624       0.625            -0.002           -0.090
     COG041         COG050
       Category 1     Category 1        0.106       0.097             0.009            0.811
       Category 1     Category 2        0.175       0.183            -0.009           -0.619
       Category 2     Category 1        0.168       0.177            -0.009           -0.628
       Category 2     Category 2        0.552       0.543             0.009            0.481
     COG041         COG051
       Category 1     Category 1        0.055       0.048             0.007            0.949
       Category 1     Category 2        0.225       0.232            -0.007           -0.481
       Category 2     Category 1        0.065       0.072            -0.007           -0.783
       Category 2     Category 2        0.655       0.647             0.007            0.425
     COG041         COG052
       Category 1     Category 1        0.114       0.123            -0.010           -0.786
       Category 1     Category 2        0.166       0.157             0.010            0.711
       Category 2     Category 1        0.203       0.193             0.010            0.654
       Category 2     Category 2        0.517       0.526            -0.010           -0.518
     COG041         COG053
       Category 1     Category 1        0.114       0.135            -0.022           -1.711
       Category 1     Category 2        0.166       0.145             0.022            1.662
       Category 2     Category 1        0.221       0.199             0.022            1.465
       Category 2     Category 2        0.499       0.521            -0.022           -1.171
     COG041         COG054
       Category 1     Category 1        0.114       0.106             0.007            0.661
       Category 1     Category 2        0.166       0.174            -0.007           -0.537
       Category 2     Category 1        0.218       0.225            -0.007           -0.487
       Category 2     Category 2        0.502       0.495             0.007            0.407
     COG041         COG055
       Category 1     Category 1        0.058       0.049             0.009            1.127
       Category 1     Category 2        0.222       0.231            -0.009           -0.579
       Category 2     Category 1        0.064       0.073            -0.009           -0.940
       Category 2     Category 2        0.656       0.647             0.009            0.510
     COG041         COG056
       Category 1     Category 1        0.146       0.155            -0.009           -0.642
       Category 1     Category 2        0.134       0.125             0.009            0.701
       Category 2     Category 1        0.295       0.286             0.009            0.514
       Category 2     Category 2        0.425       0.433            -0.009           -0.469
     COG041         COG057
       Category 1     Category 1        0.254       0.247             0.007            0.460
       Category 1     Category 2        0.026       0.033            -0.007           -1.110
       Category 2     Category 1        0.562       0.569            -0.007           -0.400
       Category 2     Category 2        0.158       0.151             0.007            0.554
     COG041         COG058
       Category 1     Category 1        0.147       0.149            -0.001           -0.113
       Category 1     Category 2        0.133       0.131             0.001            0.119
       Category 2     Category 1        0.287       0.285             0.001            0.089
       Category 2     Category 2        0.433       0.434            -0.001           -0.081
     COG041         COG060
       Category 1     Category 1        0.203       0.200             0.003            0.204
       Category 1     Category 2        0.077       0.080            -0.003           -0.300
       Category 2     Category 1        0.409       0.412            -0.003           -0.166
       Category 2     Category 2        0.311       0.308             0.003            0.176
     COG041         COG061
       Category 1     Category 1        0.238       0.233             0.005            0.334
       Category 1     Category 2        0.042       0.047            -0.005           -0.666
       Category 2     Category 1        0.521       0.526            -0.005           -0.283
       Category 2     Category 2        0.199       0.194             0.005            0.357
     COG041         COG062
       Category 1     Category 1        0.263       0.250             0.012            0.783
       Category 1     Category 2        0.018       0.030            -0.012           -1.986
       Category 2     Category 1        0.587       0.600            -0.012           -0.692
       Category 2     Category 2        0.133       0.120             0.012            1.043
     COG041         COG063
       Category 1     Category 1        0.267       0.261             0.006            0.366
       Category 1     Category 2        0.014       0.019            -0.006           -1.163
       Category 2     Category 1        0.620       0.626            -0.006           -0.332
       Category 2     Category 2        0.100       0.094             0.006            0.550
     COG041         COG064
       Category 1     Category 1        0.241       0.241             0.000            0.003
       Category 1     Category 2        0.039       0.039             0.000           -0.006
       Category 2     Category 1        0.522       0.522             0.000           -0.002
       Category 2     Category 2        0.198       0.198             0.000            0.003
     COG041         COG066
       Category 1     Category 1        0.257       0.250             0.007            0.443
       Category 1     Category 2        0.023       0.030            -0.007           -1.123
       Category 2     Category 1        0.567       0.574            -0.007           -0.388
       Category 2     Category 2        0.153       0.146             0.007            0.543
     COG043         COG044
       Category 1     Category 1        0.031       0.035            -0.004           -0.612
       Category 1     Category 2        0.112       0.108             0.004            0.363
       Category 2     Category 1        0.081       0.077             0.004            0.423
       Category 2     Category 2        0.775       0.780            -0.004           -0.272
     COG043         COG045
       Category 1     Category 1        0.077       0.071             0.006            0.653
       Category 1     Category 2        0.066       0.072            -0.006           -0.646
       Category 2     Category 1        0.295       0.301            -0.006           -0.365
       Category 2     Category 2        0.562       0.555             0.006            0.337
     COG043         COG046
       Category 1     Category 1        0.088       0.096            -0.008           -0.749
       Category 1     Category 2        0.055       0.047             0.008            1.040
       Category 2     Category 1        0.425       0.417             0.008            0.448
       Category 2     Category 2        0.432       0.440            -0.008           -0.445
     COG043         COG048
       Category 1     Category 1        0.028       0.046            -0.017           -2.260
       Category 1     Category 2        0.115       0.098             0.017            1.591
       Category 2     Category 1        0.080       0.062             0.017            1.952
       Category 2     Category 2        0.777       0.794            -0.017           -1.168
     COG043         COG049
       Category 1     Category 1        0.042       0.040             0.002            0.315
       Category 1     Category 2        0.101       0.104            -0.002           -0.202
       Category 2     Category 1        0.114       0.116            -0.002           -0.192
       Category 2     Category 2        0.743       0.741             0.002            0.140
     COG043         COG050
       Category 1     Category 1        0.065       0.058             0.007            0.767
       Category 1     Category 2        0.078       0.085            -0.007           -0.645
       Category 2     Category 1        0.208       0.215            -0.007           -0.438
       Category 2     Category 2        0.648       0.642             0.007            0.375
     COG043         COG051
       Category 1     Category 1        0.032       0.032             0.001            0.144
       Category 1     Category 2        0.111       0.112            -0.001           -0.080
       Category 2     Category 1        0.088       0.089            -0.001           -0.089
       Category 2     Category 2        0.769       0.768             0.001            0.060
     COG043         COG052
       Category 1     Category 1        0.099       0.078             0.020            2.070
       Category 1     Category 2        0.045       0.065            -0.020           -2.254
       Category 2     Category 1        0.218       0.238            -0.020           -1.305
       Category 2     Category 2        0.639       0.618             0.020            1.145
     COG043         COG053
       Category 1     Category 1        0.061       0.088            -0.027           -2.568
       Category 1     Category 2        0.083       0.056             0.027            3.162
       Category 2     Category 1        0.273       0.247             0.027            1.684
       Category 2     Category 2        0.583       0.610            -0.027           -1.489
     COG043         COG054
       Category 1     Category 1        0.076       0.060             0.016            1.819
       Category 1     Category 2        0.068       0.084            -0.016           -1.560
       Category 2     Category 1        0.256       0.272            -0.016           -0.971
       Category 2     Category 2        0.601       0.585             0.016            0.876
     COG043         COG055
       Category 1     Category 1        0.043       0.033             0.011            1.635
       Category 1     Category 2        0.100       0.111            -0.011           -0.925
       Category 2     Category 1        0.078       0.089            -0.011           -1.019
       Category 2     Category 2        0.778       0.767             0.011            0.687
     COG043         COG056
       Category 1     Category 1        0.089       0.092            -0.002           -0.234
       Category 1     Category 2        0.054       0.052             0.002            0.306
       Category 2     Category 1        0.352       0.349             0.002            0.142
       Category 2     Category 2        0.505       0.507            -0.002           -0.135
     COG043         COG057
       Category 1     Category 1        0.123       0.132            -0.009           -0.737
       Category 1     Category 2        0.020       0.011             0.009            2.380
       Category 2     Category 1        0.693       0.684             0.009            0.537
       Category 2     Category 2        0.164       0.173            -0.009           -0.660
     COG043         COG058
       Category 1     Category 1        0.087       0.087            -0.001           -0.074
       Category 1     Category 2        0.057       0.056             0.001            0.091
       Category 2     Category 1        0.348       0.347             0.001            0.044
       Category 2     Category 2        0.509       0.510            -0.001           -0.042
     COG043         COG060
       Category 1     Category 1        0.116       0.113             0.004            0.303
       Category 1     Category 2        0.027       0.031            -0.004           -0.556
       Category 2     Category 1        0.495       0.499            -0.004           -0.192
       Category 2     Category 2        0.361       0.358             0.004            0.200
     COG043         COG061
       Category 1     Category 1        0.133       0.126             0.007            0.532
       Category 1     Category 2        0.011       0.017            -0.007           -1.355
       Category 2     Category 1        0.627       0.633            -0.007           -0.367
       Category 2     Category 2        0.230       0.224             0.007            0.424
     COG043         COG062
       Category 1     Category 1        0.139       0.132             0.007            0.594
       Category 1     Category 2        0.004       0.011            -0.007           -1.888
       Category 2     Category 1        0.710       0.718            -0.007           -0.446
       Category 2     Category 2        0.146       0.139             0.007            0.581
     COG043         COG063
       Category 1     Category 1        0.137       0.137             0.000           -0.036
       Category 1     Category 2        0.007       0.006             0.000            0.155
       Category 2     Category 1        0.750       0.749             0.000            0.028
       Category 2     Category 2        0.107       0.107             0.000           -0.040
     COG043         COG064
       Category 1     Category 1        0.133       0.132             0.001            0.083
       Category 1     Category 2        0.011       0.012            -0.001           -0.258
       Category 2     Category 1        0.631       0.632            -0.001           -0.058
       Category 2     Category 2        0.226       0.225             0.001            0.067
     COG043         COG066
       Category 1     Category 1        0.137       0.134             0.003            0.226
       Category 1     Category 2        0.007       0.010            -0.003           -0.788
       Category 2     Category 1        0.687       0.690            -0.003           -0.166
       Category 2     Category 2        0.169       0.166             0.003            0.206
     COG044         COG045
       Category 1     Category 1        0.065       0.055             0.009            1.128
       Category 1     Category 2        0.047       0.057            -0.009           -1.115
       Category 2     Category 1        0.307       0.317            -0.009           -0.555
       Category 2     Category 2        0.581       0.571             0.009            0.522
     COG044         COG046
       Category 1     Category 1        0.076       0.075             0.001            0.077
       Category 1     Category 2        0.037       0.037            -0.001           -0.107
       Category 2     Category 1        0.437       0.438            -0.001           -0.041
       Category 2     Category 2        0.451       0.450             0.001            0.041
     COG044         COG048
       Category 1     Category 1        0.028       0.036            -0.008           -1.100
       Category 1     Category 2        0.084       0.076             0.008            0.771
       Category 2     Category 1        0.080       0.072             0.008            0.791
       Category 2     Category 2        0.808       0.815            -0.008           -0.528
     COG044         COG049
       Category 1     Category 1        0.034       0.031             0.003            0.438
       Category 1     Category 2        0.078       0.081            -0.003           -0.278
       Category 2     Category 1        0.122       0.125            -0.003           -0.230
       Category 2     Category 2        0.766       0.763             0.003            0.178
     COG044         COG050
       Category 1     Category 1        0.054       0.046             0.009            1.114
       Category 1     Category 2        0.058       0.067            -0.009           -0.931
       Category 2     Category 1        0.219       0.228            -0.009           -0.554
       Category 2     Category 2        0.668       0.660             0.009            0.491
     COG044         COG051
       Category 1     Category 1        0.030       0.025             0.005            0.889
       Category 1     Category 2        0.083       0.088            -0.005           -0.488
       Category 2     Category 1        0.091       0.096            -0.005           -0.469
       Category 2     Category 2        0.797       0.792             0.005            0.340
     COG044         COG052
       Category 1     Category 1        0.055       0.061            -0.006           -0.635
       Category 1     Category 2        0.057       0.051             0.006            0.690
       Category 2     Category 1        0.261       0.256             0.006            0.349
       Category 2     Category 2        0.627       0.632            -0.006           -0.315
     COG044         COG053
       Category 1     Category 1        0.062       0.068            -0.006           -0.643
       Category 1     Category 2        0.050       0.044             0.006            0.789
       Category 2     Category 1        0.272       0.266             0.006            0.367
       Category 2     Category 2        0.616       0.622            -0.006           -0.334
     COG044         COG054
       Category 1     Category 1        0.054       0.047             0.007            0.939
       Category 1     Category 2        0.058       0.065            -0.007           -0.802
       Category 2     Category 1        0.277       0.285            -0.007           -0.440
       Category 2     Category 2        0.610       0.603             0.007            0.405
     COG044         COG055
       Category 1     Category 1        0.030       0.026             0.004            0.730
       Category 1     Category 2        0.083       0.087            -0.004           -0.409
       Category 2     Category 1        0.092       0.096            -0.004           -0.391
       Category 2     Category 2        0.796       0.791             0.004            0.284
     COG044         COG056
       Category 1     Category 1        0.074       0.072             0.003            0.296
       Category 1     Category 2        0.038       0.041            -0.003           -0.386
       Category 2     Category 1        0.367       0.370            -0.003           -0.158
       Category 2     Category 2        0.521       0.518             0.003            0.153
     COG044         COG057
       Category 1     Category 1        0.095       0.103            -0.009           -0.776
       Category 1     Category 2        0.018       0.009             0.009            2.518
       Category 2     Category 1        0.721       0.713             0.009            0.522
       Category 2     Category 2        0.166       0.175            -0.009           -0.622
     COG044         COG058
       Category 1     Category 1        0.068       0.068            -0.001           -0.059
       Category 1     Category 2        0.045       0.044             0.001            0.072
       Category 2     Category 1        0.367       0.366             0.001            0.031
       Category 2     Category 2        0.521       0.522            -0.001           -0.030
     COG044         COG060
       Category 1     Category 1        0.091       0.088             0.003            0.247
       Category 1     Category 2        0.022       0.024            -0.003           -0.455
       Category 2     Category 1        0.521       0.524            -0.003           -0.140
       Category 2     Category 2        0.367       0.364             0.003            0.146
     COG044         COG061
       Category 1     Category 1        0.097       0.099            -0.001           -0.102
       Category 1     Category 2        0.015       0.014             0.001            0.261
       Category 2     Category 1        0.662       0.661             0.001            0.064
       Category 2     Category 2        0.226       0.227            -0.001           -0.072
     COG044         COG062
       Category 1     Category 1        0.104       0.103             0.001            0.086
       Category 1     Category 2        0.008       0.009            -0.001           -0.275
       Category 2     Category 1        0.746       0.747            -0.001           -0.060
       Category 2     Category 2        0.142       0.141             0.001            0.075
     COG044         COG063
       Category 1     Category 1        0.107       0.107             0.000           -0.030
       Category 1     Category 2        0.005       0.005             0.000            0.131
       Category 2     Category 1        0.779       0.779             0.000            0.022
       Category 2     Category 2        0.108       0.109             0.000           -0.030
     COG044         COG064
       Category 1     Category 1        0.101       0.103            -0.001           -0.111
       Category 1     Category 2        0.011       0.010             0.001            0.347
       Category 2     Category 1        0.662       0.660             0.001            0.071
       Category 2     Category 2        0.226       0.227            -0.001           -0.081
     COG044         COG066
       Category 1     Category 1        0.107       0.105             0.002            0.204
       Category 1     Category 2        0.005       0.008            -0.002           -0.714
       Category 2     Category 1        0.717       0.719            -0.002           -0.139
       Category 2     Category 2        0.171       0.168             0.002            0.167
     COG045         COG046
       Category 1     Category 1        0.223       0.210             0.013            0.868
       Category 1     Category 2        0.149       0.162            -0.013           -0.961
       Category 2     Category 1        0.290       0.303            -0.013           -0.770
       Category 2     Category 2        0.338       0.325             0.013            0.755
     COG045         COG048
       Category 1     Category 1        0.051       0.060            -0.009           -0.982
       Category 1     Category 2        0.321       0.312             0.009            0.504
       Category 2     Category 1        0.057       0.048             0.009            1.089
       Category 2     Category 2        0.571       0.580            -0.009           -0.473
     COG045         COG049
       Category 1     Category 1        0.088       0.087             0.001            0.123
       Category 1     Category 2        0.284       0.285            -0.001           -0.077
       Category 2     Category 1        0.068       0.069            -0.001           -0.137
       Category 2     Category 2        0.560       0.559             0.001            0.070
     COG045         COG050
       Category 1     Category 1        0.181       0.144             0.038            2.928
       Category 1     Category 2        0.191       0.229            -0.038           -2.445
       Category 2     Category 1        0.092       0.130            -0.038           -3.055
       Category 2     Category 2        0.536       0.498             0.038            2.053
     COG045         COG051
       Category 1     Category 1        0.072       0.068             0.004            0.387
       Category 1     Category 2        0.300       0.304            -0.004           -0.212
       Category 2     Category 1        0.049       0.052            -0.004           -0.438
       Category 2     Category 2        0.579       0.576             0.004            0.197
     COG045         COG052
       Category 1     Category 1        0.146       0.144             0.002            0.168
       Category 1     Category 2        0.226       0.228            -0.002           -0.140
       Category 2     Category 1        0.171       0.173            -0.002           -0.156
       Category 2     Category 2        0.457       0.455             0.002            0.118
     COG045         COG053
       Category 1     Category 1        0.157       0.156             0.001            0.087
       Category 1     Category 2        0.215       0.216            -0.001           -0.077
       Category 2     Category 1        0.177       0.178            -0.001           -0.083
       Category 2     Category 2        0.451       0.449             0.001            0.064
     COG045         COG054
       Category 1     Category 1        0.150       0.145             0.005            0.370
       Category 1     Category 2        0.222       0.227            -0.005           -0.311
       Category 2     Category 1        0.181       0.186            -0.005           -0.335
       Category 2     Category 2        0.447       0.442             0.005            0.263
     COG045         COG055
       Category 1     Category 1        0.066       0.070            -0.004           -0.390
       Category 1     Category 2        0.306       0.302             0.004            0.217
       Category 2     Category 1        0.055       0.052             0.004            0.449
       Category 2     Category 2        0.572       0.576            -0.004           -0.201
     COG045         COG056
       Category 1     Category 1        0.202       0.216            -0.015           -0.963
       Category 1     Category 2        0.171       0.156             0.015            1.093
       Category 2     Category 1        0.240       0.225             0.015            0.950
       Category 2     Category 2        0.388       0.403            -0.015           -0.809
     COG045         COG057
       Category 1     Category 1        0.314       0.319            -0.005           -0.274
       Category 1     Category 2        0.058       0.053             0.005            0.567
       Category 2     Category 1        0.502       0.497             0.005            0.255
       Category 2     Category 2        0.126       0.131            -0.005           -0.379
     COG045         COG058
       Category 1     Category 1        0.198       0.207            -0.010           -0.645
       Category 1     Category 2        0.175       0.165             0.010            0.705
       Category 2     Category 1        0.237       0.227             0.010            0.624
       Category 2     Category 2        0.391       0.401            -0.010           -0.534
     COG045         COG060
       Category 1     Category 1        0.271       0.276            -0.005           -0.307
       Category 1     Category 2        0.101       0.096             0.005            0.464
       Category 2     Category 1        0.341       0.336             0.005            0.290
       Category 2     Category 2        0.287       0.292            -0.005           -0.301
     COG045         COG061
       Category 1     Category 1        0.300       0.317            -0.016           -0.941
       Category 1     Category 2        0.072       0.056             0.016            1.911
       Category 2     Category 1        0.459       0.443             0.016            0.882
       Category 2     Category 2        0.169       0.185            -0.016           -1.127
     COG045         COG062
       Category 1     Category 1        0.342       0.336             0.006            0.351
       Category 1     Category 2        0.030       0.036            -0.006           -0.892
       Category 2     Category 1        0.507       0.514            -0.006           -0.332
       Category 2     Category 2        0.120       0.114             0.006            0.521
     COG045         COG063
       Category 1     Category 1        0.342       0.351            -0.008           -0.465
       Category 1     Category 2        0.030       0.022             0.008            1.524
       Category 2     Category 1        0.544       0.536             0.008            0.445
       Category 2     Category 2        0.084       0.092            -0.008           -0.767
     COG045         COG064
       Category 1     Category 1        0.318       0.340            -0.022           -1.255
       Category 1     Category 2        0.054       0.032             0.022            3.363
       Category 2     Category 1        0.445       0.423             0.022            1.203
       Category 2     Category 2        0.183       0.205            -0.022           -1.473
     COG045         COG066
       Category 1     Category 1        0.329       0.339            -0.010           -0.575
       Category 1     Category 2        0.043       0.033             0.010            1.518
       Category 2     Category 1        0.495       0.485             0.010            0.545
       Category 2     Category 2        0.133       0.143            -0.010           -0.779
     COG046         COG048
       Category 1     Category 1        0.072       0.080            -0.008           -0.839
       Category 1     Category 2        0.441       0.433             0.008            0.460
       Category 2     Category 1        0.037       0.028             0.008            1.377
       Category 2     Category 2        0.451       0.459            -0.008           -0.457
     COG046         COG049
       Category 1     Category 1        0.101       0.097             0.005            0.422
       Category 1     Category 2        0.411       0.416            -0.005           -0.253
       Category 2     Category 1        0.054       0.059            -0.005           -0.531
       Category 2     Category 2        0.433       0.428             0.005            0.252
     COG046         COG050
       Category 1     Category 1        0.157       0.160            -0.003           -0.258
       Category 1     Category 2        0.356       0.352             0.003            0.198
       Category 2     Category 1        0.116       0.113             0.003            0.299
       Category 2     Category 2        0.371       0.374            -0.003           -0.195
     COG046         COG051
       Category 1     Category 1        0.080       0.076             0.004            0.439
       Category 1     Category 2        0.433       0.437            -0.004           -0.234
       Category 2     Category 1        0.041       0.045            -0.004           -0.560
       Category 2     Category 2        0.447       0.442             0.004            0.234
     COG046         COG052
       Category 1     Category 1        0.162       0.197            -0.034           -2.350
       Category 1     Category 2        0.350       0.316             0.034            2.010
       Category 2     Category 1        0.154       0.120             0.034            2.877
       Category 2     Category 2        0.333       0.367            -0.034           -1.938
     COG046         COG053
       Category 1     Category 1        0.191       0.213            -0.022           -1.458
       Category 1     Category 2        0.322       0.300             0.022            1.302
       Category 2     Category 1        0.143       0.121             0.022            1.826
       Category 2     Category 2        0.344       0.366            -0.022           -1.239
     COG046         COG054
       Category 1     Category 1        0.183       0.184            -0.001           -0.068
       Category 1     Category 2        0.330       0.329             0.001            0.056
       Category 2     Category 1        0.149       0.148             0.001            0.074
       Category 2     Category 2        0.338       0.339            -0.001           -0.055
     COG046         COG055
       Category 1     Category 1        0.084       0.077             0.007            0.701
       Category 1     Category 2        0.429       0.436            -0.007           -0.377
       Category 2     Category 1        0.038       0.045            -0.007           -0.904
       Category 2     Category 2        0.449       0.442             0.007            0.377
     COG046         COG056
       Category 1     Category 1        0.263       0.258             0.004            0.268
       Category 1     Category 2        0.250       0.255            -0.004           -0.269
       Category 2     Category 1        0.179       0.183            -0.004           -0.303
       Category 2     Category 2        0.309       0.304             0.004            0.255
     COG046         COG057
       Category 1     Category 1        0.432       0.439            -0.007           -0.400
       Category 1     Category 2        0.081       0.074             0.007            0.759
       Category 2     Category 1        0.384       0.377             0.007            0.410
       Category 2     Category 2        0.103       0.110            -0.007           -0.634
     COG046         COG058
       Category 1     Category 1        0.258       0.251             0.008            0.479
       Category 1     Category 2        0.254       0.262            -0.008           -0.472
       Category 2     Category 1        0.176       0.184            -0.008           -0.537
       Category 2     Category 2        0.311       0.304             0.008            0.452
     COG046         COG060
       Category 1     Category 1        0.353       0.344             0.009            0.523
       Category 1     Category 2        0.160       0.169            -0.009           -0.664
       Category 2     Category 1        0.258       0.268            -0.009           -0.562
       Category 2     Category 2        0.229       0.220             0.009            0.601
     COG046         COG061
       Category 1     Category 1        0.425       0.411             0.014            0.746
       Category 1     Category 2        0.088       0.101            -0.014           -1.216
       Category 2     Category 1        0.334       0.348            -0.014           -0.771
       Category 2     Category 2        0.153       0.139             0.014            1.061
     COG046         COG062
       Category 1     Category 1        0.470       0.449             0.021            1.126
       Category 1     Category 2        0.043       0.064            -0.021           -2.291
       Category 2     Category 1        0.380       0.401            -0.021           -1.143
       Category 2     Category 2        0.107       0.086             0.021            1.995
     COG046         COG063
       Category 1     Category 1        0.478       0.468             0.009            0.500
       Category 1     Category 2        0.035       0.044            -0.009           -1.212
       Category 2     Category 1        0.409       0.418            -0.009           -0.506
       Category 2     Category 2        0.078       0.069             0.009            0.982
     COG046         COG064
       Category 1     Category 1        0.422       0.421             0.001            0.046
       Category 1     Category 2        0.091       0.092            -0.001           -0.079
       Category 2     Category 1        0.341       0.342            -0.001           -0.048
       Category 2     Category 2        0.146       0.145             0.001            0.065
     COG046         COG066
       Category 1     Category 1        0.463       0.444             0.019            1.026
       Category 1     Category 2        0.050       0.069            -0.019           -2.013
       Category 2     Category 1        0.361       0.380            -0.019           -1.050
       Category 2     Category 2        0.126       0.107             0.019            1.648
     COG048         COG049
       Category 1     Category 1        0.027       0.038            -0.010           -1.498
       Category 1     Category 2        0.081       0.071             0.010            1.110
       Category 2     Category 1        0.129       0.118             0.010            0.882
       Category 2     Category 2        0.763       0.774            -0.010           -0.680
     COG048         COG050
       Category 1     Category 1        0.047       0.052            -0.004           -0.510
       Category 1     Category 2        0.061       0.057             0.004            0.487
       Category 2     Category 1        0.226       0.222             0.004            0.271
       Category 2     Category 2        0.666       0.670            -0.004           -0.240
     COG048         COG051
       Category 1     Category 1        0.030       0.030             0.000           -0.068
       Category 1     Category 2        0.078       0.078             0.000            0.044
       Category 2     Category 1        0.091       0.090             0.000            0.041
       Category 2     Category 2        0.801       0.802             0.000           -0.029
     COG048         COG052
       Category 1     Category 1        0.051       0.072            -0.021           -2.169
       Category 1     Category 2        0.057       0.036             0.021            3.003
       Category 2     Category 1        0.265       0.245             0.021            1.305
       Category 2     Category 2        0.627       0.647            -0.021           -1.174
     COG048         COG053
       Category 1     Category 1        0.107       0.082             0.025            2.523
       Category 1     Category 2        0.001       0.027            -0.025           -4.278
       Category 2     Category 1        0.227       0.253            -0.025           -1.588
       Category 2     Category 2        0.664       0.639             0.025            1.437
     COG048         COG054
       Category 1     Category 1        0.051       0.050             0.002            0.208
       Category 1     Category 2        0.057       0.058            -0.002           -0.193
       Category 2     Category 1        0.280       0.282            -0.002           -0.101
       Category 2     Category 2        0.612       0.610             0.002            0.093
     COG048         COG055
       Category 1     Category 1        0.028       0.031            -0.003           -0.474
       Category 1     Category 2        0.080       0.077             0.003            0.311
       Category 2     Category 1        0.093       0.090             0.003            0.289
       Category 2     Category 2        0.798       0.801            -0.003           -0.208
     COG048         COG056
       Category 1     Category 1        0.054       0.079            -0.025           -2.529
       Category 1     Category 2        0.054       0.029             0.025            4.072
       Category 2     Category 1        0.387       0.362             0.025            1.422
       Category 2     Category 2        0.505       0.530            -0.025           -1.369
     COG048         COG057
       Category 1     Category 1        0.096       0.104            -0.007           -0.663
       Category 1     Category 2        0.012       0.005             0.007            2.935
       Category 2     Category 1        0.720       0.712             0.007            0.446
       Category 2     Category 2        0.172       0.179            -0.007           -0.526
     COG048         COG058
       Category 1     Category 1        0.058       0.075            -0.017           -1.717
       Category 1     Category 2        0.050       0.033             0.017            2.513
       Category 2     Category 1        0.376       0.360             0.017            0.941
       Category 2     Category 2        0.516       0.532            -0.017           -0.905
     COG048         COG060
       Category 1     Category 1        0.078       0.093            -0.014           -1.336
       Category 1     Category 2        0.030       0.016             0.014            3.136
       Category 2     Category 1        0.533       0.519             0.014            0.776
       Category 2     Category 2        0.359       0.373            -0.014           -0.801
     COG048         COG061
       Category 1     Category 1        0.087       0.100            -0.013           -1.197
       Category 1     Category 2        0.022       0.008             0.013            3.916
       Category 2     Category 1        0.673       0.659             0.013            0.757
       Category 2     Category 2        0.219       0.232            -0.013           -0.849
     COG048         COG062
       Category 1     Category 1        0.097       0.102            -0.005           -0.435
       Category 1     Category 2        0.011       0.006             0.005            1.711
       Category 2     Category 1        0.752       0.748             0.005            0.304
       Category 2     Category 2        0.139       0.144            -0.005           -0.375
     COG048         COG063
       Category 1     Category 1        0.100       0.106            -0.006           -0.489
       Category 1     Category 2        0.008       0.003             0.006            2.953
       Category 2     Category 1        0.786       0.781             0.006            0.363
       Category 2     Category 2        0.106       0.111            -0.006           -0.478
     COG048         COG064
       Category 1     Category 1        0.100       0.104            -0.004           -0.362
       Category 1     Category 2        0.008       0.004             0.004            1.743
       Category 2     Category 1        0.663       0.659             0.004            0.233
       Category 2     Category 2        0.229       0.233            -0.004           -0.262
     COG048         COG066
       Category 1     Category 1        0.099       0.105            -0.006           -0.509
       Category 1     Category 2        0.009       0.004             0.006            2.553
       Category 2     Category 1        0.725       0.720             0.006            0.347
       Category 2     Category 2        0.166       0.172            -0.006           -0.413
     COG049         COG050
       Category 1     Category 1        0.078       0.074             0.004            0.420
       Category 1     Category 2        0.077       0.081            -0.004           -0.403
       Category 2     Category 1        0.195       0.199            -0.004           -0.276
       Category 2     Category 2        0.650       0.645             0.004            0.230
     COG049         COG051
       Category 1     Category 1        0.068       0.065             0.002            0.266
       Category 1     Category 2        0.088       0.090            -0.002           -0.230
       Category 2     Category 1        0.053       0.055            -0.002           -0.288
       Category 2     Category 2        0.792       0.789             0.002            0.161
     COG049         COG052
       Category 1     Category 1        0.074       0.073             0.001            0.100
       Category 1     Category 2        0.081       0.082            -0.001           -0.095
       Category 2     Category 1        0.242       0.243            -0.001           -0.061
       Category 2     Category 2        0.602       0.601             0.001            0.053
     COG049         COG053
       Category 1     Category 1        0.069       0.081            -0.012           -1.206
       Category 1     Category 2        0.087       0.074             0.012            1.254
       Category 2     Category 1        0.265       0.253             0.012            0.757
       Category 2     Category 2        0.579       0.591            -0.012           -0.670
     COG049         COG054
       Category 1     Category 1        0.074       0.085            -0.011           -1.060
       Category 1     Category 2        0.081       0.070             0.011            1.158
       Category 2     Category 1        0.257       0.246             0.011            0.687
       Category 2     Category 2        0.587       0.598            -0.011           -0.604
     COG049         COG055
       Category 1     Category 1        0.062       0.069            -0.007           -0.723
       Category 1     Category 2        0.093       0.087             0.007            0.651
       Category 2     Category 1        0.060       0.053             0.007            0.819
       Category 2     Category 2        0.785       0.792            -0.007           -0.451
     COG049         COG056
       Category 1     Category 1        0.154       0.144             0.010            0.761
       Category 1     Category 2        0.001       0.011            -0.010           -2.543
       Category 2     Category 1        0.287       0.297            -0.010           -0.586
       Category 2     Category 2        0.558       0.548             0.010            0.537
     COG049         COG057
       Category 1     Category 1        0.142       0.139             0.003            0.227
       Category 1     Category 2        0.014       0.016            -0.003           -0.618
       Category 2     Category 1        0.674       0.677            -0.003           -0.168
       Category 2     Category 2        0.171       0.168             0.003            0.210
     COG049         COG058
       Category 1     Category 1        0.123       0.135            -0.012           -0.935
       Category 1     Category 2        0.032       0.021             0.012            2.243
       Category 2     Category 1        0.311       0.299             0.012            0.698
       Category 2     Category 2        0.533       0.545            -0.012           -0.642
     COG049         COG060
       Category 1     Category 1        0.150       0.152            -0.002           -0.146
       Category 1     Category 2        0.005       0.003             0.002            0.889
       Category 2     Category 1        0.461       0.460             0.002            0.105
       Category 2     Category 2        0.383       0.385            -0.002           -0.108
     COG049         COG061
       Category 1     Category 1        0.147       0.154            -0.006           -0.459
       Category 1     Category 2        0.008       0.002             0.006            3.676
       Category 2     Category 1        0.612       0.606             0.006            0.339
       Category 2     Category 2        0.233       0.239            -0.006           -0.388
     COG049         COG062
       Category 1     Category 1        0.152       0.153            -0.002           -0.115
       Category 1     Category 2        0.004       0.003             0.002            0.822
       Category 2     Category 1        0.698       0.697             0.002            0.090
       Category 2     Category 2        0.146       0.148            -0.002           -0.117
     COG049         COG063
       Category 1     Category 1        0.154       0.155            -0.001           -0.084
       Category 1     Category 2        0.001       0.000             0.001            2.019
       Category 2     Category 1        0.732       0.731             0.001            0.069
       Category 2     Category 2        0.112       0.113            -0.001           -0.096
     COG049         COG064
       Category 1     Category 1        0.145       0.151            -0.006           -0.452
       Category 1     Category 2        0.011       0.005             0.006            2.325
       Category 2     Category 1        0.618       0.612             0.006            0.332
       Category 2     Category 2        0.226       0.232            -0.006           -0.384
     COG049         COG066
       Category 1     Category 1        0.156       0.156             0.000            0.008
       Category 1     Category 2        0.000       0.000             0.000           -0.280
       Category 2     Category 1        0.668       0.669             0.000           -0.006
       Category 2     Category 2        0.176       0.176             0.000            0.008
     COG050         COG051
       Category 1     Category 1        0.064       0.059             0.005            0.542
       Category 1     Category 2        0.210       0.214            -0.005           -0.311
       Category 2     Category 1        0.057       0.062            -0.005           -0.531
       Category 2     Category 2        0.670       0.665             0.005            0.270
     COG050         COG052
       Category 1     Category 1        0.120       0.114             0.006            0.519
       Category 1     Category 2        0.153       0.159            -0.006           -0.452
       Category 2     Category 1        0.196       0.202            -0.006           -0.411
       Category 2     Category 2        0.530       0.524             0.006            0.331
     COG050         COG053
       Category 1     Category 1        0.122       0.125            -0.003           -0.250
       Category 1     Category 2        0.152       0.149             0.003            0.232
       Category 2     Category 1        0.212       0.209             0.003            0.203
       Category 2     Category 2        0.514       0.517            -0.003           -0.165
     COG050         COG054
       Category 1     Category 1        0.127       0.114             0.013            1.133
       Category 1     Category 2        0.146       0.159            -0.013           -0.984
       Category 2     Category 1        0.204       0.218            -0.013           -0.873
       Category 2     Category 2        0.522       0.509             0.013            0.720
     COG050         COG055
       Category 1     Category 1        0.065       0.061             0.004            0.468
       Category 1     Category 2        0.208       0.213            -0.004           -0.273
       Category 2     Category 1        0.057       0.061            -0.004           -0.468
       Category 2     Category 2        0.670       0.666             0.004            0.237
     COG050         COG056
       Category 1     Category 1        0.162       0.176            -0.013           -0.941
       Category 1     Category 2        0.111       0.098             0.013            1.205
       Category 2     Category 1        0.279       0.266             0.013            0.811
       Category 2     Category 2        0.448       0.461            -0.013           -0.718
     COG050         COG057
       Category 1     Category 1        0.233       0.238            -0.006           -0.352
       Category 1     Category 2        0.041       0.035             0.006            0.815
       Category 2     Category 1        0.583       0.578             0.006            0.303
       Category 2     Category 2        0.143       0.149            -0.006           -0.421
     COG050         COG058
       Category 1     Category 1        0.156       0.167            -0.011           -0.816
       Category 1     Category 2        0.118       0.107             0.011            0.986
       Category 2     Category 1        0.279       0.268             0.011            0.687
       Category 2     Category 2        0.448       0.459            -0.011           -0.611
     COG050         COG060
       Category 1     Category 1        0.211       0.216            -0.005           -0.347
       Category 1     Category 2        0.062       0.057             0.005            0.617
       Category 2     Category 1        0.401       0.395             0.005            0.292
       Category 2     Category 2        0.326       0.331            -0.005           -0.304
     COG050         COG061
       Category 1     Category 1        0.238       0.241            -0.003           -0.207
       Category 1     Category 2        0.035       0.032             0.003            0.504
       Category 2     Category 1        0.521       0.518             0.003            0.177
       Category 2     Category 2        0.206       0.209            -0.003           -0.218
     COG050         COG062
       Category 1     Category 1        0.250       0.252            -0.002           -0.112
       Category 1     Category 2        0.023       0.021             0.002            0.336
       Category 2     Category 1        0.599       0.598             0.002            0.099
       Category 2     Category 2        0.127       0.129            -0.002           -0.145
     COG050         COG063
       Category 1     Category 1        0.263       0.262             0.000            0.024
       Category 1     Category 2        0.011       0.011             0.000           -0.101
       Category 2     Category 1        0.624       0.624             0.000           -0.022
       Category 2     Category 2        0.103       0.102             0.000            0.035
     COG050         COG064
       Category 1     Category 1        0.240       0.261            -0.022           -1.350
       Category 1     Category 2        0.034       0.012             0.022            5.447
       Category 2     Category 1        0.524       0.502             0.022            1.187
       Category 2     Category 2        0.203       0.225            -0.022           -1.421
     COG050         COG066
       Category 1     Category 1        0.249       0.256            -0.007           -0.462
       Category 1     Category 2        0.024       0.017             0.007            1.562
       Category 2     Category 1        0.575       0.568             0.007            0.407
       Category 2     Category 2        0.152       0.159            -0.007           -0.551
     COG051         COG052
       Category 1     Category 1        0.065       0.058             0.007            0.834
       Category 1     Category 2        0.055       0.063            -0.007           -0.803
       Category 2     Category 1        0.252       0.259            -0.007           -0.444
       Category 2     Category 2        0.628       0.621             0.007            0.401
     COG051         COG053
       Category 1     Category 1        0.061       0.064            -0.003           -0.333
       Category 1     Category 2        0.060       0.057             0.003            0.352
       Category 2     Category 1        0.273       0.270             0.003            0.183
       Category 2     Category 2        0.606       0.609            -0.003           -0.167
     COG051         COG054
       Category 1     Category 1        0.066       0.067            -0.001           -0.107
       Category 1     Category 2        0.054       0.053             0.001            0.120
       Category 2     Category 1        0.265       0.264             0.001            0.061
       Category 2     Category 2        0.614       0.615            -0.001           -0.055
     COG051         COG055
       Category 1     Category 1        0.061       0.057             0.004            0.507
       Category 1     Category 2        0.060       0.064            -0.004           -0.479
       Category 2     Category 1        0.061       0.065            -0.004           -0.474
       Category 2     Category 2        0.819       0.814             0.004            0.301
     COG051         COG056
       Category 1     Category 1        0.111       0.112            -0.001           -0.120
       Category 1     Category 2        0.009       0.008             0.001            0.425
       Category 2     Category 1        0.330       0.329             0.001            0.081
       Category 2     Category 2        0.549       0.551            -0.001           -0.076
     COG051         COG057
       Category 1     Category 1        0.110       0.108             0.002            0.138
       Category 1     Category 2        0.011       0.012            -0.002           -0.387
       Category 2     Category 1        0.706       0.708            -0.002           -0.094
       Category 2     Category 2        0.173       0.172             0.002            0.113
     COG051         COG058
       Category 1     Category 1        0.120       0.105             0.015            1.322
       Category 1     Category 2        0.000       0.015            -0.015           -3.348
       Category 2     Category 1        0.314       0.329            -0.015           -0.864
       Category 2     Category 2        0.566       0.551             0.015            0.816
     COG051         COG060
       Category 1     Category 1        0.116       0.118            -0.001           -0.125
       Category 1     Category 2        0.004       0.003             0.001            0.795
       Category 2     Category 1        0.495       0.494             0.001            0.081
       Category 2     Category 2        0.384       0.386            -0.001           -0.083
     COG051         COG061
       Category 1     Category 1        0.116       0.119            -0.003           -0.216
       Category 1     Category 2        0.004       0.001             0.003            1.809
       Category 2     Category 1        0.643       0.640             0.003            0.145
       Category 2     Category 2        0.237       0.239            -0.003           -0.164
     COG051         COG062
       Category 1     Category 1        0.118       0.119            -0.001           -0.072
       Category 1     Category 2        0.003       0.002             0.001            0.544
       Category 2     Category 1        0.732       0.731             0.001            0.053
       Category 2     Category 2        0.147       0.148            -0.001           -0.066
     COG051         COG063
       Category 1     Category 1        0.118       0.120            -0.003           -0.211
       Category 1     Category 2        0.003       0.000             0.003            5.164
       Category 2     Category 1        0.769       0.766             0.003            0.162
       Category 2     Category 2        0.111       0.113            -0.003           -0.217
     COG051         COG064
       Category 1     Category 1        0.115       0.117            -0.002           -0.159
       Category 1     Category 2        0.005       0.004             0.002            0.859
       Category 2     Category 1        0.648       0.646             0.002            0.107
       Category 2     Category 2        0.231       0.233            -0.002           -0.121
     COG051         COG066
       Category 1     Category 1        0.120       0.120             0.000            0.008
       Category 1     Category 2        0.000       0.000             0.000           -0.264
       Category 2     Category 1        0.704       0.704             0.000           -0.006
       Category 2     Category 2        0.176       0.176             0.000            0.007
     COG052         COG053
       Category 1     Category 1        0.141       0.164            -0.023           -1.688
       Category 1     Category 2        0.176       0.153             0.023            1.735
       Category 2     Category 1        0.194       0.171             0.023            1.660
       Category 2     Category 2        0.490       0.513            -0.023           -1.249
     COG052         COG054
       Category 1     Category 1        0.157       0.123             0.034            2.785
       Category 1     Category 2        0.160       0.193            -0.034           -2.318
       Category 2     Category 1        0.175       0.208            -0.034           -2.255
       Category 2     Category 2        0.509       0.475             0.034            1.833
     COG052         COG055
       Category 1     Category 1        0.077       0.059             0.018            2.044
       Category 1     Category 2        0.240       0.257            -0.018           -1.105
       Category 2     Category 1        0.045       0.062            -0.018           -1.997
       Category 2     Category 2        0.639       0.621             0.018            0.996
     COG052         COG056
       Category 1     Category 1        0.180       0.183            -0.003           -0.191
       Category 1     Category 2        0.137       0.134             0.003            0.217
       Category 2     Category 1        0.261       0.258             0.003            0.169
       Category 2     Category 2        0.422       0.425            -0.003           -0.149
     COG052         COG057
       Category 1     Category 1        0.277       0.284            -0.006           -0.381
       Category 1     Category 2        0.039       0.033             0.006            0.962
       Category 2     Category 1        0.539       0.532             0.006            0.344
       Category 2     Category 2        0.145       0.151            -0.006           -0.479
     COG052         COG058
       Category 1     Category 1        0.171       0.175            -0.005           -0.337
       Category 1     Category 2        0.146       0.141             0.005            0.368
       Category 2     Category 1        0.264       0.259             0.005            0.293
       Category 2     Category 2        0.419       0.424            -0.005           -0.260
     COG052         COG060
       Category 1     Category 1        0.237       0.233             0.004            0.236
       Category 1     Category 2        0.080       0.084            -0.004           -0.360
       Category 2     Category 1        0.375       0.378            -0.004           -0.205
       Category 2     Category 2        0.309       0.305             0.004            0.216
     COG052         COG061
       Category 1     Category 1        0.277       0.268             0.009            0.562
       Category 1     Category 2        0.039       0.048            -0.009           -1.161
       Category 2     Category 1        0.482       0.491            -0.009           -0.498
       Category 2     Category 2        0.202       0.192             0.009            0.632
     COG052         COG062
       Category 1     Category 1        0.291       0.285             0.005            0.327
       Category 1     Category 2        0.026       0.031            -0.005           -0.851
       Category 2     Category 1        0.559       0.564            -0.005           -0.298
       Category 2     Category 2        0.124       0.119             0.005            0.457
     COG052         COG063
       Category 1     Category 1        0.302       0.298             0.004            0.251
       Category 1     Category 2        0.015       0.019            -0.004           -0.840
       Category 2     Category 1        0.585       0.589            -0.004           -0.234
       Category 2     Category 2        0.099       0.095             0.004            0.393
     COG052         COG064
       Category 1     Category 1        0.280       0.279             0.001            0.085
       Category 1     Category 2        0.037       0.038            -0.001           -0.199
       Category 2     Category 1        0.483       0.484            -0.001           -0.076
       Category 2     Category 2        0.200       0.199             0.001            0.095
     COG052         COG066
       Category 1     Category 1        0.288       0.287             0.001            0.063
       Category 1     Category 2        0.028       0.029            -0.001           -0.168
       Category 2     Category 1        0.536       0.537            -0.001           -0.057
       Category 2     Category 2        0.147       0.146             0.001            0.080
     COG053         COG054
       Category 1     Category 1        0.139       0.133             0.007            0.527
       Category 1     Category 2        0.195       0.201            -0.007           -0.446
       Category 2     Category 1        0.192       0.199            -0.007           -0.448
       Category 2     Category 2        0.474       0.467             0.007            0.359
     COG053         COG055
       Category 1     Category 1        0.065       0.066            -0.001           -0.083
       Category 1     Category 2        0.269       0.269             0.001            0.046
       Category 2     Category 1        0.057       0.056             0.001            0.089
       Category 2     Category 2        0.609       0.610            -0.001           -0.042
     COG053         COG056
       Category 1     Category 1        0.172       0.199            -0.027           -1.869
       Category 1     Category 2        0.162       0.135             0.027            2.185
       Category 2     Category 1        0.269       0.242             0.027            1.744
       Category 2     Category 2        0.396       0.424            -0.027           -1.511
     COG053         COG057
       Category 1     Category 1        0.286       0.303            -0.017           -1.033
       Category 1     Category 2        0.049       0.031             0.017            2.728
       Category 2     Category 1        0.530       0.513             0.017            0.950
       Category 2     Category 2        0.135       0.153            -0.017           -1.319
     COG053         COG058
       Category 1     Category 1        0.157       0.191            -0.034           -2.326
       Category 1     Category 2        0.177       0.144             0.034            2.604
       Category 2     Category 1        0.277       0.244             0.034            2.127
       Category 2     Category 2        0.388       0.422            -0.034           -1.849
     COG053         COG060
       Category 1     Category 1        0.226       0.252            -0.026           -1.623
       Category 1     Category 2        0.108       0.082             0.026            2.563
       Category 2     Category 1        0.386       0.360             0.026            1.468
       Category 2     Category 2        0.280       0.306            -0.026           -1.529
     COG053         COG061
       Category 1     Category 1        0.269       0.287            -0.018           -1.070
       Category 1     Category 2        0.065       0.047             0.018            2.283
       Category 2     Category 1        0.490       0.472             0.018            0.969
       Category 2     Category 2        0.176       0.194            -0.018           -1.225
     COG053         COG062
       Category 1     Category 1        0.298       0.304            -0.006           -0.351
       Category 1     Category 2        0.037       0.031             0.006            0.936
       Category 2     Category 1        0.552       0.546             0.006            0.324
       Category 2     Category 2        0.114       0.120            -0.006           -0.497
     COG053         COG063
       Category 1     Category 1        0.310       0.316            -0.006           -0.376
       Category 1     Category 2        0.024       0.018             0.006            1.319
       Category 2     Category 1        0.576       0.570             0.006            0.353
       Category 2     Category 2        0.089       0.096            -0.006           -0.595
     COG053         COG064
       Category 1     Category 1        0.294       0.299            -0.006           -0.342
       Category 1     Category 2        0.041       0.035             0.006            0.853
       Category 2     Category 1        0.470       0.464             0.006            0.314
       Category 2     Category 2        0.196       0.202            -0.006           -0.390
     COG053         COG066
       Category 1     Category 1        0.294       0.307            -0.013           -0.772
       Category 1     Category 2        0.041       0.028             0.013            2.177
       Category 2     Category 1        0.530       0.517             0.013            0.712
       Category 2     Category 2        0.135       0.148            -0.013           -1.001
     COG054         COG055
       Category 1     Category 1        0.073       0.069             0.004            0.399
       Category 1     Category 2        0.258       0.262            -0.004           -0.230
       Category 2     Category 1        0.049       0.052            -0.004           -0.455
       Category 2     Category 2        0.620       0.616             0.004            0.208
     COG054         COG056
       Category 1     Category 1        0.179       0.206            -0.027           -1.847
       Category 1     Category 2        0.153       0.125             0.027            2.255
       Category 2     Category 1        0.263       0.235             0.027            1.762
       Category 2     Category 2        0.406       0.433            -0.027           -1.507
     COG054         COG057
       Category 1     Category 1        0.294       0.281             0.013            0.762
       Category 1     Category 2        0.038       0.050            -0.013           -1.564
       Category 2     Category 1        0.522       0.535            -0.013           -0.686
       Category 2     Category 2        0.146       0.134             0.013            1.007
     COG054         COG058
       Category 1     Category 1        0.189       0.196            -0.007           -0.468
       Category 1     Category 2        0.142       0.135             0.007            0.544
       Category 2     Category 1        0.245       0.238             0.007            0.437
       Category 2     Category 2        0.424       0.430            -0.007           -0.376
     COG054         COG060
       Category 1     Category 1        0.250       0.257            -0.007           -0.423
       Category 1     Category 2        0.081       0.074             0.007            0.704
       Category 2     Category 1        0.361       0.355             0.007            0.386
       Category 2     Category 2        0.307       0.314            -0.007           -0.398
     COG054         COG061
       Category 1     Category 1        0.288       0.290            -0.001           -0.080
       Category 1     Category 2        0.043       0.042             0.001            0.181
       Category 2     Category 1        0.471       0.470             0.001            0.073
       Category 2     Category 2        0.198       0.199            -0.001           -0.091
     COG054         COG062
       Category 1     Category 1        0.298       0.304            -0.006           -0.368
       Category 1     Category 2        0.034       0.028             0.006            1.033
       Category 2     Category 1        0.552       0.546             0.006            0.340
       Category 2     Category 2        0.116       0.123            -0.006           -0.516
     COG054         COG063
       Category 1     Category 1        0.313       0.316            -0.004           -0.221
       Category 1     Category 2        0.019       0.015             0.004            0.843
       Category 2     Category 1        0.574       0.570             0.004            0.208
       Category 2     Category 2        0.095       0.099            -0.004           -0.345
     COG054         COG064
       Category 1     Category 1        0.299       0.285             0.014            0.853
       Category 1     Category 2        0.032       0.047            -0.014           -1.825
       Category 2     Category 1        0.464       0.478            -0.014           -0.770
       Category 2     Category 2        0.204       0.190             0.014            0.981
     COG054         COG066
       Category 1     Category 1        0.310       0.308             0.001            0.083
       Category 1     Category 2        0.022       0.023            -0.001           -0.255
       Category 2     Category 1        0.514       0.516            -0.001           -0.077
       Category 2     Category 2        0.154       0.153             0.001            0.106
     COG055         COG056
       Category 1     Category 1        0.110       0.116            -0.006           -0.524
       Category 1     Category 2        0.012       0.006             0.006            2.166
       Category 2     Category 1        0.332       0.325             0.006            0.358
       Category 2     Category 2        0.547       0.553            -0.006           -0.337
     COG055         COG057
       Category 1     Category 1        0.118       0.110             0.008            0.705
       Category 1     Category 2        0.004       0.012            -0.008           -2.010
       Category 2     Category 1        0.698       0.706            -0.008           -0.484
       Category 2     Category 2        0.180       0.172             0.008            0.584
     COG055         COG058
       Category 1     Category 1        0.112       0.109             0.003            0.297
       Category 1     Category 2        0.009       0.013            -0.003           -0.821
       Category 2     Category 1        0.322       0.325            -0.003           -0.198
       Category 2     Category 2        0.556       0.553             0.003            0.186
     COG055         COG060
       Category 1     Category 1        0.115       0.120            -0.005           -0.422
       Category 1     Category 2        0.007       0.002             0.005            3.317
       Category 2     Category 1        0.497       0.492             0.005            0.275
       Category 2     Category 2        0.382       0.387            -0.005           -0.282
     COG055         COG061
       Category 1     Category 1        0.120       0.121             0.000           -0.024
       Category 1     Category 2        0.001       0.001             0.000            0.235
       Category 2     Category 1        0.639       0.638             0.000            0.016
       Category 2     Category 2        0.240       0.240             0.000           -0.018
     COG055         COG062
       Category 1     Category 1        0.122       0.120             0.002            0.129
       Category 1     Category 2        0.000       0.002            -0.002           -1.068
       Category 2     Category 1        0.728       0.730            -0.002           -0.094
       Category 2     Category 2        0.150       0.149             0.002            0.118
     COG055         COG063
       Category 1     Category 1        0.122       0.122             0.000            0.009
       Category 1     Category 2        0.000       0.000             0.000           -0.276
       Category 2     Category 1        0.765       0.765             0.000           -0.007
       Category 2     Category 2        0.114       0.114             0.000            0.009
     COG055         COG064
       Category 1     Category 1        0.120       0.119             0.002            0.136
       Category 1     Category 2        0.001       0.003            -0.002           -0.810
       Category 2     Category 1        0.643       0.644            -0.002           -0.092
       Category 2     Category 2        0.235       0.234             0.002            0.104
     COG055         COG066
       Category 1     Category 1        0.122       0.122             0.000            0.003
       Category 1     Category 2        0.000       0.000             0.000           -0.161
       Category 2     Category 1        0.702       0.702             0.000           -0.002
       Category 2     Category 2        0.176       0.176             0.000            0.003
     COG056         COG057
       Category 1     Category 1        0.386       0.385             0.001            0.053
       Category 1     Category 2        0.055       0.056            -0.001           -0.112
       Category 2     Category 1        0.430       0.431            -0.001           -0.052
       Category 2     Category 2        0.129       0.128             0.001            0.078
     COG056         COG058
       Category 1     Category 1        0.334       0.327             0.007            0.415
       Category 1     Category 2        0.107       0.114            -0.007           -0.613
       Category 2     Category 1        0.100       0.107            -0.007           -0.629
       Category 2     Category 2        0.459       0.452             0.007            0.391
     COG056         COG060
       Category 1     Category 1        0.425       0.413             0.012            0.674
       Category 1     Category 2        0.016       0.028            -0.012           -1.997
       Category 2     Category 1        0.187       0.199            -0.012           -0.832
       Category 2     Category 2        0.372       0.360             0.012            0.692
     COG056         COG061
       Category 1     Category 1        0.413       0.426            -0.014           -0.743
       Category 1     Category 2        0.028       0.015             0.014            3.034
       Category 2     Category 1        0.346       0.333             0.014            0.780
       Category 2     Category 2        0.212       0.226            -0.014           -0.879
     COG056         COG062
       Category 1     Category 1        0.415       0.426            -0.011           -0.607
       Category 1     Category 2        0.026       0.015             0.011            2.499
       Category 2     Category 1        0.434       0.423             0.011            0.608
       Category 2     Category 2        0.124       0.136            -0.011           -0.878
     COG056         COG063
       Category 1     Category 1        0.434       0.439            -0.005           -0.268
       Category 1     Category 2        0.007       0.002             0.005            3.072
       Category 2     Category 1        0.452       0.447             0.005            0.267
       Category 2     Category 2        0.107       0.112            -0.005           -0.422
     COG056         COG064
       Category 1     Category 1        0.413       0.413            -0.001           -0.034
       Category 1     Category 2        0.028       0.028             0.001            0.103
       Category 2     Category 1        0.350       0.350             0.001            0.035
       Category 2     Category 2        0.208       0.209            -0.001           -0.041
     COG056         COG066
       Category 1     Category 1        0.437       0.440            -0.003           -0.181
       Category 1     Category 2        0.004       0.001             0.003            3.288
       Category 2     Category 1        0.387       0.384             0.003            0.185
       Category 2     Category 2        0.172       0.175            -0.003           -0.237
     COG057         COG058
       Category 1     Category 1        0.388       0.376             0.012            0.683
       Category 1     Category 2        0.428       0.440            -0.012           -0.667
       Category 2     Category 1        0.046       0.058            -0.012           -1.414
       Category 2     Category 2        0.138       0.126             0.012            0.998
     COG057         COG060
       Category 1     Category 1        0.535       0.524             0.011            0.589
       Category 1     Category 2        0.281       0.292            -0.011           -0.647
       Category 2     Category 1        0.077       0.088            -0.011           -1.039
       Category 2     Category 2        0.107       0.096             0.011            0.998
     COG057         COG061
       Category 1     Category 1        0.656       0.638             0.018            1.036
       Category 1     Category 2        0.160       0.178            -0.018           -1.301
       Category 2     Category 1        0.103       0.121            -0.018           -1.525
       Category 2     Category 2        0.081       0.063             0.018            2.051
     COG057         COG062
       Category 1     Category 1        0.713       0.705             0.009            0.510
       Category 1     Category 2        0.103       0.111            -0.009           -0.739
       Category 2     Category 1        0.137       0.145            -0.009           -0.660
       Category 2     Category 2        0.047       0.039             0.009            1.204
     COG057         COG063
       Category 1     Category 1        0.744       0.736             0.009            0.538
       Category 1     Category 2        0.072       0.080            -0.009           -0.872
       Category 2     Category 1        0.142       0.151            -0.009           -0.663
       Category 2     Category 2        0.042       0.033             0.009            1.323
     COG057         COG064
       Category 1     Category 1        0.654       0.649             0.005            0.288
       Category 1     Category 2        0.162       0.167            -0.005           -0.368
       Category 2     Category 1        0.110       0.115            -0.005           -0.432
       Category 2     Category 2        0.074       0.069             0.005            0.541
     COG057         COG066
       Category 1     Category 1        0.698       0.691             0.007            0.422
       Category 1     Category 2        0.118       0.125            -0.007           -0.590
       Category 2     Category 1        0.126       0.133            -0.007           -0.574
       Category 2     Category 2        0.058       0.051             0.007            0.887
     COG058         COG060
       Category 1     Category 1        0.398       0.387             0.011            0.615
       Category 1     Category 2        0.037       0.048            -0.011           -1.408
       Category 2     Category 1        0.214       0.225            -0.011           -0.718
       Category 2     Category 2        0.352       0.341             0.011            0.632
     COG058         COG061
       Category 1     Category 1        0.403       0.410            -0.007           -0.376
       Category 1     Category 2        0.031       0.024             0.007            1.201
       Category 2     Category 1        0.356       0.349             0.007            0.388
       Category 2     Category 2        0.210       0.217            -0.007           -0.449
     COG058         COG062
       Category 1     Category 1        0.413       0.415            -0.002           -0.121
       Category 1     Category 2        0.022       0.019             0.002            0.431
       Category 2     Category 1        0.437       0.435             0.002            0.120
       Category 2     Category 2        0.129       0.131            -0.002           -0.177
     COG058         COG063
       Category 1     Category 1        0.428       0.429            -0.002           -0.100
       Category 1     Category 2        0.007       0.005             0.002            0.708
       Category 2     Category 1        0.459       0.457             0.002            0.100
       Category 2     Category 2        0.107       0.109            -0.002           -0.160
     COG058         COG064
       Category 1     Category 1        0.402       0.399             0.003            0.177
       Category 1     Category 2        0.032       0.036            -0.003           -0.468
       Category 2     Category 1        0.361       0.364            -0.003           -0.180
       Category 2     Category 2        0.204       0.201             0.003            0.217
     COG058         COG066
       Category 1     Category 1        0.434       0.429             0.005            0.286
       Category 1     Category 2        0.000       0.005            -0.005           -1.967
       Category 2     Category 1        0.390       0.395            -0.005           -0.290
       Category 2     Category 2        0.176       0.171             0.005            0.376
     COG060         COG061
       Category 1     Category 1        0.551       0.566            -0.015           -0.849
       Category 1     Category 2        0.061       0.045             0.015            2.020
       Category 2     Category 1        0.208       0.193             0.015            1.066
       Category 2     Category 2        0.180       0.195            -0.015           -1.061
     COG060         COG062
       Category 1     Category 1        0.568       0.577            -0.009           -0.490
       Category 1     Category 2        0.043       0.034             0.009            1.328
       Category 2     Category 1        0.281       0.273             0.009            0.544
       Category 2     Category 2        0.107       0.116            -0.009           -0.756
     COG060         COG063
       Category 1     Category 1        0.598       0.603            -0.004           -0.246
       Category 1     Category 2        0.014       0.009             0.004            1.268
       Category 2     Category 1        0.288       0.284             0.004            0.267
       Category 2     Category 2        0.100       0.105            -0.004           -0.393
     COG060         COG064
       Category 1     Category 1        0.551       0.549             0.002            0.103
       Category 1     Category 2        0.061       0.063            -0.002           -0.211
       Category 2     Category 1        0.212       0.214            -0.002           -0.125
       Category 2     Category 2        0.176       0.174             0.002            0.135
     COG060         COG066
       Category 1     Category 1        0.599       0.603            -0.003           -0.183
       Category 1     Category 2        0.012       0.009             0.003            0.953
       Category 2     Category 1        0.225       0.221             0.003            0.215
       Category 2     Category 2        0.164       0.167            -0.003           -0.240
     COG061         COG062
       Category 1     Category 1        0.696       0.692             0.004            0.225
       Category 1     Category 2        0.064       0.067            -0.004           -0.414
       Category 2     Category 1        0.154       0.158            -0.004           -0.285
       Category 2     Category 2        0.087       0.083             0.004            0.377
     COG061         COG063
       Category 1     Category 1        0.744       0.727             0.018            1.074
       Category 1     Category 2        0.015       0.032            -0.018           -2.700
       Category 2     Category 1        0.142       0.160            -0.018           -1.307
       Category 2     Category 2        0.099       0.081             0.018            1.753
     COG061         COG064
       Category 1     Category 1        0.651       0.643             0.008            0.453
       Category 1     Category 2        0.108       0.116            -0.008           -0.678
       Category 2     Category 1        0.112       0.120            -0.008           -0.668
       Category 2     Category 2        0.129       0.121             0.008            0.667
     COG061         COG066
       Category 1     Category 1        0.719       0.711             0.008            0.481
       Category 1     Category 2        0.041       0.049            -0.008           -1.015
       Category 2     Category 1        0.106       0.114            -0.008           -0.688
       Category 2     Category 2        0.135       0.127             0.008            0.655
     COG062         COG063
       Category 1     Category 1        0.786       0.787             0.000           -0.029
       Category 1     Category 2        0.064       0.063             0.000            0.048
       Category 2     Category 1        0.100       0.100             0.000            0.039
       Category 2     Category 2        0.050       0.050             0.000           -0.053
     COG062         COG064
       Category 1     Category 1        0.694       0.686             0.008            0.461
       Category 1     Category 2        0.156       0.163            -0.008           -0.578
       Category 2     Category 1        0.069       0.077            -0.008           -0.802
       Category 2     Category 2        0.081       0.073             0.008            0.820
     COG062         COG066
       Category 1     Category 1        0.758       0.751             0.007            0.455
       Category 1     Category 2        0.092       0.099            -0.007           -0.658
       Category 2     Category 1        0.066       0.074            -0.007           -0.754
       Category 2     Category 2        0.084       0.077             0.007            0.740
     COG063         COG064
       Category 1     Category 1        0.724       0.720             0.004            0.268
       Category 1     Category 2        0.162       0.167            -0.004           -0.323
       Category 2     Category 1        0.039       0.044            -0.004           -0.589
       Category 2     Category 2        0.074       0.070             0.004            0.472
     COG063         COG066
       Category 1     Category 1        0.788       0.793            -0.005           -0.339
       Category 1     Category 2        0.099       0.094             0.005            0.472
       Category 2     Category 1        0.037       0.031             0.005            0.787
       Category 2     Category 2        0.077       0.082            -0.005           -0.500
     COG064         COG066
       Category 1     Category 1        0.710       0.695             0.015            0.882
       Category 1     Category 2        0.053       0.068            -0.015           -1.616
       Category 2     Category 1        0.114       0.129            -0.015           -1.213
       Category 2     Category 2        0.123       0.108             0.015            1.307


MODEL MODIFICATION INDICES

NOTE:  Modification indices for direct effects of observed dependent variables
regressed on covariates and residual covariances among observed dependent
variables may not be included.  To include these, request MODINDICES (ALL).

Minimum M.I. value for printing the modification index    10.000

                                   M.I.     E.P.C.  Std E.P.C.  StdYX E.P.C.

BY Statements

WM       BY COG041                10.746     0.606      0.266        0.266
WM       BY COG043                14.337     0.815      0.358        0.358
WM       BY COG044                11.931     0.768      0.338        0.338
WM       BY COG046                30.665     0.962      0.423        0.423
WM       BY COG048               101.828    -2.429     -1.068       -1.068
WM       BY COG052                16.931     0.774      0.340        0.340
WM       BY COG053                73.120    -1.657     -0.729       -0.729
WM       BY COG054                25.014     1.055      0.464        0.464
WM       BY COG056                10.104    -0.611     -0.269       -0.269
WM       BY COG057                26.240     1.036      0.456        0.456
GDP      BY COG054                27.479     0.683      0.314        0.314
GDP      BY COG055                16.257     0.625      0.288        0.288
GDP      BY COG056                16.679    -0.540     -0.249       -0.249
FS       BY COG040                18.626    -0.554     -0.460       -0.460
FS       BY COG041                11.235     0.213      0.176        0.176
FS       BY COG043                15.008     0.285      0.237        0.237
FS       BY COG045                18.952    -0.507     -0.420       -0.420
FS       BY COG046                40.695     0.379      0.314        0.314
FS       BY COG048               114.776    -0.882     -0.731       -0.731
FS       BY COG052                20.434     0.291      0.241        0.241
FS       BY COG053                92.597    -0.645     -0.534       -0.534
FS       BY COG057                44.851     0.464      0.385        0.385
FS       BY COG064                71.070     1.560      1.293        1.293

WITH Statements

COG045   WITH COG040              27.634     0.352      0.352        0.458
COG048   WITH COG043              10.171    -0.314     -0.314       -0.736
COG050   WITH COG040              12.761     0.257      0.257        0.362
COG050   WITH COG045              34.972     0.341      0.341        0.505
COG052   WITH COG043              15.403     0.260      0.260        0.414
COG052   WITH COG046              16.111    -0.272     -0.272       -0.370
COG052   WITH COG048              12.708    -0.312     -0.312       -0.713
COG053   WITH COG043              16.733    -0.339     -0.339       -0.608
COG053   WITH COG048             279.951     0.941      0.941        2.418
COG054   WITH COG052              17.518     0.249      0.249        0.344
COG055   WITH COG052              10.014     0.219      0.219        0.498
COG056   WITH COG048              18.326    -0.362     -0.362       -1.809
COG056   WITH COG049              30.509     0.245      0.245        1.193
COG058   WITH COG053              13.903    -0.244     -0.244       -0.597
COG060   WITH COG056              18.491     0.144      0.144        0.942
COG061   WITH COG048              10.731    -0.305     -0.305       -0.963
COG062   WITH COG046              10.662     0.227      0.227        0.326
COG063   WITH COG061              30.947     0.252      0.252        0.792
COG064   WITH COG045              15.353    -0.323     -0.323       -1.658
COG064   WITH COG050              28.062    -0.490     -0.490       -2.731


TECHNICAL 1 OUTPUT


     PARAMETER SPECIFICATION


           TAU
              COG040$1      COG041$1      COG043$1      COG044$1      COG045$1
              ________      ________      ________      ________      ________
                  1             2             3             4             5


           TAU
              COG046$1      COG048$1      COG049$1      COG050$1      COG051$1
              ________      ________      ________      ________      ________
                  6             7             8             9            10


           TAU
              COG052$1      COG053$1      COG054$1      COG055$1      COG056$1
              ________      ________      ________      ________      ________
                 11            12            13            14            15


           TAU
              COG057$1      COG058$1      COG060$1      COG061$1      COG062$1
              ________      ________      ________      ________      ________
                 16            17            18            19            20


           TAU
              COG063$1      COG064$1      COG066$1
              ________      ________      ________
                 21            22            23


           NU
              COG040        COG041        COG043        COG044        COG045
              ________      ________      ________      ________      ________
                  0             0             0             0             0


           NU
              COG046        COG048        COG049        COG050        COG051
              ________      ________      ________      ________      ________
                  0             0             0             0             0


           NU
              COG052        COG053        COG054        COG055        COG056
              ________      ________      ________      ________      ________
                  0             0             0             0             0


           NU
              COG057        COG058        COG060        COG061        COG062
              ________      ________      ________      ________      ________
                  0             0             0             0             0


           NU
              COG063        COG064        COG066        CBINT
              ________      ________      ________      ________
                  0             0             0             0


           LAMBDA
              WM            GDP           FS            CBINT
              ________      ________      ________      ________
 COG040             0             0             0             0
 COG041             0             0             0             0
 COG043             0            24             0             0
 COG044             0            25             0             0
 COG045            26             0             0             0
 COG046             0            27             0             0
 COG048             0            28             0             0
 COG049             0             0             0             0
 COG050            29             0             0             0
 COG051             0             0            30             0
 COG052             0            31             0             0
 COG053             0            32             0             0
 COG054             0             0            33             0
 COG055             0             0            34             0
 COG056             0             0            35             0
 COG057             0            36             0             0
 COG058             0             0            37             0
 COG060             0             0            38             0
 COG061             0             0            39             0
 COG062             0             0            40             0
 COG063             0             0            41             0
 COG064            42             0             0             0
 COG066             0             0            43             0
 CBINT              0             0             0             0


           THETA
              COG040        COG041        COG043        COG044        COG045
              ________      ________      ________      ________      ________
 COG040             0
 COG041             0             0
 COG043             0             0             0
 COG044             0             0             0             0
 COG045             0             0             0             0             0
 COG046             0             0             0             0             0
 COG048             0             0             0             0             0
 COG049             0             0             0             0             0
 COG050             0             0             0             0             0
 COG051             0             0             0             0             0
 COG052             0             0             0             0             0
 COG053             0             0             0             0             0
 COG054             0             0             0             0             0
 COG055             0             0             0             0             0
 COG056             0             0             0             0             0
 COG057             0             0             0             0             0
 COG058             0             0             0             0             0
 COG060             0             0             0             0             0
 COG061             0             0             0             0             0
 COG062             0             0             0             0             0
 COG063             0             0             0             0             0
 COG064             0             0             0             0             0
 COG066             0             0             0             0             0
 CBINT              0             0             0             0             0


           THETA
              COG046        COG048        COG049        COG050        COG051
              ________      ________      ________      ________      ________
 COG046             0
 COG048             0             0
 COG049             0             0             0
 COG050             0             0             0             0
 COG051             0             0             0             0             0
 COG052             0             0             0             0             0
 COG053             0             0             0             0             0
 COG054             0             0             0             0             0
 COG055             0             0             0             0             0
 COG056             0             0             0             0             0
 COG057             0             0             0             0             0
 COG058             0             0             0             0             0
 COG060             0             0             0             0             0
 COG061             0             0             0             0             0
 COG062             0             0             0             0             0
 COG063             0             0             0             0             0
 COG064             0             0             0             0             0
 COG066             0             0             0             0             0
 CBINT              0             0             0             0             0


           THETA
              COG052        COG053        COG054        COG055        COG056
              ________      ________      ________      ________      ________
 COG052             0
 COG053             0             0
 COG054             0             0             0
 COG055             0             0             0             0
 COG056             0             0             0             0             0
 COG057             0             0             0             0             0
 COG058             0             0             0             0             0
 COG060             0             0             0             0             0
 COG061             0             0             0             0             0
 COG062             0             0             0             0             0
 COG063             0             0             0             0             0
 COG064             0             0             0             0             0
 COG066             0             0             0             0             0
 CBINT              0             0             0             0             0


           THETA
              COG057        COG058        COG060        COG061        COG062
              ________      ________      ________      ________      ________
 COG057             0
 COG058             0             0
 COG060             0             0             0
 COG061             0             0             0             0
 COG062             0             0             0             0             0
 COG063             0             0             0             0             0
 COG064             0             0             0             0             0
 COG066             0             0             0             0             0
 CBINT              0             0             0             0             0


           THETA
              COG063        COG064        COG066        CBINT
              ________      ________      ________      ________
 COG063             0
 COG064             0             0
 COG066             0             0             0
 CBINT              0             0             0             0


           ALPHA
              WM            GDP           FS            CBINT
              ________      ________      ________      ________
                  0             0             0            44


           BETA
              WM            GDP           FS            CBINT
              ________      ________      ________      ________
 WM                 0             0             0             0
 GDP                0             0             0             0
 FS                 0             0             0             0
 CBINT              0             0             0             0


           PSI
              WM            GDP           FS            CBINT
              ________      ________      ________      ________
 WM                45
 GDP               46            47
 FS                48            49            50
 CBINT             51            52            53            54


     STARTING VALUES


           TAU
              COG040$1      COG041$1      COG043$1      COG044$1      COG045$1
              ________      ________      ________      ________      ________
               -1.140        -0.583        -1.065        -1.214        -0.326


           TAU
              COG046$1      COG048$1      COG049$1      COG050$1      COG051$1
              ________      ________      ________      ________      ________
                0.032        -1.236        -1.013        -0.603        -1.173


           TAU
              COG052$1      COG053$1      COG054$1      COG055$1      COG056$1
              ________      ________      ________      ________      ________
               -0.477        -0.428        -0.436        -1.166        -0.148


           TAU
              COG057$1      COG058$1      COG060$1      COG061$1      COG062$1
              ________      ________      ________      ________      ________
                0.900        -0.165         0.284         0.704         1.036


           TAU
              COG063$1      COG064$1      COG066$1
              ________      ________      ________
                1.207         0.717         0.931


           NU
              COG040        COG041        COG043        COG044        COG045
              ________      ________      ________      ________      ________
                0.000         0.000         0.000         0.000         0.000


           NU
              COG046        COG048        COG049        COG050        COG051
              ________      ________      ________      ________      ________
                0.000         0.000         0.000         0.000         0.000


           NU
              COG052        COG053        COG054        COG055        COG056
              ________      ________      ________      ________      ________
                0.000         0.000         0.000         0.000         0.000


           NU
              COG057        COG058        COG060        COG061        COG062
              ________      ________      ________      ________      ________
                0.000         0.000         0.000         0.000         0.000


           NU
              COG063        COG064        COG066        CBINT
              ________      ________      ________      ________
                0.000         0.000         0.000         0.000


           LAMBDA
              WM            GDP           FS            CBINT
              ________      ________      ________      ________
 COG040         1.000         0.000         0.000         0.000
 COG041         0.000         1.000         0.000         0.000
 COG043         0.000         0.875         0.000         0.000
 COG044         0.000         0.782         0.000         0.000
 COG045         1.119         0.000         0.000         0.000
 COG046         0.000         0.625         0.000         0.000
 COG048         0.000         0.941         0.000         0.000
 COG049         0.000         0.000         1.000         0.000
 COG050         1.058         0.000         0.000         0.000
 COG051         0.000         0.000         1.000         0.000
 COG052         0.000         0.887         0.000         0.000
 COG053         0.000         0.862         0.000         0.000
 COG054         0.000         0.000         1.000         0.000
 COG055         0.000         0.000         1.000         0.000
 COG056         0.000         0.000         1.000         0.000
 COG057         0.000         0.483         0.000         0.000
 COG058         0.000         0.000         1.000         0.000
 COG060         0.000         0.000         1.000         0.000
 COG061         0.000         0.000         1.000         0.000
 COG062         0.000         0.000         1.000         0.000
 COG063         0.000         0.000         1.000         0.000
 COG064         0.602         0.000         0.000         0.000
 COG066         0.000         0.000         1.000         0.000
 CBINT          0.000         0.000         0.000         1.000


           THETA
              COG040        COG041        COG043        COG044        COG045
              ________      ________      ________      ________      ________
 COG040         1.000
 COG041         0.000         1.000
 COG043         0.000         0.000         1.000
 COG044         0.000         0.000         0.000         1.000
 COG045         0.000         0.000         0.000         0.000         1.000
 COG046         0.000         0.000         0.000         0.000         0.000
 COG048         0.000         0.000         0.000         0.000         0.000
 COG049         0.000         0.000         0.000         0.000         0.000
 COG050         0.000         0.000         0.000         0.000         0.000
 COG051         0.000         0.000         0.000         0.000         0.000
 COG052         0.000         0.000         0.000         0.000         0.000
 COG053         0.000         0.000         0.000         0.000         0.000
 COG054         0.000         0.000         0.000         0.000         0.000
 COG055         0.000         0.000         0.000         0.000         0.000
 COG056         0.000         0.000         0.000         0.000         0.000
 COG057         0.000         0.000         0.000         0.000         0.000
 COG058         0.000         0.000         0.000         0.000         0.000
 COG060         0.000         0.000         0.000         0.000         0.000
 COG061         0.000         0.000         0.000         0.000         0.000
 COG062         0.000         0.000         0.000         0.000         0.000
 COG063         0.000         0.000         0.000         0.000         0.000
 COG064         0.000         0.000         0.000         0.000         0.000
 COG066         0.000         0.000         0.000         0.000         0.000
 CBINT          0.000         0.000         0.000         0.000         0.000


           THETA
              COG046        COG048        COG049        COG050        COG051
              ________      ________      ________      ________      ________
 COG046         1.000
 COG048         0.000         1.000
 COG049         0.000         0.000         1.000
 COG050         0.000         0.000         0.000         1.000
 COG051         0.000         0.000         0.000         0.000         1.000
 COG052         0.000         0.000         0.000         0.000         0.000
 COG053         0.000         0.000         0.000         0.000         0.000
 COG054         0.000         0.000         0.000         0.000         0.000
 COG055         0.000         0.000         0.000         0.000         0.000
 COG056         0.000         0.000         0.000         0.000         0.000
 COG057         0.000         0.000         0.000         0.000         0.000
 COG058         0.000         0.000         0.000         0.000         0.000
 COG060         0.000         0.000         0.000         0.000         0.000
 COG061         0.000         0.000         0.000         0.000         0.000
 COG062         0.000         0.000         0.000         0.000         0.000
 COG063         0.000         0.000         0.000         0.000         0.000
 COG064         0.000         0.000         0.000         0.000         0.000
 COG066         0.000         0.000         0.000         0.000         0.000
 CBINT          0.000         0.000         0.000         0.000         0.000


           THETA
              COG052        COG053        COG054        COG055        COG056
              ________      ________      ________      ________      ________
 COG052         1.000
 COG053         0.000         1.000
 COG054         0.000         0.000         1.000
 COG055         0.000         0.000         0.000         1.000
 COG056         0.000         0.000         0.000         0.000         1.000
 COG057         0.000         0.000         0.000         0.000         0.000
 COG058         0.000         0.000         0.000         0.000         0.000
 COG060         0.000         0.000         0.000         0.000         0.000
 COG061         0.000         0.000         0.000         0.000         0.000
 COG062         0.000         0.000         0.000         0.000         0.000
 COG063         0.000         0.000         0.000         0.000         0.000
 COG064         0.000         0.000         0.000         0.000         0.000
 COG066         0.000         0.000         0.000         0.000         0.000
 CBINT          0.000         0.000         0.000         0.000         0.000


           THETA
              COG057        COG058        COG060        COG061        COG062
              ________      ________      ________      ________      ________
 COG057         1.000
 COG058         0.000         1.000
 COG060         0.000         0.000         1.000
 COG061         0.000         0.000         0.000         1.000
 COG062         0.000         0.000         0.000         0.000         1.000
 COG063         0.000         0.000         0.000         0.000         0.000
 COG064         0.000         0.000         0.000         0.000         0.000
 COG066         0.000         0.000         0.000         0.000         0.000
 CBINT          0.000         0.000         0.000         0.000         0.000


           THETA
              COG063        COG064        COG066        CBINT
              ________      ________      ________      ________
 COG063         1.000
 COG064         0.000         1.000
 COG066         0.000         0.000         1.000
 CBINT          0.000         0.000         0.000         0.000


           ALPHA
              WM            GDP           FS            CBINT
              ________      ________      ________      ________
                0.000         0.000         0.000         0.000


           BETA
              WM            GDP           FS            CBINT
              ________      ________      ________      ________
 WM             0.000         0.000         0.000         0.000
 GDP            0.000         0.000         0.000         0.000
 FS             0.000         0.000         0.000         0.000
 CBINT          0.000         0.000         0.000         0.000


           PSI
              WM            GDP           FS            CBINT
              ________      ________      ________      ________
 WM             0.050
 GDP            0.000         0.050
 FS             0.000         0.000         0.050
 CBINT          0.000         0.000         0.000         0.500


TECHNICAL 4 OUTPUT


     ESTIMATES DERIVED FROM THE MODEL


           ESTIMATED MEANS FOR THE LATENT VARIABLES
              WM            GDP           FS            CBINT
              ________      ________      ________      ________
                0.000         0.000         0.000         0.000


           ESTIMATED COVARIANCE MATRIX FOR THE LATENT VARIABLES
              WM            GDP           FS            CBINT
              ________      ________      ________      ________
 WM             0.193
 GDP            0.125         0.212
 FS             0.257         0.205         0.687
 CBINT         -0.052        -0.070        -0.026         1.000


           ESTIMATED CORRELATION MATRIX FOR THE LATENT VARIABLES
              WM            GDP           FS            CBINT
              ________      ________      ________      ________
 WM             1.000
 GDP            0.616         1.000
 FS             0.705         0.539         1.000
 CBINT         -0.119        -0.153        -0.031         1.000


     ESTIMATES DERIVED FROM THE MODEL


           S.E. FOR ESTIMATED MEANS FOR THE LATENT VARIABLES
              WM            GDP           FS            CBINT
              ________      ________      ________      ________
                0.000         0.000         0.000         0.048


           EST./S.E. FOR ESTIMATED MEANS FOR THE LATENT VARIABLES
              WM            GDP           FS            CBINT
              ________      ________      ________      ________
                0.000         0.000         0.000         0.000


           TWO-TAILED P-VALUE FOR ESTIMATED MEANS FOR THE LATENT VARIABLES
              WM            GDP           FS            CBINT
              ________      ________      ________      ________
                1.000         1.000         1.000         1.000


           S.E. FOR ESTIMATED COVARIANCE MATRIX FOR THE LATENT VARIABLES
              WM            GDP           FS            CBINT
              ________      ________      ________      ________
 WM             0.056
 GDP            0.027         0.049
 FS             0.044         0.030         0.050
 CBINT          0.023         0.023         0.033         0.040


           EST./S.E. FOR ESTIMATED COVARIANCE MATRIX FOR THE LATENT VARIABLES
              WM            GDP           FS            CBINT
              ________      ________      ________      ________
 WM             3.469
 GDP            4.662         4.283
 FS             5.888         6.916        13.719
 CBINT         -2.273        -3.119        -0.797        25.294


           TWO-TAILED P-VALUE FOR ESTIMATED COVARIANCE MATRIX FOR THE LATENT VARIABLES
              WM            GDP           FS            CBINT
              ________      ________      ________      ________
 WM             0.001
 GDP            0.000         0.000
 FS             0.000         0.000         0.000
 CBINT          0.023         0.002         0.426         0.000


           S.E. FOR ESTIMATED CORRELATION MATRIX FOR THE LATENT VARIABLES
              WM            GDP           FS            CBINT
              ________      ________      ________      ________
 WM             0.000
 GDP            0.050         0.000
 FS             0.041         0.038         0.000
 CBINT          0.047         0.044         0.039         0.000


           EST./S.E. FOR ESTIMATED CORRELATION MATRIX FOR THE LATENT VARIABLES
              WM            GDP           FS            CBINT
              ________      ________      ________      ________
 WM           999.000
 GDP           12.384       999.000
 FS            17.278        14.356       999.000
 CBINT         -2.544        -3.491        -0.799       999.000


           TWO-TAILED P-VALUE FOR ESTIMATED CORRELATION MATRIX FOR THE LATENT VARIABLES
              WM            GDP           FS            CBINT
              ________      ________      ________      ________
 WM             0.000
 GDP            0.000         0.000
 FS             0.000         0.000         0.000
 CBINT          0.011         0.000         0.424         0.000


SAMPLE STATISTICS FOR ESTIMATED FACTOR SCORES


     SAMPLE STATISTICS


           Means
              WM            WM_SE         GDP           GDP_SE        FS
              ________      ________      ________      ________      ________
                0.018         0.231        -0.018         0.258         0.007


           Means
              FS_SE
              ________
                0.282


           Covariances
              WM            WM_SE         GDP           GDP_SE        FS
              ________      ________      ________      ________      ________
 WM             0.122
 WM_SE         -0.010         0.003
 GDP            0.098        -0.006         0.124
 GDP_SE         0.007         0.000         0.010         0.001
 FS             0.221        -0.017         0.180         0.012         0.560
 FS_SE         -0.005         0.002        -0.003         0.000        -0.011


           Covariances
              FS_SE
              ________
 FS_SE          0.003


           Correlations
              WM            WM_SE         GDP           GDP_SE        FS
              ________      ________      ________      ________      ________
 WM             1.000
 WM_SE         -0.548         1.000
 GDP            0.793        -0.336         1.000
 GDP_SE         0.599        -0.145         0.884         1.000
 FS             0.843        -0.423         0.681         0.503         1.000
 FS_SE         -0.263         0.559        -0.138         0.126        -0.273


           Correlations
              FS_SE
              ________
 FS_SE          1.000


SAVEDATA INFORMATION


  Save file
    ../../fscores_structural.dat

  Order and format of variables

    COG040         F10.3
    COG041         F10.3
    COG043         F10.3
    COG044         F10.3
    COG045         F10.3
    COG046         F10.3
    COG048         F10.3
    COG049         F10.3
    COG050         F10.3
    COG051         F10.3
    COG052         F10.3
    COG053         F10.3
    COG054         F10.3
    COG055         F10.3
    COG056         F10.3
    COG057         F10.3
    COG058         F10.3
    COG060         F10.3
    COG061         F10.3
    COG062         F10.3
    COG063         F10.3
    COG064         F10.3
    COG066         F10.3
    CBINT          F10.3
    WM             F10.3
    WM_SE          F10.3
    GDP            F10.3
    GDP_SE         F10.3
    FS             F10.3
    FS_SE          F10.3

  Save file format
    30F10.3

  Save file record length    10000

  Save missing symbol        *


     Beginning Time:  14:45:07
        Ending Time:  14:45:08
       Elapsed Time:  00:00:01



MUTHEN & MUTHEN
3463 Stoner Ave.
Los Angeles, CA  90066

Tel: (310) 391-9971
Fax: (310) 391-8971
Web: www.StatModel.com
Support: Support@StatModel.com

Copyright (c) 1998-2021 Muthen & Muthen
