Mplus VERSION 8.6
MUTHEN & MUTHEN
06/04/2026   2:45 PM

INPUT INSTRUCTIONS

  TITLE:
    Structural model - UNIDIM - ECSur outcome ~ COG
    WLSMV estimator; items treated as categorical (binary)
    Single factor: COG (all items load on one factor)

  DATA:
    FILE = "../../combined.dat";

  VARIABLE:
    NAMES ARE
      COG034 COG035 COG036 COG037 COG038 COG039 COG040 COG041
      COG042 COG043 COG044 COG045 COG046 COG047 COG048 COG049 COG050
      COG051 COG052 COG053 COG054 COG055 COG056 COG057 COG058
      COG060 COG061 COG062 COG063 COG064 COG065 COG066 COG067 COG068
      GA BirthWt Sex HdCirc IUGR GDiab PrEcl AntCor_P AntCor_C
      MomAge MomEdu DadEdu EthSAsian EthBlack EthMixed EthOther
      MomEng EPDSTot StimEnv PrLax PrOvr PrVrb PrSty
      CBInt CBExt CBTot CBAnx CBWth CBSom CBSlp CBAtt CBAgg
      ECSur ECNeg ECEff BayMot BayLan QchatTot;

    USEVARIABLES ARE
      COG040 COG041
      COG043 COG044 COG045 COG046 COG048 COG049 COG050
      COG051 COG052 COG053 COG054 COG055 COG056 COG057 COG058
      COG060 COG061 COG062 COG063 COG064 COG066
      ECSur;

    CATEGORICAL ARE
      COG040 COG041
      COG043 COG044 COG045 COG046 COG048 COG049 COG050
      COG051 COG052 COG053 COG054 COG055 COG056 COG057 COG058
      COG060 COG061 COG062 COG063 COG064 COG066;

    MISSING ARE ALL (-999);

  DEFINE:
    STANDARDIZE ECSur;

  ANALYSIS:
    ESTIMATOR = WLSMV;

  MODEL:
    COG BY
      COG040 COG045 COG050 COG064
      COG041 COG043 COG044 COG046
      COG048 COG052 COG053 COG057
      COG049 COG051 COG054 COG055 COG056
      COG058 COG060 COG061 COG062 COG063 COG066;

    ECSur WITH COG;

  OUTPUT:
    STANDARDIZED;
    MODINDICES(10);
    RESIDUAL;
    SAMPSTAT;
    TECH1;
    TECH4;
    CINTERVAL;

  SAVEDATA:
    FILE = "../../fscores_structural.dat";
    SAVE = FSCORES;



INPUT READING TERMINATED NORMALLY




Structural model - UNIDIM - ECSur outcome ~ COG
WLSMV estimator; items treated as categorical (binary)
Single factor: COG (all items load on one factor)

SUMMARY OF ANALYSIS

Number of groups                                                 1
Number of observations                                         739

Number of dependent variables                                   24
Number of independent variables                                  0
Number of continuous latent variables                            1

Observed dependent variables

  Continuous
   ECSUR

  Binary and ordered categorical (ordinal)
   COG040      COG041      COG043      COG044      COG045      COG046
   COG048      COG049      COG050      COG051      COG052      COG053
   COG054      COG055      COG056      COG057      COG058      COG060
   COG061      COG062      COG063      COG064      COG066

Continuous latent variables
   COG


Estimator                                                    WLSMV
Maximum number of iterations                                  1000
Convergence criterion                                    0.500D-04
Maximum number of steepest descent iterations                   20
Maximum number of iterations for H1                           2000
Convergence criterion for H1                             0.100D-03
Parameterization                                             DELTA
Link                                                        PROBIT

Input data file(s)
  ../../combined.dat

Input data format  FREE


SUMMARY OF DATA

     Number of missing data patterns             2


COVARIANCE COVERAGE OF DATA

Minimum covariance coverage value   0.100


     PROPORTION OF DATA PRESENT


           Covariance Coverage
              COG040        COG041        COG043        COG044        COG045
              ________      ________      ________      ________      ________
 COG040         1.000
 COG041         1.000         1.000
 COG043         1.000         1.000         1.000
 COG044         1.000         1.000         1.000         1.000
 COG045         1.000         1.000         1.000         1.000         1.000
 COG046         1.000         1.000         1.000         1.000         1.000
 COG048         1.000         1.000         1.000         1.000         1.000
 COG049         1.000         1.000         1.000         1.000         1.000
 COG050         1.000         1.000         1.000         1.000         1.000
 COG051         1.000         1.000         1.000         1.000         1.000
 COG052         1.000         1.000         1.000         1.000         1.000
 COG053         1.000         1.000         1.000         1.000         1.000
 COG054         1.000         1.000         1.000         1.000         1.000
 COG055         1.000         1.000         1.000         1.000         1.000
 COG056         1.000         1.000         1.000         1.000         1.000
 COG057         1.000         1.000         1.000         1.000         1.000
 COG058         1.000         1.000         1.000         1.000         1.000
 COG060         1.000         1.000         1.000         1.000         1.000
 COG061         1.000         1.000         1.000         1.000         1.000
 COG062         1.000         1.000         1.000         1.000         1.000
 COG063         1.000         1.000         1.000         1.000         1.000
 COG064         1.000         1.000         1.000         1.000         1.000
 COG066         1.000         1.000         1.000         1.000         1.000
 ECSUR          0.977         0.977         0.977         0.977         0.977


           Covariance Coverage
              COG046        COG048        COG049        COG050        COG051
              ________      ________      ________      ________      ________
 COG046         1.000
 COG048         1.000         1.000
 COG049         1.000         1.000         1.000
 COG050         1.000         1.000         1.000         1.000
 COG051         1.000         1.000         1.000         1.000         1.000
 COG052         1.000         1.000         1.000         1.000         1.000
 COG053         1.000         1.000         1.000         1.000         1.000
 COG054         1.000         1.000         1.000         1.000         1.000
 COG055         1.000         1.000         1.000         1.000         1.000
 COG056         1.000         1.000         1.000         1.000         1.000
 COG057         1.000         1.000         1.000         1.000         1.000
 COG058         1.000         1.000         1.000         1.000         1.000
 COG060         1.000         1.000         1.000         1.000         1.000
 COG061         1.000         1.000         1.000         1.000         1.000
 COG062         1.000         1.000         1.000         1.000         1.000
 COG063         1.000         1.000         1.000         1.000         1.000
 COG064         1.000         1.000         1.000         1.000         1.000
 COG066         1.000         1.000         1.000         1.000         1.000
 ECSUR          0.977         0.977         0.977         0.977         0.977


           Covariance Coverage
              COG052        COG053        COG054        COG055        COG056
              ________      ________      ________      ________      ________
 COG052         1.000
 COG053         1.000         1.000
 COG054         1.000         1.000         1.000
 COG055         1.000         1.000         1.000         1.000
 COG056         1.000         1.000         1.000         1.000         1.000
 COG057         1.000         1.000         1.000         1.000         1.000
 COG058         1.000         1.000         1.000         1.000         1.000
 COG060         1.000         1.000         1.000         1.000         1.000
 COG061         1.000         1.000         1.000         1.000         1.000
 COG062         1.000         1.000         1.000         1.000         1.000
 COG063         1.000         1.000         1.000         1.000         1.000
 COG064         1.000         1.000         1.000         1.000         1.000
 COG066         1.000         1.000         1.000         1.000         1.000
 ECSUR          0.977         0.977         0.977         0.977         0.977


           Covariance Coverage
              COG057        COG058        COG060        COG061        COG062
              ________      ________      ________      ________      ________
 COG057         1.000
 COG058         1.000         1.000
 COG060         1.000         1.000         1.000
 COG061         1.000         1.000         1.000         1.000
 COG062         1.000         1.000         1.000         1.000         1.000
 COG063         1.000         1.000         1.000         1.000         1.000
 COG064         1.000         1.000         1.000         1.000         1.000
 COG066         1.000         1.000         1.000         1.000         1.000
 ECSUR          0.977         0.977         0.977         0.977         0.977


           Covariance Coverage
              COG063        COG064        COG066        ECSUR
              ________      ________      ________      ________
 COG063         1.000
 COG064         1.000         1.000
 COG066         1.000         1.000         1.000
 ECSUR          0.977         0.977         0.977         0.977


UNIVARIATE PROPORTIONS AND COUNTS FOR CATEGORICAL VARIABLES

    COG040
      Category 1    0.127           94.000
      Category 2    0.873          645.000
    COG041
      Category 1    0.280          207.000
      Category 2    0.720          532.000
    COG043
      Category 1    0.143          106.000
      Category 2    0.857          633.000
    COG044
      Category 1    0.112           83.000
      Category 2    0.888          656.000
    COG045
      Category 1    0.372          275.000
      Category 2    0.628          464.000
    COG046
      Category 1    0.513          379.000
      Category 2    0.487          360.000
    COG048
      Category 1    0.108           80.000
      Category 2    0.892          659.000
    COG049
      Category 1    0.156          115.000
      Category 2    0.844          624.000
    COG050
      Category 1    0.273          202.000
      Category 2    0.727          537.000
    COG051
      Category 1    0.120           89.000
      Category 2    0.880          650.000
    COG052
      Category 1    0.317          234.000
      Category 2    0.683          505.000
    COG053
      Category 1    0.334          247.000
      Category 2    0.666          492.000
    COG054
      Category 1    0.332          245.000
      Category 2    0.668          494.000
    COG055
      Category 1    0.122           90.000
      Category 2    0.878          649.000
    COG056
      Category 1    0.441          326.000
      Category 2    0.559          413.000
    COG057
      Category 1    0.816          603.000
      Category 2    0.184          136.000
    COG058
      Category 1    0.434          321.000
      Category 2    0.566          418.000
    COG060
      Category 1    0.612          452.000
      Category 2    0.388          287.000
    COG061
      Category 1    0.759          561.000
      Category 2    0.241          178.000
    COG062
      Category 1    0.850          628.000
      Category 2    0.150          111.000
    COG063
      Category 1    0.886          655.000
      Category 2    0.114           84.000
    COG064
      Category 1    0.763          564.000
      Category 2    0.237          175.000
    COG066
      Category 1    0.824          609.000
      Category 2    0.176          130.000


SAMPLE STATISTICS


     ESTIMATED SAMPLE STATISTICS


           MEANS/INTERCEPTS/THRESHOLDS
              COG040$1      COG041$1      COG043$1      COG044$1      COG045$1
              ________      ________      ________      ________      ________
               -1.140        -0.583        -1.065        -1.214        -0.326


           MEANS/INTERCEPTS/THRESHOLDS
              COG046$1      COG048$1      COG049$1      COG050$1      COG051$1
              ________      ________      ________      ________      ________
                0.032        -1.236        -1.013        -0.603        -1.173


           MEANS/INTERCEPTS/THRESHOLDS
              COG052$1      COG053$1      COG054$1      COG055$1      COG056$1
              ________      ________      ________      ________      ________
               -0.477        -0.428        -0.436        -1.166        -0.148


           MEANS/INTERCEPTS/THRESHOLDS
              COG057$1      COG058$1      COG060$1      COG061$1      COG062$1
              ________      ________      ________      ________      ________
                0.900        -0.165         0.284         0.704         1.036


           MEANS/INTERCEPTS/THRESHOLDS
              COG063$1      COG064$1      COG066$1      ECSUR
              ________      ________      ________      ________
                1.207         0.717         0.931         0.000


           CORRELATION MATRIX (WITH VARIANCES ON THE DIAGONAL)
              COG040        COG041        COG043        COG044        COG045
              ________      ________      ________      ________      ________
 COG040
 COG041         0.088
 COG043         0.095         0.221
 COG044         0.340         0.318         0.291
 COG045         0.534         0.217         0.265         0.304
 COG046         0.193         0.179         0.160         0.241         0.214
 COG048         0.123         0.213         0.261         0.357         0.154
 COG049         0.307         0.188         0.310         0.301         0.315
 COG050         0.487         0.247         0.310         0.330         0.573
 COG051         0.265         0.293         0.283         0.339         0.335
 COG052         0.128         0.202         0.572         0.272         0.206
 COG053         0.080         0.160         0.152         0.329         0.231
 COG054         0.169         0.166         0.320         0.230         0.192
 COG055         0.187         0.319         0.438         0.334         0.262
 COG056         0.235         0.168         0.286         0.324         0.247
 COG057         0.084         0.315         0.107         0.063         0.104
 COG058         0.133         0.192         0.267         0.246         0.238
 COG060         0.202         0.249         0.351         0.322         0.297
 COG061         0.056         0.256         0.402         0.228         0.155
 COG062         0.230         0.351         0.447         0.230         0.314
 COG063         0.180         0.322         0.264         0.244         0.179
 COG064         0.325         0.276         0.396         0.313         0.300
 COG066         0.151         0.333         0.398         0.372         0.235
 ECSUR          0.030        -0.008         0.033         0.087         0.051


           CORRELATION MATRIX (WITH VARIANCES ON THE DIAGONAL)
              COG046        COG048        COG049        COG050        COG051
              ________      ________      ________      ________      ________
 COG048         0.221
 COG049         0.229         0.204
 COG050         0.126         0.262         0.400
 COG051         0.228         0.354         0.686         0.402
 COG052         0.000         0.242         0.277         0.273         0.343
 COG053         0.133         0.909         0.188         0.242         0.266
 COG054         0.087         0.218         0.249         0.289         0.335
 COG055         0.269         0.326         0.628         0.411         0.713
 COG056         0.229         0.086         0.904         0.311         0.723
 COG057         0.124         0.174         0.272         0.113         0.245
 COG058         0.226         0.151         0.564         0.276         0.897
 COG060         0.256         0.178         0.711         0.352         0.682
 COG061         0.284         0.079         0.489         0.317         0.534
 COG062         0.361         0.137         0.469         0.253         0.466
 COG063         0.302         0.129         0.550         0.371         0.397
 COG064         0.248         0.371         0.423         0.323         0.483
 COG066         0.386         0.230         0.697         0.302         0.652
 ECSUR         -0.047         0.011        -0.057         0.041        -0.024


           CORRELATION MATRIX (WITH VARIANCES ON THE DIAGONAL)
              COG052        COG053        COG054        COG055        COG056
              ________      ________      ________      ________      ________
 COG053         0.260
 COG054         0.380         0.211
 COG055         0.474         0.307         0.405
 COG056         0.281         0.168         0.223         0.688
 COG057         0.210         0.136         0.252         0.460         0.249
 COG058         0.231         0.082         0.310         0.732         0.791
 COG060         0.320         0.156         0.345         0.619         0.899
 COG061         0.354         0.140         0.340         0.662         0.641
 COG062         0.284         0.167         0.198         0.624         0.461
 COG063         0.347         0.206         0.293         0.572         0.650
 COG064         0.372         0.362         0.440         0.658         0.633
 COG066         0.320         0.201         0.431         0.654         0.805
 ECSUR          0.022         0.004         0.005         0.063        -0.057


           CORRELATION MATRIX (WITH VARIANCES ON THE DIAGONAL)
              COG057        COG058        COG060        COG061        COG062
              ________      ________      ________      ________      ________
 COG058         0.332
 COG060         0.332         0.800
 COG061         0.392         0.609         0.647
 COG062         0.280         0.503         0.504         0.563
 COG063         0.344         0.644         0.701         0.838         0.536
 COG064         0.337         0.590         0.636         0.615         0.521
 COG066         0.328         0.886         0.838         0.822         0.680
 ECSUR         -0.014        -0.035        -0.029        -0.006         0.015


           CORRELATION MATRIX (WITH VARIANCES ON THE DIAGONAL)
              COG063        COG064        COG066        ECSUR
              ________      ________      ________      ________
 COG064         0.620
 COG066         0.754         0.757
 ECSUR         -0.034        -0.062         0.019         1.000


UNIVARIATE SAMPLE STATISTICS


     UNIVARIATE HIGHER-ORDER MOMENT DESCRIPTIVE STATISTICS

         Variable/         Mean/     Skewness/   Minimum/ % with                Percentiles
        Sample Size      Variance    Kurtosis    Maximum  Min/Max      20%/60%    40%/80%    Median

     ECSUR                 0.000      -0.587      -3.617    0.14%      -0.759     -0.146      0.075
             722.000       1.000       0.486       2.098    0.42%       0.295      0.860


     THIS ANALYSIS MAY HAVE MULTIPLE SOLUTIONS.  EXPLORE THIS USING RANDOM STARTS,
     FOR EXAMPLE, STARTS = 20.  USE A LARGE ENOUGH NUMBER OF STARTS SO THAT THE
     BEST FIT FUNCTION VALUE IS REPLICATED SEVERAL TIMES.


THE MODEL ESTIMATION TERMINATED NORMALLY



MODEL FIT INFORMATION

Number of Free Parameters                       49

Chi-Square Test of Model Fit

          Value                           1208.256*
          Degrees of Freedom                   252
          P-Value                           0.0000

*   The chi-square value for MLM, MLMV, MLR, ULSMV, WLSM and WLSMV cannot be used
    for chi-square difference testing in the regular way.  MLM, MLR and WLSM
    chi-square difference testing is described on the Mplus website.  MLMV, WLSMV,
    and ULSMV difference testing is done using the DIFFTEST option.

RMSEA (Root Mean Square Error Of Approximation)

          Estimate                           0.072
          90 Percent C.I.                    0.068  0.076
          Probability RMSEA <= .05           0.000

CFI/TLI

          CFI                                0.887
          TLI                                0.877

Chi-Square Test of Model Fit for the Baseline Model

          Value                           8760.674
          Degrees of Freedom                   276
          P-Value                           0.0000

SRMR (Standardized Root Mean Square Residual)

          Value                              0.109

Optimum Function Value for Weighted Least-Squares Estimator

          Value                     0.84112522D+00



MODEL RESULTS

                                                    Two-Tailed
                    Estimate       S.E.  Est./S.E.    P-Value

 COG      BY
    COG040             1.000      0.000    999.000    999.000
    COG045             1.222      0.215      5.697      0.000
    COG050             1.472      0.259      5.688      0.000
    COG064             2.283      0.406      5.625      0.000
    COG041             1.068      0.224      4.761      0.000
    COG043             1.448      0.299      4.840      0.000
    COG044             1.328      0.263      5.049      0.000
    COG046             1.004      0.210      4.771      0.000
    COG048             1.681      0.317      5.299      0.000
    COG052             1.363      0.263      5.188      0.000
    COG053             1.416      0.272      5.201      0.000
    COG057             1.180      0.250      4.713      0.000
    COG049             2.470      0.438      5.634      0.000
    COG051             2.367      0.426      5.556      0.000
    COG054             1.309      0.255      5.134      0.000
    COG055             2.498      0.444      5.626      0.000
    COG056             2.806      0.494      5.681      0.000
    COG058             2.437      0.435      5.604      0.000
    COG060             2.750      0.484      5.685      0.000
    COG061             2.450      0.439      5.576      0.000
    COG062             1.947      0.354      5.495      0.000
    COG063             2.507      0.447      5.612      0.000
    COG066             2.844      0.503      5.659      0.000

 ECSUR    WITH
    COG               -0.003      0.013     -0.244      0.807

 Means
    ECSUR              0.000      0.040      0.000      1.000

 Thresholds
    COG040$1          -1.140      0.059    -19.376      0.000
    COG041$1          -0.583      0.049    -11.873      0.000
    COG043$1          -1.065      0.057    -18.689      0.000
    COG044$1          -1.214      0.061    -19.954      0.000
    COG045$1          -0.326      0.047     -6.940      0.000
    COG046$1           0.032      0.046      0.699      0.485
    COG048$1          -1.236      0.061    -20.100      0.000
    COG049$1          -1.013      0.056    -18.143      0.000
    COG050$1          -0.603      0.049    -12.231      0.000
    COG051$1          -1.173      0.060    -19.646      0.000
    COG052$1          -0.477      0.048     -9.927      0.000
    COG053$1          -0.428      0.048     -8.983      0.000
    COG054$1          -0.436      0.048     -9.128      0.000
    COG055$1          -1.166      0.060    -19.593      0.000
    COG056$1          -0.148      0.046     -3.199      0.001
    COG057$1           0.900      0.054     16.800      0.000
    COG058$1          -0.165      0.046     -3.567      0.000
    COG060$1           0.284      0.047      6.062      0.000
    COG061$1           0.704      0.050     13.931      0.000
    COG062$1           1.036      0.056     18.388      0.000
    COG063$1           1.207      0.061     19.904      0.000
    COG064$1           0.717      0.051     14.141      0.000
    COG066$1           0.931      0.054     17.192      0.000

 Variances
    ECSUR              1.000      0.051     19.659      0.000
    COG                0.108      0.038      2.841      0.004


QUALITY OF NUMERICAL RESULTS

     Condition Number for the Information Matrix              0.190E-05
       (ratio of smallest to largest eigenvalue)


STANDARDIZED MODEL RESULTS


STDYX Standardization

                                                    Two-Tailed
                    Estimate       S.E.  Est./S.E.    P-Value

 COG      BY
    COG040             0.328      0.058      5.682      0.000
    COG045             0.401      0.042      9.613      0.000
    COG050             0.483      0.042     11.613      0.000
    COG064             0.749      0.029     25.462      0.000
    COG041             0.350      0.045      7.758      0.000
    COG043             0.475      0.053      8.991      0.000
    COG044             0.435      0.058      7.556      0.000
    COG046             0.329      0.043      7.673      0.000
    COG048             0.551      0.054     10.149      0.000
    COG052             0.447      0.041     10.941      0.000
    COG053             0.465      0.039     11.982      0.000
    COG057             0.387      0.050      7.785      0.000
    COG049             0.810      0.030     26.872      0.000
    COG051             0.776      0.041     19.072      0.000
    COG054             0.429      0.042     10.184      0.000
    COG055             0.819      0.037     22.366      0.000
    COG056             0.920      0.015     61.672      0.000
    COG058             0.799      0.022     36.643      0.000
    COG060             0.902      0.015     59.782      0.000
    COG061             0.803      0.025     32.158      0.000
    COG062             0.638      0.041     15.506      0.000
    COG063             0.822      0.031     26.689      0.000
    COG066             0.933      0.019     49.818      0.000

 ECSUR    WITH
    COG               -0.010      0.039     -0.244      0.807

 Means
    ECSUR              0.000      0.040      0.000      1.000

 Thresholds
    COG040$1          -1.140      0.059    -19.376      0.000
    COG041$1          -0.583      0.049    -11.873      0.000
    COG043$1          -1.065      0.057    -18.689      0.000
    COG044$1          -1.214      0.061    -19.954      0.000
    COG045$1          -0.326      0.047     -6.940      0.000
    COG046$1           0.032      0.046      0.699      0.485
    COG048$1          -1.236      0.061    -20.100      0.000
    COG049$1          -1.013      0.056    -18.143      0.000
    COG050$1          -0.603      0.049    -12.231      0.000
    COG051$1          -1.173      0.060    -19.646      0.000
    COG052$1          -0.477      0.048     -9.927      0.000
    COG053$1          -0.428      0.048     -8.983      0.000
    COG054$1          -0.436      0.048     -9.128      0.000
    COG055$1          -1.166      0.060    -19.593      0.000
    COG056$1          -0.148      0.046     -3.199      0.001
    COG057$1           0.900      0.054     16.800      0.000
    COG058$1          -0.165      0.046     -3.567      0.000
    COG060$1           0.284      0.047      6.062      0.000
    COG061$1           0.704      0.050     13.931      0.000
    COG062$1           1.036      0.056     18.388      0.000
    COG063$1           1.207      0.061     19.904      0.000
    COG064$1           0.717      0.051     14.141      0.000
    COG066$1           0.931      0.054     17.192      0.000

 Variances
    ECSUR              1.000      0.000    999.000    999.000
    COG                1.000      0.000    999.000    999.000


STDY Standardization

                                                    Two-Tailed
                    Estimate       S.E.  Est./S.E.    P-Value

 COG      BY
    COG040             0.328      0.058      5.682      0.000
    COG045             0.401      0.042      9.613      0.000
    COG050             0.483      0.042     11.613      0.000
    COG064             0.749      0.029     25.462      0.000
    COG041             0.350      0.045      7.758      0.000
    COG043             0.475      0.053      8.991      0.000
    COG044             0.435      0.058      7.556      0.000
    COG046             0.329      0.043      7.673      0.000
    COG048             0.551      0.054     10.149      0.000
    COG052             0.447      0.041     10.941      0.000
    COG053             0.465      0.039     11.982      0.000
    COG057             0.387      0.050      7.785      0.000
    COG049             0.810      0.030     26.872      0.000
    COG051             0.776      0.041     19.072      0.000
    COG054             0.429      0.042     10.184      0.000
    COG055             0.819      0.037     22.366      0.000
    COG056             0.920      0.015     61.672      0.000
    COG058             0.799      0.022     36.643      0.000
    COG060             0.902      0.015     59.782      0.000
    COG061             0.803      0.025     32.158      0.000
    COG062             0.638      0.041     15.506      0.000
    COG063             0.822      0.031     26.689      0.000
    COG066             0.933      0.019     49.818      0.000

 ECSUR    WITH
    COG               -0.010      0.039     -0.244      0.807

 Means
    ECSUR              0.000      0.040      0.000      1.000

 Thresholds
    COG040$1          -1.140      0.059    -19.376      0.000
    COG041$1          -0.583      0.049    -11.873      0.000
    COG043$1          -1.065      0.057    -18.689      0.000
    COG044$1          -1.214      0.061    -19.954      0.000
    COG045$1          -0.326      0.047     -6.940      0.000
    COG046$1           0.032      0.046      0.699      0.485
    COG048$1          -1.236      0.061    -20.100      0.000
    COG049$1          -1.013      0.056    -18.143      0.000
    COG050$1          -0.603      0.049    -12.231      0.000
    COG051$1          -1.173      0.060    -19.646      0.000
    COG052$1          -0.477      0.048     -9.927      0.000
    COG053$1          -0.428      0.048     -8.983      0.000
    COG054$1          -0.436      0.048     -9.128      0.000
    COG055$1          -1.166      0.060    -19.593      0.000
    COG056$1          -0.148      0.046     -3.199      0.001
    COG057$1           0.900      0.054     16.800      0.000
    COG058$1          -0.165      0.046     -3.567      0.000
    COG060$1           0.284      0.047      6.062      0.000
    COG061$1           0.704      0.050     13.931      0.000
    COG062$1           1.036      0.056     18.388      0.000
    COG063$1           1.207      0.061     19.904      0.000
    COG064$1           0.717      0.051     14.141      0.000
    COG066$1           0.931      0.054     17.192      0.000

 Variances
    ECSUR              1.000      0.000    999.000    999.000
    COG                1.000      0.000    999.000    999.000


STD Standardization

                                                    Two-Tailed
                    Estimate       S.E.  Est./S.E.    P-Value

 COG      BY
    COG040             0.328      0.058      5.682      0.000
    COG045             0.401      0.042      9.613      0.000
    COG050             0.483      0.042     11.613      0.000
    COG064             0.749      0.029     25.462      0.000
    COG041             0.350      0.045      7.758      0.000
    COG043             0.475      0.053      8.991      0.000
    COG044             0.435      0.058      7.556      0.000
    COG046             0.329      0.043      7.673      0.000
    COG048             0.551      0.054     10.149      0.000
    COG052             0.447      0.041     10.941      0.000
    COG053             0.465      0.039     11.982      0.000
    COG057             0.387      0.050      7.785      0.000
    COG049             0.810      0.030     26.872      0.000
    COG051             0.776      0.041     19.072      0.000
    COG054             0.429      0.042     10.184      0.000
    COG055             0.819      0.037     22.366      0.000
    COG056             0.920      0.015     61.672      0.000
    COG058             0.799      0.022     36.643      0.000
    COG060             0.902      0.015     59.782      0.000
    COG061             0.803      0.025     32.158      0.000
    COG062             0.638      0.041     15.506      0.000
    COG063             0.822      0.031     26.689      0.000
    COG066             0.933      0.019     49.818      0.000

 ECSUR    WITH
    COG               -0.010      0.039     -0.244      0.807

 Means
    ECSUR              0.000      0.040      0.000      1.000

 Thresholds
    COG040$1          -1.140      0.059    -19.376      0.000
    COG041$1          -0.583      0.049    -11.873      0.000
    COG043$1          -1.065      0.057    -18.689      0.000
    COG044$1          -1.214      0.061    -19.954      0.000
    COG045$1          -0.326      0.047     -6.940      0.000
    COG046$1           0.032      0.046      0.699      0.485
    COG048$1          -1.236      0.061    -20.100      0.000
    COG049$1          -1.013      0.056    -18.143      0.000
    COG050$1          -0.603      0.049    -12.231      0.000
    COG051$1          -1.173      0.060    -19.646      0.000
    COG052$1          -0.477      0.048     -9.927      0.000
    COG053$1          -0.428      0.048     -8.983      0.000
    COG054$1          -0.436      0.048     -9.128      0.000
    COG055$1          -1.166      0.060    -19.593      0.000
    COG056$1          -0.148      0.046     -3.199      0.001
    COG057$1           0.900      0.054     16.800      0.000
    COG058$1          -0.165      0.046     -3.567      0.000
    COG060$1           0.284      0.047      6.062      0.000
    COG061$1           0.704      0.050     13.931      0.000
    COG062$1           1.036      0.056     18.388      0.000
    COG063$1           1.207      0.061     19.904      0.000
    COG064$1           0.717      0.051     14.141      0.000
    COG066$1           0.931      0.054     17.192      0.000

 Variances
    ECSUR              1.000      0.051     19.659      0.000
    COG                1.000      0.000    999.000    999.000


R-SQUARE

    Observed                                        Two-Tailed   Residual
    Variable        Estimate       S.E.  Est./S.E.    P-Value    Variance

    COG040             0.108      0.038      2.841      0.004      0.892
    COG041             0.123      0.032      3.879      0.000      0.877
    COG043             0.226      0.050      4.495      0.000      0.774
    COG044             0.190      0.050      3.778      0.000      0.810
    COG045             0.161      0.033      4.806      0.000      0.839
    COG046             0.108      0.028      3.836      0.000      0.892
    COG048             0.304      0.060      5.074      0.000      0.696
    COG049             0.656      0.049     13.436      0.000      0.344
    COG050             0.233      0.040      5.807      0.000      0.767
    COG051             0.603      0.063      9.536      0.000      0.397
    COG052             0.200      0.037      5.470      0.000      0.800
    COG053             0.216      0.036      5.991      0.000      0.784
    COG054             0.184      0.036      5.092      0.000      0.816
    COG055             0.671      0.060     11.183      0.000      0.329
    COG056             0.847      0.027     30.836      0.000      0.153
    COG057             0.150      0.038      3.892      0.000      0.850
    COG058             0.639      0.035     18.322      0.000      0.361
    COG060             0.813      0.027     29.891      0.000      0.187
    COG061             0.646      0.040     16.079      0.000      0.354
    COG062             0.408      0.053      7.753      0.000      0.592
    COG063             0.676      0.051     13.344      0.000      0.324
    COG064             0.561      0.044     12.731      0.000      0.439
    COG066             0.870      0.035     24.909      0.000      0.130


CONFIDENCE INTERVALS OF MODEL RESULTS

                  Lower .5%  Lower 2.5%    Lower 5%    Estimate    Upper 5%  Upper 2.5%   Upper .5%

 COG      BY
    COG040           1.000       1.000       1.000       1.000       1.000       1.000       1.000
    COG045           0.670       0.802       0.869       1.222       1.575       1.643       1.775
    COG050           0.805       0.965       1.046       1.472       1.898       1.979       2.139
    COG064           1.237       1.487       1.615       2.283       2.950       3.078       3.328
    COG041           0.490       0.628       0.699       1.068       1.437       1.508       1.646
    COG043           0.677       0.862       0.956       1.448       1.941       2.035       2.219
    COG044           0.650       0.812       0.895       1.328       1.760       1.843       2.005
    COG046           0.462       0.591       0.658       1.004       1.350       1.416       1.545
    COG048           0.864       1.059       1.159       1.681       2.202       2.302       2.497
    COG052           0.686       0.848       0.931       1.363       1.795       1.878       2.040
    COG053           0.715       0.883       0.968       1.416       1.864       1.950       2.118
    COG057           0.535       0.689       0.768       1.180       1.591       1.670       1.824
    COG049           1.341       1.611       1.749       2.470       3.192       3.330       3.600
    COG051           1.270       1.532       1.666       2.367       3.068       3.202       3.464
    COG054           0.652       0.809       0.890       1.309       1.729       1.809       1.966
    COG055           1.354       1.628       1.767       2.498       3.228       3.368       3.641
    COG056           1.534       1.838       1.993       2.806       3.618       3.774       4.078
    COG058           1.317       1.584       1.721       2.437       3.152       3.289       3.557
    COG060           1.504       1.802       1.954       2.750       3.545       3.698       3.995
    COG061           1.318       1.589       1.727       2.450       3.172       3.311       3.581
    COG062           1.034       1.252       1.364       1.947       2.529       2.641       2.859
    COG063           1.356       1.631       1.772       2.507       3.242       3.383       3.658
    COG066           1.550       1.859       2.018       2.844       3.671       3.830       4.139

 ECSUR    WITH
    COG             -0.036      -0.028      -0.024      -0.003       0.018       0.022       0.030

 Means
    ECSUR           -0.103      -0.079      -0.066       0.000       0.066       0.079       0.103

 Thresholds
    COG040$1        -1.291      -1.255      -1.236      -1.140      -1.043      -1.024      -0.988
    COG041$1        -0.709      -0.679      -0.663      -0.583      -0.502      -0.486      -0.456
    COG043$1        -1.212      -1.177      -1.159      -1.065      -0.971      -0.953      -0.918
    COG044$1        -1.371      -1.334      -1.314      -1.214      -1.114      -1.095      -1.058
    COG045$1        -0.447      -0.418      -0.404      -0.326      -0.249      -0.234      -0.205
    COG046$1        -0.087      -0.058      -0.044       0.032       0.108       0.123       0.151
    COG048$1        -1.394      -1.356      -1.337      -1.236      -1.135      -1.115      -1.077
    COG049$1        -1.156      -1.122      -1.104      -1.013      -0.921      -0.903      -0.869
    COG050$1        -0.730      -0.699      -0.684      -0.603      -0.522      -0.506      -0.476
    COG051$1        -1.327      -1.290      -1.271      -1.173      -1.075      -1.056      -1.019
    COG052$1        -0.601      -0.571      -0.556      -0.477      -0.398      -0.383      -0.353
    COG053$1        -0.551      -0.522      -0.507      -0.428      -0.350      -0.335      -0.305
    COG054$1        -0.559      -0.529      -0.514      -0.436      -0.357      -0.342      -0.313
    COG055$1        -1.319      -1.283      -1.264      -1.166      -1.068      -1.049      -1.013
    COG056$1        -0.267      -0.239      -0.224      -0.148      -0.072      -0.057      -0.029
    COG057$1         0.762       0.795       0.812       0.900       0.988       1.005       1.038
    COG058$1        -0.285      -0.256      -0.241      -0.165      -0.089      -0.074      -0.046
    COG060$1         0.163       0.192       0.207       0.284       0.361       0.375       0.404
    COG061$1         0.573       0.605       0.620       0.704       0.787       0.802       0.834
    COG062$1         0.891       0.925       0.943       1.036       1.128       1.146       1.181
    COG063$1         1.051       1.088       1.107       1.207       1.307       1.326       1.363
    COG064$1         0.586       0.617       0.633       0.717       0.800       0.816       0.847
    COG066$1         0.792       0.825       0.842       0.931       1.020       1.037       1.071

 Variances
    ECSUR            0.869       0.900       0.916       1.000       1.084       1.100       1.131
    COG              0.010       0.033       0.045       0.108       0.170       0.182       0.205


CONFIDENCE INTERVALS OF STANDARDIZED MODEL RESULTS


STDYX Standardization

                  Lower .5%  Lower 2.5%    Lower 5%    Estimate    Upper 5%  Upper 2.5%   Upper .5%

 COG      BY
    COG040           0.179       0.215       0.233       0.328       0.423       0.441       0.477
    COG045           0.293       0.319       0.332       0.401       0.469       0.483       0.508
    COG050           0.376       0.401       0.414       0.483       0.551       0.564       0.590
    COG064           0.673       0.691       0.700       0.749       0.797       0.806       0.824
    COG041           0.234       0.262       0.276       0.350       0.425       0.439       0.467
    COG043           0.339       0.371       0.388       0.475       0.562       0.579       0.611
    COG044           0.287       0.322       0.341       0.435       0.530       0.548       0.584
    COG046           0.219       0.245       0.259       0.329       0.400       0.413       0.440
    COG048           0.411       0.445       0.462       0.551       0.641       0.658       0.691
    COG052           0.342       0.367       0.380       0.447       0.514       0.527       0.552
    COG053           0.365       0.389       0.401       0.465       0.528       0.541       0.564
    COG057           0.259       0.289       0.305       0.387       0.469       0.484       0.515
    COG049           0.733       0.751       0.761       0.810       0.860       0.869       0.888
    COG051           0.671       0.697       0.709       0.776       0.843       0.856       0.881
    COG054           0.321       0.347       0.360       0.429       0.499       0.512       0.538
    COG055           0.725       0.747       0.759       0.819       0.879       0.891       0.914
    COG056           0.882       0.891       0.896       0.920       0.945       0.949       0.959
    COG058           0.743       0.756       0.763       0.799       0.835       0.842       0.855
    COG060           0.863       0.872       0.877       0.902       0.927       0.931       0.941
    COG061           0.739       0.754       0.762       0.803       0.845       0.852       0.868
    COG062           0.532       0.558       0.571       0.638       0.706       0.719       0.745
    COG063           0.743       0.762       0.772       0.822       0.873       0.883       0.902
    COG066           0.885       0.896       0.902       0.933       0.964       0.970       0.981

 ECSUR    WITH
    COG             -0.111      -0.087      -0.074      -0.010       0.055       0.068       0.092

 Means
    ECSUR           -0.103      -0.079      -0.066       0.000       0.066       0.079       0.103

 Thresholds
    COG040$1        -1.291      -1.255      -1.236      -1.140      -1.043      -1.024      -0.988
    COG041$1        -0.709      -0.679      -0.663      -0.583      -0.502      -0.486      -0.456
    COG043$1        -1.212      -1.177      -1.159      -1.065      -0.971      -0.953      -0.918
    COG044$1        -1.371      -1.334      -1.314      -1.214      -1.114      -1.095      -1.058
    COG045$1        -0.447      -0.418      -0.404      -0.326      -0.249      -0.234      -0.205
    COG046$1        -0.087      -0.058      -0.044       0.032       0.108       0.123       0.151
    COG048$1        -1.394      -1.356      -1.337      -1.236      -1.135      -1.115      -1.077
    COG049$1        -1.156      -1.122      -1.104      -1.013      -0.921      -0.903      -0.869
    COG050$1        -0.730      -0.699      -0.684      -0.603      -0.522      -0.506      -0.476
    COG051$1        -1.327      -1.290      -1.271      -1.173      -1.075      -1.056      -1.019
    COG052$1        -0.601      -0.571      -0.556      -0.477      -0.398      -0.383      -0.353
    COG053$1        -0.551      -0.522      -0.507      -0.428      -0.350      -0.335      -0.305
    COG054$1        -0.559      -0.529      -0.514      -0.436      -0.357      -0.342      -0.313
    COG055$1        -1.319      -1.283      -1.264      -1.166      -1.068      -1.049      -1.013
    COG056$1        -0.267      -0.239      -0.224      -0.148      -0.072      -0.057      -0.029
    COG057$1         0.762       0.795       0.812       0.900       0.988       1.005       1.038
    COG058$1        -0.285      -0.256      -0.241      -0.165      -0.089      -0.074      -0.046
    COG060$1         0.163       0.192       0.207       0.284       0.361       0.375       0.404
    COG061$1         0.573       0.605       0.620       0.704       0.787       0.802       0.834
    COG062$1         0.891       0.925       0.943       1.036       1.128       1.146       1.181
    COG063$1         1.051       1.088       1.107       1.207       1.307       1.326       1.363
    COG064$1         0.586       0.617       0.633       0.717       0.800       0.816       0.847
    COG066$1         0.792       0.825       0.842       0.931       1.020       1.037       1.071

 Variances
    ECSUR            1.000       1.000       1.000       1.000       1.000       1.000       1.000
    COG              1.000       1.000       1.000       1.000       1.000       1.000       1.000


STDY Standardization

                  Lower .5%  Lower 2.5%    Lower 5%    Estimate    Upper 5%  Upper 2.5%   Upper .5%

 COG      BY
    COG040           0.179       0.215       0.233       0.328       0.423       0.441       0.477
    COG045           0.293       0.319       0.332       0.401       0.469       0.483       0.508
    COG050           0.376       0.401       0.414       0.483       0.551       0.564       0.590
    COG064           0.673       0.691       0.700       0.749       0.797       0.806       0.824
    COG041           0.234       0.262       0.276       0.350       0.425       0.439       0.467
    COG043           0.339       0.371       0.388       0.475       0.562       0.579       0.611
    COG044           0.287       0.322       0.341       0.435       0.530       0.548       0.584
    COG046           0.219       0.245       0.259       0.329       0.400       0.413       0.440
    COG048           0.411       0.445       0.462       0.551       0.641       0.658       0.691
    COG052           0.342       0.367       0.380       0.447       0.514       0.527       0.552
    COG053           0.365       0.389       0.401       0.465       0.528       0.541       0.564
    COG057           0.259       0.289       0.305       0.387       0.469       0.484       0.515
    COG049           0.733       0.751       0.761       0.810       0.860       0.869       0.888
    COG051           0.671       0.697       0.709       0.776       0.843       0.856       0.881
    COG054           0.321       0.347       0.360       0.429       0.499       0.512       0.538
    COG055           0.725       0.747       0.759       0.819       0.879       0.891       0.914
    COG056           0.882       0.891       0.896       0.920       0.945       0.949       0.959
    COG058           0.743       0.756       0.763       0.799       0.835       0.842       0.855
    COG060           0.863       0.872       0.877       0.902       0.927       0.931       0.941
    COG061           0.739       0.754       0.762       0.803       0.845       0.852       0.868
    COG062           0.532       0.558       0.571       0.638       0.706       0.719       0.745
    COG063           0.743       0.762       0.772       0.822       0.873       0.883       0.902
    COG066           0.885       0.896       0.902       0.933       0.964       0.970       0.981

 ECSUR    WITH
    COG             -0.111      -0.087      -0.074      -0.010       0.055       0.068       0.092

 Means
    ECSUR           -0.103      -0.079      -0.066       0.000       0.066       0.079       0.103

 Thresholds
    COG040$1        -1.291      -1.255      -1.236      -1.140      -1.043      -1.024      -0.988
    COG041$1        -0.709      -0.679      -0.663      -0.583      -0.502      -0.486      -0.456
    COG043$1        -1.212      -1.177      -1.159      -1.065      -0.971      -0.953      -0.918
    COG044$1        -1.371      -1.334      -1.314      -1.214      -1.114      -1.095      -1.058
    COG045$1        -0.447      -0.418      -0.404      -0.326      -0.249      -0.234      -0.205
    COG046$1        -0.087      -0.058      -0.044       0.032       0.108       0.123       0.151
    COG048$1        -1.394      -1.356      -1.337      -1.236      -1.135      -1.115      -1.077
    COG049$1        -1.156      -1.122      -1.104      -1.013      -0.921      -0.903      -0.869
    COG050$1        -0.730      -0.699      -0.684      -0.603      -0.522      -0.506      -0.476
    COG051$1        -1.327      -1.290      -1.271      -1.173      -1.075      -1.056      -1.019
    COG052$1        -0.601      -0.571      -0.556      -0.477      -0.398      -0.383      -0.353
    COG053$1        -0.551      -0.522      -0.507      -0.428      -0.350      -0.335      -0.305
    COG054$1        -0.559      -0.529      -0.514      -0.436      -0.357      -0.342      -0.313
    COG055$1        -1.319      -1.283      -1.264      -1.166      -1.068      -1.049      -1.013
    COG056$1        -0.267      -0.239      -0.224      -0.148      -0.072      -0.057      -0.029
    COG057$1         0.762       0.795       0.812       0.900       0.988       1.005       1.038
    COG058$1        -0.285      -0.256      -0.241      -0.165      -0.089      -0.074      -0.046
    COG060$1         0.163       0.192       0.207       0.284       0.361       0.375       0.404
    COG061$1         0.573       0.605       0.620       0.704       0.787       0.802       0.834
    COG062$1         0.891       0.925       0.943       1.036       1.128       1.146       1.181
    COG063$1         1.051       1.088       1.107       1.207       1.307       1.326       1.363
    COG064$1         0.586       0.617       0.633       0.717       0.800       0.816       0.847
    COG066$1         0.792       0.825       0.842       0.931       1.020       1.037       1.071

 Variances
    ECSUR            1.000       1.000       1.000       1.000       1.000       1.000       1.000
    COG              1.000       1.000       1.000       1.000       1.000       1.000       1.000


STD Standardization

                  Lower .5%  Lower 2.5%    Lower 5%    Estimate    Upper 5%  Upper 2.5%   Upper .5%

 COG      BY
    COG040           0.179       0.215       0.233       0.328       0.423       0.441       0.477
    COG045           0.293       0.319       0.332       0.401       0.469       0.483       0.508
    COG050           0.376       0.401       0.414       0.483       0.551       0.564       0.590
    COG064           0.673       0.691       0.700       0.749       0.797       0.806       0.824
    COG041           0.234       0.262       0.276       0.350       0.425       0.439       0.467
    COG043           0.339       0.371       0.388       0.475       0.562       0.579       0.611
    COG044           0.287       0.322       0.341       0.435       0.530       0.548       0.584
    COG046           0.219       0.245       0.259       0.329       0.400       0.413       0.440
    COG048           0.411       0.445       0.462       0.551       0.641       0.658       0.691
    COG052           0.342       0.367       0.380       0.447       0.514       0.527       0.552
    COG053           0.365       0.389       0.401       0.465       0.528       0.541       0.564
    COG057           0.259       0.289       0.305       0.387       0.469       0.484       0.515
    COG049           0.733       0.751       0.761       0.810       0.860       0.869       0.888
    COG051           0.671       0.697       0.709       0.776       0.843       0.856       0.881
    COG054           0.321       0.347       0.360       0.429       0.499       0.512       0.538
    COG055           0.725       0.747       0.759       0.819       0.879       0.891       0.914
    COG056           0.882       0.891       0.896       0.920       0.945       0.949       0.959
    COG058           0.743       0.756       0.763       0.799       0.835       0.842       0.855
    COG060           0.863       0.872       0.877       0.902       0.927       0.931       0.941
    COG061           0.739       0.754       0.762       0.803       0.845       0.852       0.868
    COG062           0.532       0.558       0.571       0.638       0.706       0.719       0.745
    COG063           0.743       0.762       0.772       0.822       0.873       0.883       0.902
    COG066           0.885       0.896       0.902       0.933       0.964       0.970       0.981

 ECSUR    WITH
    COG             -0.111      -0.087      -0.074      -0.010       0.055       0.068       0.092

 Means
    ECSUR           -0.103      -0.079      -0.066       0.000       0.066       0.079       0.103

 Thresholds
    COG040$1        -1.291      -1.255      -1.236      -1.140      -1.043      -1.024      -0.988
    COG041$1        -0.709      -0.679      -0.663      -0.583      -0.502      -0.486      -0.456
    COG043$1        -1.212      -1.177      -1.159      -1.065      -0.971      -0.953      -0.918
    COG044$1        -1.371      -1.334      -1.314      -1.214      -1.114      -1.095      -1.058
    COG045$1        -0.447      -0.418      -0.404      -0.326      -0.249      -0.234      -0.205
    COG046$1        -0.087      -0.058      -0.044       0.032       0.108       0.123       0.151
    COG048$1        -1.394      -1.356      -1.337      -1.236      -1.135      -1.115      -1.077
    COG049$1        -1.156      -1.122      -1.104      -1.013      -0.921      -0.903      -0.869
    COG050$1        -0.730      -0.699      -0.684      -0.603      -0.522      -0.506      -0.476
    COG051$1        -1.327      -1.290      -1.271      -1.173      -1.075      -1.056      -1.019
    COG052$1        -0.601      -0.571      -0.556      -0.477      -0.398      -0.383      -0.353
    COG053$1        -0.551      -0.522      -0.507      -0.428      -0.350      -0.335      -0.305
    COG054$1        -0.559      -0.529      -0.514      -0.436      -0.357      -0.342      -0.313
    COG055$1        -1.319      -1.283      -1.264      -1.166      -1.068      -1.049      -1.013
    COG056$1        -0.267      -0.239      -0.224      -0.148      -0.072      -0.057      -0.029
    COG057$1         0.762       0.795       0.812       0.900       0.988       1.005       1.038
    COG058$1        -0.285      -0.256      -0.241      -0.165      -0.089      -0.074      -0.046
    COG060$1         0.163       0.192       0.207       0.284       0.361       0.375       0.404
    COG061$1         0.573       0.605       0.620       0.704       0.787       0.802       0.834
    COG062$1         0.891       0.925       0.943       1.036       1.128       1.146       1.181
    COG063$1         1.051       1.088       1.107       1.207       1.307       1.326       1.363
    COG064$1         0.586       0.617       0.633       0.717       0.800       0.816       0.847
    COG066$1         0.792       0.825       0.842       0.931       1.020       1.037       1.071

 Variances
    ECSUR            0.869       0.900       0.916       1.000       1.084       1.100       1.131
    COG              1.000       1.000       1.000       1.000       1.000       1.000       1.000


RESIDUAL OUTPUT


     ESTIMATED MODEL AND RESIDUALS (OBSERVED - ESTIMATED)


           Model Estimated Means/Intercepts/Thresholds
              COG040$1      COG041$1      COG043$1      COG044$1      COG045$1
              ________      ________      ________      ________      ________
               -1.140        -0.583        -1.065        -1.214        -0.326


           Model Estimated Means/Intercepts/Thresholds
              COG046$1      COG048$1      COG049$1      COG050$1      COG051$1
              ________      ________      ________      ________      ________
                0.032        -1.236        -1.013        -0.603        -1.173


           Model Estimated Means/Intercepts/Thresholds
              COG052$1      COG053$1      COG054$1      COG055$1      COG056$1
              ________      ________      ________      ________      ________
               -0.477        -0.428        -0.436        -1.166        -0.148


           Model Estimated Means/Intercepts/Thresholds
              COG057$1      COG058$1      COG060$1      COG061$1      COG062$1
              ________      ________      ________      ________      ________
                0.900        -0.165         0.284         0.704         1.036


           Model Estimated Means/Intercepts/Thresholds
              COG063$1      COG064$1      COG066$1      ECSUR
              ________      ________      ________      ________
                1.207         0.717         0.931         0.000


           Residuals for Means/Intercepts/Thresholds
              COG040$1      COG041$1      COG043$1      COG044$1      COG045$1
              ________      ________      ________      ________      ________
                0.000         0.000         0.000         0.000         0.000


           Residuals for Means/Intercepts/Thresholds
              COG046$1      COG048$1      COG049$1      COG050$1      COG051$1
              ________      ________      ________      ________      ________
                0.000         0.000         0.000         0.000         0.000


           Residuals for Means/Intercepts/Thresholds
              COG052$1      COG053$1      COG054$1      COG055$1      COG056$1
              ________      ________      ________      ________      ________
                0.000         0.000         0.000         0.000         0.000


           Residuals for Means/Intercepts/Thresholds
              COG057$1      COG058$1      COG060$1      COG061$1      COG062$1
              ________      ________      ________      ________      ________
                0.000         0.000         0.000         0.000         0.000


           Residuals for Means/Intercepts/Thresholds
              COG063$1      COG064$1      COG066$1      ECSUR
              ________      ________      ________      ________
                0.000         0.000         0.000         0.000


           Model Estimated Covariances/Correlations/Residual Correlations
              COG040        COG041        COG043        COG044        COG045
              ________      ________      ________      ________      ________
 COG040
 COG041         0.115
 COG043         0.156         0.166
 COG044         0.143         0.153         0.207
 COG045         0.131         0.140         0.190         0.175
 COG046         0.108         0.115         0.156         0.143         0.132
 COG048         0.181         0.193         0.262         0.240         0.221
 COG049         0.266         0.284         0.385         0.353         0.325
 COG050         0.158         0.169         0.229         0.210         0.194
 COG051         0.255         0.272         0.369         0.338         0.311
 COG052         0.147         0.157         0.212         0.195         0.179
 COG053         0.152         0.163         0.221         0.202         0.186
 COG054         0.141         0.150         0.204         0.187         0.172
 COG055         0.269         0.287         0.389         0.357         0.328
 COG056         0.302         0.322         0.437         0.401         0.369
 COG057         0.127         0.136         0.184         0.168         0.155
 COG058         0.262         0.280         0.380         0.348         0.320
 COG060         0.296         0.316         0.428         0.393         0.361
 COG061         0.264         0.281         0.382         0.350         0.322
 COG062         0.209         0.224         0.303         0.278         0.256
 COG063         0.270         0.288         0.391         0.358         0.330
 COG064         0.246         0.262         0.356         0.326         0.300
 COG066         0.306         0.327         0.443         0.406         0.374
 ECSUR         -0.003        -0.003        -0.005        -0.004        -0.004


           Model Estimated Covariances/Correlations/Residual Correlations
              COG046        COG048        COG049        COG050        COG051
              ________      ________      ________      ________      ________
 COG048         0.181
 COG049         0.267         0.447
 COG050         0.159         0.266         0.391
 COG051         0.256         0.428         0.629         0.375
 COG052         0.147         0.246         0.362         0.216         0.347
 COG053         0.153         0.256         0.376         0.224         0.361
 COG054         0.141         0.237         0.348         0.207         0.333
 COG055         0.270         0.452         0.664         0.395         0.636
 COG056         0.303         0.507         0.746         0.444         0.714
 COG057         0.127         0.213         0.313         0.187         0.300
 COG058         0.263         0.440         0.648         0.386         0.620
 COG060         0.297         0.497         0.731         0.435         0.700
 COG061         0.264         0.443         0.651         0.388         0.624
 COG062         0.210         0.352         0.517         0.308         0.496
 COG063         0.271         0.453         0.666         0.397         0.638
 COG064         0.246         0.413         0.607         0.361         0.581
 COG066         0.307         0.514         0.756         0.450         0.724
 ECSUR         -0.003        -0.005        -0.008        -0.005        -0.007


           Model Estimated Covariances/Correlations/Residual Correlations
              COG052        COG053        COG054        COG055        COG056
              ________      ________      ________      ________      ________
 COG053         0.208
 COG054         0.192         0.199
 COG055         0.366         0.381         0.352
 COG056         0.411         0.427         0.395         0.754
 COG057         0.173         0.180         0.166         0.317         0.356
 COG058         0.357         0.371         0.343         0.655         0.735
 COG060         0.403         0.419         0.387         0.739         0.830
 COG061         0.359         0.373         0.345         0.658         0.739
 COG062         0.285         0.297         0.274         0.523         0.588
 COG063         0.368         0.382         0.353         0.674         0.757
 COG064         0.335         0.348         0.321         0.613         0.689
 COG066         0.417         0.433         0.401         0.764         0.858
 ECSUR         -0.004        -0.004        -0.004        -0.008        -0.009


           Model Estimated Covariances/Correlations/Residual Correlations
              COG057        COG058        COG060        COG061        COG062
              ________      ________      ________      ________      ________
 COG058         0.309
 COG060         0.349         0.721
 COG061         0.311         0.642         0.725
 COG062         0.247         0.510         0.576         0.513
 COG063         0.318         0.657         0.741         0.661         0.525
 COG064         0.290         0.598         0.675         0.602         0.478
 COG066         0.361         0.746         0.841         0.750         0.596
 ECSUR         -0.004        -0.008        -0.009        -0.008        -0.006


           Model Estimated Covariances/Correlations/Residual Correlations
              COG063        COG064        COG066        ECSUR
              ________      ________      ________      ________
 COG064         0.616
 COG066         0.767         0.698
 ECSUR         -0.008        -0.007        -0.009         1.000


           Model Estimated Correlations/Residual Correlations
              COG040        COG041        COG043        COG044        COG045
              ________      ________      ________      ________      ________
 COG040
 COG041         0.115
 COG043         0.156         0.166
 COG044         0.143         0.153         0.207
 COG045         0.131         0.140         0.190         0.175
 COG046         0.108         0.115         0.156         0.143         0.132
 COG048         0.181         0.193         0.262         0.240         0.221
 COG049         0.266         0.284         0.385         0.353         0.325
 COG050         0.158         0.169         0.229         0.210         0.194
 COG051         0.255         0.272         0.369         0.338         0.311
 COG052         0.147         0.157         0.212         0.195         0.179
 COG053         0.152         0.163         0.221         0.202         0.186
 COG054         0.141         0.150         0.204         0.187         0.172
 COG055         0.269         0.287         0.389         0.357         0.328
 COG056         0.302         0.322         0.437         0.401         0.369
 COG057         0.127         0.136         0.184         0.168         0.155
 COG058         0.262         0.280         0.380         0.348         0.320
 COG060         0.296         0.316         0.428         0.393         0.361
 COG061         0.264         0.281         0.382         0.350         0.322
 COG062         0.209         0.224         0.303         0.278         0.256
 COG063         0.270         0.288         0.391         0.358         0.330
 COG064         0.246         0.262         0.356         0.326         0.300
 COG066         0.306         0.327         0.443         0.406         0.374
 ECSUR         -0.003        -0.003        -0.005        -0.004        -0.004


           Model Estimated Correlations/Residual Correlations
              COG046        COG048        COG049        COG050        COG051
              ________      ________      ________      ________      ________
 COG048         0.181
 COG049         0.267         0.447
 COG050         0.159         0.266         0.391
 COG051         0.256         0.428         0.629         0.375
 COG052         0.147         0.246         0.362         0.216         0.347
 COG053         0.153         0.256         0.376         0.224         0.361
 COG054         0.141         0.237         0.348         0.207         0.333
 COG055         0.270         0.452         0.664         0.395         0.636
 COG056         0.303         0.507         0.746         0.444         0.714
 COG057         0.127         0.213         0.313         0.187         0.300
 COG058         0.263         0.440         0.648         0.386         0.620
 COG060         0.297         0.497         0.731         0.435         0.700
 COG061         0.264         0.443         0.651         0.388         0.624
 COG062         0.210         0.352         0.517         0.308         0.496
 COG063         0.271         0.453         0.666         0.397         0.638
 COG064         0.246         0.413         0.607         0.361         0.581
 COG066         0.307         0.514         0.756         0.450         0.724
 ECSUR         -0.003        -0.005        -0.008        -0.005        -0.007


           Model Estimated Correlations/Residual Correlations
              COG052        COG053        COG054        COG055        COG056
              ________      ________      ________      ________      ________
 COG053         0.208
 COG054         0.192         0.199
 COG055         0.366         0.381         0.352
 COG056         0.411         0.427         0.395         0.754
 COG057         0.173         0.180         0.166         0.317         0.356
 COG058         0.357         0.371         0.343         0.655         0.735
 COG060         0.403         0.419         0.387         0.739         0.830
 COG061         0.359         0.373         0.345         0.658         0.739
 COG062         0.285         0.297         0.274         0.523         0.588
 COG063         0.368         0.382         0.353         0.674         0.757
 COG064         0.335         0.348         0.321         0.613         0.689
 COG066         0.417         0.433         0.401         0.764         0.858
 ECSUR         -0.004        -0.004        -0.004        -0.008        -0.009


           Model Estimated Correlations/Residual Correlations
              COG057        COG058        COG060        COG061        COG062
              ________      ________      ________      ________      ________
 COG058         0.309
 COG060         0.349         0.721
 COG061         0.311         0.642         0.725
 COG062         0.247         0.510         0.576         0.513
 COG063         0.318         0.657         0.741         0.661         0.525
 COG064         0.290         0.598         0.675         0.602         0.478
 COG066         0.361         0.746         0.841         0.750         0.596
 ECSUR         -0.004        -0.008        -0.009        -0.008        -0.006


           Model Estimated Correlations/Residual Correlations
              COG063        COG064        COG066        ECSUR
              ________      ________      ________      ________
 COG064         0.616
 COG066         0.767         0.698
 ECSUR         -0.008        -0.007        -0.009         1.000


           Residuals for Covariances/Correlations/Residual Correlations
              COG040        COG041        COG043        COG044        COG045
              ________      ________      ________      ________      ________
 COG040
 COG041        -0.027
 COG043        -0.060         0.055
 COG044         0.197         0.165         0.084
 COG045         0.403         0.077         0.075         0.129
 COG046         0.085         0.064         0.004         0.098         0.082
 COG048        -0.058         0.020        -0.001         0.117        -0.067
 COG049         0.042        -0.096        -0.075        -0.052        -0.009
 COG050         0.329         0.078         0.081         0.119         0.379
 COG051         0.011         0.021        -0.085         0.001         0.023
 COG052        -0.019         0.045         0.359         0.078         0.027
 COG053        -0.072        -0.003        -0.069         0.127         0.045
 COG054         0.028         0.016         0.116         0.043         0.020
 COG055        -0.082         0.032         0.049        -0.022        -0.066
 COG056        -0.067        -0.154        -0.152        -0.077        -0.122
 COG057        -0.043         0.180        -0.077        -0.106        -0.051
 COG058        -0.129        -0.088        -0.113        -0.102        -0.083
 COG060        -0.094        -0.067        -0.077        -0.071        -0.064
 COG061        -0.207        -0.025         0.020        -0.122        -0.168
 COG062         0.020         0.128         0.144        -0.048         0.058
 COG063        -0.089         0.034        -0.126        -0.114        -0.151
 COG064         0.079         0.014         0.040        -0.013         0.000
 COG066        -0.155         0.006        -0.045        -0.034        -0.139
 ECSUR          0.033        -0.004         0.038         0.091         0.055


           Residuals for Covariances/Correlations/Residual Correlations
              COG046        COG048        COG049        COG050        COG051
              ________      ________      ________      ________      ________
 COG048         0.039
 COG049        -0.038        -0.243
 COG050        -0.032        -0.004         0.009
 COG051        -0.028        -0.074         0.057         0.027
 COG052        -0.147        -0.004        -0.086         0.057        -0.004
 COG053        -0.020         0.653        -0.189         0.018        -0.095
 COG054        -0.054        -0.019        -0.099         0.082         0.001
 COG055        -0.001        -0.126        -0.036         0.015         0.077
 COG056        -0.074        -0.421         0.159        -0.134         0.009
 COG057        -0.003        -0.040        -0.041        -0.074        -0.055
 COG058        -0.037        -0.290        -0.084        -0.110         0.277
 COG060        -0.041        -0.319        -0.020        -0.084        -0.018
 COG061         0.019        -0.364        -0.161        -0.071        -0.090
 COG062         0.151        -0.214        -0.048        -0.055        -0.030
 COG063         0.031        -0.324        -0.116        -0.026        -0.242
 COG064         0.002        -0.041        -0.183        -0.038        -0.098
 COG066         0.079        -0.284        -0.059        -0.148        -0.072
 ECSUR         -0.044         0.016        -0.049         0.046        -0.016


           Residuals for Covariances/Correlations/Residual Correlations
              COG052        COG053        COG054        COG055        COG056
              ________      ________      ________      ________      ________
 COG053         0.052
 COG054         0.188         0.012
 COG055         0.108        -0.074         0.053
 COG056        -0.130        -0.259        -0.172        -0.065
 COG057         0.037        -0.044         0.086         0.143        -0.107
 COG058        -0.126        -0.289        -0.033         0.077         0.055
 COG060        -0.084        -0.263        -0.042        -0.120         0.070
 COG061        -0.006        -0.233        -0.005         0.004        -0.099
 COG062        -0.002        -0.129        -0.076         0.101        -0.126
 COG063        -0.021        -0.176        -0.060        -0.102        -0.107
 COG064         0.038         0.014         0.118         0.045        -0.056
 COG066        -0.097        -0.232         0.031        -0.110        -0.053
 ECSUR          0.026         0.008         0.009         0.071        -0.048


           Residuals for Covariances/Correlations/Residual Correlations
              COG057        COG058        COG060        COG061        COG062
              ________      ________      ________      ________      ________
 COG058         0.023
 COG060        -0.017         0.079
 COG061         0.081        -0.033        -0.078
 COG062         0.033        -0.007        -0.072         0.050
 COG063         0.026        -0.014        -0.040         0.177         0.011
 COG064         0.047        -0.008        -0.039         0.014         0.043
 COG066        -0.033         0.140        -0.003         0.073         0.084
 ECSUR         -0.011        -0.027        -0.021         0.002         0.021


           Residuals for Covariances/Correlations/Residual Correlations
              COG063        COG064        COG066        ECSUR
              ________      ________      ________      ________
 COG064         0.004
 COG066        -0.013         0.058
 ECSUR         -0.026        -0.054         0.028         0.000


           Residuals for Correlations/Residual Correlations
              COG040        COG041        COG043        COG044        COG045
              ________      ________      ________      ________      ________
 COG040
 COG041        -0.027
 COG043        -0.060         0.055
 COG044         0.197         0.165         0.084
 COG045         0.403         0.077         0.075         0.129
 COG046         0.085         0.064         0.004         0.098         0.082
 COG048        -0.058         0.020        -0.001         0.117        -0.067
 COG049         0.042        -0.096        -0.075        -0.052        -0.009
 COG050         0.329         0.078         0.081         0.119         0.379
 COG051         0.011         0.021        -0.085         0.001         0.023
 COG052        -0.019         0.045         0.359         0.078         0.027
 COG053        -0.072        -0.003        -0.069         0.127         0.045
 COG054         0.028         0.016         0.116         0.043         0.020
 COG055        -0.082         0.032         0.049        -0.022        -0.066
 COG056        -0.067        -0.154        -0.152        -0.077        -0.122
 COG057        -0.043         0.180        -0.077        -0.106        -0.051
 COG058        -0.129        -0.088        -0.113        -0.102        -0.083
 COG060        -0.094        -0.067        -0.077        -0.071        -0.064
 COG061        -0.207        -0.025         0.020        -0.122        -0.168
 COG062         0.020         0.128         0.144        -0.048         0.058
 COG063        -0.089         0.034        -0.126        -0.114        -0.151
 COG064         0.079         0.014         0.040        -0.013         0.000
 COG066        -0.155         0.006        -0.045        -0.034        -0.139
 ECSUR          0.033        -0.004         0.038         0.091         0.055


           Residuals for Correlations/Residual Correlations
              COG046        COG048        COG049        COG050        COG051
              ________      ________      ________      ________      ________
 COG048         0.039
 COG049        -0.038        -0.243
 COG050        -0.032        -0.004         0.009
 COG051        -0.028        -0.074         0.057         0.027
 COG052        -0.147        -0.004        -0.086         0.057        -0.004
 COG053        -0.020         0.653        -0.189         0.018        -0.095
 COG054        -0.054        -0.019        -0.099         0.082         0.001
 COG055        -0.001        -0.126        -0.036         0.015         0.077
 COG056        -0.074        -0.421         0.159        -0.134         0.009
 COG057        -0.003        -0.040        -0.041        -0.074        -0.055
 COG058        -0.037        -0.290        -0.084        -0.110         0.277
 COG060        -0.041        -0.319        -0.020        -0.084        -0.018
 COG061         0.019        -0.364        -0.161        -0.071        -0.090
 COG062         0.151        -0.214        -0.048        -0.055        -0.030
 COG063         0.031        -0.324        -0.116        -0.026        -0.242
 COG064         0.002        -0.041        -0.183        -0.038        -0.098
 COG066         0.079        -0.284        -0.059        -0.148        -0.072
 ECSUR         -0.044         0.016        -0.049         0.046        -0.016


           Residuals for Correlations/Residual Correlations
              COG052        COG053        COG054        COG055        COG056
              ________      ________      ________      ________      ________
 COG053         0.052
 COG054         0.188         0.012
 COG055         0.108        -0.074         0.053
 COG056        -0.130        -0.259        -0.172        -0.065
 COG057         0.037        -0.044         0.086         0.143        -0.107
 COG058        -0.126        -0.289        -0.033         0.077         0.055
 COG060        -0.084        -0.263        -0.042        -0.120         0.070
 COG061        -0.006        -0.233        -0.005         0.004        -0.099
 COG062        -0.002        -0.129        -0.076         0.101        -0.126
 COG063        -0.021        -0.176        -0.060        -0.102        -0.107
 COG064         0.038         0.014         0.118         0.045        -0.056
 COG066        -0.097        -0.232         0.031        -0.110        -0.053
 ECSUR          0.026         0.008         0.009         0.071        -0.048


           Residuals for Correlations/Residual Correlations
              COG057        COG058        COG060        COG061        COG062
              ________      ________      ________      ________      ________
 COG058         0.023
 COG060        -0.017         0.079
 COG061         0.081        -0.033        -0.078
 COG062         0.033        -0.007        -0.072         0.050
 COG063         0.026        -0.014        -0.040         0.177         0.011
 COG064         0.047        -0.008        -0.039         0.014         0.043
 COG066        -0.033         0.140        -0.003         0.073         0.084
 ECSUR         -0.011        -0.027        -0.021         0.002         0.021


           Residuals for Correlations/Residual Correlations
              COG063        COG064        COG066        ECSUR
              ________      ________      ________      ________
 COG064         0.004
 COG066        -0.013         0.058
 ECSUR         -0.026        -0.054         0.028         0.000


     UNIVARIATE PROPORTIONS FOR CATEGORICAL VARIABLES

     Variable          Observed      Estimated      Residual (Obs.-Est.)    Stand. Residual
     COG040
       Category  1       0.127          0.127                  0.000                0.000
       Category  2       0.873          0.873                  0.000                0.000
     COG041
       Category  1       0.280          0.280                  0.000                0.000
       Category  2       0.720          0.720                  0.000                0.000
     COG043
       Category  1       0.143          0.143                  0.000                0.000
       Category  2       0.857          0.857                  0.000                0.000
     COG044
       Category  1       0.112          0.112                  0.000                0.000
       Category  2       0.888          0.888                  0.000                0.000
     COG045
       Category  1       0.372          0.372                  0.000                0.000
       Category  2       0.628          0.628                  0.000                0.000
     COG046
       Category  1       0.513          0.513                  0.000                0.000
       Category  2       0.487          0.487                  0.000                0.000
     COG048
       Category  1       0.108          0.108                  0.000                0.000
       Category  2       0.892          0.892                  0.000                0.000
     COG049
       Category  1       0.156          0.156                  0.000                0.000
       Category  2       0.844          0.844                  0.000                0.000
     COG050
       Category  1       0.273          0.273                  0.000                0.000
       Category  2       0.727          0.727                  0.000                0.000
     COG051
       Category  1       0.120          0.120                  0.000                0.000
       Category  2       0.880          0.880                  0.000                0.000
     COG052
       Category  1       0.317          0.317                  0.000                0.000
       Category  2       0.683          0.683                  0.000                0.000
     COG053
       Category  1       0.334          0.334                  0.000                0.000
       Category  2       0.666          0.666                  0.000                0.000
     COG054
       Category  1       0.332          0.332                  0.000                0.000
       Category  2       0.668          0.668                  0.000                0.000
     COG055
       Category  1       0.122          0.122                  0.000                0.000
       Category  2       0.878          0.878                  0.000                0.000
     COG056
       Category  1       0.441          0.441                  0.000                0.000
       Category  2       0.559          0.559                  0.000                0.000
     COG057
       Category  1       0.816          0.816                  0.000                0.000
       Category  2       0.184          0.184                  0.000                0.000
     COG058
       Category  1       0.434          0.434                  0.000                0.000
       Category  2       0.566          0.566                  0.000                0.000
     COG060
       Category  1       0.612          0.612                  0.000                0.000
       Category  2       0.388          0.388                  0.000                0.000
     COG061
       Category  1       0.759          0.759                  0.000                0.000
       Category  2       0.241          0.241                  0.000                0.000
     COG062
       Category  1       0.850          0.850                  0.000                0.000
       Category  2       0.150          0.150                  0.000                0.000
     COG063
       Category  1       0.886          0.886                  0.000                0.000
       Category  2       0.114          0.114                  0.000                0.000
     COG064
       Category  1       0.763          0.763                  0.000                0.000
       Category  2       0.237          0.237                  0.000                0.000
     COG066
       Category  1       0.824          0.824                  0.000                0.000
       Category  2       0.176          0.176                  0.000                0.000


     BIVARIATE PROPORTIONS FOR CATEGORICAL VARIABLES

     Variable       Variable          Observed     Estimated    Residual (Obs.-Est.)  Stand. Residual
     COG040         COG041
       Category 1     Category 1        0.042       0.044            -0.002           -0.271
       Category 1     Category 2        0.085       0.083             0.002            0.201
       Category 2     Category 1        0.238       0.236             0.002            0.131
       Category 2     Category 2        0.635       0.637            -0.002           -0.116
     COG040         COG043
       Category 1     Category 1        0.023       0.026            -0.003           -0.558
       Category 1     Category 2        0.104       0.101             0.003            0.297
       Category 2     Category 1        0.120       0.117             0.003            0.278
       Category 2     Category 2        0.752       0.756            -0.003           -0.208
     COG040         COG044
       Category 1     Category 1        0.031       0.021             0.011            2.030
       Category 1     Category 2        0.096       0.107            -0.011           -0.933
       Category 2     Category 1        0.081       0.092            -0.011           -0.997
       Category 2     Category 2        0.792       0.781             0.011            0.696
     COG040         COG045
       Category 1     Category 1        0.093       0.058             0.035            4.122
       Category 1     Category 2        0.034       0.069            -0.035           -3.793
       Category 2     Category 1        0.279       0.314            -0.035           -2.075
       Category 2     Category 2        0.594       0.559             0.035            1.939
     COG040         COG046
       Category 1     Category 1        0.081       0.074             0.007            0.727
       Category 1     Category 2        0.046       0.053            -0.007           -0.851
       Category 2     Category 1        0.432       0.439            -0.007           -0.384
       Category 2     Category 2        0.441       0.434             0.007            0.385
     COG040         COG048
       Category 1     Category 1        0.019       0.022            -0.003           -0.510
       Category 1     Category 2        0.108       0.106             0.003            0.242
       Category 2     Category 1        0.089       0.087             0.003            0.264
       Category 2     Category 2        0.783       0.786            -0.003           -0.181
     COG040         COG049
       Category 1     Category 1        0.038       0.035             0.003            0.412
       Category 1     Category 2        0.089       0.092            -0.003           -0.262
       Category 2     Category 1        0.118       0.121            -0.003           -0.233
       Category 2     Category 2        0.755       0.752             0.003            0.176
     COG040         COG050
       Category 1     Category 1        0.074       0.046             0.028            3.632
       Category 1     Category 2        0.053       0.081            -0.028           -2.801
       Category 2     Category 1        0.199       0.227            -0.028           -1.823
       Category 2     Category 2        0.674       0.646             0.028            1.596
     COG040         COG051
       Category 1     Category 1        0.028       0.028             0.001            0.100
       Category 1     Category 2        0.099       0.099            -0.001           -0.055
       Category 2     Category 1        0.092       0.093            -0.001           -0.057
       Category 2     Category 2        0.781       0.780             0.001            0.040
     COG040         COG052
       Category 1     Category 1        0.050       0.052            -0.002           -0.186
       Category 1     Category 2        0.077       0.076             0.002            0.156
       Category 2     Category 1        0.267       0.265             0.002            0.093
       Category 2     Category 2        0.606       0.608            -0.002           -0.084
     COG040         COG053
       Category 1     Category 1        0.049       0.054            -0.006           -0.692
       Category 1     Category 2        0.078       0.073             0.006            0.605
       Category 2     Category 1        0.286       0.280             0.006            0.350
       Category 2     Category 2        0.587       0.593            -0.006           -0.320
     COG040         COG054
       Category 1     Category 1        0.055       0.053             0.002            0.278
       Category 1     Category 2        0.072       0.074            -0.002           -0.239
       Category 2     Category 1        0.276       0.278            -0.002           -0.139
       Category 2     Category 2        0.597       0.594             0.002            0.127
     COG040         COG055
       Category 1     Category 1        0.024       0.029            -0.005           -0.734
       Category 1     Category 2        0.103       0.098             0.005            0.413
       Category 2     Category 1        0.097       0.093             0.005            0.424
       Category 2     Category 2        0.775       0.780            -0.005           -0.297
     COG040         COG056
       Category 1     Category 1        0.076       0.081            -0.006           -0.564
       Category 1     Category 2        0.051       0.046             0.006            0.739
       Category 2     Category 1        0.365       0.360             0.006            0.322
       Category 2     Category 2        0.507       0.513            -0.006           -0.309
     COG040         COG057
       Category 1     Category 1        0.108       0.110            -0.002           -0.183
       Category 1     Category 2        0.019       0.017             0.002            0.446
       Category 2     Category 1        0.708       0.706             0.002            0.126
       Category 2     Category 2        0.165       0.167            -0.002           -0.154
     COG040         COG058
       Category 1     Category 1        0.066       0.077            -0.011           -1.111
       Category 1     Category 2        0.061       0.050             0.011            1.360
       Category 2     Category 1        0.368       0.357             0.011            0.619
       Category 2     Category 2        0.505       0.516            -0.011           -0.593
     COG040         COG060
       Category 1     Category 1        0.093       0.100            -0.007           -0.613
       Category 1     Category 2        0.034       0.027             0.007            1.134
       Category 2     Category 1        0.518       0.511             0.007            0.368
       Category 2     Category 2        0.355       0.361            -0.007           -0.383
     COG040         COG061
       Category 1     Category 1        0.100       0.112            -0.012           -1.005
       Category 1     Category 2        0.027       0.015             0.012            2.569
       Category 2     Category 1        0.659       0.647             0.012            0.663
       Category 2     Category 2        0.214       0.225            -0.012           -0.758
     COG040         COG062
       Category 1     Category 1        0.118       0.117             0.001            0.061
       Category 1     Category 2        0.009       0.010            -0.001           -0.195
       Category 2     Category 1        0.732       0.733            -0.001           -0.044
       Category 2     Category 2        0.141       0.140             0.001            0.057
     COG040         COG063
       Category 1     Category 1        0.119       0.122            -0.002           -0.205
       Category 1     Category 2        0.008       0.006             0.002            0.892
       Category 2     Category 1        0.767       0.765             0.002            0.158
       Category 2     Category 2        0.106       0.108            -0.002           -0.216
     COG040         COG064
       Category 1     Category 1        0.115       0.111             0.004            0.328
       Category 1     Category 2        0.012       0.016            -0.004           -0.823
       Category 2     Category 1        0.648       0.652            -0.004           -0.217
       Category 2     Category 2        0.225       0.221             0.004            0.249
     COG040         COG066
       Category 1     Category 1        0.112       0.119            -0.006           -0.525
       Category 1     Category 2        0.015       0.009             0.006            1.832
       Category 2     Category 1        0.712       0.706             0.006            0.372
       Category 2     Category 2        0.161       0.167            -0.006           -0.454
     COG041         COG043
       Category 1     Category 1        0.058       0.054             0.005            0.565
       Category 1     Category 2        0.222       0.227            -0.005           -0.304
       Category 2     Category 1        0.085       0.090            -0.005           -0.444
       Category 2     Category 2        0.635       0.630             0.005            0.263
     COG041         COG044
       Category 1     Category 1        0.054       0.042             0.012            1.677
       Category 1     Category 2        0.226       0.238            -0.012           -0.788
       Category 2     Category 1        0.058       0.071            -0.012           -1.311
       Category 2     Category 2        0.662       0.649             0.012            0.703
     COG041         COG045
       Category 1     Category 1        0.133       0.122             0.010            0.847
       Category 1     Category 2        0.147       0.158            -0.010           -0.762
       Category 2     Category 1        0.240       0.250            -0.010           -0.642
       Category 2     Category 2        0.480       0.470             0.010            0.556
     COG041         COG046
       Category 1     Category 1        0.168       0.159             0.009            0.643
       Category 1     Category 2        0.112       0.121            -0.009           -0.721
       Category 2     Category 1        0.345       0.354            -0.009           -0.492
       Category 2     Category 2        0.375       0.366             0.009            0.488
     COG041         COG048
       Category 1     Category 1        0.045       0.043             0.001            0.190
       Category 1     Category 2        0.235       0.237            -0.001           -0.091
       Category 2     Category 1        0.064       0.065            -0.001           -0.157
       Category 2     Category 2        0.656       0.655             0.001            0.081
     COG041         COG049
       Category 1     Category 1        0.060       0.068            -0.009           -0.954
       Category 1     Category 2        0.221       0.212             0.009            0.589
       Category 2     Category 1        0.096       0.087             0.009            0.853
       Category 2     Category 2        0.624       0.633            -0.009           -0.499
     COG041         COG050
       Category 1     Category 1        0.106       0.096             0.009            0.870
       Category 1     Category 2        0.175       0.184            -0.009           -0.662
       Category 2     Category 1        0.168       0.177            -0.009           -0.671
       Category 2     Category 2        0.552       0.543             0.009            0.515
     COG041         COG051
       Category 1     Category 1        0.055       0.054             0.002            0.204
       Category 1     Category 2        0.225       0.226            -0.002           -0.110
       Category 2     Category 1        0.065       0.067            -0.002           -0.184
       Category 2     Category 2        0.655       0.653             0.002            0.097
     COG041         COG052
       Category 1     Category 1        0.114       0.108             0.006            0.503
       Category 1     Category 2        0.166       0.172            -0.006           -0.414
       Category 2     Category 1        0.203       0.209            -0.006           -0.384
       Category 2     Category 2        0.517       0.511             0.006            0.312
     COG041         COG053
       Category 1     Category 1        0.114       0.114             0.000           -0.031
       Category 1     Category 2        0.166       0.166             0.000            0.026
       Category 2     Category 1        0.221       0.220             0.000            0.024
       Category 2     Category 2        0.499       0.500             0.000           -0.019
     COG041         COG054
       Category 1     Category 1        0.114       0.112             0.002            0.176
       Category 1     Category 2        0.166       0.168            -0.002           -0.148
       Category 2     Category 1        0.218       0.220            -0.002           -0.134
       Category 2     Category 2        0.502       0.500             0.002            0.111
     COG041         COG055
       Category 1     Category 1        0.058       0.056             0.003            0.314
       Category 1     Category 2        0.222       0.225            -0.003           -0.173
       Category 2     Category 1        0.064       0.066            -0.003           -0.289
       Category 2     Category 2        0.656       0.654             0.003            0.151
     COG041         COG056
       Category 1     Category 1        0.146       0.168            -0.021           -1.556
       Category 1     Category 2        0.134       0.113             0.021            1.839
       Category 2     Category 1        0.295       0.274             0.021            1.304
       Category 2     Category 2        0.425       0.446            -0.021           -1.169
     COG041         COG057
       Category 1     Category 1        0.254       0.240             0.014            0.899
       Category 1     Category 2        0.026       0.040            -0.014           -1.964
       Category 2     Category 1        0.562       0.576            -0.014           -0.777
       Category 2     Category 2        0.158       0.144             0.014            1.093
     COG041         COG058
       Category 1     Category 1        0.147       0.160            -0.012           -0.899
       Category 1     Category 2        0.133       0.120             0.012            1.011
       Category 2     Category 1        0.287       0.275             0.012            0.738
       Category 2     Category 2        0.433       0.445            -0.012           -0.663
     COG041         COG060
       Category 1     Category 1        0.203       0.211            -0.008           -0.559
       Category 1     Category 2        0.077       0.069             0.008            0.902
       Category 2     Category 1        0.409       0.400             0.008            0.466
       Category 2     Category 2        0.311       0.320            -0.008           -0.489
     COG041         COG061
       Category 1     Category 1        0.238       0.241            -0.002           -0.149
       Category 1     Category 2        0.042       0.040             0.002            0.327
       Category 2     Category 1        0.521       0.519             0.002            0.128
       Category 2     Category 2        0.199       0.201            -0.002           -0.159
     COG041         COG062
       Category 1     Category 1        0.263       0.254             0.008            0.507
       Category 1     Category 2        0.018       0.026            -0.008           -1.396
       Category 2     Category 1        0.587       0.595            -0.008           -0.450
       Category 2     Category 2        0.133       0.124             0.008            0.669
     COG041         COG063
       Category 1     Category 1        0.267       0.265             0.002            0.103
       Category 1     Category 2        0.014       0.015            -0.002           -0.370
       Category 2     Category 1        0.620       0.621            -0.002           -0.093
       Category 2     Category 2        0.100       0.098             0.002            0.152
     COG041         COG064
       Category 1     Category 1        0.241       0.240             0.001            0.082
       Category 1     Category 2        0.039       0.041            -0.001           -0.178
       Category 2     Category 1        0.522       0.524            -0.001           -0.070
       Category 2     Category 2        0.198       0.196             0.001            0.088
     COG041         COG066
       Category 1     Category 1        0.257       0.257             0.000            0.027
       Category 1     Category 2        0.023       0.023             0.000           -0.077
       Category 2     Category 1        0.567       0.567             0.000           -0.024
       Category 2     Category 2        0.153       0.152             0.000            0.032
     COG043         COG044
       Category 1     Category 1        0.031       0.026             0.005            0.828
       Category 1     Category 2        0.112       0.117            -0.005           -0.412
       Category 2     Category 1        0.081       0.086            -0.005           -0.472
       Category 2     Category 2        0.775       0.771             0.005            0.315
     COG043         COG045
       Category 1     Category 1        0.077       0.070             0.007            0.737
       Category 1     Category 2        0.066       0.073            -0.007           -0.723
       Category 2     Category 1        0.295       0.302            -0.007           -0.410
       Category 2     Category 2        0.562       0.555             0.007            0.379
     COG043         COG046
       Category 1     Category 1        0.088       0.088             0.000            0.032
       Category 1     Category 2        0.055       0.056             0.000           -0.040
       Category 2     Category 1        0.425       0.425             0.000           -0.018
       Category 2     Category 2        0.432       0.431             0.000            0.018
     COG043         COG048
       Category 1     Category 1        0.028       0.028             0.000           -0.010
       Category 1     Category 2        0.115       0.115             0.000            0.005
       Category 2     Category 1        0.080       0.080             0.000            0.006
       Category 2     Category 2        0.777       0.777             0.000           -0.004
     COG043         COG049
       Category 1     Category 1        0.042       0.048            -0.006           -0.730
       Category 1     Category 2        0.101       0.096             0.006            0.529
       Category 2     Category 1        0.114       0.108             0.006            0.502
       Category 2     Category 2        0.743       0.749            -0.006           -0.359
     COG043         COG050
       Category 1     Category 1        0.065       0.058             0.007            0.839
       Category 1     Category 2        0.078       0.086            -0.007           -0.699
       Category 2     Category 1        0.208       0.216            -0.007           -0.476
       Category 2     Category 2        0.648       0.641             0.007            0.408
     COG043         COG051
       Category 1     Category 1        0.032       0.038            -0.006           -0.791
       Category 1     Category 2        0.111       0.105             0.006            0.493
       Category 2     Category 1        0.088       0.082             0.006            0.550
       Category 2     Category 2        0.769       0.774            -0.006           -0.362
     COG043         COG052
       Category 1     Category 1        0.099       0.063             0.035            3.940
       Category 1     Category 2        0.045       0.080            -0.035           -3.540
       Category 2     Category 1        0.218       0.253            -0.035           -2.209
       Category 2     Category 2        0.639       0.603             0.035            1.963
     COG043         COG053
       Category 1     Category 1        0.061       0.067            -0.006           -0.667
       Category 1     Category 2        0.083       0.076             0.006            0.628
       Category 2     Category 1        0.273       0.267             0.006            0.377
       Category 2     Category 2        0.583       0.589            -0.006           -0.339
     COG043         COG054
       Category 1     Category 1        0.076       0.065             0.011            1.178
       Category 1     Category 2        0.068       0.078            -0.011           -1.081
       Category 2     Category 1        0.256       0.266            -0.011           -0.657
       Category 2     Category 2        0.601       0.590             0.011            0.591
     COG043         COG055
       Category 1     Category 1        0.043       0.040             0.004            0.488
       Category 1     Category 2        0.100       0.104            -0.004           -0.313
       Category 2     Category 1        0.078       0.082            -0.004           -0.348
       Category 2     Category 2        0.778       0.775             0.004            0.228
     COG043         COG056
       Category 1     Category 1        0.089       0.104            -0.014           -1.267
       Category 1     Category 2        0.054       0.040             0.014            1.972
       Category 2     Category 1        0.352       0.338             0.014            0.816
       Category 2     Category 2        0.505       0.519            -0.014           -0.773
     COG043         COG057
       Category 1     Category 1        0.123       0.127            -0.004           -0.324
       Category 1     Category 2        0.020       0.016             0.004            0.853
       Category 2     Category 1        0.693       0.689             0.004            0.233
       Category 2     Category 2        0.164       0.168            -0.004           -0.289
     COG043         COG058
       Category 1     Category 1        0.087       0.097            -0.011           -0.969
       Category 1     Category 2        0.057       0.046             0.011            1.366
       Category 2     Category 1        0.348       0.337             0.011            0.607
       Category 2     Category 2        0.509       0.519            -0.011           -0.574
     COG043         COG060
       Category 1     Category 1        0.116       0.122            -0.006           -0.470
       Category 1     Category 2        0.027       0.021             0.006            1.064
       Category 2     Category 1        0.495       0.490             0.006            0.308
       Category 2     Category 2        0.361       0.367            -0.006           -0.319
     COG043         COG061
       Category 1     Category 1        0.133       0.132             0.001            0.076
       Category 1     Category 2        0.011       0.012            -0.001           -0.239
       Category 2     Category 1        0.627       0.627            -0.001           -0.053
       Category 2     Category 2        0.230       0.229             0.001            0.061
     COG043         COG062
       Category 1     Category 1        0.139       0.135             0.004            0.335
       Category 1     Category 2        0.004       0.008            -0.004           -1.265
       Category 2     Category 1        0.710       0.715            -0.004           -0.254
       Category 2     Category 2        0.146       0.142             0.004            0.328
     COG043         COG063
       Category 1     Category 1        0.137       0.140            -0.003           -0.243
       Category 1     Category 2        0.007       0.004             0.003            1.397
       Category 2     Category 1        0.750       0.747             0.003            0.194
       Category 2     Category 2        0.107       0.110            -0.003           -0.270
     COG043         COG064
       Category 1     Category 1        0.133       0.131             0.002            0.152
       Category 1     Category 2        0.011       0.013            -0.002           -0.458
       Category 2     Category 1        0.631       0.632            -0.002           -0.106
       Category 2     Category 2        0.226       0.224             0.002            0.123
     COG043         COG066
       Category 1     Category 1        0.137       0.138            -0.001           -0.110
       Category 1     Category 2        0.007       0.005             0.001            0.521
       Category 2     Category 1        0.687       0.686             0.001            0.082
       Category 2     Category 2        0.169       0.171            -0.001           -0.101
     COG044         COG045
       Category 1     Category 1        0.065       0.055             0.010            1.212
       Category 1     Category 2        0.047       0.058            -0.010           -1.185
       Category 2     Category 1        0.307       0.317            -0.010           -0.593
       Category 2     Category 2        0.581       0.570             0.010            0.557
     COG044         COG046
       Category 1     Category 1        0.076       0.068             0.007            0.788
       Category 1     Category 2        0.037       0.044            -0.007           -0.972
       Category 2     Category 1        0.437       0.444            -0.007           -0.400
       Category 2     Category 2        0.451       0.443             0.007            0.401
     COG044         COG048
       Category 1     Category 1        0.028       0.022             0.006            1.137
       Category 1     Category 2        0.084       0.090            -0.006           -0.586
       Category 2     Category 1        0.080       0.086            -0.006           -0.598
       Category 2     Category 2        0.808       0.802             0.006            0.421
     COG044         COG049
       Category 1     Category 1        0.034       0.037            -0.003           -0.482
       Category 1     Category 2        0.078       0.075             0.003            0.346
       Category 2     Category 1        0.122       0.118             0.003            0.282
       Category 2     Category 2        0.766       0.769            -0.003           -0.217
     COG044         COG050
       Category 1     Category 1        0.054       0.045             0.009            1.189
       Category 1     Category 2        0.058       0.067            -0.009           -0.984
       Category 2     Category 1        0.219       0.228            -0.009           -0.587
       Category 2     Category 2        0.668       0.659             0.009            0.520
     COG044         COG051
       Category 1     Category 1        0.030       0.030             0.000            0.009
       Category 1     Category 2        0.083       0.083             0.000           -0.005
       Category 2     Category 1        0.091       0.091             0.000           -0.005
       Category 2     Category 2        0.797       0.797             0.000            0.004
     COG044         COG052
       Category 1     Category 1        0.055       0.050             0.006            0.747
       Category 1     Category 2        0.057       0.063            -0.006           -0.668
       Category 2     Category 1        0.261       0.267            -0.006           -0.366
       Category 2     Category 2        0.627       0.621             0.006            0.334
     COG044         COG053
       Category 1     Category 1        0.062       0.052             0.010            1.214
       Category 1     Category 2        0.050       0.060            -0.010           -1.138
       Category 2     Category 1        0.272       0.282            -0.010           -0.601
       Category 2     Category 2        0.616       0.606             0.010            0.553
     COG044         COG054
       Category 1     Category 1        0.054       0.051             0.003            0.412
       Category 1     Category 2        0.058       0.062            -0.003           -0.377
       Category 2     Category 1        0.277       0.281            -0.003           -0.201
       Category 2     Category 2        0.610       0.607             0.003            0.185
     COG044         COG055
       Category 1     Category 1        0.030       0.031            -0.001           -0.205
       Category 1     Category 2        0.083       0.081             0.001            0.131
       Category 2     Category 1        0.092       0.091             0.001            0.124
       Category 2     Category 2        0.796       0.797            -0.001           -0.089
     COG044         COG056
       Category 1     Category 1        0.074       0.080            -0.006           -0.600
       Category 1     Category 2        0.038       0.032             0.006            0.928
       Category 2     Category 1        0.367       0.361             0.006            0.340
       Category 2     Category 2        0.521       0.527            -0.006           -0.327
     COG044         COG057
       Category 1     Category 1        0.095       0.099            -0.005           -0.425
       Category 1     Category 2        0.018       0.013             0.005            1.126
       Category 2     Category 1        0.721       0.717             0.005            0.282
       Category 2     Category 2        0.166       0.171            -0.005           -0.338
     COG044         COG058
       Category 1     Category 1        0.068       0.076            -0.008           -0.816
       Category 1     Category 2        0.045       0.037             0.008            1.147
       Category 2     Category 1        0.367       0.359             0.008            0.450
       Category 2     Category 2        0.521       0.529            -0.008           -0.432
     COG044         COG060
       Category 1     Category 1        0.091       0.095            -0.004           -0.400
       Category 1     Category 2        0.022       0.017             0.004            0.898
       Category 2     Category 1        0.521       0.517             0.004            0.235
       Category 2     Category 2        0.367       0.371            -0.004           -0.243
     COG044         COG061
       Category 1     Category 1        0.097       0.103            -0.005           -0.474
       Category 1     Category 2        0.015       0.010             0.005            1.476
       Category 2     Category 1        0.662       0.656             0.005            0.303
       Category 2     Category 2        0.226       0.231            -0.005           -0.341
     COG044         COG062
       Category 1     Category 1        0.104       0.106            -0.001           -0.127
       Category 1     Category 2        0.008       0.007             0.001            0.479
       Category 2     Category 1        0.746       0.744             0.001            0.089
       Category 2     Category 2        0.142       0.144            -0.001           -0.111
     COG044         COG063
       Category 1     Category 1        0.107       0.109            -0.002           -0.205
       Category 1     Category 2        0.005       0.003             0.002            1.154
       Category 2     Category 1        0.779       0.777             0.002            0.153
       Category 2     Category 2        0.108       0.111            -0.002           -0.203
     COG044         COG064
       Category 1     Category 1        0.101       0.102            -0.001           -0.048
       Category 1     Category 2        0.011       0.010             0.001            0.143
       Category 2     Category 1        0.662       0.661             0.001            0.031
       Category 2     Category 2        0.226       0.227            -0.001           -0.035
     COG044         COG066
       Category 1     Category 1        0.107       0.108            -0.001           -0.078
       Category 1     Category 2        0.005       0.005             0.001            0.358
       Category 2     Category 1        0.717       0.716             0.001            0.053
       Category 2     Category 2        0.171       0.171            -0.001           -0.064
     COG045         COG046
       Category 1     Category 1        0.223       0.211             0.012            0.833
       Category 1     Category 2        0.149       0.161            -0.012           -0.923
       Category 2     Category 1        0.290       0.302            -0.012           -0.740
       Category 2     Category 2        0.338       0.326             0.012            0.725
     COG045         COG048
       Category 1     Category 1        0.051       0.056            -0.005           -0.594
       Category 1     Category 2        0.321       0.316             0.005            0.295
       Category 2     Category 1        0.057       0.052             0.005            0.618
       Category 2     Category 2        0.571       0.576            -0.005           -0.277
     COG045         COG049
       Category 1     Category 1        0.088       0.089            -0.001           -0.089
       Category 1     Category 2        0.284       0.283             0.001            0.056
       Category 2     Category 1        0.068       0.067             0.001            0.102
       Category 2     Category 2        0.560       0.561            -0.001           -0.051
     COG045         COG050
       Category 1     Category 1        0.181       0.127             0.055            4.471
       Category 1     Category 2        0.191       0.245            -0.055           -3.455
       Category 2     Category 1        0.092       0.147            -0.055           -4.202
       Category 2     Category 2        0.536       0.481             0.055            2.976
     COG045         COG051
       Category 1     Category 1        0.072       0.070             0.002            0.211
       Category 1     Category 2        0.300       0.302            -0.002           -0.117
       Category 2     Category 1        0.049       0.051            -0.002           -0.245
       Category 2     Category 2        0.579       0.577             0.002            0.109
     COG045         COG052
       Category 1     Category 1        0.146       0.142             0.004            0.291
       Category 1     Category 2        0.226       0.230            -0.004           -0.242
       Category 2     Category 1        0.171       0.174            -0.004           -0.268
       Category 2     Category 2        0.457       0.454             0.004            0.204
     COG045         COG053
       Category 1     Category 1        0.157       0.150             0.007            0.494
       Category 1     Category 2        0.215       0.222            -0.007           -0.426
       Category 2     Category 1        0.177       0.184            -0.007           -0.456
       Category 2     Category 2        0.451       0.444             0.007            0.356
     COG045         COG054
       Category 1     Category 1        0.150       0.147             0.003            0.217
       Category 1     Category 2        0.222       0.225            -0.003           -0.184
       Category 2     Category 1        0.181       0.184            -0.003           -0.199
       Category 2     Category 2        0.447       0.444             0.003            0.155
     COG045         COG055
       Category 1     Category 1        0.066       0.072            -0.006           -0.589
       Category 1     Category 2        0.306       0.300             0.006            0.332
       Category 2     Category 1        0.055       0.050             0.006            0.698
       Category 2     Category 2        0.572       0.578            -0.006           -0.308
     COG045         COG056
       Category 1     Category 1        0.202       0.221            -0.019           -1.264
       Category 1     Category 2        0.171       0.151             0.019            1.464
       Category 2     Category 1        0.240       0.220             0.019            1.265
       Category 2     Category 2        0.388       0.408            -0.019           -1.067
     COG045         COG057
       Category 1     Category 1        0.314       0.319            -0.005           -0.289
       Category 1     Category 2        0.058       0.053             0.005            0.601
       Category 2     Category 1        0.502       0.497             0.005            0.270
       Category 2     Category 2        0.126       0.131            -0.005           -0.400
     COG045         COG058
       Category 1     Category 1        0.198       0.211            -0.013           -0.863
       Category 1     Category 2        0.175       0.162             0.013            0.956
       Category 2     Category 1        0.237       0.224             0.013            0.844
       Category 2     Category 2        0.391       0.404            -0.013           -0.717
     COG045         COG060
       Category 1     Category 1        0.271       0.280            -0.009           -0.568
       Category 1     Category 2        0.101       0.092             0.009            0.882
       Category 2     Category 1        0.341       0.332             0.009            0.542
       Category 2     Category 2        0.287       0.296            -0.009           -0.559
     COG045         COG061
       Category 1     Category 1        0.300       0.319            -0.019           -1.098
       Category 1     Category 2        0.072       0.053             0.019            2.288
       Category 2     Category 1        0.459       0.440             0.019            1.031
       Category 2     Category 2        0.169       0.188            -0.019           -1.310
     COG045         COG062
       Category 1     Category 1        0.342       0.338             0.005            0.262
       Category 1     Category 2        0.030       0.034            -0.005           -0.681
       Category 2     Category 1        0.507       0.512            -0.005           -0.248
       Category 2     Category 2        0.120       0.116             0.005            0.387
     COG045         COG063
       Category 1     Category 1        0.342       0.352            -0.010           -0.549
       Category 1     Category 2        0.030       0.020             0.010            1.868
       Category 2     Category 1        0.544       0.534             0.010            0.526
       Category 2     Category 2        0.084       0.094            -0.010           -0.901
     COG045         COG064
       Category 1     Category 1        0.318       0.318             0.000            0.002
       Category 1     Category 2        0.054       0.054             0.000           -0.004
       Category 2     Category 1        0.445       0.445             0.000           -0.002
       Category 2     Category 2        0.183       0.183             0.000            0.002
     COG045         COG066
       Category 1     Category 1        0.329       0.341            -0.012           -0.703
       Category 1     Category 2        0.043       0.031             0.012            1.922
       Category 2     Category 1        0.495       0.483             0.012            0.667
       Category 2     Category 2        0.133       0.145            -0.012           -0.947
     COG046         COG048
       Category 1     Category 1        0.072       0.069             0.003            0.305
       Category 1     Category 2        0.441       0.444            -0.003           -0.156
       Category 2     Category 1        0.037       0.039            -0.003           -0.397
       Category 2     Category 2        0.451       0.448             0.003            0.155
     COG046         COG049
       Category 1     Category 1        0.101       0.105            -0.004           -0.319
       Category 1     Category 2        0.411       0.408             0.004            0.199
       Category 2     Category 1        0.054       0.051             0.004            0.446
       Category 2     Category 2        0.433       0.437            -0.004           -0.197
     COG046         COG050
       Category 1     Category 1        0.157       0.161            -0.004           -0.319
       Category 1     Category 2        0.356       0.352             0.004            0.246
       Category 2     Category 1        0.116       0.112             0.004            0.372
       Category 2     Category 2        0.371       0.375            -0.004           -0.242
     COG046         COG051
       Category 1     Category 1        0.080       0.082            -0.002           -0.215
       Category 1     Category 2        0.433       0.431             0.002            0.119
       Category 2     Category 1        0.041       0.038             0.002            0.306
       Category 2     Category 2        0.447       0.449            -0.002           -0.118
     COG046         COG052
       Category 1     Category 1        0.162       0.183            -0.021           -1.471
       Category 1     Category 2        0.350       0.330             0.021            1.211
       Category 2     Category 1        0.154       0.133             0.021            1.674
       Category 2     Category 2        0.333       0.354            -0.021           -1.190
     COG046         COG053
       Category 1     Category 1        0.191       0.194            -0.003           -0.196
       Category 1     Category 2        0.322       0.319             0.003            0.166
       Category 2     Category 1        0.143       0.141             0.003            0.223
       Category 2     Category 2        0.344       0.347            -0.003           -0.163
     COG046         COG054
       Category 1     Category 1        0.183       0.191            -0.008           -0.542
       Category 1     Category 2        0.330       0.322             0.008            0.455
       Category 2     Category 1        0.149       0.141             0.008            0.611
       Category 2     Category 2        0.338       0.346            -0.008           -0.447
     COG046         COG055
       Category 1     Category 1        0.084       0.084             0.000           -0.007
       Category 1     Category 2        0.429       0.429             0.000            0.004
       Category 2     Category 1        0.038       0.038             0.000            0.011
       Category 2     Category 2        0.449       0.449             0.000           -0.004
     COG046         COG056
       Category 1     Category 1        0.263       0.275            -0.012           -0.736
       Category 1     Category 2        0.250       0.238             0.012            0.771
       Category 2     Category 1        0.179       0.167             0.012            0.882
       Category 2     Category 2        0.309       0.321            -0.012           -0.704
     COG046         COG057
       Category 1     Category 1        0.432       0.432             0.000           -0.019
       Category 1     Category 2        0.081       0.081             0.000            0.035
       Category 2     Category 1        0.384       0.384             0.000            0.019
       Category 2     Category 2        0.103       0.103             0.000           -0.031
     COG046         COG058
       Category 1     Category 1        0.258       0.264            -0.006           -0.372
       Category 1     Category 2        0.254       0.248             0.006            0.380
       Category 2     Category 1        0.176       0.170             0.006            0.437
       Category 2     Category 2        0.311       0.317            -0.006           -0.352
     COG046         COG060
       Category 1     Category 1        0.353       0.360            -0.007           -0.371
       Category 1     Category 2        0.160       0.153             0.007            0.495
       Category 2     Category 1        0.258       0.252             0.007            0.411
       Category 2     Category 2        0.229       0.235            -0.007           -0.420
     COG046         COG061
       Category 1     Category 1        0.425       0.422             0.002            0.134
       Category 1     Category 2        0.088       0.090            -0.002           -0.231
       Category 2     Category 1        0.334       0.337            -0.002           -0.140
       Category 2     Category 2        0.153       0.150             0.002            0.185
     COG046         COG062
       Category 1     Category 1        0.470       0.455             0.014            0.771
       Category 1     Category 2        0.043       0.057            -0.014           -1.650
       Category 2     Category 1        0.380       0.394            -0.014           -0.785
       Category 2     Category 2        0.107       0.093             0.014            1.323
     COG046         COG063
       Category 1     Category 1        0.478       0.475             0.002            0.128
       Category 1     Category 2        0.035       0.038            -0.002           -0.337
       Category 2     Category 1        0.409       0.411            -0.002           -0.130
       Category 2     Category 2        0.078       0.076             0.002            0.241
     COG046         COG064
       Category 1     Category 1        0.422       0.422             0.000            0.012
       Category 1     Category 2        0.091       0.091             0.000           -0.021
       Category 2     Category 1        0.341       0.341             0.000           -0.013
       Category 2     Category 2        0.146       0.146             0.000            0.017
     COG046         COG066
       Category 1     Category 1        0.463       0.455             0.008            0.452
       Category 1     Category 2        0.050       0.058            -0.008           -0.960
       Category 2     Category 1        0.361       0.370            -0.008           -0.466
       Category 2     Category 2        0.126       0.118             0.008            0.699
     COG048         COG049
       Category 1     Category 1        0.027       0.043            -0.016           -2.088
       Category 1     Category 2        0.081       0.066             0.016            1.702
       Category 2     Category 1        0.129       0.113             0.016            1.331
       Category 2     Category 2        0.763       0.779            -0.016           -1.015
     COG048         COG050
       Category 1     Category 1        0.047       0.048             0.000           -0.036
       Category 1     Category 2        0.061       0.061             0.000            0.032
       Category 2     Category 1        0.226       0.226             0.000            0.018
       Category 2     Category 2        0.666       0.666             0.000           -0.016
     COG048         COG051
       Category 1     Category 1        0.030       0.034            -0.005           -0.674
       Category 1     Category 2        0.078       0.074             0.005            0.469
       Category 2     Category 1        0.091       0.086             0.005            0.437
       Category 2     Category 2        0.801       0.806            -0.005           -0.310
     COG048         COG052
       Category 1     Category 1        0.051       0.052             0.000           -0.037
       Category 1     Category 2        0.057       0.057             0.000            0.036
       Category 2     Category 1        0.265       0.265             0.000            0.019
       Category 2     Category 2        0.627       0.627             0.000           -0.017
     COG048         COG053
       Category 1     Category 1        0.107       0.055             0.052            6.254
       Category 1     Category 2        0.001       0.054            -0.052           -6.308
       Category 2     Category 1        0.227       0.280            -0.052           -3.167
       Category 2     Category 2        0.664       0.612             0.052            2.917
     COG048         COG054
       Category 1     Category 1        0.051       0.053            -0.001           -0.170
       Category 1     Category 2        0.057       0.055             0.001            0.166
       Category 2     Category 1        0.280       0.279             0.001            0.085
       Category 2     Category 2        0.612       0.613            -0.001           -0.078
     COG048         COG055
       Category 1     Category 1        0.028       0.036            -0.008           -1.120
       Category 1     Category 2        0.080       0.072             0.008            0.807
       Category 2     Category 1        0.093       0.086             0.008            0.746
       Category 2     Category 2        0.798       0.806            -0.008           -0.528
     COG048         COG056
       Category 1     Category 1        0.054       0.086            -0.032           -3.071
       Category 1     Category 2        0.054       0.022             0.032            5.799
       Category 2     Category 1        0.387       0.355             0.032            1.797
       Category 2     Category 2        0.505       0.536            -0.032           -1.724
     COG048         COG057
       Category 1     Category 1        0.096       0.098            -0.002           -0.140
       Category 1     Category 2        0.012       0.011             0.002            0.405
       Category 2     Category 1        0.720       0.718             0.002            0.092
       Category 2     Category 2        0.172       0.173            -0.002           -0.110
     COG048         COG058
       Category 1     Category 1        0.058       0.080            -0.022           -2.198
       Category 1     Category 2        0.050       0.028             0.022            3.610
       Category 2     Category 1        0.376       0.354             0.022            1.248
       Category 2     Category 2        0.516       0.538            -0.022           -1.197
     COG048         COG060
       Category 1     Category 1        0.078       0.097            -0.019           -1.729
       Category 1     Category 2        0.030       0.011             0.019            4.932
       Category 2     Category 1        0.533       0.514             0.019            1.025
       Category 2     Category 2        0.359       0.377            -0.019           -1.057
     COG048         COG061
       Category 1     Category 1        0.087       0.102            -0.016           -1.412
       Category 1     Category 2        0.022       0.006             0.016            5.586
       Category 2     Category 1        0.673       0.657             0.016            0.902
       Category 2     Category 2        0.219       0.235            -0.016           -1.010
     COG048         COG062
       Category 1     Category 1        0.097       0.104            -0.006           -0.564
       Category 1     Category 2        0.011       0.005             0.006            2.567
       Category 2     Category 1        0.752       0.746             0.006            0.395
       Category 2     Category 2        0.139       0.146            -0.006           -0.487
     COG048         COG063
       Category 1     Category 1        0.100       0.107            -0.007           -0.578
       Category 1     Category 2        0.008       0.002             0.007            4.518
       Category 2     Category 1        0.786       0.780             0.007            0.430
       Category 2     Category 2        0.106       0.112            -0.007           -0.565
     COG048         COG064
       Category 1     Category 1        0.100       0.102            -0.001           -0.128
       Category 1     Category 2        0.008       0.007             0.001            0.475
       Category 2     Category 1        0.663       0.662             0.001            0.082
       Category 2     Category 2        0.229       0.230            -0.001           -0.092
     COG048         COG066
       Category 1     Category 1        0.099       0.106            -0.007           -0.649
       Category 1     Category 2        0.009       0.002             0.007            4.339
       Category 2     Category 1        0.725       0.718             0.007            0.444
       Category 2     Category 2        0.166       0.174            -0.007           -0.527
     COG049         COG050
       Category 1     Category 1        0.078       0.078             0.001            0.092
       Category 1     Category 2        0.077       0.078            -0.001           -0.092
       Category 2     Category 1        0.195       0.196            -0.001           -0.062
       Category 2     Category 2        0.650       0.649             0.001            0.052
     COG049         COG051
       Category 1     Category 1        0.068       0.062             0.006            0.651
       Category 1     Category 2        0.088       0.094            -0.006           -0.538
       Category 2     Category 1        0.053       0.059            -0.006           -0.668
       Category 2     Category 2        0.792       0.786             0.006            0.382
     COG049         COG052
       Category 1     Category 1        0.074       0.083            -0.009           -0.838
       Category 1     Category 2        0.081       0.073             0.009            0.890
       Category 2     Category 1        0.242       0.234             0.009            0.546
       Category 2     Category 2        0.602       0.611            -0.009           -0.474
     COG049         COG053
       Category 1     Category 1        0.069       0.088            -0.019           -1.784
       Category 1     Category 2        0.087       0.068             0.019            2.002
       Category 2     Category 1        0.265       0.247             0.019            1.170
       Category 2     Category 2        0.579       0.598            -0.019           -1.028
     COG049         COG054
       Category 1     Category 1        0.074       0.084            -0.010           -0.954
       Category 1     Category 2        0.081       0.071             0.010            1.029
       Category 2     Category 1        0.257       0.247             0.010            0.614
       Category 2     Category 2        0.587       0.597            -0.010           -0.540
     COG049         COG055
       Category 1     Category 1        0.062       0.066            -0.004           -0.395
       Category 1     Category 2        0.093       0.090             0.004            0.343
       Category 2     Category 1        0.060       0.056             0.004            0.426
       Category 2     Category 2        0.785       0.788            -0.004           -0.240
     COG049         COG056
       Category 1     Category 1        0.154       0.142             0.012            0.950
       Category 1     Category 2        0.001       0.014            -0.012           -2.868
       Category 2     Category 1        0.287       0.299            -0.012           -0.724
       Category 2     Category 2        0.558       0.545             0.012            0.666
     COG049         COG057
       Category 1     Category 1        0.142       0.144            -0.002           -0.145
       Category 1     Category 2        0.014       0.012             0.002            0.474
       Category 2     Category 1        0.674       0.672             0.002            0.108
       Category 2     Category 2        0.171       0.172            -0.002           -0.135
     COG049         COG058
       Category 1     Category 1        0.123       0.132            -0.009           -0.686
       Category 1     Category 2        0.032       0.024             0.009            1.518
       Category 2     Category 1        0.311       0.303             0.009            0.505
       Category 2     Category 2        0.533       0.542            -0.009           -0.466
     COG049         COG060
       Category 1     Category 1        0.150       0.151            -0.001           -0.072
       Category 1     Category 2        0.005       0.004             0.001            0.388
       Category 2     Category 1        0.461       0.460             0.001            0.052
       Category 2     Category 2        0.383       0.384            -0.001           -0.053
     COG049         COG061
       Category 1     Category 1        0.147       0.153            -0.006           -0.417
       Category 1     Category 2        0.008       0.003             0.006            2.947
       Category 2     Category 1        0.612       0.606             0.006            0.307
       Category 2     Category 2        0.233       0.238            -0.006           -0.352
     COG049         COG062
       Category 1     Category 1        0.152       0.153            -0.001           -0.084
       Category 1     Category 2        0.004       0.003             0.001            0.559
       Category 2     Category 1        0.698       0.697             0.001            0.066
       Category 2     Category 2        0.146       0.147            -0.001           -0.086
     COG049         COG063
       Category 1     Category 1        0.154       0.155            -0.001           -0.075
       Category 1     Category 2        0.001       0.000             0.001            1.454
       Category 2     Category 1        0.732       0.731             0.001            0.061
       Category 2     Category 2        0.112       0.113            -0.001           -0.086
     COG049         COG064
       Category 1     Category 1        0.145       0.152            -0.007           -0.540
       Category 1     Category 2        0.011       0.004             0.007            3.200
       Category 2     Category 1        0.618       0.611             0.007            0.398
       Category 2     Category 2        0.226       0.233            -0.007           -0.459
     COG049         COG066
       Category 1     Category 1        0.156       0.155             0.000            0.018
       Category 1     Category 2        0.000       0.000             0.000           -0.420
       Category 2     Category 1        0.668       0.669             0.000           -0.014
       Category 2     Category 2        0.176       0.176             0.000            0.017
     COG050         COG051
       Category 1     Category 1        0.064       0.061             0.002            0.266
       Category 1     Category 2        0.210       0.212            -0.002           -0.156
       Category 2     Category 1        0.057       0.059            -0.002           -0.270
       Category 2     Category 2        0.670       0.667             0.002            0.135
     COG050         COG052
       Category 1     Category 1        0.120       0.113             0.007            0.635
       Category 1     Category 2        0.153       0.160            -0.007           -0.548
       Category 2     Category 1        0.196       0.204            -0.007           -0.500
       Category 2     Category 2        0.530       0.523             0.007            0.403
     COG050         COG053
       Category 1     Category 1        0.122       0.119             0.002            0.196
       Category 1     Category 2        0.152       0.154            -0.002           -0.176
       Category 2     Category 1        0.212       0.215            -0.002           -0.155
       Category 2     Category 2        0.514       0.512             0.002            0.127
     COG050         COG054
       Category 1     Category 1        0.127       0.116             0.011            0.912
       Category 1     Category 2        0.146       0.157            -0.011           -0.805
       Category 2     Category 1        0.204       0.215            -0.011           -0.712
       Category 2     Category 2        0.522       0.512             0.011            0.586
     COG050         COG055
       Category 1     Category 1        0.065       0.064             0.001            0.148
       Category 1     Category 2        0.208       0.210            -0.001           -0.089
       Category 2     Category 1        0.057       0.058            -0.001           -0.155
       Category 2     Category 2        0.670       0.668             0.001            0.077
     COG050         COG056
       Category 1     Category 1        0.162       0.181            -0.019           -1.347
       Category 1     Category 2        0.111       0.092             0.019            1.797
       Category 2     Category 1        0.279       0.260             0.019            1.184
       Category 2     Category 2        0.448       0.467            -0.019           -1.040
     COG050         COG057
       Category 1     Category 1        0.233       0.239            -0.006           -0.381
       Category 1     Category 2        0.041       0.035             0.006            0.889
       Category 2     Category 1        0.583       0.577             0.006            0.329
       Category 2     Category 2        0.143       0.149            -0.006           -0.456
     COG050         COG058
       Category 1     Category 1        0.156       0.171            -0.016           -1.119
       Category 1     Category 2        0.118       0.102             0.016            1.391
       Category 2     Category 1        0.279       0.263             0.016            0.957
       Category 2     Category 2        0.448       0.463            -0.016           -0.845
     COG050         COG060
       Category 1     Category 1        0.211       0.221            -0.010           -0.675
       Category 1     Category 2        0.062       0.052             0.010            1.262
       Category 2     Category 1        0.401       0.390             0.010            0.574
       Category 2     Category 2        0.326       0.336            -0.010           -0.593
     COG050         COG061
       Category 1     Category 1        0.238       0.244            -0.006           -0.396
       Category 1     Category 2        0.035       0.029             0.006            1.015
       Category 2     Category 1        0.521       0.515             0.006            0.340
       Category 2     Category 2        0.206       0.212            -0.006           -0.416
     COG050         COG062
       Category 1     Category 1        0.250       0.254            -0.003           -0.216
       Category 1     Category 2        0.023       0.020             0.003            0.679
       Category 2     Category 1        0.599       0.596             0.003            0.191
       Category 2     Category 2        0.127       0.131            -0.003           -0.279
     COG050         COG063
       Category 1     Category 1        0.263       0.264            -0.001           -0.067
       Category 1     Category 2        0.011       0.010             0.001            0.301
       Category 2     Category 1        0.624       0.623             0.001            0.061
       Category 2     Category 2        0.103       0.104            -0.001           -0.097
     COG050         COG064
       Category 1     Category 1        0.240       0.243            -0.003           -0.212
       Category 1     Category 2        0.034       0.030             0.003            0.528
       Category 2     Category 1        0.524       0.520             0.003            0.182
       Category 2     Category 2        0.203       0.206            -0.003           -0.224
     COG050         COG066
       Category 1     Category 1        0.249       0.259            -0.010           -0.602
       Category 1     Category 2        0.024       0.015             0.010            2.195
       Category 2     Category 1        0.575       0.565             0.010            0.532
       Category 2     Category 2        0.152       0.161            -0.010           -0.717
     COG051         COG052
       Category 1     Category 1        0.065       0.065             0.000           -0.035
       Category 1     Category 2        0.055       0.055             0.000            0.038
       Category 2     Category 1        0.252       0.251             0.000            0.020
       Category 2     Category 2        0.628       0.628             0.000           -0.018
     COG051         COG053
       Category 1     Category 1        0.061       0.069            -0.008           -0.858
       Category 1     Category 2        0.060       0.052             0.008            0.982
       Category 2     Category 1        0.273       0.265             0.008            0.492
       Category 2     Category 2        0.606       0.614            -0.008           -0.446
     COG051         COG054
       Category 1     Category 1        0.066       0.066             0.000            0.014
       Category 1     Category 2        0.054       0.054             0.000           -0.015
       Category 2     Category 1        0.265       0.265             0.000           -0.008
       Category 2     Category 2        0.614       0.614             0.000            0.007
     COG051         COG055
       Category 1     Category 1        0.061       0.054             0.007            0.886
       Category 1     Category 2        0.060       0.067            -0.007           -0.799
       Category 2     Category 1        0.061       0.068            -0.007           -0.791
       Category 2     Category 2        0.819       0.811             0.007            0.510
     COG051         COG056
       Category 1     Category 1        0.111       0.110             0.001            0.052
       Category 1     Category 2        0.009       0.010            -0.001           -0.164
       Category 2     Category 1        0.330       0.331            -0.001           -0.035
       Category 2     Category 2        0.549       0.549             0.001            0.033
     COG051         COG057
       Category 1     Category 1        0.110       0.112            -0.002           -0.178
       Category 1     Category 2        0.011       0.009             0.002            0.602
       Category 2     Category 1        0.706       0.704             0.002            0.123
       Category 2     Category 2        0.173       0.175            -0.002           -0.148
     COG051         COG058
       Category 1     Category 1        0.120       0.103             0.018            1.580
       Category 1     Category 2        0.000       0.018            -0.018           -3.644
       Category 2     Category 1        0.314       0.332            -0.018           -1.019
       Category 2     Category 2        0.566       0.548             0.018            0.964
     COG051         COG060
       Category 1     Category 1        0.116       0.117            -0.001           -0.054
       Category 1     Category 2        0.004       0.003             0.001            0.298
       Category 2     Category 1        0.495       0.495             0.001            0.035
       Category 2     Category 2        0.384       0.385            -0.001           -0.036
     COG051         COG061
       Category 1     Category 1        0.116       0.118            -0.002           -0.175
       Category 1     Category 2        0.004       0.002             0.002            1.277
       Category 2     Category 1        0.643       0.641             0.002            0.118
       Category 2     Category 2        0.237       0.239            -0.002           -0.133
     COG051         COG062
       Category 1     Category 1        0.118       0.118            -0.001           -0.043
       Category 1     Category 2        0.003       0.002             0.001            0.296
       Category 2     Category 1        0.732       0.732             0.001            0.031
       Category 2     Category 2        0.147       0.148            -0.001           -0.039
     COG051         COG063
       Category 1     Category 1        0.118       0.120            -0.002           -0.203
       Category 1     Category 2        0.003       0.000             0.002            3.920
       Category 2     Category 1        0.769       0.766             0.002            0.156
       Category 2     Category 2        0.111       0.113            -0.002           -0.208
     COG051         COG064
       Category 1     Category 1        0.115       0.118            -0.003           -0.223
       Category 1     Category 2        0.005       0.003             0.003            1.371
       Category 2     Category 1        0.648       0.646             0.003            0.150
       Category 2     Category 2        0.231       0.234            -0.003           -0.170
     COG051         COG066
       Category 1     Category 1        0.120       0.120             0.000            0.018
       Category 1     Category 2        0.000       0.000             0.000           -0.397
       Category 2     Category 1        0.704       0.704             0.000           -0.013
       Category 2     Category 2        0.176       0.176             0.000            0.015
     COG052         COG053
       Category 1     Category 1        0.141       0.133             0.007            0.581
       Category 1     Category 2        0.176       0.183            -0.007           -0.511
       Category 2     Category 1        0.194       0.201            -0.007           -0.493
       Category 2     Category 2        0.490       0.483             0.007            0.396
     COG052         COG054
       Category 1     Category 1        0.157       0.130             0.027            2.147
       Category 1     Category 2        0.160       0.186            -0.027           -1.857
       Category 2     Category 1        0.175       0.201            -0.027           -1.803
       Category 2     Category 2        0.509       0.482             0.027            1.447
     COG052         COG055
       Category 1     Category 1        0.077       0.068             0.010            1.037
       Category 1     Category 2        0.240       0.249            -0.010           -0.602
       Category 2     Category 1        0.045       0.054            -0.010           -1.149
       Category 2     Category 2        0.639       0.629             0.010            0.539
     COG052         COG056
       Category 1     Category 1        0.180       0.200            -0.020           -1.344
       Category 1     Category 2        0.137       0.117             0.020            1.672
       Category 2     Category 1        0.261       0.241             0.020            1.256
       Category 2     Category 2        0.422       0.442            -0.020           -1.082
     COG052         COG057
       Category 1     Category 1        0.277       0.274             0.003            0.198
       Category 1     Category 2        0.039       0.042            -0.003           -0.438
       Category 2     Category 1        0.539       0.542            -0.003           -0.177
       Category 2     Category 2        0.145       0.142             0.003            0.254
     COG052         COG058
       Category 1     Category 1        0.171       0.189            -0.019           -1.299
       Category 1     Category 2        0.146       0.127             0.019            1.525
       Category 2     Category 1        0.264       0.245             0.019            1.182
       Category 2     Category 2        0.419       0.438            -0.019           -1.025
     COG052         COG060
       Category 1     Category 1        0.237       0.248            -0.011           -0.711
       Category 1     Category 2        0.080       0.069             0.011            1.216
       Category 2     Category 1        0.375       0.364             0.011            0.639
       Category 2     Category 2        0.309       0.320            -0.011           -0.659
     COG052         COG061
       Category 1     Category 1        0.277       0.278            -0.001           -0.033
       Category 1     Category 2        0.039       0.039             0.001            0.077
       Category 2     Category 1        0.482       0.481             0.001            0.030
       Category 2     Category 2        0.202       0.202            -0.001           -0.037
     COG052         COG062
       Category 1     Category 1        0.291       0.291             0.000           -0.006
       Category 1     Category 2        0.026       0.026             0.000            0.019
       Category 2     Category 1        0.559       0.559             0.000            0.006
       Category 2     Category 2        0.124       0.125             0.000           -0.009
     COG052         COG063
       Category 1     Category 1        0.302       0.303            -0.001           -0.063
       Category 1     Category 2        0.015       0.014             0.001            0.247
       Category 2     Category 1        0.585       0.584             0.001            0.059
       Category 2     Category 2        0.099       0.100            -0.001           -0.096
     COG052         COG064
       Category 1     Category 1        0.280       0.276             0.004            0.223
       Category 1     Category 2        0.037       0.040            -0.004           -0.507
       Category 2     Category 1        0.483       0.487            -0.004           -0.199
       Category 2     Category 2        0.200       0.197             0.004            0.250
     COG052         COG066
       Category 1     Category 1        0.288       0.296            -0.007           -0.436
       Category 1     Category 2        0.028       0.021             0.007            1.384
       Category 2     Category 1        0.536       0.529             0.007            0.398
       Category 2     Category 2        0.147       0.155            -0.007           -0.550
     COG053         COG054
       Category 1     Category 1        0.139       0.138             0.002            0.127
       Category 1     Category 2        0.195       0.196            -0.002           -0.110
       Category 2     Category 1        0.192       0.194            -0.002           -0.111
       Category 2     Category 2        0.474       0.472             0.002            0.088
     COG053         COG055
       Category 1     Category 1        0.065       0.071            -0.006           -0.669
       Category 1     Category 2        0.269       0.263             0.006            0.391
       Category 2     Category 1        0.057       0.050             0.006            0.786
       Category 2     Category 2        0.609       0.615            -0.006           -0.354
     COG053         COG056
       Category 1     Category 1        0.172       0.211            -0.040           -2.633
       Category 1     Category 2        0.162       0.123             0.040            3.275
       Category 2     Category 1        0.269       0.230             0.040            2.555
       Category 2     Category 2        0.396       0.436            -0.040           -2.168
     COG053         COG057
       Category 1     Category 1        0.286       0.290            -0.004           -0.240
       Category 1     Category 2        0.049       0.045             0.004            0.527
       Category 2     Category 1        0.530       0.526             0.004            0.218
       Category 2     Category 2        0.135       0.139            -0.004           -0.315
     COG053         COG058
       Category 1     Category 1        0.157       0.200            -0.043           -2.934
       Category 1     Category 2        0.177       0.134             0.043            3.445
       Category 2     Category 1        0.277       0.234             0.043            2.772
       Category 2     Category 2        0.388       0.432            -0.043           -2.370
     COG053         COG060
       Category 1     Category 1        0.226       0.263            -0.037           -2.258
       Category 1     Category 2        0.108       0.072             0.037            3.852
       Category 2     Category 1        0.386       0.349             0.037            2.085
       Category 2     Category 2        0.280       0.317            -0.037           -2.136
     COG053         COG061
       Category 1     Category 1        0.269       0.294            -0.025           -1.467
       Category 1     Category 2        0.065       0.040             0.025            3.394
       Category 2     Category 1        0.490       0.465             0.025            1.339
       Category 2     Category 2        0.176       0.200            -0.025           -1.669
     COG053         COG062
       Category 1     Category 1        0.298       0.307            -0.010           -0.576
       Category 1     Category 2        0.037       0.027             0.010            1.646
       Category 2     Category 1        0.552       0.542             0.010            0.533
       Category 2     Category 2        0.114       0.123            -0.010           -0.808
     COG053         COG063
       Category 1     Category 1        0.310       0.320            -0.010           -0.586
       Category 1     Category 2        0.024       0.014             0.010            2.305
       Category 2     Category 1        0.576       0.566             0.010            0.552
       Category 2     Category 2        0.089       0.099            -0.010           -0.914
     COG053         COG064
       Category 1     Category 1        0.294       0.292             0.001            0.085
       Category 1     Category 2        0.041       0.042            -0.001           -0.192
       Category 2     Category 1        0.470       0.471            -0.001           -0.077
       Category 2     Category 2        0.196       0.195             0.001            0.097
     COG053         COG066
       Category 1     Category 1        0.294       0.312            -0.019           -1.103
       Category 1     Category 2        0.041       0.022             0.019            3.501
       Category 2     Category 1        0.530       0.512             0.019            1.023
       Category 2     Category 2        0.135       0.154            -0.019           -1.416
     COG054         COG055
       Category 1     Category 1        0.073       0.068             0.005            0.502
       Category 1     Category 2        0.258       0.263            -0.005           -0.288
       Category 2     Category 1        0.049       0.053            -0.005           -0.563
       Category 2     Category 2        0.620       0.615             0.005            0.260
     COG054         COG056
       Category 1     Category 1        0.179       0.205            -0.026           -1.767
       Category 1     Category 2        0.153       0.127             0.026            2.145
       Category 2     Category 1        0.263       0.236             0.026            1.679
       Category 2     Category 2        0.406       0.432            -0.026           -1.440
     COG054         COG057
       Category 1     Category 1        0.294       0.286             0.008            0.458
       Category 1     Category 2        0.038       0.045            -0.008           -0.992
       Category 2     Category 1        0.522       0.530            -0.008           -0.414
       Category 2     Category 2        0.146       0.139             0.008            0.599
     COG054         COG058
       Category 1     Category 1        0.189       0.194            -0.005           -0.344
       Category 1     Category 2        0.142       0.137             0.005            0.395
       Category 2     Category 1        0.245       0.240             0.005            0.319
       Category 2     Category 2        0.424       0.429            -0.005           -0.275
     COG054         COG060
       Category 1     Category 1        0.250       0.256            -0.006           -0.367
       Category 1     Category 2        0.081       0.075             0.006            0.607
       Category 2     Category 1        0.361       0.355             0.006            0.334
       Category 2     Category 2        0.307       0.313            -0.006           -0.345
     COG054         COG061
       Category 1     Category 1        0.288       0.289            -0.001           -0.032
       Category 1     Category 2        0.043       0.043             0.001            0.072
       Category 2     Category 1        0.471       0.470             0.001            0.029
       Category 2     Category 2        0.198       0.198            -0.001           -0.036
     COG054         COG062
       Category 1     Category 1        0.298       0.303            -0.006           -0.339
       Category 1     Category 2        0.034       0.028             0.006            0.944
       Category 2     Category 1        0.552       0.546             0.006            0.313
       Category 2     Category 2        0.116       0.122            -0.006           -0.476
     COG054         COG063
       Category 1     Category 1        0.313       0.316            -0.003           -0.193
       Category 1     Category 2        0.019       0.016             0.003            0.725
       Category 2     Category 1        0.574       0.570             0.003            0.182
       Category 2     Category 2        0.095       0.098            -0.003           -0.302
     COG054         COG064
       Category 1     Category 1        0.299       0.287             0.012            0.704
       Category 1     Category 2        0.032       0.044            -0.012           -1.550
       Category 2     Category 1        0.464       0.476            -0.012           -0.638
       Category 2     Category 2        0.204       0.193             0.012            0.808
     COG054         COG066
       Category 1     Category 1        0.310       0.308             0.002            0.137
       Category 1     Category 2        0.022       0.024            -0.002           -0.412
       Category 2     Category 1        0.514       0.517            -0.002           -0.126
       Category 2     Category 2        0.154       0.152             0.002            0.176
     COG055         COG056
       Category 1     Category 1        0.110       0.114            -0.005           -0.393
       Category 1     Category 2        0.012       0.008             0.005            1.443
       Category 2     Category 1        0.332       0.327             0.005            0.267
       Category 2     Category 2        0.547       0.551            -0.005           -0.252
     COG055         COG057
       Category 1     Category 1        0.118       0.113             0.004            0.364
       Category 1     Category 2        0.004       0.008            -0.004           -1.272
       Category 2     Category 1        0.698       0.702            -0.004           -0.252
       Category 2     Category 2        0.180       0.176             0.004            0.303
     COG055         COG058
       Category 1     Category 1        0.112       0.107             0.006            0.510
       Category 1     Category 2        0.009       0.015            -0.006           -1.284
       Category 2     Category 1        0.322       0.328            -0.006           -0.335
       Category 2     Category 2        0.556       0.550             0.006            0.317
     COG055         COG060
       Category 1     Category 1        0.115       0.120            -0.004           -0.375
       Category 1     Category 2        0.007       0.002             0.004            2.551
       Category 2     Category 1        0.497       0.492             0.004            0.244
       Category 2     Category 2        0.382       0.386            -0.004           -0.250
     COG055         COG061
       Category 1     Category 1        0.120       0.120             0.000            0.005
       Category 1     Category 2        0.001       0.001             0.000           -0.043
       Category 2     Category 1        0.639       0.639             0.000           -0.003
       Category 2     Category 2        0.240       0.239             0.000            0.004
     COG055         COG062
       Category 1     Category 1        0.122       0.120             0.002            0.152
       Category 1     Category 2        0.000       0.002            -0.002           -1.158
       Category 2     Category 1        0.728       0.730            -0.002           -0.111
       Category 2     Category 2        0.150       0.148             0.002            0.139
     COG055         COG063
       Category 1     Category 1        0.122       0.122             0.000            0.014
       Category 1     Category 2        0.000       0.000             0.000           -0.350
       Category 2     Category 1        0.765       0.765             0.000           -0.011
       Category 2     Category 2        0.114       0.114             0.000            0.014
     COG055         COG064
       Category 1     Category 1        0.120       0.120             0.001            0.066
       Category 1     Category 2        0.001       0.002            -0.001           -0.463
       Category 2     Category 1        0.643       0.644            -0.001           -0.045
       Category 2     Category 2        0.235       0.235             0.001            0.050
     COG055         COG066
       Category 1     Category 1        0.122       0.122             0.000            0.008
       Category 1     Category 2        0.000       0.000             0.000           -0.259
       Category 2     Category 1        0.702       0.702             0.000           -0.005
       Category 2     Category 2        0.176       0.176             0.000            0.006
     COG056         COG057
       Category 1     Category 1        0.386       0.396            -0.011           -0.603
       Category 1     Category 2        0.055       0.045             0.011            1.427
       Category 2     Category 1        0.430       0.419             0.011            0.597
       Category 2     Category 2        0.129       0.139            -0.011           -0.851
     COG056         COG058
       Category 1     Category 1        0.334       0.321             0.013            0.786
       Category 1     Category 2        0.107       0.120            -0.013           -1.127
       Category 2     Category 1        0.100       0.114            -0.013           -1.156
       Category 2     Category 2        0.459       0.445             0.013            0.738
     COG056         COG060
       Category 1     Category 1        0.425       0.409             0.016            0.859
       Category 1     Category 2        0.016       0.032            -0.016           -2.409
       Category 2     Category 1        0.187       0.202            -0.016           -1.052
       Category 2     Category 2        0.372       0.357             0.016            0.882
     COG056         COG061
       Category 1     Category 1        0.413       0.424            -0.011           -0.633
       Category 1     Category 2        0.028       0.017             0.011            2.424
       Category 2     Category 1        0.346       0.335             0.011            0.662
       Category 2     Category 2        0.212       0.224            -0.011           -0.750
     COG056         COG062
       Category 1     Category 1        0.415       0.425            -0.010           -0.546
       Category 1     Category 2        0.026       0.016             0.010            2.165
       Category 2     Category 1        0.434       0.424             0.010            0.546
       Category 2     Category 2        0.124       0.134            -0.010           -0.791
     COG056         COG063
       Category 1     Category 1        0.434       0.439            -0.004           -0.235
       Category 1     Category 2        0.007       0.002             0.004            2.345
       Category 2     Category 1        0.452       0.448             0.004            0.234
       Category 2     Category 2        0.107       0.111            -0.004           -0.371
     COG056         COG064
       Category 1     Category 1        0.413       0.419            -0.006           -0.356
       Category 1     Category 2        0.028       0.022             0.006            1.200
       Category 2     Category 1        0.350       0.344             0.006            0.370
       Category 2     Category 2        0.208       0.215            -0.006           -0.428
     COG056         COG066
       Category 1     Category 1        0.437       0.440            -0.002           -0.136
       Category 1     Category 2        0.004       0.002             0.002            1.691
       Category 2     Category 1        0.387       0.385             0.002            0.138
       Category 2     Category 2        0.172       0.174            -0.002           -0.177
     COG057         COG058
       Category 1     Category 1        0.388       0.386             0.002            0.126
       Category 1     Category 2        0.428       0.430            -0.002           -0.124
       Category 2     Category 1        0.046       0.048            -0.002           -0.287
       Category 2     Category 2        0.138       0.136             0.002            0.179
     COG057         COG060
       Category 1     Category 1        0.535       0.536            -0.002           -0.106
       Category 1     Category 2        0.281       0.280             0.002            0.118
       Category 2     Category 1        0.077       0.075             0.002            0.200
       Category 2     Category 2        0.107       0.109            -0.002           -0.170
     COG057         COG061
       Category 1     Category 1        0.656       0.648             0.008            0.479
       Category 1     Category 2        0.160       0.168            -0.008           -0.612
       Category 2     Category 1        0.103       0.111            -0.008           -0.727
       Category 2     Category 2        0.081       0.073             0.008            0.881
     COG057         COG062
       Category 1     Category 1        0.713       0.711             0.003            0.155
       Category 1     Category 2        0.103       0.105            -0.003           -0.228
       Category 2     Category 1        0.137       0.139            -0.003           -0.203
       Category 2     Category 2        0.047       0.045             0.003            0.339
     COG057         COG063
       Category 1     Category 1        0.744       0.742             0.002            0.116
       Category 1     Category 2        0.072       0.074            -0.002           -0.194
       Category 2     Category 1        0.142       0.144            -0.002           -0.144
       Category 2     Category 2        0.042       0.040             0.002            0.258
     COG057         COG064
       Category 1     Category 1        0.654       0.649             0.005            0.269
       Category 1     Category 2        0.162       0.167            -0.005           -0.344
       Category 2     Category 1        0.110       0.114            -0.005           -0.404
       Category 2     Category 2        0.074       0.070             0.005            0.504
     COG057         COG066
       Category 1     Category 1        0.698       0.701            -0.003           -0.178
       Category 1     Category 2        0.118       0.115             0.003            0.256
       Category 2     Category 1        0.126       0.123             0.003            0.248
       Category 2     Category 2        0.058       0.061            -0.003           -0.340
     COG058         COG060
       Category 1     Category 1        0.398       0.382             0.016            0.876
       Category 1     Category 2        0.037       0.052            -0.016           -1.913
       Category 2     Category 1        0.214       0.229            -0.016           -1.012
       Category 2     Category 2        0.352       0.336             0.016            0.901
     COG058         COG061
       Category 1     Category 1        0.403       0.407            -0.004           -0.213
       Category 1     Category 2        0.031       0.027             0.004            0.643
       Category 2     Category 1        0.356       0.352             0.004            0.219
       Category 2     Category 2        0.210       0.214            -0.004           -0.255
     COG058         COG062
       Category 1     Category 1        0.413       0.413            -0.001           -0.031
       Category 1     Category 2        0.022       0.021             0.001            0.108
       Category 2     Category 1        0.437       0.437             0.001            0.031
       Category 2     Category 2        0.129       0.129            -0.001           -0.046
     COG058         COG063
       Category 1     Category 1        0.428       0.428            -0.001           -0.034
       Category 1     Category 2        0.007       0.006             0.001            0.218
       Category 2     Category 1        0.459       0.458             0.001            0.034
       Category 2     Category 2        0.107       0.108            -0.001           -0.055
     COG058         COG064
       Category 1     Category 1        0.402       0.403            -0.001           -0.054
       Category 1     Category 2        0.032       0.031             0.001            0.152
       Category 2     Category 1        0.361       0.360             0.001            0.055
       Category 2     Category 2        0.204       0.205            -0.001           -0.066
     COG058         COG066
       Category 1     Category 1        0.434       0.427             0.007            0.408
       Category 1     Category 2        0.000       0.007            -0.007           -2.351
       Category 2     Category 1        0.390       0.397            -0.007           -0.413
       Category 2     Category 2        0.176       0.168             0.007            0.539
     COG060         COG061
       Category 1     Category 1        0.551       0.564            -0.013           -0.702
       Category 1     Category 2        0.061       0.048             0.013            1.627
       Category 2     Category 1        0.208       0.196             0.013            0.878
       Category 2     Category 2        0.180       0.193            -0.013           -0.882
     COG060         COG062
       Category 1     Category 1        0.568       0.576            -0.008           -0.413
       Category 1     Category 2        0.043       0.036             0.008            1.098
       Category 2     Category 1        0.281       0.274             0.008            0.458
       Category 2     Category 2        0.107       0.114            -0.008           -0.641
     COG060         COG063
       Category 1     Category 1        0.598       0.601            -0.003           -0.173
       Category 1     Category 2        0.014       0.010             0.003            0.832
       Category 2     Category 1        0.288       0.285             0.003            0.187
       Category 2     Category 2        0.100       0.103            -0.003           -0.278
     COG060         COG064
       Category 1     Category 1        0.551       0.557            -0.006           -0.338
       Category 1     Category 2        0.061       0.055             0.006            0.738
       Category 2     Category 1        0.212       0.206             0.006            0.415
       Category 2     Category 2        0.176       0.182            -0.006           -0.435
     COG060         COG066
       Category 1     Category 1        0.599       0.600             0.000           -0.019
       Category 1     Category 2        0.012       0.012             0.000            0.088
       Category 2     Category 1        0.225       0.224             0.000            0.023
       Category 2     Category 2        0.164       0.164             0.000           -0.026
     COG061         COG062
       Category 1     Category 1        0.696       0.690             0.005            0.318
       Category 1     Category 2        0.064       0.069            -0.005           -0.581
       Category 2     Category 1        0.154       0.160            -0.005           -0.402
       Category 2     Category 2        0.087       0.081             0.005            0.539
     COG061         COG063
       Category 1     Category 1        0.744       0.725             0.020            1.195
       Category 1     Category 2        0.015       0.035            -0.020           -2.925
       Category 2     Category 1        0.142       0.162            -0.020           -1.450
       Category 2     Category 2        0.099       0.079             0.020            1.978
     COG061         COG064
       Category 1     Category 1        0.651       0.649             0.002            0.113
       Category 1     Category 2        0.108       0.110            -0.002           -0.172
       Category 2     Category 1        0.112       0.114            -0.002           -0.169
       Category 2     Category 2        0.129       0.127             0.002            0.162
     COG061         COG066
       Category 1     Category 1        0.719       0.706             0.012            0.727
       Category 1     Category 2        0.041       0.053            -0.012           -1.480
       Category 2     Category 1        0.106       0.118            -0.012           -1.027
       Category 2     Category 2        0.135       0.123             0.012            1.007
     COG062         COG063
       Category 1     Category 1        0.786       0.785             0.001            0.061
       Category 1     Category 2        0.064       0.065            -0.001           -0.102
       Category 2     Category 1        0.100       0.101            -0.001           -0.083
       Category 2     Category 2        0.050       0.049             0.001            0.115
     COG062         COG064
       Category 1     Category 1        0.694       0.690             0.005            0.266
       Category 1     Category 2        0.156       0.160            -0.005           -0.336
       Category 2     Category 1        0.069       0.074            -0.005           -0.472
       Category 2     Category 2        0.081       0.077             0.005            0.463
     COG062         COG066
       Category 1     Category 1        0.758       0.748             0.010            0.600
       Category 1     Category 2        0.092       0.102            -0.010           -0.863
       Category 2     Category 1        0.066       0.076            -0.010           -0.984
       Category 2     Category 2        0.084       0.074             0.010            0.994
     COG063         COG064
       Category 1     Category 1        0.724       0.724             0.000            0.026
       Category 1     Category 2        0.162       0.163             0.000           -0.031
       Category 2     Category 1        0.039       0.040             0.000           -0.059
       Category 2     Category 2        0.074       0.074             0.000            0.044
     COG063         COG066
       Category 1     Category 1        0.788       0.789            -0.002           -0.103
       Category 1     Category 2        0.099       0.097             0.002            0.142
       Category 2     Category 1        0.037       0.035             0.002            0.228
       Category 2     Category 2        0.077       0.079            -0.002           -0.156
     COG064         COG066
       Category 1     Category 1        0.710       0.702             0.009            0.519
       Category 1     Category 2        0.053       0.062            -0.009           -0.989
       Category 2     Category 1        0.114       0.122            -0.009           -0.725
       Category 2     Category 2        0.123       0.114             0.009            0.746


MODEL MODIFICATION INDICES

NOTE:  Modification indices for direct effects of observed dependent variables
regressed on covariates and residual covariances among observed dependent
variables may not be included.  To include these, request MODINDICES (ALL).

Minimum M.I. value for printing the modification index    10.000

                                   M.I.     E.P.C.  Std E.P.C.  StdYX E.P.C.

WITH Statements

COG045   WITH COG040              44.212     0.421      0.421        0.487
COG050   WITH COG040              26.638     0.347      0.347        0.419
COG050   WITH COG045              63.899     0.410      0.410        0.511
COG052   WITH COG043              42.045     0.387      0.387        0.492
COG053   WITH COG048             532.160     0.868      0.868        1.174
COG054   WITH COG052              11.117     0.199      0.199        0.246
COG056   WITH COG048              30.595    -0.472     -0.472       -1.445
COG056   WITH COG049              41.963     0.279      0.279        1.215
COG056   WITH COG053              20.014    -0.293     -0.293       -0.846
COG058   WITH COG048              14.519    -0.318     -0.318       -0.634
COG058   WITH COG053              23.453    -0.318     -0.318       -0.598
COG060   WITH COG048              16.850    -0.354     -0.354       -0.983
COG060   WITH COG053              19.698    -0.295     -0.295       -0.771
COG060   WITH COG056              29.300     0.176      0.176        1.039
COG060   WITH COG058              10.137     0.124      0.124        0.476
COG061   WITH COG048              17.677    -0.392     -0.392       -0.789
COG061   WITH COG053              12.607    -0.253     -0.253       -0.480
COG063   WITH COG061              38.591     0.275      0.275        0.812
COG066   WITH COG053              11.035    -0.255     -0.255       -0.799


TECHNICAL 1 OUTPUT


     PARAMETER SPECIFICATION


           TAU
              COG040$1      COG041$1      COG043$1      COG044$1      COG045$1
              ________      ________      ________      ________      ________
                  1             2             3             4             5


           TAU
              COG046$1      COG048$1      COG049$1      COG050$1      COG051$1
              ________      ________      ________      ________      ________
                  6             7             8             9            10


           TAU
              COG052$1      COG053$1      COG054$1      COG055$1      COG056$1
              ________      ________      ________      ________      ________
                 11            12            13            14            15


           TAU
              COG057$1      COG058$1      COG060$1      COG061$1      COG062$1
              ________      ________      ________      ________      ________
                 16            17            18            19            20


           TAU
              COG063$1      COG064$1      COG066$1
              ________      ________      ________
                 21            22            23


           NU
              COG040        COG041        COG043        COG044        COG045
              ________      ________      ________      ________      ________
                  0             0             0             0             0


           NU
              COG046        COG048        COG049        COG050        COG051
              ________      ________      ________      ________      ________
                  0             0             0             0             0


           NU
              COG052        COG053        COG054        COG055        COG056
              ________      ________      ________      ________      ________
                  0             0             0             0             0


           NU
              COG057        COG058        COG060        COG061        COG062
              ________      ________      ________      ________      ________
                  0             0             0             0             0


           NU
              COG063        COG064        COG066        ECSUR
              ________      ________      ________      ________
                  0             0             0             0


           LAMBDA
              COG           ECSUR
              ________      ________
 COG040             0             0
 COG041            24             0
 COG043            25             0
 COG044            26             0
 COG045            27             0
 COG046            28             0
 COG048            29             0
 COG049            30             0
 COG050            31             0
 COG051            32             0
 COG052            33             0
 COG053            34             0
 COG054            35             0
 COG055            36             0
 COG056            37             0
 COG057            38             0
 COG058            39             0
 COG060            40             0
 COG061            41             0
 COG062            42             0
 COG063            43             0
 COG064            44             0
 COG066            45             0
 ECSUR              0             0


           THETA
              COG040        COG041        COG043        COG044        COG045
              ________      ________      ________      ________      ________
 COG040             0
 COG041             0             0
 COG043             0             0             0
 COG044             0             0             0             0
 COG045             0             0             0             0             0
 COG046             0             0             0             0             0
 COG048             0             0             0             0             0
 COG049             0             0             0             0             0
 COG050             0             0             0             0             0
 COG051             0             0             0             0             0
 COG052             0             0             0             0             0
 COG053             0             0             0             0             0
 COG054             0             0             0             0             0
 COG055             0             0             0             0             0
 COG056             0             0             0             0             0
 COG057             0             0             0             0             0
 COG058             0             0             0             0             0
 COG060             0             0             0             0             0
 COG061             0             0             0             0             0
 COG062             0             0             0             0             0
 COG063             0             0             0             0             0
 COG064             0             0             0             0             0
 COG066             0             0             0             0             0
 ECSUR              0             0             0             0             0


           THETA
              COG046        COG048        COG049        COG050        COG051
              ________      ________      ________      ________      ________
 COG046             0
 COG048             0             0
 COG049             0             0             0
 COG050             0             0             0             0
 COG051             0             0             0             0             0
 COG052             0             0             0             0             0
 COG053             0             0             0             0             0
 COG054             0             0             0             0             0
 COG055             0             0             0             0             0
 COG056             0             0             0             0             0
 COG057             0             0             0             0             0
 COG058             0             0             0             0             0
 COG060             0             0             0             0             0
 COG061             0             0             0             0             0
 COG062             0             0             0             0             0
 COG063             0             0             0             0             0
 COG064             0             0             0             0             0
 COG066             0             0             0             0             0
 ECSUR              0             0             0             0             0


           THETA
              COG052        COG053        COG054        COG055        COG056
              ________      ________      ________      ________      ________
 COG052             0
 COG053             0             0
 COG054             0             0             0
 COG055             0             0             0             0
 COG056             0             0             0             0             0
 COG057             0             0             0             0             0
 COG058             0             0             0             0             0
 COG060             0             0             0             0             0
 COG061             0             0             0             0             0
 COG062             0             0             0             0             0
 COG063             0             0             0             0             0
 COG064             0             0             0             0             0
 COG066             0             0             0             0             0
 ECSUR              0             0             0             0             0


           THETA
              COG057        COG058        COG060        COG061        COG062
              ________      ________      ________      ________      ________
 COG057             0
 COG058             0             0
 COG060             0             0             0
 COG061             0             0             0             0
 COG062             0             0             0             0             0
 COG063             0             0             0             0             0
 COG064             0             0             0             0             0
 COG066             0             0             0             0             0
 ECSUR              0             0             0             0             0


           THETA
              COG063        COG064        COG066        ECSUR
              ________      ________      ________      ________
 COG063             0
 COG064             0             0
 COG066             0             0             0
 ECSUR              0             0             0             0


           ALPHA
              COG           ECSUR
              ________      ________
                  0            46


           BETA
              COG           ECSUR
              ________      ________
 COG                0             0
 ECSUR              0             0


           PSI
              COG           ECSUR
              ________      ________
 COG               47
 ECSUR             48            49


     STARTING VALUES


           TAU
              COG040$1      COG041$1      COG043$1      COG044$1      COG045$1
              ________      ________      ________      ________      ________
               -1.140        -0.583        -1.065        -1.214        -0.326


           TAU
              COG046$1      COG048$1      COG049$1      COG050$1      COG051$1
              ________      ________      ________      ________      ________
                0.032        -1.236        -1.013        -0.603        -1.173


           TAU
              COG052$1      COG053$1      COG054$1      COG055$1      COG056$1
              ________      ________      ________      ________      ________
               -0.477        -0.428        -0.436        -1.166        -0.148


           TAU
              COG057$1      COG058$1      COG060$1      COG061$1      COG062$1
              ________      ________      ________      ________      ________
                0.900        -0.165         0.284         0.704         1.036


           TAU
              COG063$1      COG064$1      COG066$1
              ________      ________      ________
                1.207         0.717         0.931


           NU
              COG040        COG041        COG043        COG044        COG045
              ________      ________      ________      ________      ________
                0.000         0.000         0.000         0.000         0.000


           NU
              COG046        COG048        COG049        COG050        COG051
              ________      ________      ________      ________      ________
                0.000         0.000         0.000         0.000         0.000


           NU
              COG052        COG053        COG054        COG055        COG056
              ________      ________      ________      ________      ________
                0.000         0.000         0.000         0.000         0.000


           NU
              COG057        COG058        COG060        COG061        COG062
              ________      ________      ________      ________      ________
                0.000         0.000         0.000         0.000         0.000


           NU
              COG063        COG064        COG066        ECSUR
              ________      ________      ________      ________
                0.000         0.000         0.000         0.000


           LAMBDA
              COG           ECSUR
              ________      ________
 COG040         1.000         0.000
 COG041         1.000         0.000
 COG043         1.000         0.000
 COG044         1.000         0.000
 COG045         1.000         0.000
 COG046         1.000         0.000
 COG048         1.000         0.000
 COG049         1.000         0.000
 COG050         1.000         0.000
 COG051         1.000         0.000
 COG052         1.000         0.000
 COG053         1.000         0.000
 COG054         1.000         0.000
 COG055         1.000         0.000
 COG056         1.000         0.000
 COG057         1.000         0.000
 COG058         1.000         0.000
 COG060         1.000         0.000
 COG061         1.000         0.000
 COG062         1.000         0.000
 COG063         1.000         0.000
 COG064         1.000         0.000
 COG066         1.000         0.000
 ECSUR          0.000         1.000


           THETA
              COG040        COG041        COG043        COG044        COG045
              ________      ________      ________      ________      ________
 COG040         1.000
 COG041         0.000         1.000
 COG043         0.000         0.000         1.000
 COG044         0.000         0.000         0.000         1.000
 COG045         0.000         0.000         0.000         0.000         1.000
 COG046         0.000         0.000         0.000         0.000         0.000
 COG048         0.000         0.000         0.000         0.000         0.000
 COG049         0.000         0.000         0.000         0.000         0.000
 COG050         0.000         0.000         0.000         0.000         0.000
 COG051         0.000         0.000         0.000         0.000         0.000
 COG052         0.000         0.000         0.000         0.000         0.000
 COG053         0.000         0.000         0.000         0.000         0.000
 COG054         0.000         0.000         0.000         0.000         0.000
 COG055         0.000         0.000         0.000         0.000         0.000
 COG056         0.000         0.000         0.000         0.000         0.000
 COG057         0.000         0.000         0.000         0.000         0.000
 COG058         0.000         0.000         0.000         0.000         0.000
 COG060         0.000         0.000         0.000         0.000         0.000
 COG061         0.000         0.000         0.000         0.000         0.000
 COG062         0.000         0.000         0.000         0.000         0.000
 COG063         0.000         0.000         0.000         0.000         0.000
 COG064         0.000         0.000         0.000         0.000         0.000
 COG066         0.000         0.000         0.000         0.000         0.000
 ECSUR          0.000         0.000         0.000         0.000         0.000


           THETA
              COG046        COG048        COG049        COG050        COG051
              ________      ________      ________      ________      ________
 COG046         1.000
 COG048         0.000         1.000
 COG049         0.000         0.000         1.000
 COG050         0.000         0.000         0.000         1.000
 COG051         0.000         0.000         0.000         0.000         1.000
 COG052         0.000         0.000         0.000         0.000         0.000
 COG053         0.000         0.000         0.000         0.000         0.000
 COG054         0.000         0.000         0.000         0.000         0.000
 COG055         0.000         0.000         0.000         0.000         0.000
 COG056         0.000         0.000         0.000         0.000         0.000
 COG057         0.000         0.000         0.000         0.000         0.000
 COG058         0.000         0.000         0.000         0.000         0.000
 COG060         0.000         0.000         0.000         0.000         0.000
 COG061         0.000         0.000         0.000         0.000         0.000
 COG062         0.000         0.000         0.000         0.000         0.000
 COG063         0.000         0.000         0.000         0.000         0.000
 COG064         0.000         0.000         0.000         0.000         0.000
 COG066         0.000         0.000         0.000         0.000         0.000
 ECSUR          0.000         0.000         0.000         0.000         0.000


           THETA
              COG052        COG053        COG054        COG055        COG056
              ________      ________      ________      ________      ________
 COG052         1.000
 COG053         0.000         1.000
 COG054         0.000         0.000         1.000
 COG055         0.000         0.000         0.000         1.000
 COG056         0.000         0.000         0.000         0.000         1.000
 COG057         0.000         0.000         0.000         0.000         0.000
 COG058         0.000         0.000         0.000         0.000         0.000
 COG060         0.000         0.000         0.000         0.000         0.000
 COG061         0.000         0.000         0.000         0.000         0.000
 COG062         0.000         0.000         0.000         0.000         0.000
 COG063         0.000         0.000         0.000         0.000         0.000
 COG064         0.000         0.000         0.000         0.000         0.000
 COG066         0.000         0.000         0.000         0.000         0.000
 ECSUR          0.000         0.000         0.000         0.000         0.000


           THETA
              COG057        COG058        COG060        COG061        COG062
              ________      ________      ________      ________      ________
 COG057         1.000
 COG058         0.000         1.000
 COG060         0.000         0.000         1.000
 COG061         0.000         0.000         0.000         1.000
 COG062         0.000         0.000         0.000         0.000         1.000
 COG063         0.000         0.000         0.000         0.000         0.000
 COG064         0.000         0.000         0.000         0.000         0.000
 COG066         0.000         0.000         0.000         0.000         0.000
 ECSUR          0.000         0.000         0.000         0.000         0.000


           THETA
              COG063        COG064        COG066        ECSUR
              ________      ________      ________      ________
 COG063         1.000
 COG064         0.000         1.000
 COG066         0.000         0.000         1.000
 ECSUR          0.000         0.000         0.000         0.000


           ALPHA
              COG           ECSUR
              ________      ________
                0.000         0.000


           BETA
              COG           ECSUR
              ________      ________
 COG            0.000         0.000
 ECSUR          0.000         0.000


           PSI
              COG           ECSUR
              ________      ________
 COG            0.050
 ECSUR          0.000         0.500


TECHNICAL 4 OUTPUT


     ESTIMATES DERIVED FROM THE MODEL


           ESTIMATED MEANS FOR THE LATENT VARIABLES
              COG           ECSUR
              ________      ________
                0.000         0.000


           ESTIMATED COVARIANCE MATRIX FOR THE LATENT VARIABLES
              COG           ECSUR
              ________      ________
 COG            0.108
 ECSUR         -0.003         1.000


           ESTIMATED CORRELATION MATRIX FOR THE LATENT VARIABLES
              COG           ECSUR
              ________      ________
 COG            1.000
 ECSUR         -0.010         1.000


     ESTIMATES DERIVED FROM THE MODEL


           S.E. FOR ESTIMATED MEANS FOR THE LATENT VARIABLES
              COG           ECSUR
              ________      ________
                0.000         0.040


           EST./S.E. FOR ESTIMATED MEANS FOR THE LATENT VARIABLES
              COG           ECSUR
              ________      ________
                0.000         0.000


           TWO-TAILED P-VALUE FOR ESTIMATED MEANS FOR THE LATENT VARIABLES
              COG           ECSUR
              ________      ________
                1.000         1.000


           S.E. FOR ESTIMATED COVARIANCE MATRIX FOR THE LATENT VARIABLES
              COG           ECSUR
              ________      ________
 COG            0.038
 ECSUR          0.013         0.051


           EST./S.E. FOR ESTIMATED COVARIANCE MATRIX FOR THE LATENT VARIABLES
              COG           ECSUR
              ________      ________
 COG            2.841
 ECSUR         -0.244        19.659


           TWO-TAILED P-VALUE FOR ESTIMATED COVARIANCE MATRIX FOR THE LATENT VARIABLES
              COG           ECSUR
              ________      ________
 COG            0.004
 ECSUR          0.807         0.000


           S.E. FOR ESTIMATED CORRELATION MATRIX FOR THE LATENT VARIABLES
              COG           ECSUR
              ________      ________
 COG            0.000
 ECSUR          0.039         0.000


           EST./S.E. FOR ESTIMATED CORRELATION MATRIX FOR THE LATENT VARIABLES
              COG           ECSUR
              ________      ________
 COG          999.000
 ECSUR         -0.244       999.000


           TWO-TAILED P-VALUE FOR ESTIMATED CORRELATION MATRIX FOR THE LATENT VARIABLES
              COG           ECSUR
              ________      ________
 COG            0.000
 ECSUR          0.807         0.000


SAMPLE STATISTICS FOR ESTIMATED FACTOR SCORES


     SAMPLE STATISTICS


           Means
              COG           COG_SE
              ________      ________
                0.002         0.109


           Covariances
              COG           COG_SE
              ________      ________
 COG            0.091
 COG_SE        -0.001         0.000


           Correlations
              COG           COG_SE
              ________      ________
 COG            1.000
 COG_SE        -0.185         1.000


SAVEDATA INFORMATION


  Save file
    ../../fscores_structural.dat

  Order and format of variables

    COG040         F10.3
    COG041         F10.3
    COG043         F10.3
    COG044         F10.3
    COG045         F10.3
    COG046         F10.3
    COG048         F10.3
    COG049         F10.3
    COG050         F10.3
    COG051         F10.3
    COG052         F10.3
    COG053         F10.3
    COG054         F10.3
    COG055         F10.3
    COG056         F10.3
    COG057         F10.3
    COG058         F10.3
    COG060         F10.3
    COG061         F10.3
    COG062         F10.3
    COG063         F10.3
    COG064         F10.3
    COG066         F10.3
    ECSUR          F10.3
    COG            F10.3
    COG_SE         F10.3

  Save file format
    26F10.3

  Save file record length    10000

  Save missing symbol        *


     Beginning Time:  14:45:27
        Ending Time:  14:45:27
       Elapsed Time:  00:00:00



MUTHEN & MUTHEN
3463 Stoner Ave.
Los Angeles, CA  90066

Tel: (310) 391-9971
Fax: (310) 391-8971
Web: www.StatModel.com
Support: Support@StatModel.com

Copyright (c) 1998-2021 Muthen & Muthen
