Mplus VERSION 8.6
MUTHEN & MUTHEN
06/04/2026   2:45 PM

INPUT INSTRUCTIONS

  TITLE:
    Structural model - UNIDIM - QchatTot outcome ~ COG
    WLSMV estimator; items treated as categorical (binary)
    Single factor: COG (all items load on one factor)

  DATA:
    FILE = "../../combined.dat";

  VARIABLE:
    NAMES ARE
      COG034 COG035 COG036 COG037 COG038 COG039 COG040 COG041
      COG042 COG043 COG044 COG045 COG046 COG047 COG048 COG049 COG050
      COG051 COG052 COG053 COG054 COG055 COG056 COG057 COG058
      COG060 COG061 COG062 COG063 COG064 COG065 COG066 COG067 COG068
      GA BirthWt Sex HdCirc IUGR GDiab PrEcl AntCor_P AntCor_C
      MomAge MomEdu DadEdu EthSAsian EthBlack EthMixed EthOther MomEng
      EPDSTot StimEnv PrLax PrOvr PrVrb PrSty
      CBInt CBExt CBTot CBAnx CBWth CBSom CBSlp CBAtt CBAgg
      ECSur ECNeg ECEff BayMot BayLan QchatTot;

    USEVARIABLES ARE
      COG040 COG041
      COG043 COG044 COG045 COG046 COG048 COG049 COG050
      COG051 COG052 COG053 COG054 COG055 COG056 COG057 COG058
      COG060 COG061 COG062 COG063 COG064 COG066
      QchatTot;

    CATEGORICAL ARE
      COG040 COG041
      COG043 COG044 COG045 COG046 COG048 COG049 COG050
      COG051 COG052 COG053 COG054 COG055 COG056 COG057 COG058
      COG060 COG061 COG062 COG063 COG064 COG066;

    MISSING ARE ALL (-999);

  DEFINE:
    STANDARDIZE QchatTot;

  ANALYSIS:
    ESTIMATOR = WLSMV;

  MODEL:
    COG BY
      COG040 COG045 COG050 COG064
      COG041 COG043 COG044 COG046
      COG048 COG052 COG053 COG057
      COG049 COG051 COG054 COG055 COG056
      COG058 COG060 COG061 COG062 COG063 COG066;

    QchatTot WITH COG;

  OUTPUT:
    STANDARDIZED;
    MODINDICES(10);
    RESIDUAL;
    SAMPSTAT;
    TECH1;
    TECH4;
    CINTERVAL;

  SAVEDATA:
    FILE = "../../fscores_structural.dat";
    SAVE = FSCORES;



INPUT READING TERMINATED NORMALLY




Structural model - UNIDIM - QchatTot outcome ~ COG
WLSMV estimator; items treated as categorical (binary)
Single factor: COG (all items load on one factor)

SUMMARY OF ANALYSIS

Number of groups                                                 1
Number of observations                                         739

Number of dependent variables                                   24
Number of independent variables                                  0
Number of continuous latent variables                            1

Observed dependent variables

  Continuous
   QCHATTOT

  Binary and ordered categorical (ordinal)
   COG040      COG041      COG043      COG044      COG045      COG046
   COG048      COG049      COG050      COG051      COG052      COG053
   COG054      COG055      COG056      COG057      COG058      COG060
   COG061      COG062      COG063      COG064      COG066

Continuous latent variables
   COG


Estimator                                                    WLSMV
Maximum number of iterations                                  1000
Convergence criterion                                    0.500D-04
Maximum number of steepest descent iterations                   20
Maximum number of iterations for H1                           2000
Convergence criterion for H1                             0.100D-03
Parameterization                                             DELTA
Link                                                        PROBIT

Input data file(s)
  ../../combined.dat

Input data format  FREE


SUMMARY OF DATA

     Number of missing data patterns             2


COVARIANCE COVERAGE OF DATA

Minimum covariance coverage value   0.100


     PROPORTION OF DATA PRESENT


           Covariance Coverage
              COG040        COG041        COG043        COG044        COG045
              ________      ________      ________      ________      ________
 COG040         1.000
 COG041         1.000         1.000
 COG043         1.000         1.000         1.000
 COG044         1.000         1.000         1.000         1.000
 COG045         1.000         1.000         1.000         1.000         1.000
 COG046         1.000         1.000         1.000         1.000         1.000
 COG048         1.000         1.000         1.000         1.000         1.000
 COG049         1.000         1.000         1.000         1.000         1.000
 COG050         1.000         1.000         1.000         1.000         1.000
 COG051         1.000         1.000         1.000         1.000         1.000
 COG052         1.000         1.000         1.000         1.000         1.000
 COG053         1.000         1.000         1.000         1.000         1.000
 COG054         1.000         1.000         1.000         1.000         1.000
 COG055         1.000         1.000         1.000         1.000         1.000
 COG056         1.000         1.000         1.000         1.000         1.000
 COG057         1.000         1.000         1.000         1.000         1.000
 COG058         1.000         1.000         1.000         1.000         1.000
 COG060         1.000         1.000         1.000         1.000         1.000
 COG061         1.000         1.000         1.000         1.000         1.000
 COG062         1.000         1.000         1.000         1.000         1.000
 COG063         1.000         1.000         1.000         1.000         1.000
 COG064         1.000         1.000         1.000         1.000         1.000
 COG066         1.000         1.000         1.000         1.000         1.000
 QCHATTOT       0.981         0.981         0.981         0.981         0.981


           Covariance Coverage
              COG046        COG048        COG049        COG050        COG051
              ________      ________      ________      ________      ________
 COG046         1.000
 COG048         1.000         1.000
 COG049         1.000         1.000         1.000
 COG050         1.000         1.000         1.000         1.000
 COG051         1.000         1.000         1.000         1.000         1.000
 COG052         1.000         1.000         1.000         1.000         1.000
 COG053         1.000         1.000         1.000         1.000         1.000
 COG054         1.000         1.000         1.000         1.000         1.000
 COG055         1.000         1.000         1.000         1.000         1.000
 COG056         1.000         1.000         1.000         1.000         1.000
 COG057         1.000         1.000         1.000         1.000         1.000
 COG058         1.000         1.000         1.000         1.000         1.000
 COG060         1.000         1.000         1.000         1.000         1.000
 COG061         1.000         1.000         1.000         1.000         1.000
 COG062         1.000         1.000         1.000         1.000         1.000
 COG063         1.000         1.000         1.000         1.000         1.000
 COG064         1.000         1.000         1.000         1.000         1.000
 COG066         1.000         1.000         1.000         1.000         1.000
 QCHATTOT       0.981         0.981         0.981         0.981         0.981


           Covariance Coverage
              COG052        COG053        COG054        COG055        COG056
              ________      ________      ________      ________      ________
 COG052         1.000
 COG053         1.000         1.000
 COG054         1.000         1.000         1.000
 COG055         1.000         1.000         1.000         1.000
 COG056         1.000         1.000         1.000         1.000         1.000
 COG057         1.000         1.000         1.000         1.000         1.000
 COG058         1.000         1.000         1.000         1.000         1.000
 COG060         1.000         1.000         1.000         1.000         1.000
 COG061         1.000         1.000         1.000         1.000         1.000
 COG062         1.000         1.000         1.000         1.000         1.000
 COG063         1.000         1.000         1.000         1.000         1.000
 COG064         1.000         1.000         1.000         1.000         1.000
 COG066         1.000         1.000         1.000         1.000         1.000
 QCHATTOT       0.981         0.981         0.981         0.981         0.981


           Covariance Coverage
              COG057        COG058        COG060        COG061        COG062
              ________      ________      ________      ________      ________
 COG057         1.000
 COG058         1.000         1.000
 COG060         1.000         1.000         1.000
 COG061         1.000         1.000         1.000         1.000
 COG062         1.000         1.000         1.000         1.000         1.000
 COG063         1.000         1.000         1.000         1.000         1.000
 COG064         1.000         1.000         1.000         1.000         1.000
 COG066         1.000         1.000         1.000         1.000         1.000
 QCHATTOT       0.981         0.981         0.981         0.981         0.981


           Covariance Coverage
              COG063        COG064        COG066        QCHATTOT
              ________      ________      ________      ________
 COG063         1.000
 COG064         1.000         1.000
 COG066         1.000         1.000         1.000
 QCHATTOT       0.981         0.981         0.981         0.981


UNIVARIATE PROPORTIONS AND COUNTS FOR CATEGORICAL VARIABLES

    COG040
      Category 1    0.127           94.000
      Category 2    0.873          645.000
    COG041
      Category 1    0.280          207.000
      Category 2    0.720          532.000
    COG043
      Category 1    0.143          106.000
      Category 2    0.857          633.000
    COG044
      Category 1    0.112           83.000
      Category 2    0.888          656.000
    COG045
      Category 1    0.372          275.000
      Category 2    0.628          464.000
    COG046
      Category 1    0.513          379.000
      Category 2    0.487          360.000
    COG048
      Category 1    0.108           80.000
      Category 2    0.892          659.000
    COG049
      Category 1    0.156          115.000
      Category 2    0.844          624.000
    COG050
      Category 1    0.273          202.000
      Category 2    0.727          537.000
    COG051
      Category 1    0.120           89.000
      Category 2    0.880          650.000
    COG052
      Category 1    0.317          234.000
      Category 2    0.683          505.000
    COG053
      Category 1    0.334          247.000
      Category 2    0.666          492.000
    COG054
      Category 1    0.332          245.000
      Category 2    0.668          494.000
    COG055
      Category 1    0.122           90.000
      Category 2    0.878          649.000
    COG056
      Category 1    0.441          326.000
      Category 2    0.559          413.000
    COG057
      Category 1    0.816          603.000
      Category 2    0.184          136.000
    COG058
      Category 1    0.434          321.000
      Category 2    0.566          418.000
    COG060
      Category 1    0.612          452.000
      Category 2    0.388          287.000
    COG061
      Category 1    0.759          561.000
      Category 2    0.241          178.000
    COG062
      Category 1    0.850          628.000
      Category 2    0.150          111.000
    COG063
      Category 1    0.886          655.000
      Category 2    0.114           84.000
    COG064
      Category 1    0.763          564.000
      Category 2    0.237          175.000
    COG066
      Category 1    0.824          609.000
      Category 2    0.176          130.000


SAMPLE STATISTICS


     ESTIMATED SAMPLE STATISTICS


           MEANS/INTERCEPTS/THRESHOLDS
              COG040$1      COG041$1      COG043$1      COG044$1      COG045$1
              ________      ________      ________      ________      ________
               -1.140        -0.583        -1.065        -1.214        -0.326


           MEANS/INTERCEPTS/THRESHOLDS
              COG046$1      COG048$1      COG049$1      COG050$1      COG051$1
              ________      ________      ________      ________      ________
                0.032        -1.236        -1.013        -0.603        -1.173


           MEANS/INTERCEPTS/THRESHOLDS
              COG052$1      COG053$1      COG054$1      COG055$1      COG056$1
              ________      ________      ________      ________      ________
               -0.477        -0.428        -0.436        -1.166        -0.148


           MEANS/INTERCEPTS/THRESHOLDS
              COG057$1      COG058$1      COG060$1      COG061$1      COG062$1
              ________      ________      ________      ________      ________
                0.900        -0.165         0.284         0.704         1.036


           MEANS/INTERCEPTS/THRESHOLDS
              COG063$1      COG064$1      COG066$1      QCHATTOT
              ________      ________      ________      ________
                1.207         0.717         0.931         0.000


           CORRELATION MATRIX (WITH VARIANCES ON THE DIAGONAL)
              COG040        COG041        COG043        COG044        COG045
              ________      ________      ________      ________      ________
 COG040
 COG041         0.088
 COG043         0.095         0.221
 COG044         0.340         0.318         0.291
 COG045         0.534         0.217         0.265         0.304
 COG046         0.193         0.179         0.160         0.241         0.214
 COG048         0.123         0.213         0.261         0.357         0.154
 COG049         0.307         0.188         0.310         0.301         0.315
 COG050         0.487         0.247         0.310         0.330         0.573
 COG051         0.265         0.293         0.283         0.339         0.335
 COG052         0.128         0.202         0.572         0.272         0.206
 COG053         0.080         0.160         0.152         0.329         0.231
 COG054         0.169         0.166         0.320         0.230         0.192
 COG055         0.187         0.319         0.438         0.334         0.262
 COG056         0.235         0.168         0.286         0.324         0.247
 COG057         0.084         0.315         0.107         0.063         0.104
 COG058         0.133         0.192         0.267         0.246         0.238
 COG060         0.202         0.249         0.351         0.322         0.297
 COG061         0.056         0.256         0.402         0.228         0.155
 COG062         0.230         0.351         0.447         0.230         0.314
 COG063         0.180         0.322         0.264         0.244         0.179
 COG064         0.325         0.276         0.396         0.313         0.300
 COG066         0.151         0.333         0.398         0.372         0.235
 QCHATTOT      -0.228        -0.104        -0.305        -0.216        -0.186


           CORRELATION MATRIX (WITH VARIANCES ON THE DIAGONAL)
              COG046        COG048        COG049        COG050        COG051
              ________      ________      ________      ________      ________
 COG048         0.221
 COG049         0.229         0.204
 COG050         0.126         0.262         0.400
 COG051         0.228         0.354         0.686         0.402
 COG052         0.000         0.242         0.277         0.273         0.343
 COG053         0.133         0.909         0.188         0.242         0.266
 COG054         0.087         0.218         0.249         0.289         0.335
 COG055         0.269         0.326         0.628         0.411         0.713
 COG056         0.229         0.086         0.904         0.311         0.723
 COG057         0.124         0.174         0.272         0.113         0.245
 COG058         0.226         0.151         0.564         0.276         0.897
 COG060         0.256         0.178         0.711         0.352         0.682
 COG061         0.284         0.079         0.489         0.317         0.534
 COG062         0.361         0.137         0.469         0.253         0.466
 COG063         0.302         0.129         0.550         0.371         0.397
 COG064         0.248         0.371         0.423         0.323         0.483
 COG066         0.386         0.230         0.697         0.302         0.652
 QCHATTOT      -0.167        -0.302        -0.280        -0.205        -0.279


           CORRELATION MATRIX (WITH VARIANCES ON THE DIAGONAL)
              COG052        COG053        COG054        COG055        COG056
              ________      ________      ________      ________      ________
 COG053         0.260
 COG054         0.380         0.211
 COG055         0.474         0.307         0.405
 COG056         0.281         0.168         0.223         0.688
 COG057         0.210         0.136         0.252         0.460         0.249
 COG058         0.231         0.082         0.310         0.732         0.791
 COG060         0.320         0.156         0.345         0.619         0.899
 COG061         0.354         0.140         0.340         0.662         0.641
 COG062         0.284         0.167         0.198         0.624         0.461
 COG063         0.347         0.206         0.293         0.572         0.650
 COG064         0.372         0.362         0.440         0.658         0.633
 COG066         0.320         0.201         0.431         0.654         0.805
 QCHATTOT      -0.213        -0.310        -0.179        -0.386        -0.208


           CORRELATION MATRIX (WITH VARIANCES ON THE DIAGONAL)
              COG057        COG058        COG060        COG061        COG062
              ________      ________      ________      ________      ________
 COG058         0.332
 COG060         0.332         0.800
 COG061         0.392         0.609         0.647
 COG062         0.280         0.503         0.504         0.563
 COG063         0.344         0.644         0.701         0.838         0.536
 COG064         0.337         0.590         0.636         0.615         0.521
 COG066         0.328         0.886         0.838         0.822         0.680
 QCHATTOT      -0.176        -0.232        -0.189        -0.147        -0.147


           CORRELATION MATRIX (WITH VARIANCES ON THE DIAGONAL)
              COG063        COG064        COG066        QCHATTOT
              ________      ________      ________      ________
 COG064         0.620
 COG066         0.754         0.757
 QCHATTOT      -0.133        -0.333        -0.155         1.000


UNIVARIATE SAMPLE STATISTICS


     UNIVARIATE HIGHER-ORDER MOMENT DESCRIPTIVE STATISTICS

         Variable/         Mean/     Skewness/   Minimum/ % with                Percentiles
        Sample Size      Variance    Kurtosis    Maximum  Min/Max      20%/60%    40%/80%    Median

     QCHATTOT              0.000       0.709      -2.435    0.14%      -0.890     -0.338     -0.117
             725.000       1.000       1.236       4.407    0.28%       0.103      0.766


     THIS ANALYSIS MAY HAVE MULTIPLE SOLUTIONS.  EXPLORE THIS USING RANDOM STARTS,
     FOR EXAMPLE, STARTS = 20.  USE A LARGE ENOUGH NUMBER OF STARTS SO THAT THE
     BEST FIT FUNCTION VALUE IS REPLICATED SEVERAL TIMES.


THE MODEL ESTIMATION TERMINATED NORMALLY



MODEL FIT INFORMATION

Number of Free Parameters                       49

Chi-Square Test of Model Fit

          Value                           1262.743*
          Degrees of Freedom                   252
          P-Value                           0.0000

*   The chi-square value for MLM, MLMV, MLR, ULSMV, WLSM and WLSMV cannot be used
    for chi-square difference testing in the regular way.  MLM, MLR and WLSM
    chi-square difference testing is described on the Mplus website.  MLMV, WLSMV,
    and ULSMV difference testing is done using the DIFFTEST option.

RMSEA (Root Mean Square Error Of Approximation)

          Estimate                           0.074
          90 Percent C.I.                    0.070  0.078
          Probability RMSEA <= .05           0.000

CFI/TLI

          CFI                                0.881
          TLI                                0.869

Chi-Square Test of Model Fit for the Baseline Model

          Value                           8742.158
          Degrees of Freedom                   276
          P-Value                           0.0000

SRMR (Standardized Root Mean Square Residual)

          Value                              0.112

Optimum Function Value for Weighted Least-Squares Estimator

          Value                     0.88195825D+00



MODEL RESULTS

                                                    Two-Tailed
                    Estimate       S.E.  Est./S.E.    P-Value

 COG      BY
    COG040             1.000      0.000    999.000    999.000
    COG045             1.197      0.204      5.876      0.000
    COG050             1.437      0.246      5.849      0.000
    COG064             2.224      0.383      5.814      0.000
    COG041             1.032      0.212      4.870      0.000
    COG043             1.443      0.288      5.014      0.000
    COG044             1.304      0.254      5.145      0.000
    COG046             0.983      0.200      4.907      0.000
    COG048             1.668      0.305      5.477      0.000
    COG052             1.336      0.249      5.362      0.000
    COG053             1.412      0.262      5.383      0.000
    COG057             1.150      0.236      4.863      0.000
    COG049             2.393      0.411      5.820      0.000
    COG051             2.292      0.399      5.739      0.000
    COG054             1.276      0.241      5.287      0.000
    COG055             2.448      0.421      5.820      0.000
    COG056             2.713      0.461      5.879      0.000
    COG058             2.355      0.407      5.789      0.000
    COG060             2.662      0.452      5.888      0.000
    COG061             2.365      0.410      5.767      0.000
    COG062             1.880      0.332      5.668      0.000
    COG063             2.422      0.418      5.793      0.000
    COG066             2.749      0.469      5.856      0.000

 QCHATTOT WITH
    COG               -0.117      0.025     -4.733      0.000

 Means
    QCHATTOT           0.000      0.040      0.000      1.000

 Thresholds
    COG040$1          -1.140      0.059    -19.376      0.000
    COG041$1          -0.583      0.049    -11.873      0.000
    COG043$1          -1.065      0.057    -18.689      0.000
    COG044$1          -1.214      0.061    -19.954      0.000
    COG045$1          -0.326      0.047     -6.940      0.000
    COG046$1           0.032      0.046      0.699      0.485
    COG048$1          -1.236      0.061    -20.100      0.000
    COG049$1          -1.013      0.056    -18.143      0.000
    COG050$1          -0.603      0.049    -12.231      0.000
    COG051$1          -1.173      0.060    -19.646      0.000
    COG052$1          -0.477      0.048     -9.927      0.000
    COG053$1          -0.428      0.048     -8.983      0.000
    COG054$1          -0.436      0.048     -9.128      0.000
    COG055$1          -1.166      0.060    -19.593      0.000
    COG056$1          -0.148      0.046     -3.199      0.001
    COG057$1           0.900      0.054     16.800      0.000
    COG058$1          -0.165      0.046     -3.567      0.000
    COG060$1           0.284      0.047      6.062      0.000
    COG061$1           0.704      0.050     13.931      0.000
    COG062$1           1.036      0.056     18.388      0.000
    COG063$1           1.207      0.061     19.904      0.000
    COG064$1           0.717      0.051     14.141      0.000
    COG066$1           0.931      0.054     17.192      0.000

 Variances
    QCHATTOT           1.000      0.045     22.255      0.000
    COG                0.114      0.039      2.942      0.003


QUALITY OF NUMERICAL RESULTS

     Condition Number for the Information Matrix              0.238E-05
       (ratio of smallest to largest eigenvalue)


STANDARDIZED MODEL RESULTS


STDYX Standardization

                                                    Two-Tailed
                    Estimate       S.E.  Est./S.E.    P-Value

 COG      BY
    COG040             0.338      0.057      5.883      0.000
    COG045             0.405      0.041      9.781      0.000
    COG050             0.486      0.041     11.736      0.000
    COG064             0.752      0.029     26.024      0.000
    COG041             0.349      0.045      7.728      0.000
    COG043             0.488      0.052      9.308      0.000
    COG044             0.441      0.058      7.652      0.000
    COG046             0.332      0.043      7.800      0.000
    COG048             0.564      0.054     10.413      0.000
    COG052             0.451      0.041     11.127      0.000
    COG053             0.477      0.038     12.485      0.000
    COG057             0.389      0.049      7.958      0.000
    COG049             0.809      0.031     26.387      0.000
    COG051             0.775      0.041     18.980      0.000
    COG054             0.431      0.042     10.248      0.000
    COG055             0.827      0.036     22.874      0.000
    COG056             0.917      0.015     61.341      0.000
    COG058             0.796      0.022     36.486      0.000
    COG060             0.900      0.015     59.491      0.000
    COG061             0.799      0.025     32.160      0.000
    COG062             0.635      0.041     15.432      0.000
    COG063             0.819      0.031     26.488      0.000
    COG066             0.929      0.019     49.503      0.000

 QCHATTOT WITH
    COG               -0.346      0.034    -10.262      0.000

 Means
    QCHATTOT           0.000      0.040      0.000      1.000

 Thresholds
    COG040$1          -1.140      0.059    -19.376      0.000
    COG041$1          -0.583      0.049    -11.873      0.000
    COG043$1          -1.065      0.057    -18.689      0.000
    COG044$1          -1.214      0.061    -19.954      0.000
    COG045$1          -0.326      0.047     -6.940      0.000
    COG046$1           0.032      0.046      0.699      0.485
    COG048$1          -1.236      0.061    -20.100      0.000
    COG049$1          -1.013      0.056    -18.143      0.000
    COG050$1          -0.603      0.049    -12.231      0.000
    COG051$1          -1.173      0.060    -19.646      0.000
    COG052$1          -0.477      0.048     -9.927      0.000
    COG053$1          -0.428      0.048     -8.983      0.000
    COG054$1          -0.436      0.048     -9.128      0.000
    COG055$1          -1.166      0.060    -19.593      0.000
    COG056$1          -0.148      0.046     -3.199      0.001
    COG057$1           0.900      0.054     16.800      0.000
    COG058$1          -0.165      0.046     -3.567      0.000
    COG060$1           0.284      0.047      6.062      0.000
    COG061$1           0.704      0.050     13.931      0.000
    COG062$1           1.036      0.056     18.388      0.000
    COG063$1           1.207      0.061     19.904      0.000
    COG064$1           0.717      0.051     14.141      0.000
    COG066$1           0.931      0.054     17.192      0.000

 Variances
    QCHATTOT           1.000      0.000    999.000    999.000
    COG                1.000      0.000    999.000    999.000


STDY Standardization

                                                    Two-Tailed
                    Estimate       S.E.  Est./S.E.    P-Value

 COG      BY
    COG040             0.338      0.057      5.883      0.000
    COG045             0.405      0.041      9.781      0.000
    COG050             0.486      0.041     11.736      0.000
    COG064             0.752      0.029     26.024      0.000
    COG041             0.349      0.045      7.728      0.000
    COG043             0.488      0.052      9.308      0.000
    COG044             0.441      0.058      7.652      0.000
    COG046             0.332      0.043      7.800      0.000
    COG048             0.564      0.054     10.413      0.000
    COG052             0.451      0.041     11.127      0.000
    COG053             0.477      0.038     12.485      0.000
    COG057             0.389      0.049      7.958      0.000
    COG049             0.809      0.031     26.387      0.000
    COG051             0.775      0.041     18.980      0.000
    COG054             0.431      0.042     10.248      0.000
    COG055             0.827      0.036     22.874      0.000
    COG056             0.917      0.015     61.341      0.000
    COG058             0.796      0.022     36.486      0.000
    COG060             0.900      0.015     59.491      0.000
    COG061             0.799      0.025     32.160      0.000
    COG062             0.635      0.041     15.432      0.000
    COG063             0.819      0.031     26.488      0.000
    COG066             0.929      0.019     49.503      0.000

 QCHATTOT WITH
    COG               -0.346      0.034    -10.262      0.000

 Means
    QCHATTOT           0.000      0.040      0.000      1.000

 Thresholds
    COG040$1          -1.140      0.059    -19.376      0.000
    COG041$1          -0.583      0.049    -11.873      0.000
    COG043$1          -1.065      0.057    -18.689      0.000
    COG044$1          -1.214      0.061    -19.954      0.000
    COG045$1          -0.326      0.047     -6.940      0.000
    COG046$1           0.032      0.046      0.699      0.485
    COG048$1          -1.236      0.061    -20.100      0.000
    COG049$1          -1.013      0.056    -18.143      0.000
    COG050$1          -0.603      0.049    -12.231      0.000
    COG051$1          -1.173      0.060    -19.646      0.000
    COG052$1          -0.477      0.048     -9.927      0.000
    COG053$1          -0.428      0.048     -8.983      0.000
    COG054$1          -0.436      0.048     -9.128      0.000
    COG055$1          -1.166      0.060    -19.593      0.000
    COG056$1          -0.148      0.046     -3.199      0.001
    COG057$1           0.900      0.054     16.800      0.000
    COG058$1          -0.165      0.046     -3.567      0.000
    COG060$1           0.284      0.047      6.062      0.000
    COG061$1           0.704      0.050     13.931      0.000
    COG062$1           1.036      0.056     18.388      0.000
    COG063$1           1.207      0.061     19.904      0.000
    COG064$1           0.717      0.051     14.141      0.000
    COG066$1           0.931      0.054     17.192      0.000

 Variances
    QCHATTOT           1.000      0.000    999.000    999.000
    COG                1.000      0.000    999.000    999.000


STD Standardization

                                                    Two-Tailed
                    Estimate       S.E.  Est./S.E.    P-Value

 COG      BY
    COG040             0.338      0.057      5.883      0.000
    COG045             0.405      0.041      9.781      0.000
    COG050             0.486      0.041     11.736      0.000
    COG064             0.752      0.029     26.024      0.000
    COG041             0.349      0.045      7.728      0.000
    COG043             0.488      0.052      9.308      0.000
    COG044             0.441      0.058      7.652      0.000
    COG046             0.332      0.043      7.800      0.000
    COG048             0.564      0.054     10.413      0.000
    COG052             0.451      0.041     11.127      0.000
    COG053             0.477      0.038     12.485      0.000
    COG057             0.389      0.049      7.958      0.000
    COG049             0.809      0.031     26.387      0.000
    COG051             0.775      0.041     18.980      0.000
    COG054             0.431      0.042     10.248      0.000
    COG055             0.827      0.036     22.874      0.000
    COG056             0.917      0.015     61.341      0.000
    COG058             0.796      0.022     36.486      0.000
    COG060             0.900      0.015     59.491      0.000
    COG061             0.799      0.025     32.160      0.000
    COG062             0.635      0.041     15.432      0.000
    COG063             0.819      0.031     26.488      0.000
    COG066             0.929      0.019     49.503      0.000

 QCHATTOT WITH
    COG               -0.346      0.036     -9.578      0.000

 Means
    QCHATTOT           0.000      0.040      0.000      1.000

 Thresholds
    COG040$1          -1.140      0.059    -19.376      0.000
    COG041$1          -0.583      0.049    -11.873      0.000
    COG043$1          -1.065      0.057    -18.689      0.000
    COG044$1          -1.214      0.061    -19.954      0.000
    COG045$1          -0.326      0.047     -6.940      0.000
    COG046$1           0.032      0.046      0.699      0.485
    COG048$1          -1.236      0.061    -20.100      0.000
    COG049$1          -1.013      0.056    -18.143      0.000
    COG050$1          -0.603      0.049    -12.231      0.000
    COG051$1          -1.173      0.060    -19.646      0.000
    COG052$1          -0.477      0.048     -9.927      0.000
    COG053$1          -0.428      0.048     -8.983      0.000
    COG054$1          -0.436      0.048     -9.128      0.000
    COG055$1          -1.166      0.060    -19.593      0.000
    COG056$1          -0.148      0.046     -3.199      0.001
    COG057$1           0.900      0.054     16.800      0.000
    COG058$1          -0.165      0.046     -3.567      0.000
    COG060$1           0.284      0.047      6.062      0.000
    COG061$1           0.704      0.050     13.931      0.000
    COG062$1           1.036      0.056     18.388      0.000
    COG063$1           1.207      0.061     19.904      0.000
    COG064$1           0.717      0.051     14.141      0.000
    COG066$1           0.931      0.054     17.192      0.000

 Variances
    QCHATTOT           1.000      0.045     22.255      0.000
    COG                1.000      0.000    999.000    999.000


R-SQUARE

    Observed                                        Two-Tailed   Residual
    Variable        Estimate       S.E.  Est./S.E.    P-Value    Variance

    COG040             0.114      0.039      2.942      0.003      0.886
    COG041             0.122      0.031      3.864      0.000      0.878
    COG043             0.238      0.051      4.654      0.000      0.762
    COG044             0.194      0.051      3.826      0.000      0.806
    COG045             0.164      0.033      4.890      0.000      0.836
    COG046             0.110      0.028      3.900      0.000      0.890
    COG048             0.318      0.061      5.207      0.000      0.682
    COG049             0.654      0.050     13.193      0.000      0.346
    COG050             0.236      0.040      5.868      0.000      0.764
    COG051             0.600      0.063      9.490      0.000      0.400
    COG052             0.204      0.037      5.564      0.000      0.796
    COG053             0.228      0.036      6.242      0.000      0.772
    COG054             0.186      0.036      5.124      0.000      0.814
    COG055             0.684      0.060     11.437      0.000      0.316
    COG056             0.841      0.027     30.671      0.000      0.159
    COG057             0.151      0.038      3.979      0.000      0.849
    COG058             0.634      0.035     18.243      0.000      0.366
    COG060             0.809      0.027     29.746      0.000      0.191
    COG061             0.639      0.040     16.080      0.000      0.361
    COG062             0.404      0.052      7.716      0.000      0.596
    COG063             0.670      0.051     13.244      0.000      0.330
    COG064             0.565      0.043     13.012      0.000      0.435
    COG066             0.863      0.035     24.752      0.000      0.137


CONFIDENCE INTERVALS OF MODEL RESULTS

                  Lower .5%  Lower 2.5%    Lower 5%    Estimate    Upper 5%  Upper 2.5%   Upper .5%

 COG      BY
    COG040           1.000       1.000       1.000       1.000       1.000       1.000       1.000
    COG045           0.672       0.798       0.862       1.197       1.532       1.596       1.722
    COG050           0.804       0.956       1.033       1.437       1.841       1.919       2.070
    COG064           1.239       1.474       1.595       2.224       2.854       2.974       3.210
    COG041           0.486       0.617       0.683       1.032       1.381       1.447       1.578
    COG043           0.702       0.879       0.969       1.443       1.916       2.007       2.184
    COG044           0.651       0.808       0.887       1.304       1.722       1.801       1.957
    COG046           0.467       0.590       0.653       0.983       1.312       1.375       1.498
    COG048           0.884       1.071       1.167       1.668       2.169       2.265       2.453
    COG052           0.694       0.847       0.926       1.336       1.745       1.824       1.977
    COG053           0.736       0.898       0.980       1.412       1.843       1.926       2.087
    COG057           0.541       0.687       0.761       1.150       1.539       1.613       1.759
    COG049           1.334       1.587       1.717       2.393       3.070       3.200       3.453
    COG051           1.263       1.509       1.635       2.292       2.949       3.075       3.321
    COG054           0.654       0.803       0.879       1.276       1.674       1.750       1.898
    COG055           1.364       1.623       1.756       2.448       3.140       3.272       3.531
    COG056           1.524       1.809       1.954       2.713       3.472       3.617       3.902
    COG058           1.307       1.558       1.686       2.355       3.024       3.153       3.403
    COG060           1.497       1.776       1.918       2.662       3.406       3.548       3.826
    COG061           1.309       1.561       1.691       2.365       3.040       3.169       3.422
    COG062           1.026       1.230       1.335       1.880       2.426       2.530       2.735
    COG063           1.345       1.603       1.734       2.422       3.110       3.241       3.499
    COG066           1.540       1.829       1.977       2.749       3.521       3.669       3.958

 QCHATTOT WITH
    COG             -0.180      -0.165      -0.157      -0.117      -0.076      -0.068      -0.053

 Means
    QCHATTOT        -0.104      -0.079      -0.066       0.000       0.066       0.079       0.104

 Thresholds
    COG040$1        -1.291      -1.255      -1.236      -1.140      -1.043      -1.024      -0.988
    COG041$1        -0.709      -0.679      -0.663      -0.583      -0.502      -0.486      -0.456
    COG043$1        -1.212      -1.177      -1.159      -1.065      -0.971      -0.953      -0.918
    COG044$1        -1.371      -1.334      -1.314      -1.214      -1.114      -1.095      -1.058
    COG045$1        -0.447      -0.418      -0.404      -0.326      -0.249      -0.234      -0.205
    COG046$1        -0.087      -0.058      -0.044       0.032       0.108       0.123       0.151
    COG048$1        -1.394      -1.356      -1.337      -1.236      -1.135      -1.115      -1.077
    COG049$1        -1.156      -1.122      -1.104      -1.013      -0.921      -0.903      -0.869
    COG050$1        -0.730      -0.699      -0.684      -0.603      -0.522      -0.506      -0.476
    COG051$1        -1.327      -1.290      -1.271      -1.173      -1.075      -1.056      -1.019
    COG052$1        -0.601      -0.571      -0.556      -0.477      -0.398      -0.383      -0.353
    COG053$1        -0.551      -0.522      -0.507      -0.428      -0.350      -0.335      -0.305
    COG054$1        -0.559      -0.529      -0.514      -0.436      -0.357      -0.342      -0.313
    COG055$1        -1.319      -1.283      -1.264      -1.166      -1.068      -1.049      -1.013
    COG056$1        -0.267      -0.239      -0.224      -0.148      -0.072      -0.057      -0.029
    COG057$1         0.762       0.795       0.812       0.900       0.988       1.005       1.038
    COG058$1        -0.285      -0.256      -0.241      -0.165      -0.089      -0.074      -0.046
    COG060$1         0.163       0.192       0.207       0.284       0.361       0.375       0.404
    COG061$1         0.573       0.605       0.620       0.704       0.787       0.802       0.834
    COG062$1         0.891       0.925       0.943       1.036       1.128       1.146       1.181
    COG063$1         1.051       1.088       1.107       1.207       1.307       1.326       1.363
    COG064$1         0.586       0.617       0.633       0.717       0.800       0.816       0.847
    COG066$1         0.792       0.825       0.842       0.931       1.020       1.037       1.071

 Variances
    QCHATTOT         0.884       0.912       0.926       1.000       1.074       1.088       1.116
    COG              0.014       0.038       0.050       0.114       0.178       0.190       0.214


CONFIDENCE INTERVALS OF STANDARDIZED MODEL RESULTS


STDYX Standardization

                  Lower .5%  Lower 2.5%    Lower 5%    Estimate    Upper 5%  Upper 2.5%   Upper .5%

 COG      BY
    COG040           0.190       0.225       0.243       0.338       0.432       0.451       0.486
    COG045           0.298       0.323       0.337       0.405       0.473       0.486       0.511
    COG050           0.379       0.405       0.418       0.486       0.554       0.567       0.592
    COG064           0.677       0.695       0.704       0.752       0.799       0.808       0.826
    COG041           0.233       0.260       0.275       0.349       0.423       0.437       0.465
    COG043           0.353       0.385       0.401       0.488       0.574       0.590       0.623
    COG044           0.292       0.328       0.346       0.441       0.536       0.554       0.589
    COG046           0.222       0.249       0.262       0.332       0.402       0.416       0.442
    COG048           0.424       0.458       0.475       0.564       0.653       0.670       0.703
    COG052           0.347       0.372       0.385       0.451       0.518       0.531       0.556
    COG053           0.379       0.402       0.414       0.477       0.540       0.552       0.576
    COG057           0.263       0.293       0.308       0.389       0.469       0.484       0.514
    COG049           0.730       0.749       0.758       0.809       0.859       0.869       0.888
    COG051           0.670       0.695       0.708       0.775       0.842       0.855       0.880
    COG054           0.323       0.349       0.362       0.431       0.501       0.514       0.540
    COG055           0.734       0.756       0.768       0.827       0.887       0.898       0.920
    COG056           0.878       0.888       0.892       0.917       0.942       0.946       0.955
    COG058           0.740       0.753       0.760       0.796       0.832       0.839       0.852
    COG060           0.861       0.870       0.875       0.900       0.925       0.929       0.939
    COG061           0.735       0.751       0.759       0.799       0.840       0.848       0.863
    COG062           0.529       0.555       0.568       0.635       0.703       0.716       0.742
    COG063           0.739       0.758       0.768       0.819       0.869       0.879       0.898
    COG066           0.881       0.892       0.898       0.929       0.960       0.966       0.977

 QCHATTOT WITH
    COG             -0.432      -0.412      -0.401      -0.346      -0.290      -0.280      -0.259

 Means
    QCHATTOT        -0.104      -0.079      -0.066       0.000       0.066       0.079       0.104

 Thresholds
    COG040$1        -1.291      -1.255      -1.236      -1.140      -1.043      -1.024      -0.988
    COG041$1        -0.709      -0.679      -0.663      -0.583      -0.502      -0.486      -0.456
    COG043$1        -1.212      -1.177      -1.159      -1.065      -0.971      -0.953      -0.918
    COG044$1        -1.371      -1.334      -1.314      -1.214      -1.114      -1.095      -1.058
    COG045$1        -0.447      -0.418      -0.404      -0.326      -0.249      -0.234      -0.205
    COG046$1        -0.087      -0.058      -0.044       0.032       0.108       0.123       0.151
    COG048$1        -1.394      -1.356      -1.337      -1.236      -1.135      -1.115      -1.077
    COG049$1        -1.156      -1.122      -1.104      -1.013      -0.921      -0.903      -0.869
    COG050$1        -0.730      -0.699      -0.684      -0.603      -0.522      -0.506      -0.476
    COG051$1        -1.327      -1.290      -1.271      -1.173      -1.075      -1.056      -1.019
    COG052$1        -0.601      -0.571      -0.556      -0.477      -0.398      -0.383      -0.353
    COG053$1        -0.551      -0.522      -0.507      -0.428      -0.350      -0.335      -0.305
    COG054$1        -0.559      -0.529      -0.514      -0.436      -0.357      -0.342      -0.313
    COG055$1        -1.319      -1.283      -1.264      -1.166      -1.068      -1.049      -1.013
    COG056$1        -0.267      -0.239      -0.224      -0.148      -0.072      -0.057      -0.029
    COG057$1         0.762       0.795       0.812       0.900       0.988       1.005       1.038
    COG058$1        -0.285      -0.256      -0.241      -0.165      -0.089      -0.074      -0.046
    COG060$1         0.163       0.192       0.207       0.284       0.361       0.375       0.404
    COG061$1         0.573       0.605       0.620       0.704       0.787       0.802       0.834
    COG062$1         0.891       0.925       0.943       1.036       1.128       1.146       1.181
    COG063$1         1.051       1.088       1.107       1.207       1.307       1.326       1.363
    COG064$1         0.586       0.617       0.633       0.717       0.800       0.816       0.847
    COG066$1         0.792       0.825       0.842       0.931       1.020       1.037       1.071

 Variances
    QCHATTOT         1.000       1.000       1.000       1.000       1.000       1.000       1.000
    COG              1.000       1.000       1.000       1.000       1.000       1.000       1.000


STDY Standardization

                  Lower .5%  Lower 2.5%    Lower 5%    Estimate    Upper 5%  Upper 2.5%   Upper .5%

 COG      BY
    COG040           0.190       0.225       0.243       0.338       0.432       0.451       0.486
    COG045           0.298       0.323       0.337       0.405       0.473       0.486       0.511
    COG050           0.379       0.405       0.418       0.486       0.554       0.567       0.592
    COG064           0.677       0.695       0.704       0.752       0.799       0.808       0.826
    COG041           0.233       0.260       0.275       0.349       0.423       0.437       0.465
    COG043           0.353       0.385       0.401       0.488       0.574       0.590       0.623
    COG044           0.292       0.328       0.346       0.441       0.536       0.554       0.589
    COG046           0.222       0.249       0.262       0.332       0.402       0.416       0.442
    COG048           0.424       0.458       0.475       0.564       0.653       0.670       0.703
    COG052           0.347       0.372       0.385       0.451       0.518       0.531       0.556
    COG053           0.379       0.402       0.414       0.477       0.540       0.552       0.576
    COG057           0.263       0.293       0.308       0.389       0.469       0.484       0.514
    COG049           0.730       0.749       0.758       0.809       0.859       0.869       0.888
    COG051           0.670       0.695       0.708       0.775       0.842       0.855       0.880
    COG054           0.323       0.349       0.362       0.431       0.501       0.514       0.540
    COG055           0.734       0.756       0.768       0.827       0.887       0.898       0.920
    COG056           0.878       0.888       0.892       0.917       0.942       0.946       0.955
    COG058           0.740       0.753       0.760       0.796       0.832       0.839       0.852
    COG060           0.861       0.870       0.875       0.900       0.925       0.929       0.939
    COG061           0.735       0.751       0.759       0.799       0.840       0.848       0.863
    COG062           0.529       0.555       0.568       0.635       0.703       0.716       0.742
    COG063           0.739       0.758       0.768       0.819       0.869       0.879       0.898
    COG066           0.881       0.892       0.898       0.929       0.960       0.966       0.977

 QCHATTOT WITH
    COG             -0.432      -0.412      -0.401      -0.346      -0.290      -0.280      -0.259

 Means
    QCHATTOT        -0.104      -0.079      -0.066       0.000       0.066       0.079       0.104

 Thresholds
    COG040$1        -1.291      -1.255      -1.236      -1.140      -1.043      -1.024      -0.988
    COG041$1        -0.709      -0.679      -0.663      -0.583      -0.502      -0.486      -0.456
    COG043$1        -1.212      -1.177      -1.159      -1.065      -0.971      -0.953      -0.918
    COG044$1        -1.371      -1.334      -1.314      -1.214      -1.114      -1.095      -1.058
    COG045$1        -0.447      -0.418      -0.404      -0.326      -0.249      -0.234      -0.205
    COG046$1        -0.087      -0.058      -0.044       0.032       0.108       0.123       0.151
    COG048$1        -1.394      -1.356      -1.337      -1.236      -1.135      -1.115      -1.077
    COG049$1        -1.156      -1.122      -1.104      -1.013      -0.921      -0.903      -0.869
    COG050$1        -0.730      -0.699      -0.684      -0.603      -0.522      -0.506      -0.476
    COG051$1        -1.327      -1.290      -1.271      -1.173      -1.075      -1.056      -1.019
    COG052$1        -0.601      -0.571      -0.556      -0.477      -0.398      -0.383      -0.353
    COG053$1        -0.551      -0.522      -0.507      -0.428      -0.350      -0.335      -0.305
    COG054$1        -0.559      -0.529      -0.514      -0.436      -0.357      -0.342      -0.313
    COG055$1        -1.319      -1.283      -1.264      -1.166      -1.068      -1.049      -1.013
    COG056$1        -0.267      -0.239      -0.224      -0.148      -0.072      -0.057      -0.029
    COG057$1         0.762       0.795       0.812       0.900       0.988       1.005       1.038
    COG058$1        -0.285      -0.256      -0.241      -0.165      -0.089      -0.074      -0.046
    COG060$1         0.163       0.192       0.207       0.284       0.361       0.375       0.404
    COG061$1         0.573       0.605       0.620       0.704       0.787       0.802       0.834
    COG062$1         0.891       0.925       0.943       1.036       1.128       1.146       1.181
    COG063$1         1.051       1.088       1.107       1.207       1.307       1.326       1.363
    COG064$1         0.586       0.617       0.633       0.717       0.800       0.816       0.847
    COG066$1         0.792       0.825       0.842       0.931       1.020       1.037       1.071

 Variances
    QCHATTOT         1.000       1.000       1.000       1.000       1.000       1.000       1.000
    COG              1.000       1.000       1.000       1.000       1.000       1.000       1.000


STD Standardization

                  Lower .5%  Lower 2.5%    Lower 5%    Estimate    Upper 5%  Upper 2.5%   Upper .5%

 COG      BY
    COG040           0.190       0.225       0.243       0.338       0.432       0.451       0.486
    COG045           0.298       0.323       0.337       0.405       0.473       0.486       0.511
    COG050           0.379       0.405       0.418       0.486       0.554       0.567       0.592
    COG064           0.677       0.695       0.704       0.752       0.799       0.808       0.826
    COG041           0.233       0.260       0.275       0.349       0.423       0.437       0.465
    COG043           0.353       0.385       0.401       0.488       0.574       0.590       0.623
    COG044           0.292       0.328       0.346       0.441       0.536       0.554       0.589
    COG046           0.222       0.249       0.262       0.332       0.402       0.416       0.442
    COG048           0.424       0.458       0.475       0.564       0.653       0.670       0.703
    COG052           0.347       0.372       0.385       0.451       0.518       0.531       0.556
    COG053           0.379       0.402       0.414       0.477       0.540       0.552       0.576
    COG057           0.263       0.293       0.308       0.389       0.469       0.484       0.514
    COG049           0.730       0.749       0.758       0.809       0.859       0.869       0.888
    COG051           0.670       0.695       0.708       0.775       0.842       0.855       0.880
    COG054           0.323       0.349       0.362       0.431       0.501       0.514       0.540
    COG055           0.734       0.756       0.768       0.827       0.887       0.898       0.920
    COG056           0.878       0.888       0.892       0.917       0.942       0.946       0.955
    COG058           0.740       0.753       0.760       0.796       0.832       0.839       0.852
    COG060           0.861       0.870       0.875       0.900       0.925       0.929       0.939
    COG061           0.735       0.751       0.759       0.799       0.840       0.848       0.863
    COG062           0.529       0.555       0.568       0.635       0.703       0.716       0.742
    COG063           0.739       0.758       0.768       0.819       0.869       0.879       0.898
    COG066           0.881       0.892       0.898       0.929       0.960       0.966       0.977

 QCHATTOT WITH
    COG             -0.439      -0.416      -0.405      -0.346      -0.286      -0.275      -0.253

 Means
    QCHATTOT        -0.104      -0.079      -0.066       0.000       0.066       0.079       0.104

 Thresholds
    COG040$1        -1.291      -1.255      -1.236      -1.140      -1.043      -1.024      -0.988
    COG041$1        -0.709      -0.679      -0.663      -0.583      -0.502      -0.486      -0.456
    COG043$1        -1.212      -1.177      -1.159      -1.065      -0.971      -0.953      -0.918
    COG044$1        -1.371      -1.334      -1.314      -1.214      -1.114      -1.095      -1.058
    COG045$1        -0.447      -0.418      -0.404      -0.326      -0.249      -0.234      -0.205
    COG046$1        -0.087      -0.058      -0.044       0.032       0.108       0.123       0.151
    COG048$1        -1.394      -1.356      -1.337      -1.236      -1.135      -1.115      -1.077
    COG049$1        -1.156      -1.122      -1.104      -1.013      -0.921      -0.903      -0.869
    COG050$1        -0.730      -0.699      -0.684      -0.603      -0.522      -0.506      -0.476
    COG051$1        -1.327      -1.290      -1.271      -1.173      -1.075      -1.056      -1.019
    COG052$1        -0.601      -0.571      -0.556      -0.477      -0.398      -0.383      -0.353
    COG053$1        -0.551      -0.522      -0.507      -0.428      -0.350      -0.335      -0.305
    COG054$1        -0.559      -0.529      -0.514      -0.436      -0.357      -0.342      -0.313
    COG055$1        -1.319      -1.283      -1.264      -1.166      -1.068      -1.049      -1.013
    COG056$1        -0.267      -0.239      -0.224      -0.148      -0.072      -0.057      -0.029
    COG057$1         0.762       0.795       0.812       0.900       0.988       1.005       1.038
    COG058$1        -0.285      -0.256      -0.241      -0.165      -0.089      -0.074      -0.046
    COG060$1         0.163       0.192       0.207       0.284       0.361       0.375       0.404
    COG061$1         0.573       0.605       0.620       0.704       0.787       0.802       0.834
    COG062$1         0.891       0.925       0.943       1.036       1.128       1.146       1.181
    COG063$1         1.051       1.088       1.107       1.207       1.307       1.326       1.363
    COG064$1         0.586       0.617       0.633       0.717       0.800       0.816       0.847
    COG066$1         0.792       0.825       0.842       0.931       1.020       1.037       1.071

 Variances
    QCHATTOT         0.884       0.912       0.926       1.000       1.074       1.088       1.116
    COG              1.000       1.000       1.000       1.000       1.000       1.000       1.000


RESIDUAL OUTPUT


     ESTIMATED MODEL AND RESIDUALS (OBSERVED - ESTIMATED)


           Model Estimated Means/Intercepts/Thresholds
              COG040$1      COG041$1      COG043$1      COG044$1      COG045$1
              ________      ________      ________      ________      ________
               -1.140        -0.583        -1.065        -1.214        -0.326


           Model Estimated Means/Intercepts/Thresholds
              COG046$1      COG048$1      COG049$1      COG050$1      COG051$1
              ________      ________      ________      ________      ________
                0.032        -1.236        -1.013        -0.603        -1.173


           Model Estimated Means/Intercepts/Thresholds
              COG052$1      COG053$1      COG054$1      COG055$1      COG056$1
              ________      ________      ________      ________      ________
               -0.477        -0.428        -0.436        -1.166        -0.148


           Model Estimated Means/Intercepts/Thresholds
              COG057$1      COG058$1      COG060$1      COG061$1      COG062$1
              ________      ________      ________      ________      ________
                0.900        -0.165         0.284         0.704         1.036


           Model Estimated Means/Intercepts/Thresholds
              COG063$1      COG064$1      COG066$1      QCHATTOT
              ________      ________      ________      ________
                1.207         0.717         0.931         0.000


           Residuals for Means/Intercepts/Thresholds
              COG040$1      COG041$1      COG043$1      COG044$1      COG045$1
              ________      ________      ________      ________      ________
                0.000         0.000         0.000         0.000         0.000


           Residuals for Means/Intercepts/Thresholds
              COG046$1      COG048$1      COG049$1      COG050$1      COG051$1
              ________      ________      ________      ________      ________
                0.000         0.000         0.000         0.000         0.000


           Residuals for Means/Intercepts/Thresholds
              COG052$1      COG053$1      COG054$1      COG055$1      COG056$1
              ________      ________      ________      ________      ________
                0.000         0.000         0.000         0.000         0.000


           Residuals for Means/Intercepts/Thresholds
              COG057$1      COG058$1      COG060$1      COG061$1      COG062$1
              ________      ________      ________      ________      ________
                0.000         0.000         0.000         0.000         0.000


           Residuals for Means/Intercepts/Thresholds
              COG063$1      COG064$1      COG066$1      QCHATTOT
              ________      ________      ________      ________
                0.000         0.000         0.000         0.000


           Model Estimated Covariances/Correlations/Residual Correlations
              COG040        COG041        COG043        COG044        COG045
              ________      ________      ________      ________      ________
 COG040
 COG041         0.118
 COG043         0.165         0.170
 COG044         0.149         0.154         0.215
 COG045         0.137         0.141         0.197         0.178
 COG046         0.112         0.116         0.162         0.146         0.134
 COG048         0.191         0.197         0.275         0.249         0.228
 COG049         0.273         0.282         0.394         0.357         0.327
 COG050         0.164         0.169         0.237         0.214         0.197
 COG051         0.262         0.270         0.378         0.342         0.313
 COG052         0.153         0.157         0.220         0.199         0.183
 COG053         0.161         0.166         0.233         0.210         0.193
 COG054         0.146         0.150         0.210         0.190         0.175
 COG055         0.280         0.289         0.403         0.365         0.335
 COG056         0.310         0.320         0.447         0.404         0.371
 COG057         0.131         0.136         0.190         0.171         0.157
 COG058         0.269         0.278         0.388         0.351         0.322
 COG060         0.304         0.314         0.439         0.397         0.364
 COG061         0.270         0.279         0.390         0.352         0.323
 COG062         0.215         0.222         0.310         0.280         0.257
 COG063         0.277         0.286         0.399         0.361         0.331
 COG064         0.254         0.262         0.367         0.331         0.304
 COG066         0.314         0.324         0.453         0.410         0.376
 QCHATTOT      -0.117        -0.121        -0.169        -0.152        -0.140


           Model Estimated Covariances/Correlations/Residual Correlations
              COG046        COG048        COG049        COG050        COG051
              ________      ________      ________      ________      ________
 COG048         0.187
 COG049         0.269         0.456
 COG050         0.161         0.274         0.393
 COG051         0.257         0.437         0.627         0.376
 COG052         0.150         0.255         0.365         0.219         0.350
 COG053         0.158         0.269         0.386         0.232         0.370
 COG054         0.143         0.243         0.349         0.210         0.334
 COG055         0.275         0.466         0.669         0.402         0.641
 COG056         0.304         0.517         0.742         0.445         0.710
 COG057         0.129         0.219         0.314         0.189         0.301
 COG058         0.264         0.449         0.644         0.387         0.617
 COG060         0.299         0.507         0.728         0.437         0.697
 COG061         0.265         0.451         0.647         0.388         0.619
 COG062         0.211         0.358         0.514         0.309         0.492
 COG063         0.272         0.462         0.662         0.398         0.634
 COG064         0.250         0.424         0.608         0.365         0.582
 COG066         0.308         0.524         0.751         0.451         0.720
 QCHATTOT      -0.115        -0.195        -0.280        -0.168        -0.268


           Model Estimated Covariances/Correlations/Residual Correlations
              COG052        COG053        COG054        COG055        COG056
              ________      ________      ________      ________      ________
 COG053         0.215
 COG054         0.195         0.206
 COG055         0.373         0.395         0.357
 COG056         0.414         0.437         0.396         0.759
 COG057         0.175         0.185         0.168         0.322         0.356
 COG058         0.359         0.380         0.343         0.658         0.730
 COG060         0.406         0.429         0.388         0.744         0.825
 COG061         0.361         0.381         0.345         0.661         0.733
 COG062         0.287         0.303         0.274         0.526         0.583
 COG063         0.370         0.391         0.353         0.677         0.751
 COG064         0.339         0.359         0.324         0.622         0.689
 COG066         0.419         0.443         0.401         0.769         0.852
 QCHATTOT      -0.156        -0.165        -0.149        -0.286        -0.317


           Model Estimated Covariances/Correlations/Residual Correlations
              COG057        COG058        COG060        COG061        COG062
              ________      ________      ________      ________      ________
 COG058         0.309
 COG060         0.350         0.716
 COG061         0.311         0.636         0.719
 COG062         0.247         0.506         0.572         0.508
 COG063         0.318         0.652         0.736         0.654         0.520
 COG064         0.292         0.598         0.676         0.601         0.478
 COG066         0.361         0.739         0.836         0.743         0.590
 QCHATTOT      -0.134        -0.275        -0.311        -0.276        -0.220


           Model Estimated Covariances/Correlations/Residual Correlations
              COG063        COG064        COG066        QCHATTOT
              ________      ________      ________      ________
 COG064         0.615
 COG066         0.760         0.698
 QCHATTOT      -0.283        -0.260        -0.321         1.000


           Model Estimated Correlations/Residual Correlations
              COG040        COG041        COG043        COG044        COG045
              ________      ________      ________      ________      ________
 COG040
 COG041         0.118
 COG043         0.165         0.170
 COG044         0.149         0.154         0.215
 COG045         0.137         0.141         0.197         0.178
 COG046         0.112         0.116         0.162         0.146         0.134
 COG048         0.191         0.197         0.275         0.249         0.228
 COG049         0.273         0.282         0.394         0.357         0.327
 COG050         0.164         0.169         0.237         0.214         0.197
 COG051         0.262         0.270         0.378         0.342         0.313
 COG052         0.153         0.157         0.220         0.199         0.183
 COG053         0.161         0.166         0.233         0.210         0.193
 COG054         0.146         0.150         0.210         0.190         0.175
 COG055         0.280         0.289         0.403         0.365         0.335
 COG056         0.310         0.320         0.447         0.404         0.371
 COG057         0.131         0.136         0.190         0.171         0.157
 COG058         0.269         0.278         0.388         0.351         0.322
 COG060         0.304         0.314         0.439         0.397         0.364
 COG061         0.270         0.279         0.390         0.352         0.323
 COG062         0.215         0.222         0.310         0.280         0.257
 COG063         0.277         0.286         0.399         0.361         0.331
 COG064         0.254         0.262         0.367         0.331         0.304
 COG066         0.314         0.324         0.453         0.410         0.376
 QCHATTOT      -0.117        -0.121        -0.169        -0.152        -0.140


           Model Estimated Correlations/Residual Correlations
              COG046        COG048        COG049        COG050        COG051
              ________      ________      ________      ________      ________
 COG048         0.187
 COG049         0.269         0.456
 COG050         0.161         0.274         0.393
 COG051         0.257         0.437         0.627         0.376
 COG052         0.150         0.255         0.365         0.219         0.350
 COG053         0.158         0.269         0.386         0.232         0.370
 COG054         0.143         0.243         0.349         0.210         0.334
 COG055         0.275         0.466         0.669         0.402         0.641
 COG056         0.304         0.517         0.742         0.445         0.710
 COG057         0.129         0.219         0.314         0.189         0.301
 COG058         0.264         0.449         0.644         0.387         0.617
 COG060         0.299         0.507         0.728         0.437         0.697
 COG061         0.265         0.451         0.647         0.388         0.619
 COG062         0.211         0.358         0.514         0.309         0.492
 COG063         0.272         0.462         0.662         0.398         0.634
 COG064         0.250         0.424         0.608         0.365         0.582
 COG066         0.308         0.524         0.751         0.451         0.720
 QCHATTOT      -0.115        -0.195        -0.280        -0.168        -0.268


           Model Estimated Correlations/Residual Correlations
              COG052        COG053        COG054        COG055        COG056
              ________      ________      ________      ________      ________
 COG053         0.215
 COG054         0.195         0.206
 COG055         0.373         0.395         0.357
 COG056         0.414         0.437         0.396         0.759
 COG057         0.175         0.185         0.168         0.322         0.356
 COG058         0.359         0.380         0.343         0.658         0.730
 COG060         0.406         0.429         0.388         0.744         0.825
 COG061         0.361         0.381         0.345         0.661         0.733
 COG062         0.287         0.303         0.274         0.526         0.583
 COG063         0.370         0.391         0.353         0.677         0.751
 COG064         0.339         0.359         0.324         0.622         0.689
 COG066         0.419         0.443         0.401         0.769         0.852
 QCHATTOT      -0.156        -0.165        -0.149        -0.286        -0.317


           Model Estimated Correlations/Residual Correlations
              COG057        COG058        COG060        COG061        COG062
              ________      ________      ________      ________      ________
 COG058         0.309
 COG060         0.350         0.716
 COG061         0.311         0.636         0.719
 COG062         0.247         0.506         0.572         0.508
 COG063         0.318         0.652         0.736         0.654         0.520
 COG064         0.292         0.598         0.676         0.601         0.478
 COG066         0.361         0.739         0.836         0.743         0.590
 QCHATTOT      -0.134        -0.275        -0.311        -0.276        -0.220


           Model Estimated Correlations/Residual Correlations
              COG063        COG064        COG066        QCHATTOT
              ________      ________      ________      ________
 COG064         0.615
 COG066         0.760         0.698
 QCHATTOT      -0.283        -0.260        -0.321         1.000


           Residuals for Covariances/Correlations/Residual Correlations
              COG040        COG041        COG043        COG044        COG045
              ________      ________      ________      ________      ________
 COG040
 COG041        -0.030
 COG043        -0.069         0.051
 COG044         0.191         0.164         0.076
 COG045         0.398         0.076         0.068         0.126
 COG046         0.081         0.064        -0.002         0.095         0.079
 COG048        -0.068         0.016        -0.014         0.109        -0.074
 COG049         0.034        -0.094        -0.085        -0.055        -0.012
 COG050         0.323         0.077         0.074         0.115         0.376
 COG051         0.003         0.023        -0.094        -0.003         0.021
 COG052        -0.025         0.044         0.352         0.073         0.023
 COG053        -0.081        -0.006        -0.081         0.119         0.038
 COG054         0.023         0.016         0.109         0.040         0.017
 COG055        -0.093         0.031         0.034        -0.030        -0.073
 COG056        -0.075        -0.152        -0.162        -0.081        -0.124
 COG057        -0.047         0.180        -0.083        -0.109        -0.053
 COG058        -0.136        -0.085        -0.121        -0.105        -0.084
 COG060        -0.102        -0.065        -0.087        -0.075        -0.066
 COG061        -0.214        -0.022         0.012        -0.125        -0.169
 COG062         0.015         0.130         0.137        -0.050         0.057
 COG063        -0.096         0.037        -0.135        -0.117        -0.152
 COG064         0.070         0.014         0.029        -0.019        -0.004
 COG066        -0.163         0.009        -0.055        -0.038        -0.141
 QCHATTOT      -0.112         0.017        -0.136        -0.064        -0.046


           Residuals for Covariances/Correlations/Residual Correlations
              COG046        COG048        COG049        COG050        COG051
              ________      ________      ________      ________      ________
 COG048         0.033
 COG049        -0.040        -0.252
 COG050        -0.035        -0.012         0.007
 COG051        -0.029        -0.083         0.059         0.026
 COG052        -0.150        -0.012        -0.089         0.054        -0.006
 COG053        -0.025         0.640        -0.198         0.010        -0.104
 COG054        -0.056        -0.025        -0.100         0.080         0.001
 COG055        -0.006        -0.141        -0.042         0.009         0.072
 COG056        -0.076        -0.431         0.163        -0.135         0.013
 COG057        -0.005        -0.046        -0.042        -0.076        -0.056
 COG058        -0.039        -0.298        -0.080        -0.111         0.281
 COG060        -0.043        -0.329        -0.017        -0.085        -0.015
 COG061         0.018        -0.372        -0.157        -0.072        -0.085
 COG062         0.150        -0.221        -0.045        -0.055        -0.026
 COG063         0.030        -0.332        -0.112        -0.026        -0.237
 COG064        -0.001        -0.053        -0.185        -0.042        -0.100
 COG066         0.078        -0.294        -0.054        -0.149        -0.068
 QCHATTOT      -0.052        -0.107         0.000        -0.037        -0.011


           Residuals for Covariances/Correlations/Residual Correlations
              COG052        COG053        COG054        COG055        COG056
              ________      ________      ________      ________      ________
 COG053         0.045
 COG054         0.185         0.005
 COG055         0.101        -0.088         0.048
 COG056        -0.133        -0.269        -0.173        -0.070
 COG057         0.035        -0.050         0.084         0.138        -0.108
 COG058        -0.128        -0.298        -0.033         0.074         0.061
 COG060        -0.087        -0.274        -0.043        -0.126         0.074
 COG061        -0.007        -0.241        -0.005         0.001        -0.092
 COG062        -0.003        -0.136        -0.077         0.098        -0.122
 COG063        -0.023        -0.184        -0.060        -0.105        -0.101
 COG064         0.033         0.003         0.115         0.036        -0.056
 COG066        -0.100        -0.242         0.031        -0.115        -0.047
 QCHATTOT      -0.056        -0.145        -0.030        -0.100         0.109


           Residuals for Covariances/Correlations/Residual Correlations
              COG057        COG058        COG060        COG061        COG062
              ________      ________      ________      ________      ________
 COG058         0.022
 COG060        -0.018         0.084
 COG061         0.081        -0.027        -0.072
 COG062         0.033        -0.003        -0.068         0.055
 COG063         0.026        -0.008        -0.035         0.184         0.016
 COG064         0.044        -0.008        -0.040         0.014         0.043
 COG066        -0.033         0.146         0.003         0.080         0.089
 QCHATTOT      -0.042         0.044         0.122         0.129         0.072


           Residuals for Covariances/Correlations/Residual Correlations
              COG063        COG064        COG066        QCHATTOT
              ________      ________      ________      ________
 COG064         0.005
 COG066        -0.006         0.058
 QCHATTOT       0.150        -0.073         0.166         0.000


           Residuals for Correlations/Residual Correlations
              COG040        COG041        COG043        COG044        COG045
              ________      ________      ________      ________      ________
 COG040
 COG041        -0.030
 COG043        -0.069         0.051
 COG044         0.191         0.164         0.076
 COG045         0.398         0.076         0.068         0.126
 COG046         0.081         0.064        -0.002         0.095         0.079
 COG048        -0.068         0.016        -0.014         0.109        -0.074
 COG049         0.034        -0.094        -0.085        -0.055        -0.012
 COG050         0.323         0.077         0.074         0.115         0.376
 COG051         0.003         0.023        -0.094        -0.003         0.021
 COG052        -0.025         0.044         0.352         0.073         0.023
 COG053        -0.081        -0.006        -0.081         0.119         0.038
 COG054         0.023         0.016         0.109         0.040         0.017
 COG055        -0.093         0.031         0.034        -0.030        -0.073
 COG056        -0.075        -0.152        -0.162        -0.081        -0.124
 COG057        -0.047         0.180        -0.083        -0.109        -0.053
 COG058        -0.136        -0.085        -0.121        -0.105        -0.084
 COG060        -0.102        -0.065        -0.087        -0.075        -0.066
 COG061        -0.214        -0.022         0.012        -0.125        -0.169
 COG062         0.015         0.130         0.137        -0.050         0.057
 COG063        -0.096         0.037        -0.135        -0.117        -0.152
 COG064         0.070         0.014         0.029        -0.019        -0.004
 COG066        -0.163         0.009        -0.055        -0.038        -0.141
 QCHATTOT      -0.112         0.017        -0.136        -0.064        -0.046


           Residuals for Correlations/Residual Correlations
              COG046        COG048        COG049        COG050        COG051
              ________      ________      ________      ________      ________
 COG048         0.033
 COG049        -0.040        -0.252
 COG050        -0.035        -0.012         0.007
 COG051        -0.029        -0.083         0.059         0.026
 COG052        -0.150        -0.012        -0.089         0.054        -0.006
 COG053        -0.025         0.640        -0.198         0.010        -0.104
 COG054        -0.056        -0.025        -0.100         0.080         0.001
 COG055        -0.006        -0.141        -0.042         0.009         0.072
 COG056        -0.076        -0.431         0.163        -0.135         0.013
 COG057        -0.005        -0.046        -0.042        -0.076        -0.056
 COG058        -0.039        -0.298        -0.080        -0.111         0.281
 COG060        -0.043        -0.329        -0.017        -0.085        -0.015
 COG061         0.018        -0.372        -0.157        -0.072        -0.085
 COG062         0.150        -0.221        -0.045        -0.055        -0.026
 COG063         0.030        -0.332        -0.112        -0.026        -0.237
 COG064        -0.001        -0.053        -0.185        -0.042        -0.100
 COG066         0.078        -0.294        -0.054        -0.149        -0.068
 QCHATTOT      -0.052        -0.107         0.000        -0.037        -0.011


           Residuals for Correlations/Residual Correlations
              COG052        COG053        COG054        COG055        COG056
              ________      ________      ________      ________      ________
 COG053         0.045
 COG054         0.185         0.005
 COG055         0.101        -0.088         0.048
 COG056        -0.133        -0.269        -0.173        -0.070
 COG057         0.035        -0.050         0.084         0.138        -0.108
 COG058        -0.128        -0.298        -0.033         0.074         0.061
 COG060        -0.087        -0.274        -0.043        -0.126         0.074
 COG061        -0.007        -0.241        -0.005         0.001        -0.092
 COG062        -0.003        -0.136        -0.077         0.098        -0.122
 COG063        -0.023        -0.184        -0.060        -0.105        -0.101
 COG064         0.033         0.003         0.115         0.036        -0.056
 COG066        -0.100        -0.242         0.031        -0.115        -0.047
 QCHATTOT      -0.056        -0.145        -0.030        -0.100         0.109


           Residuals for Correlations/Residual Correlations
              COG057        COG058        COG060        COG061        COG062
              ________      ________      ________      ________      ________
 COG058         0.022
 COG060        -0.018         0.084
 COG061         0.081        -0.027        -0.072
 COG062         0.033        -0.003        -0.068         0.055
 COG063         0.026        -0.008        -0.035         0.184         0.016
 COG064         0.044        -0.008        -0.040         0.014         0.043
 COG066        -0.033         0.146         0.003         0.080         0.089
 QCHATTOT      -0.042         0.044         0.122         0.129         0.072


           Residuals for Correlations/Residual Correlations
              COG063        COG064        COG066        QCHATTOT
              ________      ________      ________      ________
 COG064         0.005
 COG066        -0.006         0.058
 QCHATTOT       0.150        -0.073         0.166         0.000


     UNIVARIATE PROPORTIONS FOR CATEGORICAL VARIABLES

     Variable          Observed      Estimated      Residual (Obs.-Est.)    Stand. Residual
     COG040
       Category  1       0.127          0.127                  0.000                0.000
       Category  2       0.873          0.873                  0.000                0.000
     COG041
       Category  1       0.280          0.280                  0.000                0.000
       Category  2       0.720          0.720                  0.000                0.000
     COG043
       Category  1       0.143          0.143                  0.000                0.000
       Category  2       0.857          0.857                  0.000                0.000
     COG044
       Category  1       0.112          0.112                  0.000                0.000
       Category  2       0.888          0.888                  0.000                0.000
     COG045
       Category  1       0.372          0.372                  0.000                0.000
       Category  2       0.628          0.628                  0.000                0.000
     COG046
       Category  1       0.513          0.513                  0.000                0.000
       Category  2       0.487          0.487                  0.000                0.000
     COG048
       Category  1       0.108          0.108                  0.000                0.000
       Category  2       0.892          0.892                  0.000                0.000
     COG049
       Category  1       0.156          0.156                  0.000                0.000
       Category  2       0.844          0.844                  0.000                0.000
     COG050
       Category  1       0.273          0.273                  0.000                0.000
       Category  2       0.727          0.727                  0.000                0.000
     COG051
       Category  1       0.120          0.120                  0.000                0.000
       Category  2       0.880          0.880                  0.000                0.000
     COG052
       Category  1       0.317          0.317                  0.000                0.000
       Category  2       0.683          0.683                  0.000                0.000
     COG053
       Category  1       0.334          0.334                  0.000                0.000
       Category  2       0.666          0.666                  0.000                0.000
     COG054
       Category  1       0.332          0.332                  0.000                0.000
       Category  2       0.668          0.668                  0.000                0.000
     COG055
       Category  1       0.122          0.122                  0.000                0.000
       Category  2       0.878          0.878                  0.000                0.000
     COG056
       Category  1       0.441          0.441                  0.000                0.000
       Category  2       0.559          0.559                  0.000                0.000
     COG057
       Category  1       0.816          0.816                  0.000                0.000
       Category  2       0.184          0.184                  0.000                0.000
     COG058
       Category  1       0.434          0.434                  0.000                0.000
       Category  2       0.566          0.566                  0.000                0.000
     COG060
       Category  1       0.612          0.612                  0.000                0.000
       Category  2       0.388          0.388                  0.000                0.000
     COG061
       Category  1       0.759          0.759                  0.000                0.000
       Category  2       0.241          0.241                  0.000                0.000
     COG062
       Category  1       0.850          0.850                  0.000                0.000
       Category  2       0.150          0.150                  0.000                0.000
     COG063
       Category  1       0.886          0.886                  0.000                0.000
       Category  2       0.114          0.114                  0.000                0.000
     COG064
       Category  1       0.763          0.763                  0.000                0.000
       Category  2       0.237          0.237                  0.000                0.000
     COG066
       Category  1       0.824          0.824                  0.000                0.000
       Category  2       0.176          0.176                  0.000                0.000


     BIVARIATE PROPORTIONS FOR CATEGORICAL VARIABLES

     Variable       Variable          Observed     Estimated    Residual (Obs.-Est.)  Stand. Residual
     COG040         COG041
       Category 1     Category 1        0.042       0.044            -0.002           -0.301
       Category 1     Category 2        0.085       0.083             0.002            0.224
       Category 2     Category 1        0.238       0.236             0.002            0.146
       Category 2     Category 2        0.635       0.637            -0.002           -0.128
     COG040         COG043
       Category 1     Category 1        0.023       0.027            -0.004           -0.639
       Category 1     Category 2        0.104       0.100             0.004            0.343
       Category 2     Category 1        0.120       0.117             0.004            0.321
       Category 2     Category 2        0.752       0.756            -0.004           -0.240
     COG040         COG044
       Category 1     Category 1        0.031       0.021             0.010            1.959
       Category 1     Category 2        0.096       0.106            -0.010           -0.908
       Category 2     Category 1        0.081       0.091            -0.010           -0.971
       Category 2     Category 2        0.792       0.781             0.010            0.677
     COG040         COG045
       Category 1     Category 1        0.093       0.058             0.035            4.057
       Category 1     Category 2        0.034       0.069            -0.035           -3.758
       Category 2     Category 1        0.279       0.314            -0.035           -2.050
       Category 2     Category 2        0.594       0.559             0.035            1.916
     COG040         COG046
       Category 1     Category 1        0.081       0.075             0.007            0.689
       Category 1     Category 2        0.046       0.053            -0.007           -0.810
       Category 2     Category 1        0.432       0.438            -0.007           -0.365
       Category 2     Category 2        0.441       0.434             0.007            0.365
     COG040         COG048
       Category 1     Category 1        0.019       0.022            -0.003           -0.593
       Category 1     Category 2        0.108       0.105             0.003            0.285
       Category 2     Category 1        0.089       0.086             0.003            0.311
       Category 2     Category 2        0.783       0.787            -0.003           -0.213
     COG040         COG049
       Category 1     Category 1        0.038       0.036             0.002            0.335
       Category 1     Category 2        0.089       0.092            -0.002           -0.215
       Category 2     Category 1        0.118       0.120            -0.002           -0.191
       Category 2     Category 2        0.755       0.753             0.002            0.144
     COG040         COG050
       Category 1     Category 1        0.074       0.047             0.028            3.558
       Category 1     Category 2        0.053       0.080            -0.028           -2.763
       Category 2     Category 1        0.199       0.227            -0.028           -1.795
       Category 2     Category 2        0.674       0.646             0.028            1.571
     COG040         COG051
       Category 1     Category 1        0.028       0.028             0.000            0.032
       Category 1     Category 2        0.099       0.099             0.000           -0.018
       Category 2     Category 1        0.092       0.092             0.000           -0.018
       Category 2     Category 2        0.781       0.781             0.000            0.013
     COG040         COG052
       Category 1     Category 1        0.050       0.052            -0.002           -0.244
       Category 1     Category 2        0.077       0.075             0.002            0.205
       Category 2     Category 1        0.267       0.265             0.002            0.123
       Category 2     Category 2        0.606       0.608            -0.002           -0.111
     COG040         COG053
       Category 1     Category 1        0.049       0.055            -0.007           -0.774
       Category 1     Category 2        0.078       0.072             0.007            0.684
       Category 2     Category 1        0.286       0.279             0.007            0.394
       Category 2     Category 2        0.587       0.594            -0.007           -0.360
     COG040         COG054
       Category 1     Category 1        0.055       0.054             0.002            0.229
       Category 1     Category 2        0.072       0.074            -0.002           -0.197
       Category 2     Category 1        0.276       0.278            -0.002           -0.115
       Category 2     Category 2        0.597       0.595             0.002            0.105
     COG040         COG055
       Category 1     Category 1        0.024       0.030            -0.005           -0.829
       Category 1     Category 2        0.103       0.098             0.005            0.473
       Category 2     Category 1        0.097       0.092             0.005            0.485
       Category 2     Category 2        0.775       0.781            -0.005           -0.339
     COG040         COG056
       Category 1     Category 1        0.076       0.082            -0.006           -0.631
       Category 1     Category 2        0.051       0.045             0.006            0.835
       Category 2     Category 1        0.365       0.359             0.006            0.361
       Category 2     Category 2        0.507       0.514            -0.006           -0.346
     COG040         COG057
       Category 1     Category 1        0.108       0.111            -0.002           -0.201
       Category 1     Category 2        0.019       0.017             0.002            0.494
       Category 2     Category 1        0.708       0.705             0.002            0.139
       Category 2     Category 2        0.165       0.167            -0.002           -0.169
     COG040         COG058
       Category 1     Category 1        0.066       0.078            -0.011           -1.167
       Category 1     Category 2        0.061       0.049             0.011            1.442
       Category 2     Category 1        0.368       0.357             0.011            0.652
       Category 2     Category 2        0.505       0.516            -0.011           -0.625
     COG040         COG060
       Category 1     Category 1        0.093       0.101            -0.007           -0.664
       Category 1     Category 2        0.034       0.026             0.007            1.245
       Category 2     Category 1        0.518       0.511             0.007            0.400
       Category 2     Category 2        0.355       0.362            -0.007           -0.416
     COG040         COG061
       Category 1     Category 1        0.100       0.112            -0.012           -1.032
       Category 1     Category 2        0.027       0.015             0.012            2.672
       Category 2     Category 1        0.659       0.647             0.012            0.681
       Category 2     Category 2        0.214       0.226            -0.012           -0.779
     COG040         COG062
       Category 1     Category 1        0.118       0.117             0.001            0.045
       Category 1     Category 2        0.009       0.010            -0.001           -0.144
       Category 2     Category 1        0.732       0.733            -0.001           -0.032
       Category 2     Category 2        0.141       0.140             0.001            0.041
     COG040         COG063
       Category 1     Category 1        0.119       0.122            -0.003           -0.219
       Category 1     Category 2        0.008       0.005             0.003            0.970
       Category 2     Category 1        0.767       0.765             0.003            0.169
       Category 2     Category 2        0.106       0.108            -0.003           -0.231
     COG040         COG064
       Category 1     Category 1        0.115       0.112             0.003            0.290
       Category 1     Category 2        0.012       0.016            -0.003           -0.740
       Category 2     Category 1        0.648       0.652            -0.003           -0.192
       Category 2     Category 2        0.225       0.221             0.003            0.220
     COG040         COG066
       Category 1     Category 1        0.112       0.119            -0.007           -0.548
       Category 1     Category 2        0.015       0.008             0.007            1.946
       Category 2     Category 1        0.712       0.705             0.007            0.389
       Category 2     Category 2        0.161       0.168            -0.007           -0.475
     COG041         COG043
       Category 1     Category 1        0.058       0.054             0.004            0.526
       Category 1     Category 2        0.222       0.226            -0.004           -0.284
       Category 2     Category 1        0.085       0.090            -0.004           -0.416
       Category 2     Category 2        0.635       0.630             0.004            0.246
     COG041         COG044
       Category 1     Category 1        0.054       0.042             0.012            1.663
       Category 1     Category 2        0.226       0.238            -0.012           -0.782
       Category 2     Category 1        0.058       0.070            -0.012           -1.302
       Category 2     Category 2        0.662       0.649             0.012            0.698
     COG041         COG045
       Category 1     Category 1        0.133       0.122             0.010            0.839
       Category 1     Category 2        0.147       0.158            -0.010           -0.755
       Category 2     Category 1        0.240       0.250            -0.010           -0.636
       Category 2     Category 2        0.480       0.470             0.010            0.551
     COG041         COG046
       Category 1     Category 1        0.168       0.159             0.009            0.638
       Category 1     Category 2        0.112       0.121            -0.009           -0.716
       Category 2     Category 1        0.345       0.354            -0.009           -0.488
       Category 2     Category 2        0.375       0.366             0.009            0.484
     COG041         COG048
       Category 1     Category 1        0.045       0.043             0.001            0.156
       Category 1     Category 2        0.235       0.237            -0.001           -0.075
       Category 2     Category 1        0.064       0.065            -0.001           -0.129
       Category 2     Category 2        0.656       0.655             0.001            0.067
     COG041         COG049
       Category 1     Category 1        0.060       0.068            -0.009           -0.937
       Category 1     Category 2        0.221       0.212             0.009            0.578
       Category 2     Category 1        0.096       0.087             0.009            0.837
       Category 2     Category 2        0.624       0.633            -0.009           -0.490
     COG041         COG050
       Category 1     Category 1        0.106       0.096             0.009            0.866
       Category 1     Category 2        0.175       0.184            -0.009           -0.659
       Category 2     Category 1        0.168       0.177            -0.009           -0.669
       Category 2     Category 2        0.552       0.543             0.009            0.513
     COG041         COG051
       Category 1     Category 1        0.055       0.054             0.002            0.221
       Category 1     Category 2        0.225       0.226            -0.002           -0.119
       Category 2     Category 1        0.065       0.067            -0.002           -0.199
       Category 2     Category 2        0.655       0.653             0.002            0.104
     COG041         COG052
       Category 1     Category 1        0.114       0.108             0.006            0.494
       Category 1     Category 2        0.166       0.172            -0.006           -0.406
       Category 2     Category 1        0.203       0.209            -0.006           -0.377
       Category 2     Category 2        0.517       0.511             0.006            0.307
     COG041         COG053
       Category 1     Category 1        0.114       0.115            -0.001           -0.071
       Category 1     Category 2        0.166       0.166             0.001            0.061
       Category 2     Category 1        0.221       0.220             0.001            0.055
       Category 2     Category 2        0.499       0.500            -0.001           -0.045
     COG041         COG054
       Category 1     Category 1        0.114       0.112             0.002            0.175
       Category 1     Category 2        0.166       0.168            -0.002           -0.147
       Category 2     Category 1        0.218       0.220            -0.002           -0.133
       Category 2     Category 2        0.502       0.500             0.002            0.110
     COG041         COG055
       Category 1     Category 1        0.058       0.056             0.003            0.299
       Category 1     Category 2        0.222       0.224            -0.003           -0.164
       Category 2     Category 1        0.064       0.066            -0.003           -0.276
       Category 2     Category 2        0.656       0.654             0.003            0.144
     COG041         COG056
       Category 1     Category 1        0.146       0.167            -0.021           -1.532
       Category 1     Category 2        0.134       0.113             0.021            1.806
       Category 2     Category 1        0.295       0.274             0.021            1.281
       Category 2     Category 2        0.425       0.446            -0.021           -1.150
     COG041         COG057
       Category 1     Category 1        0.254       0.240             0.014            0.899
       Category 1     Category 2        0.026       0.040            -0.014           -1.963
       Category 2     Category 1        0.562       0.576            -0.014           -0.777
       Category 2     Category 2        0.158       0.144             0.014            1.093
     COG041         COG058
       Category 1     Category 1        0.147       0.159            -0.012           -0.876
       Category 1     Category 2        0.133       0.121             0.012            0.983
       Category 2     Category 1        0.287       0.275             0.012            0.718
       Category 2     Category 2        0.433       0.445            -0.012           -0.645
     COG041         COG060
       Category 1     Category 1        0.203       0.211            -0.008           -0.541
       Category 1     Category 2        0.077       0.069             0.008            0.872
       Category 2     Category 1        0.409       0.401             0.008            0.451
       Category 2     Category 2        0.311       0.319            -0.008           -0.474
     COG041         COG061
       Category 1     Category 1        0.238       0.240            -0.002           -0.134
       Category 1     Category 2        0.042       0.040             0.002            0.292
       Category 2     Category 1        0.521       0.519             0.002            0.114
       Category 2     Category 2        0.199       0.201            -0.002           -0.143
     COG041         COG062
       Category 1     Category 1        0.263       0.254             0.008            0.516
       Category 1     Category 2        0.018       0.026            -0.008           -1.415
       Category 2     Category 1        0.587       0.596            -0.008           -0.458
       Category 2     Category 2        0.133       0.124             0.008            0.681
     COG041         COG063
       Category 1     Category 1        0.267       0.265             0.002            0.110
       Category 1     Category 2        0.014       0.015            -0.002           -0.397
       Category 2     Category 1        0.620       0.622            -0.002           -0.100
       Category 2     Category 2        0.100       0.098             0.002            0.164
     COG041         COG064
       Category 1     Category 1        0.241       0.240             0.001            0.082
       Category 1     Category 2        0.039       0.041            -0.001           -0.178
       Category 2     Category 1        0.522       0.524            -0.001           -0.070
       Category 2     Category 2        0.198       0.196             0.001            0.088
     COG041         COG066
       Category 1     Category 1        0.257       0.256             0.001            0.039
       Category 1     Category 2        0.023       0.024            -0.001           -0.112
       Category 2     Category 1        0.567       0.568            -0.001           -0.034
       Category 2     Category 2        0.153       0.152             0.001            0.047
     COG043         COG044
       Category 1     Category 1        0.031       0.027             0.004            0.745
       Category 1     Category 2        0.112       0.117            -0.004           -0.374
       Category 2     Category 1        0.081       0.086            -0.004           -0.429
       Category 2     Category 2        0.775       0.771             0.004            0.286
     COG043         COG045
       Category 1     Category 1        0.077       0.071             0.006            0.667
       Category 1     Category 2        0.066       0.073            -0.006           -0.660
       Category 2     Category 1        0.295       0.301            -0.006           -0.373
       Category 2     Category 2        0.562       0.555             0.006            0.344
     COG043         COG046
       Category 1     Category 1        0.088       0.088             0.000           -0.016
       Category 1     Category 2        0.055       0.055             0.000            0.019
       Category 2     Category 1        0.425       0.425             0.000            0.009
       Category 2     Category 2        0.432       0.432             0.000           -0.009
     COG043         COG048
       Category 1     Category 1        0.028       0.029            -0.001           -0.132
       Category 1     Category 2        0.115       0.114             0.001            0.070
       Category 2     Category 1        0.080       0.079             0.001            0.082
       Category 2     Category 2        0.777       0.778            -0.001           -0.054
     COG043         COG049
       Category 1     Category 1        0.042       0.048            -0.006           -0.821
       Category 1     Category 2        0.101       0.095             0.006            0.601
       Category 2     Category 1        0.114       0.107             0.006            0.570
       Category 2     Category 2        0.743       0.749            -0.006           -0.407
     COG043         COG050
       Category 1     Category 1        0.065       0.058             0.007            0.759
       Category 1     Category 2        0.078       0.085            -0.007           -0.638
       Category 2     Category 1        0.208       0.215            -0.007           -0.433
       Category 2     Category 2        0.648       0.642             0.007            0.371
     COG043         COG051
       Category 1     Category 1        0.032       0.039            -0.006           -0.872
       Category 1     Category 2        0.111       0.105             0.006            0.549
       Category 2     Category 1        0.088       0.082             0.006            0.613
       Category 2     Category 2        0.769       0.775            -0.006           -0.402
     COG043         COG052
       Category 1     Category 1        0.099       0.064             0.035            3.843
       Category 1     Category 2        0.045       0.079            -0.035           -3.485
       Category 2     Category 1        0.218       0.252            -0.035           -2.167
       Category 2     Category 2        0.639       0.604             0.035            1.925
     COG043         COG053
       Category 1     Category 1        0.061       0.068            -0.007           -0.780
       Category 1     Category 2        0.083       0.075             0.007            0.745
       Category 2     Category 1        0.273       0.266             0.007            0.445
       Category 2     Category 2        0.583       0.590            -0.007           -0.400
     COG043         COG054
       Category 1     Category 1        0.076       0.066             0.010            1.110
       Category 1     Category 2        0.068       0.078            -0.010           -1.027
       Category 2     Category 1        0.256       0.266            -0.010           -0.622
       Category 2     Category 2        0.601       0.591             0.010            0.559
     COG043         COG055
       Category 1     Category 1        0.043       0.041             0.003            0.344
       Category 1     Category 2        0.100       0.103            -0.003           -0.224
       Category 2     Category 1        0.078       0.081            -0.003           -0.249
       Category 2     Category 2        0.778       0.776             0.003            0.163
     COG043         COG056
       Category 1     Category 1        0.089       0.104            -0.015           -1.346
       Category 1     Category 2        0.054       0.039             0.015            2.127
       Category 2     Category 1        0.352       0.337             0.015            0.871
       Category 2     Category 2        0.505       0.520            -0.015           -0.824
     COG043         COG057
       Category 1     Category 1        0.123       0.127            -0.004           -0.347
       Category 1     Category 2        0.020       0.016             0.004            0.921
       Category 2     Category 1        0.693       0.689             0.004            0.250
       Category 2     Category 2        0.164       0.168            -0.004           -0.310
     COG043         COG058
       Category 1     Category 1        0.087       0.098            -0.011           -1.039
       Category 1     Category 2        0.057       0.045             0.011            1.482
       Category 2     Category 1        0.348       0.336             0.011            0.654
       Category 2     Category 2        0.509       0.520            -0.011           -0.618
     COG043         COG060
       Category 1     Category 1        0.116       0.123            -0.006           -0.530
       Category 1     Category 2        0.027       0.021             0.006            1.222
       Category 2     Category 1        0.495       0.489             0.006            0.348
       Category 2     Category 2        0.361       0.368            -0.006           -0.361
     COG043         COG061
       Category 1     Category 1        0.133       0.132             0.001            0.045
       Category 1     Category 2        0.011       0.011            -0.001           -0.145
       Category 2     Category 1        0.627       0.627            -0.001           -0.032
       Category 2     Category 2        0.230       0.229             0.001            0.036
     COG043         COG062
       Category 1     Category 1        0.139       0.135             0.004            0.317
       Category 1     Category 2        0.004       0.008            -0.004           -1.214
       Category 2     Category 1        0.710       0.714            -0.004           -0.240
       Category 2     Category 2        0.146       0.142             0.004            0.311
     COG043         COG063
       Category 1     Category 1        0.137       0.140            -0.003           -0.257
       Category 1     Category 2        0.007       0.003             0.003            1.512
       Category 2     Category 1        0.750       0.746             0.003            0.205
       Category 2     Category 2        0.107       0.110            -0.003           -0.285
     COG043         COG064
       Category 1     Category 1        0.133       0.131             0.001            0.109
       Category 1     Category 2        0.011       0.012            -0.001           -0.337
       Category 2     Category 1        0.631       0.632            -0.001           -0.077
       Category 2     Category 2        0.226       0.225             0.001            0.089
     COG043         COG066
       Category 1     Category 1        0.137       0.138            -0.002           -0.133
       Category 1     Category 2        0.007       0.005             0.002            0.646
       Category 2     Category 1        0.687       0.686             0.002            0.099
       Category 2     Category 2        0.169       0.171            -0.002           -0.122
     COG044         COG045
       Category 1     Category 1        0.065       0.055             0.010            1.174
       Category 1     Category 2        0.047       0.057            -0.010           -1.153
       Category 2     Category 1        0.307       0.317            -0.010           -0.575
       Category 2     Category 2        0.581       0.571             0.010            0.541
     COG044         COG046
       Category 1     Category 1        0.076       0.069             0.007            0.762
       Category 1     Category 2        0.037       0.044            -0.007           -0.943
       Category 2     Category 1        0.437       0.444            -0.007           -0.388
       Category 2     Category 2        0.451       0.444             0.007            0.388
     COG044         COG048
       Category 1     Category 1        0.028       0.023             0.006            1.050
       Category 1     Category 2        0.084       0.090            -0.006           -0.547
       Category 2     Category 1        0.080       0.086            -0.006           -0.559
       Category 2     Category 2        0.808       0.802             0.006            0.392
     COG044         COG049
       Category 1     Category 1        0.034       0.037            -0.004           -0.518
       Category 1     Category 2        0.078       0.075             0.004            0.373
       Category 2     Category 1        0.122       0.118             0.004            0.304
       Category 2     Category 2        0.766       0.770            -0.004           -0.233
     COG044         COG050
       Category 1     Category 1        0.054       0.045             0.009            1.147
       Category 1     Category 2        0.058       0.067            -0.009           -0.955
       Category 2     Category 1        0.219       0.228            -0.009           -0.569
       Category 2     Category 2        0.668       0.660             0.009            0.504
     COG044         COG051
       Category 1     Category 1        0.030       0.030             0.000           -0.024
       Category 1     Category 2        0.083       0.082             0.000            0.015
       Category 2     Category 1        0.091       0.091             0.000            0.014
       Category 2     Category 2        0.797       0.797             0.000           -0.010
     COG044         COG052
       Category 1     Category 1        0.055       0.050             0.006            0.704
       Category 1     Category 2        0.057       0.062            -0.006           -0.633
       Category 2     Category 1        0.261       0.267            -0.006           -0.346
       Category 2     Category 2        0.627       0.621             0.006            0.316
     COG044         COG053
       Category 1     Category 1        0.062       0.053             0.009            1.132
       Category 1     Category 2        0.050       0.059            -0.009           -1.073
       Category 2     Category 1        0.272       0.281            -0.009           -0.564
       Category 2     Category 2        0.616       0.606             0.009            0.519
     COG044         COG054
       Category 1     Category 1        0.054       0.051             0.003            0.381
       Category 1     Category 2        0.058       0.061            -0.003           -0.349
       Category 2     Category 1        0.277       0.280            -0.003           -0.187
       Category 2     Category 2        0.610       0.607             0.003            0.172
     COG044         COG055
       Category 1     Category 1        0.030       0.032            -0.002           -0.279
       Category 1     Category 2        0.083       0.081             0.002            0.179
       Category 2     Category 1        0.092       0.090             0.002            0.170
       Category 2     Category 2        0.796       0.797            -0.002           -0.121
     COG044         COG056
       Category 1     Category 1        0.074       0.081            -0.006           -0.627
       Category 1     Category 2        0.038       0.032             0.006            0.975
       Category 2     Category 1        0.367       0.360             0.006            0.355
       Category 2     Category 2        0.521       0.527            -0.006           -0.342
     COG044         COG057
       Category 1     Category 1        0.095       0.100            -0.005           -0.436
       Category 1     Category 2        0.018       0.013             0.005            1.161
       Category 2     Category 1        0.721       0.716             0.005            0.289
       Category 2     Category 2        0.166       0.171            -0.005           -0.346
     COG044         COG058
       Category 1     Category 1        0.068       0.076            -0.008           -0.839
       Category 1     Category 2        0.045       0.036             0.008            1.184
       Category 2     Category 1        0.367       0.359             0.008            0.463
       Category 2     Category 2        0.521       0.529            -0.008           -0.445
     COG044         COG060
       Category 1     Category 1        0.091       0.095            -0.005           -0.421
       Category 1     Category 2        0.022       0.017             0.005            0.953
       Category 2     Category 1        0.521       0.516             0.005            0.247
       Category 2     Category 2        0.367       0.371            -0.005           -0.256
     COG044         COG061
       Category 1     Category 1        0.097       0.103            -0.005           -0.483
       Category 1     Category 2        0.015       0.009             0.005            1.513
       Category 2     Category 1        0.662       0.656             0.005            0.309
       Category 2     Category 2        0.226       0.231            -0.005           -0.348
     COG044         COG062
       Category 1     Category 1        0.104       0.106            -0.001           -0.132
       Category 1     Category 2        0.008       0.007             0.001            0.502
       Category 2     Category 1        0.746       0.744             0.001            0.093
       Category 2     Category 2        0.142       0.144            -0.001           -0.116
     COG044         COG063
       Category 1     Category 1        0.107       0.109            -0.002           -0.209
       Category 1     Category 2        0.005       0.003             0.002            1.189
       Category 2     Category 1        0.779       0.777             0.002            0.157
       Category 2     Category 2        0.108       0.111            -0.002           -0.208
     COG044         COG064
       Category 1     Category 1        0.101       0.102            -0.001           -0.067
       Category 1     Category 2        0.011       0.010             0.001            0.205
       Category 2     Category 1        0.662       0.661             0.001            0.043
       Category 2     Category 2        0.226       0.227            -0.001           -0.049
     COG044         COG066
       Category 1     Category 1        0.107       0.108            -0.001           -0.085
       Category 1     Category 2        0.005       0.004             0.001            0.396
       Category 2     Category 1        0.717       0.716             0.001            0.058
       Category 2     Category 2        0.171       0.171            -0.001           -0.070
     COG045         COG046
       Category 1     Category 1        0.223       0.211             0.012            0.808
       Category 1     Category 2        0.149       0.161            -0.012           -0.897
       Category 2     Category 1        0.290       0.302            -0.012           -0.718
       Category 2     Category 2        0.338       0.326             0.012            0.703
     COG045         COG048
       Category 1     Category 1        0.051       0.057            -0.006           -0.655
       Category 1     Category 2        0.321       0.315             0.006            0.327
       Category 2     Category 1        0.057       0.051             0.006            0.689
       Category 2     Category 2        0.571       0.577            -0.006           -0.307
     COG045         COG049
       Category 1     Category 1        0.088       0.089            -0.001           -0.113
       Category 1     Category 2        0.284       0.283             0.001            0.071
       Category 2     Category 1        0.068       0.066             0.001            0.129
       Category 2     Category 2        0.560       0.561            -0.001           -0.065
     COG045         COG050
       Category 1     Category 1        0.181       0.127             0.054            4.433
       Category 1     Category 2        0.191       0.245            -0.054           -3.432
       Category 2     Category 1        0.092       0.146            -0.054           -4.177
       Category 2     Category 2        0.536       0.482             0.054            2.954
     COG045         COG051
       Category 1     Category 1        0.072       0.070             0.002            0.191
       Category 1     Category 2        0.300       0.302            -0.002           -0.106
       Category 2     Category 1        0.049       0.051            -0.002           -0.222
       Category 2     Category 2        0.579       0.577             0.002            0.099
     COG045         COG052
       Category 1     Category 1        0.146       0.143             0.003            0.254
       Category 1     Category 2        0.226       0.229            -0.003           -0.211
       Category 2     Category 1        0.171       0.174            -0.003           -0.234
       Category 2     Category 2        0.457       0.454             0.003            0.178
     COG045         COG053
       Category 1     Category 1        0.157       0.151             0.006            0.419
       Category 1     Category 2        0.215       0.221            -0.006           -0.362
       Category 2     Category 1        0.177       0.183            -0.006           -0.389
       Category 2     Category 2        0.451       0.445             0.006            0.302
     COG045         COG054
       Category 1     Category 1        0.150       0.148             0.002            0.191
       Category 1     Category 2        0.222       0.224            -0.002           -0.162
       Category 2     Category 1        0.181       0.184            -0.002           -0.175
       Category 2     Category 2        0.447       0.444             0.002            0.136
     COG045         COG055
       Category 1     Category 1        0.066       0.072            -0.006           -0.643
       Category 1     Category 2        0.306       0.300             0.006            0.364
       Category 2     Category 1        0.055       0.049             0.006            0.769
       Category 2     Category 2        0.572       0.579            -0.006           -0.337
     COG045         COG056
       Category 1     Category 1        0.202       0.221            -0.020           -1.286
       Category 1     Category 2        0.171       0.151             0.020            1.491
       Category 2     Category 1        0.240       0.220             0.020            1.288
       Category 2     Category 2        0.388       0.408            -0.020           -1.086
     COG045         COG057
       Category 1     Category 1        0.314       0.319            -0.005           -0.301
       Category 1     Category 2        0.058       0.053             0.005            0.627
       Category 2     Category 1        0.502       0.497             0.005            0.281
       Category 2     Category 2        0.126       0.131            -0.005           -0.416
     COG045         COG058
       Category 1     Category 1        0.198       0.211            -0.013           -0.881
       Category 1     Category 2        0.175       0.161             0.013            0.976
       Category 2     Category 1        0.237       0.224             0.013            0.862
       Category 2     Category 2        0.391       0.404            -0.013           -0.732
     COG045         COG060
       Category 1     Category 1        0.271       0.280            -0.010           -0.590
       Category 1     Category 2        0.101       0.092             0.010            0.919
       Category 2     Category 1        0.341       0.331             0.010            0.564
       Category 2     Category 2        0.287       0.297            -0.010           -0.581
     COG045         COG061
       Category 1     Category 1        0.300       0.319            -0.019           -1.107
       Category 1     Category 2        0.072       0.053             0.019            2.309
       Category 2     Category 1        0.459       0.440             0.019            1.040
       Category 2     Category 2        0.169       0.188            -0.019           -1.321
     COG045         COG062
       Category 1     Category 1        0.342       0.338             0.004            0.257
       Category 1     Category 2        0.030       0.034            -0.004           -0.668
       Category 2     Category 1        0.507       0.512            -0.004           -0.243
       Category 2     Category 2        0.120       0.116             0.004            0.379
     COG045         COG063
       Category 1     Category 1        0.342       0.352            -0.010           -0.555
       Category 1     Category 2        0.030       0.020             0.010            1.891
       Category 2     Category 1        0.544       0.534             0.010            0.531
       Category 2     Category 2        0.084       0.094            -0.010           -0.909
     COG045         COG064
       Category 1     Category 1        0.318       0.318             0.000           -0.024
       Category 1     Category 2        0.054       0.054             0.000            0.050
       Category 2     Category 1        0.445       0.445             0.000            0.023
       Category 2     Category 2        0.183       0.183             0.000           -0.029
     COG045         COG066
       Category 1     Category 1        0.329       0.341            -0.012           -0.712
       Category 1     Category 2        0.043       0.031             0.012            1.953
       Category 2     Category 1        0.495       0.483             0.012            0.676
       Category 2     Category 2        0.133       0.145            -0.012           -0.959
     COG046         COG048
       Category 1     Category 1        0.072       0.069             0.002            0.259
       Category 1     Category 2        0.441       0.444            -0.002           -0.132
       Category 2     Category 1        0.037       0.039            -0.002           -0.340
       Category 2     Category 2        0.451       0.448             0.002            0.132
     COG046         COG049
       Category 1     Category 1        0.101       0.105            -0.004           -0.335
       Category 1     Category 2        0.411       0.408             0.004            0.209
       Category 2     Category 1        0.054       0.050             0.004            0.470
       Category 2     Category 2        0.433       0.437            -0.004           -0.207
     COG046         COG050
       Category 1     Category 1        0.157       0.162            -0.005           -0.342
       Category 1     Category 2        0.356       0.351             0.005            0.264
       Category 2     Category 1        0.116       0.112             0.005            0.400
       Category 2     Category 2        0.371       0.375            -0.005           -0.260
     COG046         COG051
       Category 1     Category 1        0.080       0.082            -0.002           -0.228
       Category 1     Category 2        0.433       0.431             0.002            0.126
       Category 2     Category 1        0.041       0.038             0.002            0.326
       Category 2     Category 2        0.447       0.449            -0.002           -0.126
     COG046         COG052
       Category 1     Category 1        0.162       0.184            -0.021           -1.497
       Category 1     Category 2        0.350       0.329             0.021            1.234
       Category 2     Category 1        0.154       0.133             0.021            1.708
       Category 2     Category 2        0.333       0.354            -0.021           -1.212
     COG046         COG053
       Category 1     Category 1        0.191       0.194            -0.004           -0.252
       Category 1     Category 2        0.322       0.318             0.004            0.214
       Category 2     Category 1        0.143       0.140             0.004            0.287
       Category 2     Category 2        0.344       0.347            -0.004           -0.209
     COG046         COG054
       Category 1     Category 1        0.183       0.191            -0.008           -0.561
       Category 1     Category 2        0.330       0.322             0.008            0.472
       Category 2     Category 1        0.149       0.141             0.008            0.634
       Category 2     Category 2        0.338       0.346            -0.008           -0.463
     COG046         COG055
       Category 1     Category 1        0.084       0.084             0.000           -0.046
       Category 1     Category 2        0.429       0.428             0.000            0.026
       Category 2     Category 1        0.038       0.037             0.000            0.068
       Category 2     Category 2        0.449       0.450             0.000           -0.026
     COG046         COG056
       Category 1     Category 1        0.263       0.275            -0.012           -0.752
       Category 1     Category 2        0.250       0.238             0.012            0.788
       Category 2     Category 1        0.179       0.166             0.012            0.901
       Category 2     Category 2        0.309       0.321            -0.012           -0.719
     COG046         COG057
       Category 1     Category 1        0.432       0.432            -0.001           -0.029
       Category 1     Category 2        0.081       0.081             0.001            0.053
       Category 2     Category 1        0.384       0.384             0.001            0.030
       Category 2     Category 2        0.103       0.103            -0.001           -0.048
     COG046         COG058
       Category 1     Category 1        0.258       0.265            -0.006           -0.385
       Category 1     Category 2        0.254       0.248             0.006            0.393
       Category 2     Category 1        0.176       0.170             0.006            0.452
       Category 2     Category 2        0.311       0.317            -0.006           -0.364
     COG046         COG060
       Category 1     Category 1        0.353       0.360            -0.007           -0.389
       Category 1     Category 2        0.160       0.153             0.007            0.519
       Category 2     Category 1        0.258       0.252             0.007            0.430
       Category 2     Category 2        0.229       0.236            -0.007           -0.440
     COG046         COG061
       Category 1     Category 1        0.425       0.423             0.002            0.127
       Category 1     Category 2        0.088       0.090            -0.002           -0.218
       Category 2     Category 1        0.334       0.337            -0.002           -0.132
       Category 2     Category 2        0.153       0.151             0.002            0.175
     COG046         COG062
       Category 1     Category 1        0.470       0.456             0.014            0.766
       Category 1     Category 2        0.043       0.057            -0.014           -1.641
       Category 2     Category 1        0.380       0.394            -0.014           -0.781
       Category 2     Category 2        0.107       0.093             0.014            1.315
     COG046         COG063
       Category 1     Category 1        0.478       0.475             0.002            0.123
       Category 1     Category 2        0.035       0.037            -0.002           -0.324
       Category 2     Category 1        0.409       0.411            -0.002           -0.125
       Category 2     Category 2        0.078       0.076             0.002            0.232
     COG046         COG064
       Category 1     Category 1        0.422       0.422             0.000           -0.010
       Category 1     Category 2        0.091       0.090             0.000            0.017
       Category 2     Category 1        0.341       0.341             0.000            0.010
       Category 2     Category 2        0.146       0.146             0.000           -0.014
     COG046         COG066
       Category 1     Category 1        0.463       0.455             0.008            0.444
       Category 1     Category 2        0.050       0.058            -0.008           -0.944
       Category 2     Category 1        0.361       0.369            -0.008           -0.458
       Category 2     Category 2        0.126       0.118             0.008            0.685
     COG048         COG049
       Category 1     Category 1        0.027       0.043            -0.016           -2.165
       Category 1     Category 2        0.081       0.065             0.016            1.787
       Category 2     Category 1        0.129       0.112             0.016            1.395
       Category 2     Category 2        0.763       0.779            -0.016           -1.062
     COG048         COG050
       Category 1     Category 1        0.047       0.048            -0.001           -0.109
       Category 1     Category 2        0.061       0.060             0.001            0.099
       Category 2     Category 1        0.226       0.225             0.001            0.056
       Category 2     Category 2        0.666       0.667            -0.001           -0.050
     COG048         COG051
       Category 1     Category 1        0.030       0.035            -0.005           -0.754
       Category 1     Category 2        0.078       0.073             0.005            0.530
       Category 2     Category 1        0.091       0.086             0.005            0.494
       Category 2     Category 2        0.801       0.806            -0.005           -0.350
     COG048         COG052
       Category 1     Category 1        0.051       0.052            -0.001           -0.112
       Category 1     Category 2        0.057       0.056             0.001            0.108
       Category 2     Category 1        0.265       0.264             0.001            0.056
       Category 2     Category 2        0.627       0.627            -0.001           -0.052
     COG048         COG053
       Category 1     Category 1        0.107       0.056             0.051            6.084
       Category 1     Category 2        0.001       0.053            -0.051           -6.243
       Category 2     Category 1        0.227       0.279            -0.051           -3.110
       Category 2     Category 2        0.664       0.613             0.051            2.863
     COG048         COG054
       Category 1     Category 1        0.051       0.053            -0.002           -0.230
       Category 1     Category 2        0.057       0.055             0.002            0.226
       Category 2     Category 1        0.280       0.278             0.002            0.115
       Category 2     Category 2        0.612       0.614            -0.002           -0.106
     COG048         COG055
       Category 1     Category 1        0.028       0.037            -0.009           -1.248
       Category 1     Category 2        0.080       0.071             0.009            0.917
       Category 2     Category 1        0.093       0.085             0.009            0.847
       Category 2     Category 2        0.798       0.807            -0.009           -0.598
     COG048         COG056
       Category 1     Category 1        0.054       0.086            -0.032           -3.129
       Category 1     Category 2        0.054       0.022             0.032            6.026
       Category 2     Category 1        0.387       0.355             0.032            1.838
       Category 2     Category 2        0.505       0.537            -0.032           -1.764
     COG048         COG057
       Category 1     Category 1        0.096       0.098            -0.002           -0.160
       Category 1     Category 2        0.012       0.010             0.002            0.468
       Category 2     Category 1        0.720       0.718             0.002            0.106
       Category 2     Category 2        0.172       0.174            -0.002           -0.125
     COG048         COG058
       Category 1     Category 1        0.058       0.081            -0.023           -2.253
       Category 1     Category 2        0.050       0.027             0.023            3.755
       Category 2     Category 1        0.376       0.354             0.023            1.284
       Category 2     Category 2        0.516       0.538            -0.023           -1.231
     COG048         COG060
       Category 1     Category 1        0.078       0.098            -0.019           -1.772
       Category 1     Category 2        0.030       0.010             0.019            5.186
       Category 2     Category 1        0.533       0.514             0.019            1.053
       Category 2     Category 2        0.359       0.378            -0.019           -1.086
     COG048         COG061
       Category 1     Category 1        0.087       0.103            -0.016           -1.433
       Category 1     Category 2        0.022       0.006             0.016            5.794
       Category 2     Category 1        0.673       0.657             0.016            0.915
       Category 2     Category 2        0.219       0.235            -0.016           -1.025
     COG048         COG062
       Category 1     Category 1        0.097       0.104            -0.006           -0.576
       Category 1     Category 2        0.011       0.004             0.006            2.670
       Category 2     Category 1        0.752       0.746             0.006            0.404
       Category 2     Category 2        0.139       0.146            -0.006           -0.498
     COG048         COG063
       Category 1     Category 1        0.100       0.107            -0.007           -0.586
       Category 1     Category 2        0.008       0.001             0.007            4.731
       Category 2     Category 1        0.786       0.780             0.007            0.436
       Category 2     Category 2        0.106       0.112            -0.007           -0.573
     COG048         COG064
       Category 1     Category 1        0.100       0.102            -0.002           -0.161
       Category 1     Category 2        0.008       0.006             0.002            0.613
       Category 2     Category 1        0.663       0.661             0.002            0.103
       Category 2     Category 2        0.229       0.230            -0.002           -0.116
     COG048         COG066
       Category 1     Category 1        0.099       0.106            -0.008           -0.662
       Category 1     Category 2        0.009       0.002             0.008            4.599
       Category 2     Category 1        0.725       0.718             0.008            0.453
       Category 2     Category 2        0.166       0.174            -0.008           -0.538
     COG049         COG050
       Category 1     Category 1        0.078       0.078             0.001            0.074
       Category 1     Category 2        0.077       0.078            -0.001           -0.074
       Category 2     Category 1        0.195       0.196            -0.001           -0.050
       Category 2     Category 2        0.650       0.649             0.001            0.042
     COG049         COG051
       Category 1     Category 1        0.068       0.062             0.006            0.677
       Category 1     Category 2        0.088       0.094            -0.006           -0.558
       Category 2     Category 1        0.053       0.059            -0.006           -0.692
       Category 2     Category 2        0.792       0.786             0.006            0.397
     COG049         COG052
       Category 1     Category 1        0.074       0.083            -0.009           -0.866
       Category 1     Category 2        0.081       0.072             0.009            0.923
       Category 2     Category 1        0.242       0.233             0.009            0.565
       Category 2     Category 2        0.602       0.611            -0.009           -0.490
     COG049         COG053
       Category 1     Category 1        0.069       0.089            -0.020           -1.869
       Category 1     Category 2        0.087       0.067             0.020            2.123
       Category 2     Category 1        0.265       0.246             0.020            1.234
       Category 2     Category 2        0.579       0.599            -0.020           -1.083
     COG049         COG054
       Category 1     Category 1        0.074       0.084            -0.010           -0.964
       Category 1     Category 2        0.081       0.071             0.010            1.041
       Category 2     Category 1        0.257       0.247             0.010            0.621
       Category 2     Category 2        0.587       0.597            -0.010           -0.546
     COG049         COG055
       Category 1     Category 1        0.062       0.066            -0.004           -0.454
       Category 1     Category 2        0.093       0.089             0.004            0.397
       Category 2     Category 1        0.060       0.055             0.004            0.494
       Category 2     Category 2        0.785       0.789            -0.004           -0.277
     COG049         COG056
       Category 1     Category 1        0.154       0.142             0.013            0.980
       Category 1     Category 2        0.001       0.014            -0.013           -2.916
       Category 2     Category 1        0.287       0.299            -0.013           -0.746
       Category 2     Category 2        0.558       0.545             0.013            0.686
     COG049         COG057
       Category 1     Category 1        0.142       0.144            -0.002           -0.148
       Category 1     Category 2        0.014       0.012             0.002            0.485
       Category 2     Category 1        0.674       0.672             0.002            0.111
       Category 2     Category 2        0.171       0.172            -0.002           -0.138
     COG049         COG058
       Category 1     Category 1        0.123       0.131            -0.008           -0.657
       Category 1     Category 2        0.032       0.024             0.008            1.441
       Category 2     Category 1        0.311       0.303             0.008            0.483
       Category 2     Category 2        0.533       0.541            -0.008           -0.445
     COG049         COG060
       Category 1     Category 1        0.150       0.151            -0.001           -0.062
       Category 1     Category 2        0.005       0.005             0.001            0.329
       Category 2     Category 1        0.461       0.461             0.001            0.045
       Category 2     Category 2        0.383       0.384            -0.001           -0.046
     COG049         COG061
       Category 1     Category 1        0.147       0.153            -0.005           -0.409
       Category 1     Category 2        0.008       0.003             0.005            2.830
       Category 2     Category 1        0.612       0.606             0.005            0.301
       Category 2     Category 2        0.233       0.238            -0.005           -0.345
     COG049         COG062
       Category 1     Category 1        0.152       0.153            -0.001           -0.079
       Category 1     Category 2        0.004       0.003             0.001            0.518
       Category 2     Category 1        0.698       0.697             0.001            0.062
       Category 2     Category 2        0.146       0.147            -0.001           -0.080
     COG049         COG063
       Category 1     Category 1        0.154       0.155            -0.001           -0.074
       Category 1     Category 2        0.001       0.000             0.001            1.380
       Category 2     Category 1        0.732       0.731             0.001            0.060
       Category 2     Category 2        0.112       0.113            -0.001           -0.084
     COG049         COG064
       Category 1     Category 1        0.145       0.152            -0.007           -0.544
       Category 1     Category 2        0.011       0.004             0.007            3.240
       Category 2     Category 1        0.618       0.611             0.007            0.400
       Category 2     Category 2        0.226       0.233            -0.007           -0.462
     COG049         COG066
       Category 1     Category 1        0.156       0.155             0.000            0.020
       Category 1     Category 2        0.000       0.000             0.000           -0.439
       Category 2     Category 1        0.668       0.669             0.000           -0.015
       Category 2     Category 2        0.176       0.176             0.000            0.019
     COG050         COG051
       Category 1     Category 1        0.064       0.061             0.002            0.251
       Category 1     Category 2        0.210       0.212            -0.002           -0.147
       Category 2     Category 1        0.057       0.059            -0.002           -0.256
       Category 2     Category 2        0.670       0.668             0.002            0.128
     COG050         COG052
       Category 1     Category 1        0.120       0.113             0.007            0.597
       Category 1     Category 2        0.153       0.160            -0.007           -0.517
       Category 2     Category 1        0.196       0.203            -0.007           -0.471
       Category 2     Category 2        0.530       0.523             0.007            0.379
     COG050         COG053
       Category 1     Category 1        0.122       0.120             0.001            0.114
       Category 1     Category 2        0.152       0.153            -0.001           -0.103
       Category 2     Category 1        0.212       0.214            -0.001           -0.090
       Category 2     Category 2        0.514       0.513             0.001            0.074
     COG050         COG054
       Category 1     Category 1        0.127       0.117             0.010            0.887
       Category 1     Category 2        0.146       0.157            -0.010           -0.784
       Category 2     Category 1        0.204       0.215            -0.010           -0.693
       Category 2     Category 2        0.522       0.512             0.010            0.570
     COG050         COG055
       Category 1     Category 1        0.065       0.064             0.001            0.087
       Category 1     Category 2        0.208       0.209            -0.001           -0.052
       Category 2     Category 1        0.057       0.058            -0.001           -0.091
       Category 2     Category 2        0.670       0.669             0.001            0.045
     COG050         COG056
       Category 1     Category 1        0.162       0.182            -0.019           -1.358
       Category 1     Category 2        0.111       0.092             0.019            1.814
       Category 2     Category 1        0.279       0.259             0.019            1.194
       Category 2     Category 2        0.448       0.467            -0.019           -1.049
     COG050         COG057
       Category 1     Category 1        0.233       0.239            -0.006           -0.392
       Category 1     Category 2        0.041       0.034             0.006            0.915
       Category 2     Category 1        0.583       0.577             0.006            0.338
       Category 2     Category 2        0.143       0.150            -0.006           -0.468
     COG050         COG058
       Category 1     Category 1        0.156       0.171            -0.016           -1.127
       Category 1     Category 2        0.118       0.102             0.016            1.402
       Category 2     Category 1        0.279       0.263             0.016            0.964
       Category 2     Category 2        0.448       0.464            -0.016           -0.851
     COG050         COG060
       Category 1     Category 1        0.211       0.222            -0.011           -0.687
       Category 1     Category 2        0.062       0.052             0.011            1.289
       Category 2     Category 1        0.401       0.390             0.011            0.585
       Category 2     Category 2        0.326       0.337            -0.011           -0.604
     COG050         COG061
       Category 1     Category 1        0.238       0.244            -0.006           -0.398
       Category 1     Category 2        0.035       0.029             0.006            1.021
       Category 2     Category 1        0.521       0.515             0.006            0.342
       Category 2     Category 2        0.206       0.212            -0.006           -0.418
     COG050         COG062
       Category 1     Category 1        0.250       0.254            -0.003           -0.218
       Category 1     Category 2        0.023       0.020             0.003            0.685
       Category 2     Category 1        0.599       0.596             0.003            0.193
       Category 2     Category 2        0.127       0.131            -0.003           -0.281
     COG050         COG063
       Category 1     Category 1        0.263       0.264            -0.001           -0.069
       Category 1     Category 2        0.011       0.010             0.001            0.309
       Category 2     Category 1        0.624       0.623             0.001            0.063
       Category 2     Category 2        0.103       0.104            -0.001           -0.099
     COG050         COG064
       Category 1     Category 1        0.240       0.243            -0.004           -0.232
       Category 1     Category 2        0.034       0.030             0.004            0.581
       Category 2     Category 1        0.524       0.520             0.004            0.199
       Category 2     Category 2        0.203       0.207            -0.004           -0.245
     COG050         COG066
       Category 1     Category 1        0.249       0.259            -0.010           -0.605
       Category 1     Category 2        0.024       0.015             0.010            2.211
       Category 2     Category 1        0.575       0.565             0.010            0.535
       Category 2     Category 2        0.152       0.161            -0.010           -0.721
     COG051         COG052
       Category 1     Category 1        0.065       0.065            -0.001           -0.060
       Category 1     Category 2        0.055       0.055             0.001            0.065
       Category 2     Category 1        0.252       0.251             0.001            0.034
       Category 2     Category 2        0.628       0.628            -0.001           -0.031
     COG051         COG053
       Category 1     Category 1        0.061       0.070            -0.009           -0.936
       Category 1     Category 2        0.060       0.051             0.009            1.085
       Category 2     Category 1        0.273       0.265             0.009            0.540
       Category 2     Category 2        0.606       0.615            -0.009           -0.490
     COG051         COG054
       Category 1     Category 1        0.066       0.066             0.000            0.005
       Category 1     Category 2        0.054       0.054             0.000           -0.006
       Category 2     Category 1        0.265       0.265             0.000           -0.003
       Category 2     Category 2        0.614       0.614             0.000            0.003
     COG051         COG055
       Category 1     Category 1        0.061       0.054             0.007            0.830
       Category 1     Category 2        0.060       0.066            -0.007           -0.753
       Category 2     Category 1        0.061       0.068            -0.007           -0.746
       Category 2     Category 2        0.819       0.812             0.007            0.480
     COG051         COG056
       Category 1     Category 1        0.111       0.110             0.001            0.077
       Category 1     Category 2        0.009       0.010            -0.001           -0.238
       Category 2     Category 1        0.330       0.331            -0.001           -0.051
       Category 2     Category 2        0.549       0.549             0.001            0.048
     COG051         COG057
       Category 1     Category 1        0.110       0.112            -0.002           -0.181
       Category 1     Category 2        0.011       0.009             0.002            0.611
       Category 2     Category 1        0.706       0.704             0.002            0.125
       Category 2     Category 2        0.173       0.175            -0.002           -0.150
     COG051         COG058
       Category 1     Category 1        0.120       0.102             0.018            1.609
       Category 1     Category 2        0.000       0.018            -0.018           -3.675
       Category 2     Category 1        0.314       0.332            -0.018           -1.036
       Category 2     Category 2        0.566       0.548             0.018            0.980
     COG051         COG060
       Category 1     Category 1        0.116       0.117            -0.001           -0.045
       Category 1     Category 2        0.004       0.004             0.001            0.246
       Category 2     Category 1        0.495       0.495             0.001            0.029
       Category 2     Category 2        0.384       0.385            -0.001           -0.030
     COG051         COG061
       Category 1     Category 1        0.116       0.118            -0.002           -0.168
       Category 1     Category 2        0.004       0.002             0.002            1.200
       Category 2     Category 1        0.643       0.641             0.002            0.113
       Category 2     Category 2        0.237       0.239            -0.002           -0.128
     COG051         COG062
       Category 1     Category 1        0.118       0.118             0.000           -0.038
       Category 1     Category 2        0.003       0.002             0.000            0.261
       Category 2     Category 1        0.732       0.732             0.000            0.028
       Category 2     Category 2        0.147       0.148             0.000           -0.035
     COG051         COG063
       Category 1     Category 1        0.118       0.120            -0.002           -0.201
       Category 1     Category 2        0.003       0.000             0.002            3.778
       Category 2     Category 1        0.769       0.766             0.002            0.155
       Category 2     Category 2        0.111       0.113            -0.002           -0.206
     COG051         COG064
       Category 1     Category 1        0.115       0.118            -0.003           -0.226
       Category 1     Category 2        0.005       0.003             0.003            1.392
       Category 2     Category 1        0.648       0.645             0.003            0.152
       Category 2     Category 2        0.231       0.234            -0.003           -0.172
     COG051         COG066
       Category 1     Category 1        0.120       0.120             0.000            0.019
       Category 1     Category 2        0.000       0.000             0.000           -0.415
       Category 2     Category 1        0.704       0.704             0.000           -0.014
       Category 2     Category 2        0.176       0.176             0.000            0.017
     COG052         COG053
       Category 1     Category 1        0.141       0.135             0.006            0.495
       Category 1     Category 2        0.176       0.182            -0.006           -0.438
       Category 2     Category 1        0.194       0.200            -0.006           -0.423
       Category 2     Category 2        0.490       0.484             0.006            0.338
     COG052         COG054
       Category 1     Category 1        0.157       0.131             0.026            2.114
       Category 1     Category 2        0.160       0.186            -0.026           -1.832
       Category 2     Category 1        0.175       0.201            -0.026           -1.779
       Category 2     Category 2        0.509       0.483             0.026            1.426
     COG052         COG055
       Category 1     Category 1        0.077       0.068             0.009            0.965
       Category 1     Category 2        0.240       0.248            -0.009           -0.563
       Category 2     Category 1        0.045       0.054            -0.009           -1.080
       Category 2     Category 2        0.639       0.630             0.009            0.504
     COG052         COG056
       Category 1     Category 1        0.180       0.200            -0.020           -1.369
       Category 1     Category 2        0.137       0.117             0.020            1.707
       Category 2     Category 1        0.261       0.241             0.020            1.281
       Category 2     Category 2        0.422       0.442            -0.020           -1.103
     COG052         COG057
       Category 1     Category 1        0.277       0.274             0.003            0.185
       Category 1     Category 2        0.039       0.042            -0.003           -0.410
       Category 2     Category 1        0.539       0.542            -0.003           -0.166
       Category 2     Category 2        0.145       0.142             0.003            0.237
     COG052         COG058
       Category 1     Category 1        0.171       0.190            -0.019           -1.319
       Category 1     Category 2        0.146       0.127             0.019            1.552
       Category 2     Category 1        0.264       0.245             0.019            1.202
       Category 2     Category 2        0.419       0.439            -0.019           -1.042
     COG052         COG060
       Category 1     Category 1        0.237       0.249            -0.012           -0.736
       Category 1     Category 2        0.080       0.068             0.012            1.262
       Category 2     Category 1        0.375       0.363             0.012            0.661
       Category 2     Category 2        0.309       0.320            -0.012           -0.682
     COG052         COG061
       Category 1     Category 1        0.277       0.278            -0.001           -0.043
       Category 1     Category 2        0.039       0.039             0.001            0.100
       Category 2     Category 1        0.482       0.481             0.001            0.039
       Category 2     Category 2        0.202       0.202            -0.001           -0.048
     COG052         COG062
       Category 1     Category 1        0.291       0.291             0.000           -0.012
       Category 1     Category 2        0.026       0.026             0.000            0.036
       Category 2     Category 1        0.559       0.559             0.000            0.011
       Category 2     Category 2        0.124       0.125             0.000           -0.017
     COG052         COG063
       Category 1     Category 1        0.302       0.303            -0.001           -0.069
       Category 1     Category 2        0.015       0.014             0.001            0.271
       Category 2     Category 1        0.585       0.583             0.001            0.064
       Category 2     Category 2        0.099       0.100            -0.001           -0.105
     COG052         COG064
       Category 1     Category 1        0.280       0.277             0.003            0.195
       Category 1     Category 2        0.037       0.040            -0.003           -0.447
       Category 2     Category 1        0.483       0.486            -0.003           -0.175
       Category 2     Category 2        0.200       0.197             0.003            0.219
     COG052         COG066
       Category 1     Category 1        0.288       0.296            -0.007           -0.446
       Category 1     Category 2        0.028       0.021             0.007            1.420
       Category 2     Category 1        0.536       0.528             0.007            0.407
       Category 2     Category 2        0.147       0.155            -0.007           -0.562
     COG053         COG054
       Category 1     Category 1        0.139       0.139             0.001            0.057
       Category 1     Category 2        0.195       0.196            -0.001           -0.049
       Category 2     Category 1        0.192       0.193            -0.001           -0.050
       Category 2     Category 2        0.474       0.473             0.001            0.039
     COG053         COG055
       Category 1     Category 1        0.065       0.073            -0.008           -0.794
       Category 1     Category 2        0.269       0.262             0.008            0.468
       Category 2     Category 1        0.057       0.049             0.008            0.951
       Category 2     Category 2        0.609       0.617            -0.008           -0.423
     COG053         COG056
       Category 1     Category 1        0.172       0.213            -0.041           -2.732
       Category 1     Category 2        0.162       0.121             0.041            3.427
       Category 2     Category 1        0.269       0.228             0.041            2.666
       Category 2     Category 2        0.396       0.438            -0.041           -2.255
     COG053         COG057
       Category 1     Category 1        0.286       0.290            -0.005           -0.271
       Category 1     Category 2        0.049       0.044             0.005            0.599
       Category 2     Category 1        0.530       0.526             0.005            0.246
       Category 2     Category 2        0.135       0.140            -0.005           -0.355
     COG053         COG058
       Category 1     Category 1        0.157       0.201            -0.045           -3.017
       Category 1     Category 2        0.177       0.133             0.045            3.567
       Category 2     Category 1        0.277       0.233             0.045            2.863
       Category 2     Category 2        0.388       0.433            -0.045           -2.443
     COG053         COG060
       Category 1     Category 1        0.226       0.264            -0.038           -2.344
       Category 1     Category 2        0.108       0.070             0.038            4.043
       Category 2     Category 1        0.386       0.348             0.038            2.169
       Category 2     Category 2        0.280       0.318            -0.038           -2.218
     COG053         COG061
       Category 1     Category 1        0.269       0.295            -0.025           -1.515
       Category 1     Category 2        0.065       0.040             0.025            3.544
       Category 2     Category 1        0.490       0.464             0.025            1.385
       Category 2     Category 2        0.176       0.201            -0.025           -1.722
     COG053         COG062
       Category 1     Category 1        0.298       0.308            -0.010           -0.604
       Category 1     Category 2        0.037       0.026             0.010            1.742
       Category 2     Category 1        0.552       0.542             0.010            0.559
       Category 2     Category 2        0.114       0.124            -0.010           -0.846
     COG053         COG063
       Category 1     Category 1        0.310       0.320            -0.011           -0.612
       Category 1     Category 2        0.024       0.014             0.011            2.445
       Category 2     Category 1        0.576       0.566             0.011            0.576
       Category 2     Category 2        0.089       0.100            -0.011           -0.953
     COG053         COG064
       Category 1     Category 1        0.294       0.293             0.000            0.019
       Category 1     Category 2        0.041       0.041             0.000           -0.044
       Category 2     Category 1        0.470       0.470             0.000           -0.017
       Category 2     Category 2        0.196       0.196             0.000            0.022
     COG053         COG066
       Category 1     Category 1        0.294       0.313            -0.020           -1.145
       Category 1     Category 2        0.041       0.021             0.020            3.700
       Category 2     Category 1        0.530       0.511             0.020            1.063
       Category 2     Category 2        0.135       0.155            -0.020           -1.468
     COG054         COG055
       Category 1     Category 1        0.073       0.069             0.004            0.453
       Category 1     Category 2        0.258       0.263            -0.004           -0.261
       Category 2     Category 1        0.049       0.053            -0.004           -0.512
       Category 2     Category 2        0.620       0.616             0.004            0.236
     COG054         COG056
       Category 1     Category 1        0.179       0.205            -0.026           -1.772
       Category 1     Category 2        0.153       0.127             0.026            2.151
       Category 2     Category 1        0.263       0.236             0.026            1.684
       Category 2     Category 2        0.406       0.432            -0.026           -1.444
     COG054         COG057
       Category 1     Category 1        0.294       0.286             0.007            0.449
       Category 1     Category 2        0.038       0.045            -0.007           -0.975
       Category 2     Category 1        0.522       0.530            -0.007           -0.407
       Category 2     Category 2        0.146       0.139             0.007            0.587
     COG054         COG058
       Category 1     Category 1        0.189       0.194            -0.005           -0.346
       Category 1     Category 2        0.142       0.137             0.005            0.398
       Category 2     Category 1        0.245       0.240             0.005            0.321
       Category 2     Category 2        0.424       0.429            -0.005           -0.277
     COG054         COG060
       Category 1     Category 1        0.250       0.256            -0.006           -0.375
       Category 1     Category 2        0.081       0.075             0.006            0.620
       Category 2     Category 1        0.361       0.355             0.006            0.342
       Category 2     Category 2        0.307       0.313            -0.006           -0.353
     COG054         COG061
       Category 1     Category 1        0.288       0.289            -0.001           -0.031
       Category 1     Category 2        0.043       0.043             0.001            0.070
       Category 2     Category 1        0.471       0.470             0.001            0.029
       Category 2     Category 2        0.198       0.198            -0.001           -0.036
     COG054         COG062
       Category 1     Category 1        0.298       0.303            -0.006           -0.339
       Category 1     Category 2        0.034       0.028             0.006            0.944
       Category 2     Category 1        0.552       0.546             0.006            0.313
       Category 2     Category 2        0.116       0.122            -0.006           -0.476
     COG054         COG063
       Category 1     Category 1        0.313       0.316            -0.003           -0.194
       Category 1     Category 2        0.019       0.016             0.003            0.726
       Category 2     Category 1        0.574       0.570             0.003            0.182
       Category 2     Category 2        0.095       0.098            -0.003           -0.303
     COG054         COG064
       Category 1     Category 1        0.299       0.288             0.011            0.686
       Category 1     Category 2        0.032       0.044            -0.011           -1.516
       Category 2     Category 1        0.464       0.476            -0.011           -0.622
       Category 2     Category 2        0.204       0.193             0.011            0.787
     COG054         COG066
       Category 1     Category 1        0.310       0.308             0.002            0.136
       Category 1     Category 2        0.022       0.024            -0.002           -0.410
       Category 2     Category 1        0.514       0.517            -0.002           -0.125
       Category 2     Category 2        0.154       0.152             0.002            0.175
     COG055         COG056
       Category 1     Category 1        0.110       0.115            -0.005           -0.419
       Category 1     Category 2        0.012       0.007             0.005            1.571
       Category 2     Category 1        0.332       0.327             0.005            0.285
       Category 2     Category 2        0.547       0.552            -0.005           -0.268
     COG055         COG057
       Category 1     Category 1        0.118       0.114             0.004            0.350
       Category 1     Category 2        0.004       0.008            -0.004           -1.236
       Category 2     Category 1        0.698       0.702            -0.004           -0.243
       Category 2     Category 2        0.180       0.176             0.004            0.292
     COG055         COG058
       Category 1     Category 1        0.112       0.107             0.005            0.484
       Category 1     Category 2        0.009       0.015            -0.005           -1.231
       Category 2     Category 1        0.322       0.328            -0.005           -0.318
       Category 2     Category 2        0.556       0.551             0.005            0.300
     COG055         COG060
       Category 1     Category 1        0.115       0.120            -0.005           -0.388
       Category 1     Category 2        0.007       0.002             0.005            2.730
       Category 2     Category 1        0.497       0.492             0.005            0.252
       Category 2     Category 2        0.382       0.386            -0.005           -0.259
     COG055         COG061
       Category 1     Category 1        0.120       0.120             0.000            0.001
       Category 1     Category 2        0.001       0.001             0.000           -0.008
       Category 2     Category 1        0.639       0.639             0.000           -0.001
       Category 2     Category 2        0.240       0.240             0.000            0.001
     COG055         COG062
       Category 1     Category 1        0.122       0.120             0.002            0.148
       Category 1     Category 2        0.000       0.002            -0.002           -1.146
       Category 2     Category 1        0.728       0.730            -0.002           -0.109
       Category 2     Category 2        0.150       0.148             0.002            0.136
     COG055         COG063
       Category 1     Category 1        0.122       0.122             0.000            0.013
       Category 1     Category 2        0.000       0.000             0.000           -0.339
       Category 2     Category 1        0.765       0.765             0.000           -0.010
       Category 2     Category 2        0.114       0.114             0.000            0.013
     COG055         COG064
       Category 1     Category 1        0.120       0.120             0.001            0.052
       Category 1     Category 2        0.001       0.002            -0.001           -0.380
       Category 2     Category 1        0.643       0.643            -0.001           -0.035
       Category 2     Category 2        0.235       0.235             0.001            0.040
     COG055         COG066
       Category 1     Category 1        0.122       0.122             0.000            0.007
       Category 1     Category 2        0.000       0.000             0.000           -0.245
       Category 2     Category 1        0.702       0.702             0.000           -0.005
       Category 2     Category 2        0.176       0.176             0.000            0.006
     COG056         COG057
       Category 1     Category 1        0.386       0.397            -0.011           -0.605
       Category 1     Category 2        0.055       0.045             0.011            1.433
       Category 2     Category 1        0.430       0.419             0.011            0.600
       Category 2     Category 2        0.129       0.139            -0.011           -0.854
     COG056         COG058
       Category 1     Category 1        0.334       0.319             0.015            0.861
       Category 1     Category 2        0.107       0.122            -0.015           -1.229
       Category 2     Category 1        0.100       0.115            -0.015           -1.259
       Category 2     Category 2        0.459       0.444             0.015            0.808
     COG056         COG060
       Category 1     Category 1        0.425       0.408             0.017            0.918
       Category 1     Category 2        0.016       0.033            -0.017           -2.532
       Category 2     Category 1        0.187       0.203            -0.017           -1.121
       Category 2     Category 2        0.372       0.356             0.017            0.943
     COG056         COG061
       Category 1     Category 1        0.413       0.424            -0.011           -0.593
       Category 1     Category 2        0.028       0.018             0.011            2.228
       Category 2     Category 1        0.346       0.336             0.011            0.621
       Category 2     Category 2        0.212       0.223            -0.011           -0.704
     COG056         COG062
       Category 1     Category 1        0.415       0.425            -0.010           -0.526
       Category 1     Category 2        0.026       0.016             0.010            2.063
       Category 2     Category 1        0.434       0.425             0.010            0.526
       Category 2     Category 2        0.124       0.134            -0.010           -0.763
     COG056         COG063
       Category 1     Category 1        0.434       0.438            -0.004           -0.224
       Category 1     Category 2        0.007       0.003             0.004            2.157
       Category 2     Category 1        0.452       0.448             0.004            0.224
       Category 2     Category 2        0.107       0.111            -0.004           -0.354
     COG056         COG064
       Category 1     Category 1        0.413       0.419            -0.007           -0.359
       Category 1     Category 2        0.028       0.022             0.007            1.209
       Category 2     Category 1        0.350       0.344             0.007            0.373
       Category 2     Category 2        0.208       0.215            -0.007           -0.431
     COG056         COG066
       Category 1     Category 1        0.437       0.439            -0.002           -0.122
       Category 1     Category 2        0.004       0.002             0.002            1.412
       Category 2     Category 1        0.387       0.385             0.002            0.124
       Category 2     Category 2        0.172       0.174            -0.002           -0.159
     COG057         COG058
       Category 1     Category 1        0.388       0.386             0.002            0.125
       Category 1     Category 2        0.428       0.430            -0.002           -0.123
       Category 2     Category 1        0.046       0.048            -0.002           -0.284
       Category 2     Category 2        0.138       0.136             0.002            0.178
     COG057         COG060
       Category 1     Category 1        0.535       0.537            -0.002           -0.111
       Category 1     Category 2        0.281       0.279             0.002            0.123
       Category 2     Category 1        0.077       0.075             0.002            0.210
       Category 2     Category 2        0.107       0.109            -0.002           -0.178
     COG057         COG061
       Category 1     Category 1        0.656       0.648             0.008            0.480
       Category 1     Category 2        0.160       0.168            -0.008           -0.612
       Category 2     Category 1        0.103       0.111            -0.008           -0.728
       Category 2     Category 2        0.081       0.073             0.008            0.882
     COG057         COG062
       Category 1     Category 1        0.713       0.711             0.003            0.155
       Category 1     Category 2        0.103       0.105            -0.003           -0.228
       Category 2     Category 1        0.137       0.139            -0.003           -0.203
       Category 2     Category 2        0.047       0.045             0.003            0.339
     COG057         COG063
       Category 1     Category 1        0.744       0.742             0.002            0.115
       Category 1     Category 2        0.072       0.074            -0.002           -0.193
       Category 2     Category 1        0.142       0.144            -0.002           -0.144
       Category 2     Category 2        0.042       0.040             0.002            0.257
     COG057         COG064
       Category 1     Category 1        0.654       0.649             0.004            0.255
       Category 1     Category 2        0.162       0.167            -0.004           -0.326
       Category 2     Category 1        0.110       0.114            -0.004           -0.382
       Category 2     Category 2        0.074       0.070             0.004            0.477
     COG057         COG066
       Category 1     Category 1        0.698       0.701            -0.003           -0.179
       Category 1     Category 2        0.118       0.115             0.003            0.257
       Category 2     Category 1        0.126       0.123             0.003            0.250
       Category 2     Category 2        0.058       0.061            -0.003           -0.342
     COG058         COG060
       Category 1     Category 1        0.398       0.381             0.017            0.925
       Category 1     Category 2        0.037       0.053            -0.017           -2.004
       Category 2     Category 1        0.214       0.230            -0.017           -1.067
       Category 2     Category 2        0.352       0.335             0.017            0.952
     COG058         COG061
       Category 1     Category 1        0.403       0.406            -0.003           -0.176
       Category 1     Category 2        0.031       0.028             0.003            0.524
       Category 2     Category 1        0.356       0.353             0.003            0.181
       Category 2     Category 2        0.210       0.213            -0.003           -0.211
     COG058         COG062
       Category 1     Category 1        0.413       0.413             0.000           -0.012
       Category 1     Category 2        0.022       0.021             0.000            0.042
       Category 2     Category 1        0.437       0.437             0.000            0.012
       Category 2     Category 2        0.129       0.129             0.000           -0.018
     COG058         COG063
       Category 1     Category 1        0.428       0.428             0.000           -0.020
       Category 1     Category 2        0.007       0.006             0.000            0.127
       Category 2     Category 1        0.459       0.458             0.000            0.020
       Category 2     Category 2        0.107       0.107             0.000           -0.033
     COG058         COG064
       Category 1     Category 1        0.402       0.403            -0.001           -0.055
       Category 1     Category 2        0.032       0.031             0.001            0.153
       Category 2     Category 1        0.361       0.360             0.001            0.056
       Category 2     Category 2        0.204       0.205            -0.001           -0.066
     COG058         COG066
       Category 1     Category 1        0.434       0.427             0.008            0.431
       Category 1     Category 2        0.000       0.008            -0.008           -2.416
       Category 2     Category 1        0.390       0.398            -0.008           -0.435
       Category 2     Category 2        0.176       0.168             0.008            0.570
     COG060         COG061
       Category 1     Category 1        0.551       0.563            -0.012           -0.652
       Category 1     Category 2        0.061       0.049             0.012            1.499
       Category 2     Category 1        0.208       0.196             0.012            0.814
       Category 2     Category 2        0.180       0.192            -0.012           -0.822
     COG060         COG062
       Category 1     Category 1        0.568       0.575            -0.007           -0.389
       Category 1     Category 2        0.043       0.036             0.007            1.030
       Category 2     Category 1        0.281       0.274             0.007            0.431
       Category 2     Category 2        0.107       0.114            -0.007           -0.606
     COG060         COG063
       Category 1     Category 1        0.598       0.601            -0.003           -0.151
       Category 1     Category 2        0.014       0.011             0.003            0.717
       Category 2     Category 1        0.288       0.285             0.003            0.164
       Category 2     Category 2        0.100       0.103            -0.003           -0.244
     COG060         COG064
       Category 1     Category 1        0.551       0.557            -0.006           -0.349
       Category 1     Category 2        0.061       0.055             0.006            0.763
       Category 2     Category 1        0.212       0.206             0.006            0.428
       Category 2     Category 2        0.176       0.182            -0.006           -0.449
     COG060         COG066
       Category 1     Category 1        0.599       0.599             0.000            0.018
       Category 1     Category 2        0.012       0.013             0.000           -0.081
       Category 2     Category 1        0.225       0.225             0.000           -0.022
       Category 2     Category 2        0.164       0.163             0.000            0.024
     COG061         COG062
       Category 1     Category 1        0.696       0.690             0.006            0.349
       Category 1     Category 2        0.064       0.070            -0.006           -0.634
       Category 2     Category 1        0.154       0.160            -0.006           -0.440
       Category 2     Category 2        0.087       0.081             0.006            0.593
     COG061         COG063
       Category 1     Category 1        0.744       0.724             0.020            1.233
       Category 1     Category 2        0.015       0.035            -0.020           -2.992
       Category 2     Category 1        0.142       0.162            -0.020           -1.494
       Category 2     Category 2        0.099       0.079             0.020            2.049
     COG061         COG064
       Category 1     Category 1        0.651       0.649             0.002            0.117
       Category 1     Category 2        0.108       0.110            -0.002           -0.178
       Category 2     Category 1        0.112       0.114            -0.002           -0.176
       Category 2     Category 2        0.129       0.126             0.002            0.168
     COG061         COG066
       Category 1     Category 1        0.719       0.705             0.013            0.789
       Category 1     Category 2        0.041       0.054            -0.013           -1.594
       Category 2     Category 1        0.106       0.119            -0.013           -1.112
       Category 2     Category 2        0.135       0.122             0.013            1.099
     COG062         COG063
       Category 1     Category 1        0.786       0.785             0.001            0.086
       Category 1     Category 2        0.064       0.065            -0.001           -0.144
       Category 2     Category 1        0.100       0.101            -0.001           -0.117
       Category 2     Category 2        0.050       0.049             0.001            0.164
     COG062         COG064
       Category 1     Category 1        0.694       0.690             0.005            0.268
       Category 1     Category 2        0.156       0.160            -0.005           -0.337
       Category 2     Category 1        0.069       0.074            -0.005           -0.474
       Category 2     Category 2        0.081       0.077             0.005            0.465
     COG062         COG066
       Category 1     Category 1        0.758       0.748             0.010            0.635
       Category 1     Category 2        0.092       0.102            -0.010           -0.911
       Category 2     Category 1        0.066       0.076            -0.010           -1.038
       Category 2     Category 2        0.084       0.074             0.010            1.055
     COG063         COG064
       Category 1     Category 1        0.724       0.724             0.000            0.027
       Category 1     Category 2        0.162       0.163             0.000           -0.033
       Category 2     Category 1        0.039       0.040             0.000           -0.062
       Category 2     Category 2        0.074       0.074             0.000            0.046
     COG063         COG066
       Category 1     Category 1        0.788       0.788            -0.001           -0.051
       Category 1     Category 2        0.099       0.098             0.001            0.070
       Category 2     Category 1        0.037       0.036             0.001            0.111
       Category 2     Category 2        0.077       0.078            -0.001           -0.077
     COG064         COG066
       Category 1     Category 1        0.710       0.702             0.009            0.519
       Category 1     Category 2        0.053       0.062            -0.009           -0.989
       Category 2     Category 1        0.114       0.122            -0.009           -0.725
       Category 2     Category 2        0.123       0.114             0.009            0.747


MODEL MODIFICATION INDICES

NOTE:  Modification indices for direct effects of observed dependent variables
regressed on covariates and residual covariances among observed dependent
variables may not be included.  To include these, request MODINDICES (ALL).

Minimum M.I. value for printing the modification index    10.000

                                   M.I.     E.P.C.  Std E.P.C.  StdYX E.P.C.

WITH Statements

COG045   WITH COG040              42.997     0.416      0.416        0.483
COG050   WITH COG040              25.652     0.341      0.341        0.414
COG050   WITH COG045              62.735     0.406      0.406        0.509
COG052   WITH COG043              40.202     0.379      0.379        0.486
COG053   WITH COG048             512.763     0.854      0.854        1.177
COG054   WITH COG052              10.769     0.196      0.196        0.243
COG056   WITH COG048              31.848    -0.481     -0.481       -1.459
COG056   WITH COG049              43.224     0.281      0.281        1.196
COG056   WITH COG053              21.477    -0.303     -0.303       -0.865
COG058   WITH COG048              15.294    -0.326     -0.326       -0.653
COG058   WITH COG053              24.759    -0.327     -0.327       -0.615
COG060   WITH COG048              17.856    -0.364     -0.364       -1.010
COG060   WITH COG053              21.178    -0.306     -0.306       -0.797
COG060   WITH COG056              32.904     0.185      0.185        1.060
COG060   WITH COG058              11.199     0.129      0.129        0.490
COG061   WITH COG048              18.381    -0.399     -0.399       -0.805
COG061   WITH COG053              13.461    -0.261     -0.261       -0.495
COG063   WITH COG061              40.921     0.282      0.282        0.818
COG066   WITH COG053              11.949    -0.265     -0.265       -0.815


TECHNICAL 1 OUTPUT


     PARAMETER SPECIFICATION


           TAU
              COG040$1      COG041$1      COG043$1      COG044$1      COG045$1
              ________      ________      ________      ________      ________
                  1             2             3             4             5


           TAU
              COG046$1      COG048$1      COG049$1      COG050$1      COG051$1
              ________      ________      ________      ________      ________
                  6             7             8             9            10


           TAU
              COG052$1      COG053$1      COG054$1      COG055$1      COG056$1
              ________      ________      ________      ________      ________
                 11            12            13            14            15


           TAU
              COG057$1      COG058$1      COG060$1      COG061$1      COG062$1
              ________      ________      ________      ________      ________
                 16            17            18            19            20


           TAU
              COG063$1      COG064$1      COG066$1
              ________      ________      ________
                 21            22            23


           NU
              COG040        COG041        COG043        COG044        COG045
              ________      ________      ________      ________      ________
                  0             0             0             0             0


           NU
              COG046        COG048        COG049        COG050        COG051
              ________      ________      ________      ________      ________
                  0             0             0             0             0


           NU
              COG052        COG053        COG054        COG055        COG056
              ________      ________      ________      ________      ________
                  0             0             0             0             0


           NU
              COG057        COG058        COG060        COG061        COG062
              ________      ________      ________      ________      ________
                  0             0             0             0             0


           NU
              COG063        COG064        COG066        QCHATTOT
              ________      ________      ________      ________
                  0             0             0             0


           LAMBDA
              COG           QCHATTOT
              ________      ________
 COG040             0             0
 COG041            24             0
 COG043            25             0
 COG044            26             0
 COG045            27             0
 COG046            28             0
 COG048            29             0
 COG049            30             0
 COG050            31             0
 COG051            32             0
 COG052            33             0
 COG053            34             0
 COG054            35             0
 COG055            36             0
 COG056            37             0
 COG057            38             0
 COG058            39             0
 COG060            40             0
 COG061            41             0
 COG062            42             0
 COG063            43             0
 COG064            44             0
 COG066            45             0
 QCHATTOT           0             0


           THETA
              COG040        COG041        COG043        COG044        COG045
              ________      ________      ________      ________      ________
 COG040             0
 COG041             0             0
 COG043             0             0             0
 COG044             0             0             0             0
 COG045             0             0             0             0             0
 COG046             0             0             0             0             0
 COG048             0             0             0             0             0
 COG049             0             0             0             0             0
 COG050             0             0             0             0             0
 COG051             0             0             0             0             0
 COG052             0             0             0             0             0
 COG053             0             0             0             0             0
 COG054             0             0             0             0             0
 COG055             0             0             0             0             0
 COG056             0             0             0             0             0
 COG057             0             0             0             0             0
 COG058             0             0             0             0             0
 COG060             0             0             0             0             0
 COG061             0             0             0             0             0
 COG062             0             0             0             0             0
 COG063             0             0             0             0             0
 COG064             0             0             0             0             0
 COG066             0             0             0             0             0
 QCHATTOT           0             0             0             0             0


           THETA
              COG046        COG048        COG049        COG050        COG051
              ________      ________      ________      ________      ________
 COG046             0
 COG048             0             0
 COG049             0             0             0
 COG050             0             0             0             0
 COG051             0             0             0             0             0
 COG052             0             0             0             0             0
 COG053             0             0             0             0             0
 COG054             0             0             0             0             0
 COG055             0             0             0             0             0
 COG056             0             0             0             0             0
 COG057             0             0             0             0             0
 COG058             0             0             0             0             0
 COG060             0             0             0             0             0
 COG061             0             0             0             0             0
 COG062             0             0             0             0             0
 COG063             0             0             0             0             0
 COG064             0             0             0             0             0
 COG066             0             0             0             0             0
 QCHATTOT           0             0             0             0             0


           THETA
              COG052        COG053        COG054        COG055        COG056
              ________      ________      ________      ________      ________
 COG052             0
 COG053             0             0
 COG054             0             0             0
 COG055             0             0             0             0
 COG056             0             0             0             0             0
 COG057             0             0             0             0             0
 COG058             0             0             0             0             0
 COG060             0             0             0             0             0
 COG061             0             0             0             0             0
 COG062             0             0             0             0             0
 COG063             0             0             0             0             0
 COG064             0             0             0             0             0
 COG066             0             0             0             0             0
 QCHATTOT           0             0             0             0             0


           THETA
              COG057        COG058        COG060        COG061        COG062
              ________      ________      ________      ________      ________
 COG057             0
 COG058             0             0
 COG060             0             0             0
 COG061             0             0             0             0
 COG062             0             0             0             0             0
 COG063             0             0             0             0             0
 COG064             0             0             0             0             0
 COG066             0             0             0             0             0
 QCHATTOT           0             0             0             0             0


           THETA
              COG063        COG064        COG066        QCHATTOT
              ________      ________      ________      ________
 COG063             0
 COG064             0             0
 COG066             0             0             0
 QCHATTOT           0             0             0             0


           ALPHA
              COG           QCHATTOT
              ________      ________
                  0            46


           BETA
              COG           QCHATTOT
              ________      ________
 COG                0             0
 QCHATTOT           0             0


           PSI
              COG           QCHATTOT
              ________      ________
 COG               47
 QCHATTOT          48            49


     STARTING VALUES


           TAU
              COG040$1      COG041$1      COG043$1      COG044$1      COG045$1
              ________      ________      ________      ________      ________
               -1.140        -0.583        -1.065        -1.214        -0.326


           TAU
              COG046$1      COG048$1      COG049$1      COG050$1      COG051$1
              ________      ________      ________      ________      ________
                0.032        -1.236        -1.013        -0.603        -1.173


           TAU
              COG052$1      COG053$1      COG054$1      COG055$1      COG056$1
              ________      ________      ________      ________      ________
               -0.477        -0.428        -0.436        -1.166        -0.148


           TAU
              COG057$1      COG058$1      COG060$1      COG061$1      COG062$1
              ________      ________      ________      ________      ________
                0.900        -0.165         0.284         0.704         1.036


           TAU
              COG063$1      COG064$1      COG066$1
              ________      ________      ________
                1.207         0.717         0.931


           NU
              COG040        COG041        COG043        COG044        COG045
              ________      ________      ________      ________      ________
                0.000         0.000         0.000         0.000         0.000


           NU
              COG046        COG048        COG049        COG050        COG051
              ________      ________      ________      ________      ________
                0.000         0.000         0.000         0.000         0.000


           NU
              COG052        COG053        COG054        COG055        COG056
              ________      ________      ________      ________      ________
                0.000         0.000         0.000         0.000         0.000


           NU
              COG057        COG058        COG060        COG061        COG062
              ________      ________      ________      ________      ________
                0.000         0.000         0.000         0.000         0.000


           NU
              COG063        COG064        COG066        QCHATTOT
              ________      ________      ________      ________
                0.000         0.000         0.000         0.000


           LAMBDA
              COG           QCHATTOT
              ________      ________
 COG040         1.000         0.000
 COG041         1.000         0.000
 COG043         1.000         0.000
 COG044         1.000         0.000
 COG045         1.000         0.000
 COG046         1.000         0.000
 COG048         1.000         0.000
 COG049         1.000         0.000
 COG050         1.000         0.000
 COG051         1.000         0.000
 COG052         1.000         0.000
 COG053         1.000         0.000
 COG054         1.000         0.000
 COG055         1.000         0.000
 COG056         1.000         0.000
 COG057         1.000         0.000
 COG058         1.000         0.000
 COG060         1.000         0.000
 COG061         1.000         0.000
 COG062         1.000         0.000
 COG063         1.000         0.000
 COG064         1.000         0.000
 COG066         1.000         0.000
 QCHATTOT       0.000         1.000


           THETA
              COG040        COG041        COG043        COG044        COG045
              ________      ________      ________      ________      ________
 COG040         1.000
 COG041         0.000         1.000
 COG043         0.000         0.000         1.000
 COG044         0.000         0.000         0.000         1.000
 COG045         0.000         0.000         0.000         0.000         1.000
 COG046         0.000         0.000         0.000         0.000         0.000
 COG048         0.000         0.000         0.000         0.000         0.000
 COG049         0.000         0.000         0.000         0.000         0.000
 COG050         0.000         0.000         0.000         0.000         0.000
 COG051         0.000         0.000         0.000         0.000         0.000
 COG052         0.000         0.000         0.000         0.000         0.000
 COG053         0.000         0.000         0.000         0.000         0.000
 COG054         0.000         0.000         0.000         0.000         0.000
 COG055         0.000         0.000         0.000         0.000         0.000
 COG056         0.000         0.000         0.000         0.000         0.000
 COG057         0.000         0.000         0.000         0.000         0.000
 COG058         0.000         0.000         0.000         0.000         0.000
 COG060         0.000         0.000         0.000         0.000         0.000
 COG061         0.000         0.000         0.000         0.000         0.000
 COG062         0.000         0.000         0.000         0.000         0.000
 COG063         0.000         0.000         0.000         0.000         0.000
 COG064         0.000         0.000         0.000         0.000         0.000
 COG066         0.000         0.000         0.000         0.000         0.000
 QCHATTOT       0.000         0.000         0.000         0.000         0.000


           THETA
              COG046        COG048        COG049        COG050        COG051
              ________      ________      ________      ________      ________
 COG046         1.000
 COG048         0.000         1.000
 COG049         0.000         0.000         1.000
 COG050         0.000         0.000         0.000         1.000
 COG051         0.000         0.000         0.000         0.000         1.000
 COG052         0.000         0.000         0.000         0.000         0.000
 COG053         0.000         0.000         0.000         0.000         0.000
 COG054         0.000         0.000         0.000         0.000         0.000
 COG055         0.000         0.000         0.000         0.000         0.000
 COG056         0.000         0.000         0.000         0.000         0.000
 COG057         0.000         0.000         0.000         0.000         0.000
 COG058         0.000         0.000         0.000         0.000         0.000
 COG060         0.000         0.000         0.000         0.000         0.000
 COG061         0.000         0.000         0.000         0.000         0.000
 COG062         0.000         0.000         0.000         0.000         0.000
 COG063         0.000         0.000         0.000         0.000         0.000
 COG064         0.000         0.000         0.000         0.000         0.000
 COG066         0.000         0.000         0.000         0.000         0.000
 QCHATTOT       0.000         0.000         0.000         0.000         0.000


           THETA
              COG052        COG053        COG054        COG055        COG056
              ________      ________      ________      ________      ________
 COG052         1.000
 COG053         0.000         1.000
 COG054         0.000         0.000         1.000
 COG055         0.000         0.000         0.000         1.000
 COG056         0.000         0.000         0.000         0.000         1.000
 COG057         0.000         0.000         0.000         0.000         0.000
 COG058         0.000         0.000         0.000         0.000         0.000
 COG060         0.000         0.000         0.000         0.000         0.000
 COG061         0.000         0.000         0.000         0.000         0.000
 COG062         0.000         0.000         0.000         0.000         0.000
 COG063         0.000         0.000         0.000         0.000         0.000
 COG064         0.000         0.000         0.000         0.000         0.000
 COG066         0.000         0.000         0.000         0.000         0.000
 QCHATTOT       0.000         0.000         0.000         0.000         0.000


           THETA
              COG057        COG058        COG060        COG061        COG062
              ________      ________      ________      ________      ________
 COG057         1.000
 COG058         0.000         1.000
 COG060         0.000         0.000         1.000
 COG061         0.000         0.000         0.000         1.000
 COG062         0.000         0.000         0.000         0.000         1.000
 COG063         0.000         0.000         0.000         0.000         0.000
 COG064         0.000         0.000         0.000         0.000         0.000
 COG066         0.000         0.000         0.000         0.000         0.000
 QCHATTOT       0.000         0.000         0.000         0.000         0.000


           THETA
              COG063        COG064        COG066        QCHATTOT
              ________      ________      ________      ________
 COG063         1.000
 COG064         0.000         1.000
 COG066         0.000         0.000         1.000
 QCHATTOT       0.000         0.000         0.000         0.000


           ALPHA
              COG           QCHATTOT
              ________      ________
                0.000         0.000


           BETA
              COG           QCHATTOT
              ________      ________
 COG            0.000         0.000
 QCHATTOT       0.000         0.000


           PSI
              COG           QCHATTOT
              ________      ________
 COG            0.050
 QCHATTOT       0.000         0.500


TECHNICAL 4 OUTPUT


     ESTIMATES DERIVED FROM THE MODEL


           ESTIMATED MEANS FOR THE LATENT VARIABLES
              COG           QCHATTOT
              ________      ________
                0.000         0.000


           ESTIMATED COVARIANCE MATRIX FOR THE LATENT VARIABLES
              COG           QCHATTOT
              ________      ________
 COG            0.114
 QCHATTOT      -0.117         1.000


           ESTIMATED CORRELATION MATRIX FOR THE LATENT VARIABLES
              COG           QCHATTOT
              ________      ________
 COG            1.000
 QCHATTOT      -0.346         1.000


     ESTIMATES DERIVED FROM THE MODEL


           S.E. FOR ESTIMATED MEANS FOR THE LATENT VARIABLES
              COG           QCHATTOT
              ________      ________
                0.000         0.040


           EST./S.E. FOR ESTIMATED MEANS FOR THE LATENT VARIABLES
              COG           QCHATTOT
              ________      ________
                0.000         0.000


           TWO-TAILED P-VALUE FOR ESTIMATED MEANS FOR THE LATENT VARIABLES
              COG           QCHATTOT
              ________      ________
                1.000         1.000


           S.E. FOR ESTIMATED COVARIANCE MATRIX FOR THE LATENT VARIABLES
              COG           QCHATTOT
              ________      ________
 COG            0.039
 QCHATTOT       0.025         0.045


           EST./S.E. FOR ESTIMATED COVARIANCE MATRIX FOR THE LATENT VARIABLES
              COG           QCHATTOT
              ________      ________
 COG            2.942
 QCHATTOT      -4.733        22.255


           TWO-TAILED P-VALUE FOR ESTIMATED COVARIANCE MATRIX FOR THE LATENT VARIABLES
              COG           QCHATTOT
              ________      ________
 COG            0.003
 QCHATTOT       0.000         0.000


           S.E. FOR ESTIMATED CORRELATION MATRIX FOR THE LATENT VARIABLES
              COG           QCHATTOT
              ________      ________
 COG            0.000
 QCHATTOT       0.034         0.000


           EST./S.E. FOR ESTIMATED CORRELATION MATRIX FOR THE LATENT VARIABLES
              COG           QCHATTOT
              ________      ________
 COG          999.000
 QCHATTOT     -10.262       999.000


           TWO-TAILED P-VALUE FOR ESTIMATED CORRELATION MATRIX FOR THE LATENT VARIABLES
              COG           QCHATTOT
              ________      ________
 COG            0.000
 QCHATTOT       0.000         0.000


SAMPLE STATISTICS FOR ESTIMATED FACTOR SCORES


     SAMPLE STATISTICS


           Means
              COG           COG_SE
              ________      ________
                0.002         0.112


           Covariances
              COG           COG_SE
              ________      ________
 COG            0.096
 COG_SE        -0.001         0.000


           Correlations
              COG           COG_SE
              ________      ________
 COG            1.000
 COG_SE        -0.161         1.000


SAVEDATA INFORMATION


  Save file
    ../../fscores_structural.dat

  Order and format of variables

    COG040         F10.3
    COG041         F10.3
    COG043         F10.3
    COG044         F10.3
    COG045         F10.3
    COG046         F10.3
    COG048         F10.3
    COG049         F10.3
    COG050         F10.3
    COG051         F10.3
    COG052         F10.3
    COG053         F10.3
    COG054         F10.3
    COG055         F10.3
    COG056         F10.3
    COG057         F10.3
    COG058         F10.3
    COG060         F10.3
    COG061         F10.3
    COG062         F10.3
    COG063         F10.3
    COG064         F10.3
    COG066         F10.3
    QCHATTOT       F10.3
    COG            F10.3
    COG_SE         F10.3

  Save file format
    26F10.3

  Save file record length    10000

  Save missing symbol        *


     Beginning Time:  14:45:37
        Ending Time:  14:45:37
       Elapsed Time:  00:00:00



MUTHEN & MUTHEN
3463 Stoner Ave.
Los Angeles, CA  90066

Tel: (310) 391-9971
Fax: (310) 391-8971
Web: www.StatModel.com
Support: Support@StatModel.com

Copyright (c) 1998-2021 Muthen & Muthen
