Mplus VERSION 8.6
MUTHEN & MUTHEN
06/04/2026   2:45 PM

INPUT INSTRUCTIONS

  TITLE:
    Structural model - QchatTot outcome ~ WM + GDP + FS
    WLSMV estimator; items treated as categorical (binary)
    Factors: WM, GDP, FS (same measurement model as model_measurement.inp)

  DATA:
    FILE = "../../combined.dat";

  VARIABLE:
    NAMES ARE
      COG034 COG035 COG036 COG037 COG038 COG039 COG040 COG041
      COG042 COG043 COG044 COG045 COG046 COG047 COG048 COG049 COG050
      COG051 COG052 COG053 COG054 COG055 COG056 COG057 COG058
      COG060 COG061 COG062 COG063 COG064 COG065 COG066 COG067 COG068
      GA BirthWt Sex HdCirc IUGR GDiab PrEcl AntCor_P AntCor_C
      MomAge MomEdu DadEdu EthSAsian EthBlack EthMixed EthOther MomEng
      EPDSTot StimEnv PrLax PrOvr PrVrb PrSty
      CBInt CBExt CBTot CBAnx CBWth CBSom CBSlp CBAtt CBAgg
      ECSur ECNeg ECEff BayMot BayLan QchatTot;

    USEVARIABLES ARE
      COG040 COG041
      COG043 COG044 COG045 COG046 COG048 COG049 COG050
      COG051 COG052 COG053 COG054 COG055 COG056 COG057 COG058
      COG060 COG061 COG062 COG063 COG064 COG066
      QchatTot;

    CATEGORICAL ARE
      COG040 COG041
      COG043 COG044 COG045 COG046 COG048 COG049 COG050
      COG051 COG052 COG053 COG054 COG055 COG056 COG057 COG058
      COG060 COG061 COG062 COG063 COG064 COG066;

    MISSING ARE ALL (-999);

  DEFINE:
    STANDARDIZE QchatTot;

  ANALYSIS:
    ESTIMATOR = WLSMV;

  MODEL:
    ! Factor 1: Working Memory
    WM BY
      COG040 COG045 COG050 COG064;

    ! Factor 2: Goal-Directed Problem Solving
    GDP BY
      COG041 COG043 COG044 COG046
      COG048 COG052 COG053 COG057;

    ! Factor 3: Flexibility / Shift
    FS BY
      COG049 COG051 COG054 COG055 COG056
      COG058 COG060 COG061 COG062 COG063 COG066;

    WM  WITH GDP FS;
    GDP WITH FS;

    QchatTot WITH WM GDP FS;

  OUTPUT:
    STANDARDIZED;
    MODINDICES(10);
    RESIDUAL;
    SAMPSTAT;
    TECH1;
    TECH4;
    CINTERVAL;

  SAVEDATA:
    FILE = "../../fscores_structural.dat";
    SAVE = FSCORES;



INPUT READING TERMINATED NORMALLY




Structural model - QchatTot outcome ~ WM + GDP + FS
WLSMV estimator; items treated as categorical (binary)
Factors: WM, GDP, FS (same measurement model as model_measurement.inp)

SUMMARY OF ANALYSIS

Number of groups                                                 1
Number of observations                                         739

Number of dependent variables                                   24
Number of independent variables                                  0
Number of continuous latent variables                            3

Observed dependent variables

  Continuous
   QCHATTOT

  Binary and ordered categorical (ordinal)
   COG040      COG041      COG043      COG044      COG045      COG046
   COG048      COG049      COG050      COG051      COG052      COG053
   COG054      COG055      COG056      COG057      COG058      COG060
   COG061      COG062      COG063      COG064      COG066

Continuous latent variables
   WM          GDP         FS


Estimator                                                    WLSMV
Maximum number of iterations                                  1000
Convergence criterion                                    0.500D-04
Maximum number of steepest descent iterations                   20
Maximum number of iterations for H1                           2000
Convergence criterion for H1                             0.100D-03
Parameterization                                             DELTA
Link                                                        PROBIT

Input data file(s)
  ../../combined.dat

Input data format  FREE


SUMMARY OF DATA

     Number of missing data patterns             2


COVARIANCE COVERAGE OF DATA

Minimum covariance coverage value   0.100


     PROPORTION OF DATA PRESENT


           Covariance Coverage
              COG040        COG041        COG043        COG044        COG045
              ________      ________      ________      ________      ________
 COG040         1.000
 COG041         1.000         1.000
 COG043         1.000         1.000         1.000
 COG044         1.000         1.000         1.000         1.000
 COG045         1.000         1.000         1.000         1.000         1.000
 COG046         1.000         1.000         1.000         1.000         1.000
 COG048         1.000         1.000         1.000         1.000         1.000
 COG049         1.000         1.000         1.000         1.000         1.000
 COG050         1.000         1.000         1.000         1.000         1.000
 COG051         1.000         1.000         1.000         1.000         1.000
 COG052         1.000         1.000         1.000         1.000         1.000
 COG053         1.000         1.000         1.000         1.000         1.000
 COG054         1.000         1.000         1.000         1.000         1.000
 COG055         1.000         1.000         1.000         1.000         1.000
 COG056         1.000         1.000         1.000         1.000         1.000
 COG057         1.000         1.000         1.000         1.000         1.000
 COG058         1.000         1.000         1.000         1.000         1.000
 COG060         1.000         1.000         1.000         1.000         1.000
 COG061         1.000         1.000         1.000         1.000         1.000
 COG062         1.000         1.000         1.000         1.000         1.000
 COG063         1.000         1.000         1.000         1.000         1.000
 COG064         1.000         1.000         1.000         1.000         1.000
 COG066         1.000         1.000         1.000         1.000         1.000
 QCHATTOT       0.981         0.981         0.981         0.981         0.981


           Covariance Coverage
              COG046        COG048        COG049        COG050        COG051
              ________      ________      ________      ________      ________
 COG046         1.000
 COG048         1.000         1.000
 COG049         1.000         1.000         1.000
 COG050         1.000         1.000         1.000         1.000
 COG051         1.000         1.000         1.000         1.000         1.000
 COG052         1.000         1.000         1.000         1.000         1.000
 COG053         1.000         1.000         1.000         1.000         1.000
 COG054         1.000         1.000         1.000         1.000         1.000
 COG055         1.000         1.000         1.000         1.000         1.000
 COG056         1.000         1.000         1.000         1.000         1.000
 COG057         1.000         1.000         1.000         1.000         1.000
 COG058         1.000         1.000         1.000         1.000         1.000
 COG060         1.000         1.000         1.000         1.000         1.000
 COG061         1.000         1.000         1.000         1.000         1.000
 COG062         1.000         1.000         1.000         1.000         1.000
 COG063         1.000         1.000         1.000         1.000         1.000
 COG064         1.000         1.000         1.000         1.000         1.000
 COG066         1.000         1.000         1.000         1.000         1.000
 QCHATTOT       0.981         0.981         0.981         0.981         0.981


           Covariance Coverage
              COG052        COG053        COG054        COG055        COG056
              ________      ________      ________      ________      ________
 COG052         1.000
 COG053         1.000         1.000
 COG054         1.000         1.000         1.000
 COG055         1.000         1.000         1.000         1.000
 COG056         1.000         1.000         1.000         1.000         1.000
 COG057         1.000         1.000         1.000         1.000         1.000
 COG058         1.000         1.000         1.000         1.000         1.000
 COG060         1.000         1.000         1.000         1.000         1.000
 COG061         1.000         1.000         1.000         1.000         1.000
 COG062         1.000         1.000         1.000         1.000         1.000
 COG063         1.000         1.000         1.000         1.000         1.000
 COG064         1.000         1.000         1.000         1.000         1.000
 COG066         1.000         1.000         1.000         1.000         1.000
 QCHATTOT       0.981         0.981         0.981         0.981         0.981


           Covariance Coverage
              COG057        COG058        COG060        COG061        COG062
              ________      ________      ________      ________      ________
 COG057         1.000
 COG058         1.000         1.000
 COG060         1.000         1.000         1.000
 COG061         1.000         1.000         1.000         1.000
 COG062         1.000         1.000         1.000         1.000         1.000
 COG063         1.000         1.000         1.000         1.000         1.000
 COG064         1.000         1.000         1.000         1.000         1.000
 COG066         1.000         1.000         1.000         1.000         1.000
 QCHATTOT       0.981         0.981         0.981         0.981         0.981


           Covariance Coverage
              COG063        COG064        COG066        QCHATTOT
              ________      ________      ________      ________
 COG063         1.000
 COG064         1.000         1.000
 COG066         1.000         1.000         1.000
 QCHATTOT       0.981         0.981         0.981         0.981


UNIVARIATE PROPORTIONS AND COUNTS FOR CATEGORICAL VARIABLES

    COG040
      Category 1    0.127           94.000
      Category 2    0.873          645.000
    COG041
      Category 1    0.280          207.000
      Category 2    0.720          532.000
    COG043
      Category 1    0.143          106.000
      Category 2    0.857          633.000
    COG044
      Category 1    0.112           83.000
      Category 2    0.888          656.000
    COG045
      Category 1    0.372          275.000
      Category 2    0.628          464.000
    COG046
      Category 1    0.513          379.000
      Category 2    0.487          360.000
    COG048
      Category 1    0.108           80.000
      Category 2    0.892          659.000
    COG049
      Category 1    0.156          115.000
      Category 2    0.844          624.000
    COG050
      Category 1    0.273          202.000
      Category 2    0.727          537.000
    COG051
      Category 1    0.120           89.000
      Category 2    0.880          650.000
    COG052
      Category 1    0.317          234.000
      Category 2    0.683          505.000
    COG053
      Category 1    0.334          247.000
      Category 2    0.666          492.000
    COG054
      Category 1    0.332          245.000
      Category 2    0.668          494.000
    COG055
      Category 1    0.122           90.000
      Category 2    0.878          649.000
    COG056
      Category 1    0.441          326.000
      Category 2    0.559          413.000
    COG057
      Category 1    0.816          603.000
      Category 2    0.184          136.000
    COG058
      Category 1    0.434          321.000
      Category 2    0.566          418.000
    COG060
      Category 1    0.612          452.000
      Category 2    0.388          287.000
    COG061
      Category 1    0.759          561.000
      Category 2    0.241          178.000
    COG062
      Category 1    0.850          628.000
      Category 2    0.150          111.000
    COG063
      Category 1    0.886          655.000
      Category 2    0.114           84.000
    COG064
      Category 1    0.763          564.000
      Category 2    0.237          175.000
    COG066
      Category 1    0.824          609.000
      Category 2    0.176          130.000


SAMPLE STATISTICS


     ESTIMATED SAMPLE STATISTICS


           MEANS/INTERCEPTS/THRESHOLDS
              COG040$1      COG041$1      COG043$1      COG044$1      COG045$1
              ________      ________      ________      ________      ________
               -1.140        -0.583        -1.065        -1.214        -0.326


           MEANS/INTERCEPTS/THRESHOLDS
              COG046$1      COG048$1      COG049$1      COG050$1      COG051$1
              ________      ________      ________      ________      ________
                0.032        -1.236        -1.013        -0.603        -1.173


           MEANS/INTERCEPTS/THRESHOLDS
              COG052$1      COG053$1      COG054$1      COG055$1      COG056$1
              ________      ________      ________      ________      ________
               -0.477        -0.428        -0.436        -1.166        -0.148


           MEANS/INTERCEPTS/THRESHOLDS
              COG057$1      COG058$1      COG060$1      COG061$1      COG062$1
              ________      ________      ________      ________      ________
                0.900        -0.165         0.284         0.704         1.036


           MEANS/INTERCEPTS/THRESHOLDS
              COG063$1      COG064$1      COG066$1      QCHATTOT
              ________      ________      ________      ________
                1.207         0.717         0.931         0.000


           CORRELATION MATRIX (WITH VARIANCES ON THE DIAGONAL)
              COG040        COG041        COG043        COG044        COG045
              ________      ________      ________      ________      ________
 COG040
 COG041         0.088
 COG043         0.095         0.221
 COG044         0.340         0.318         0.291
 COG045         0.534         0.217         0.265         0.304
 COG046         0.193         0.179         0.160         0.241         0.214
 COG048         0.123         0.213         0.261         0.357         0.154
 COG049         0.307         0.188         0.310         0.301         0.315
 COG050         0.487         0.247         0.310         0.330         0.573
 COG051         0.265         0.293         0.283         0.339         0.335
 COG052         0.128         0.202         0.572         0.272         0.206
 COG053         0.080         0.160         0.152         0.329         0.231
 COG054         0.169         0.166         0.320         0.230         0.192
 COG055         0.187         0.319         0.438         0.334         0.262
 COG056         0.235         0.168         0.286         0.324         0.247
 COG057         0.084         0.315         0.107         0.063         0.104
 COG058         0.133         0.192         0.267         0.246         0.238
 COG060         0.202         0.249         0.351         0.322         0.297
 COG061         0.056         0.256         0.402         0.228         0.155
 COG062         0.230         0.351         0.447         0.230         0.314
 COG063         0.180         0.322         0.264         0.244         0.179
 COG064         0.325         0.276         0.396         0.313         0.300
 COG066         0.151         0.333         0.398         0.372         0.235
 QCHATTOT      -0.228        -0.104        -0.305        -0.216        -0.186


           CORRELATION MATRIX (WITH VARIANCES ON THE DIAGONAL)
              COG046        COG048        COG049        COG050        COG051
              ________      ________      ________      ________      ________
 COG048         0.221
 COG049         0.229         0.204
 COG050         0.126         0.262         0.400
 COG051         0.228         0.354         0.686         0.402
 COG052         0.000         0.242         0.277         0.273         0.343
 COG053         0.133         0.909         0.188         0.242         0.266
 COG054         0.087         0.218         0.249         0.289         0.335
 COG055         0.269         0.326         0.628         0.411         0.713
 COG056         0.229         0.086         0.904         0.311         0.723
 COG057         0.124         0.174         0.272         0.113         0.245
 COG058         0.226         0.151         0.564         0.276         0.897
 COG060         0.256         0.178         0.711         0.352         0.682
 COG061         0.284         0.079         0.489         0.317         0.534
 COG062         0.361         0.137         0.469         0.253         0.466
 COG063         0.302         0.129         0.550         0.371         0.397
 COG064         0.248         0.371         0.423         0.323         0.483
 COG066         0.386         0.230         0.697         0.302         0.652
 QCHATTOT      -0.167        -0.302        -0.280        -0.205        -0.279


           CORRELATION MATRIX (WITH VARIANCES ON THE DIAGONAL)
              COG052        COG053        COG054        COG055        COG056
              ________      ________      ________      ________      ________
 COG053         0.260
 COG054         0.380         0.211
 COG055         0.474         0.307         0.405
 COG056         0.281         0.168         0.223         0.688
 COG057         0.210         0.136         0.252         0.460         0.249
 COG058         0.231         0.082         0.310         0.732         0.791
 COG060         0.320         0.156         0.345         0.619         0.899
 COG061         0.354         0.140         0.340         0.662         0.641
 COG062         0.284         0.167         0.198         0.624         0.461
 COG063         0.347         0.206         0.293         0.572         0.650
 COG064         0.372         0.362         0.440         0.658         0.633
 COG066         0.320         0.201         0.431         0.654         0.805
 QCHATTOT      -0.213        -0.310        -0.179        -0.386        -0.208


           CORRELATION MATRIX (WITH VARIANCES ON THE DIAGONAL)
              COG057        COG058        COG060        COG061        COG062
              ________      ________      ________      ________      ________
 COG058         0.332
 COG060         0.332         0.800
 COG061         0.392         0.609         0.647
 COG062         0.280         0.503         0.504         0.563
 COG063         0.344         0.644         0.701         0.838         0.536
 COG064         0.337         0.590         0.636         0.615         0.521
 COG066         0.328         0.886         0.838         0.822         0.680
 QCHATTOT      -0.176        -0.232        -0.189        -0.147        -0.147


           CORRELATION MATRIX (WITH VARIANCES ON THE DIAGONAL)
              COG063        COG064        COG066        QCHATTOT
              ________      ________      ________      ________
 COG064         0.620
 COG066         0.754         0.757
 QCHATTOT      -0.133        -0.333        -0.155         1.000


UNIVARIATE SAMPLE STATISTICS


     UNIVARIATE HIGHER-ORDER MOMENT DESCRIPTIVE STATISTICS

         Variable/         Mean/     Skewness/   Minimum/ % with                Percentiles
        Sample Size      Variance    Kurtosis    Maximum  Min/Max      20%/60%    40%/80%    Median

     QCHATTOT              0.000       0.709      -2.435    0.14%      -0.890     -0.338     -0.117
             725.000       1.000       1.236       4.407    0.28%       0.103      0.766


     THIS ANALYSIS MAY HAVE MULTIPLE SOLUTIONS.  EXPLORE THIS USING RANDOM STARTS,
     FOR EXAMPLE, STARTS = 20.  USE A LARGE ENOUGH NUMBER OF STARTS SO THAT THE
     BEST FIT FUNCTION VALUE IS REPLICATED SEVERAL TIMES.


THE MODEL ESTIMATION TERMINATED NORMALLY



MODEL FIT INFORMATION

Number of Free Parameters                       54

Chi-Square Test of Model Fit

          Value                            858.598*
          Degrees of Freedom                   247
          P-Value                           0.0000

*   The chi-square value for MLM, MLMV, MLR, ULSMV, WLSM and WLSMV cannot be used
    for chi-square difference testing in the regular way.  MLM, MLR and WLSM
    chi-square difference testing is described on the Mplus website.  MLMV, WLSMV,
    and ULSMV difference testing is done using the DIFFTEST option.

RMSEA (Root Mean Square Error Of Approximation)

          Estimate                           0.058
          90 Percent C.I.                    0.054  0.062
          Probability RMSEA <= .05           0.001

CFI/TLI

          CFI                                0.928
          TLI                                0.919

Chi-Square Test of Model Fit for the Baseline Model

          Value                           8742.158
          Degrees of Freedom                   276
          P-Value                           0.0000

SRMR (Standardized Root Mean Square Residual)

          Value                              0.105

Optimum Function Value for Weighted Least-Squares Estimator

          Value                     0.59058050D+00



MODEL RESULTS

                                                    Two-Tailed
                    Estimate       S.E.  Est./S.E.    P-Value

 WM       BY
    COG040             1.000      0.000    999.000    999.000
    COG045             1.162      0.178      6.536      0.000
    COG050             1.376      0.212      6.485      0.000
    COG064             2.191      0.345      6.348      0.000

 GDP      BY
    COG041             1.000      0.000    999.000    999.000
    COG043             1.406      0.210      6.711      0.000
    COG044             1.279      0.201      6.359      0.000
    COG046             0.912      0.155      5.896      0.000
    COG048             1.843      0.248      7.420      0.000
    COG052             1.315      0.182      7.242      0.000
    COG053             1.563      0.212      7.365      0.000
    COG057             1.073      0.181      5.927      0.000

 FS       BY
    COG049             1.000      0.000    999.000    999.000
    COG051             0.965      0.057     17.067      0.000
    COG054             0.526      0.055      9.535      0.000
    COG055             1.020      0.053     19.086      0.000
    COG056             1.118      0.046     24.366      0.000
    COG058             0.987      0.043     22.780      0.000
    COG060             1.093      0.043     25.231      0.000
    COG061             0.978      0.047     20.813      0.000
    COG062             0.780      0.059     13.169      0.000
    COG063             1.004      0.054     18.739      0.000
    COG066             1.145      0.049     23.149      0.000

 WM       WITH
    GDP                0.123      0.026      4.668      0.000
    FS                 0.261      0.043      6.004      0.000
    QCHATTOT          -0.161      0.033     -4.957      0.000

 GDP      WITH
    FS                 0.202      0.030      6.816      0.000
    QCHATTOT          -0.175      0.027     -6.414      0.000

 QCHATTOT WITH
    FS                -0.229      0.034     -6.812      0.000

 Means
    QCHATTOT           0.000      0.040      0.000      1.000

 Thresholds
    COG040$1          -1.140      0.059    -19.376      0.000
    COG041$1          -0.583      0.049    -11.873      0.000
    COG043$1          -1.065      0.057    -18.689      0.000
    COG044$1          -1.214      0.061    -19.954      0.000
    COG045$1          -0.326      0.047     -6.940      0.000
    COG046$1           0.032      0.046      0.699      0.485
    COG048$1          -1.236      0.061    -20.100      0.000
    COG049$1          -1.013      0.056    -18.143      0.000
    COG050$1          -0.603      0.049    -12.231      0.000
    COG051$1          -1.173      0.060    -19.646      0.000
    COG052$1          -0.477      0.048     -9.927      0.000
    COG053$1          -0.428      0.048     -8.983      0.000
    COG054$1          -0.436      0.048     -9.128      0.000
    COG055$1          -1.166      0.060    -19.593      0.000
    COG056$1          -0.148      0.046     -3.199      0.001
    COG057$1           0.900      0.054     16.800      0.000
    COG058$1          -0.165      0.046     -3.567      0.000
    COG060$1           0.284      0.047      6.062      0.000
    COG061$1           0.704      0.050     13.931      0.000
    COG062$1           1.036      0.056     18.388      0.000
    COG063$1           1.207      0.061     19.904      0.000
    COG064$1           0.717      0.051     14.141      0.000
    COG066$1           0.931      0.054     17.192      0.000

 Variances
    QCHATTOT           1.000      0.045     22.256      0.000
    WM                 0.198      0.056      3.541      0.000
    GDP                0.203      0.048      4.198      0.000
    FS                 0.690      0.051     13.568      0.000


QUALITY OF NUMERICAL RESULTS

     Condition Number for the Information Matrix              0.579E-03
       (ratio of smallest to largest eigenvalue)


STANDARDIZED MODEL RESULTS


STDYX Standardization

                                                    Two-Tailed
                    Estimate       S.E.  Est./S.E.    P-Value

 WM       BY
    COG040             0.445      0.063      7.082      0.000
    COG045             0.517      0.044     11.713      0.000
    COG050             0.612      0.045     13.687      0.000
    COG064             0.975      0.050     19.676      0.000

 GDP      BY
    COG041             0.450      0.054      8.396      0.000
    COG043             0.633      0.061     10.411      0.000
    COG044             0.575      0.066      8.740      0.000
    COG046             0.410      0.051      8.039      0.000
    COG048             0.829      0.050     16.468      0.000
    COG052             0.592      0.046     12.992      0.000
    COG053             0.703      0.038     18.751      0.000
    COG057             0.483      0.061      7.951      0.000

 FS       BY
    COG049             0.831      0.031     27.136      0.000
    COG051             0.801      0.041     19.463      0.000
    COG054             0.437      0.044     10.002      0.000
    COG055             0.847      0.037     22.725      0.000
    COG056             0.929      0.015     62.298      0.000
    COG058             0.820      0.022     37.248      0.000
    COG060             0.908      0.015     59.700      0.000
    COG061             0.813      0.025     32.120      0.000
    COG062             0.648      0.042     15.390      0.000
    COG063             0.834      0.031     26.844      0.000
    COG066             0.951      0.019     50.203      0.000

 WM       WITH
    GDP                0.615      0.050     12.387      0.000
    FS                 0.705      0.041     17.333      0.000
    QCHATTOT          -0.362      0.046     -7.810      0.000

 GDP      WITH
    FS                 0.539      0.038     14.372      0.000
    QCHATTOT          -0.390      0.034    -11.382      0.000

 QCHATTOT WITH
    FS                -0.276      0.037     -7.552      0.000

 Means
    QCHATTOT           0.000      0.040      0.000      1.000

 Thresholds
    COG040$1          -1.140      0.059    -19.376      0.000
    COG041$1          -0.583      0.049    -11.873      0.000
    COG043$1          -1.065      0.057    -18.689      0.000
    COG044$1          -1.214      0.061    -19.954      0.000
    COG045$1          -0.326      0.047     -6.940      0.000
    COG046$1           0.032      0.046      0.699      0.485
    COG048$1          -1.236      0.061    -20.100      0.000
    COG049$1          -1.013      0.056    -18.143      0.000
    COG050$1          -0.603      0.049    -12.231      0.000
    COG051$1          -1.173      0.060    -19.646      0.000
    COG052$1          -0.477      0.048     -9.927      0.000
    COG053$1          -0.428      0.048     -8.983      0.000
    COG054$1          -0.436      0.048     -9.128      0.000
    COG055$1          -1.166      0.060    -19.593      0.000
    COG056$1          -0.148      0.046     -3.199      0.001
    COG057$1           0.900      0.054     16.800      0.000
    COG058$1          -0.165      0.046     -3.567      0.000
    COG060$1           0.284      0.047      6.062      0.000
    COG061$1           0.704      0.050     13.931      0.000
    COG062$1           1.036      0.056     18.388      0.000
    COG063$1           1.207      0.061     19.904      0.000
    COG064$1           0.717      0.051     14.141      0.000
    COG066$1           0.931      0.054     17.192      0.000

 Variances
    QCHATTOT           1.000      0.000    999.000    999.000
    WM                 1.000      0.000    999.000    999.000
    GDP                1.000      0.000    999.000    999.000
    FS                 1.000      0.000    999.000    999.000


STDY Standardization

                                                    Two-Tailed
                    Estimate       S.E.  Est./S.E.    P-Value

 WM       BY
    COG040             0.445      0.063      7.082      0.000
    COG045             0.517      0.044     11.713      0.000
    COG050             0.612      0.045     13.687      0.000
    COG064             0.975      0.050     19.676      0.000

 GDP      BY
    COG041             0.450      0.054      8.396      0.000
    COG043             0.633      0.061     10.411      0.000
    COG044             0.575      0.066      8.740      0.000
    COG046             0.410      0.051      8.039      0.000
    COG048             0.829      0.050     16.468      0.000
    COG052             0.592      0.046     12.992      0.000
    COG053             0.703      0.038     18.751      0.000
    COG057             0.483      0.061      7.951      0.000

 FS       BY
    COG049             0.831      0.031     27.136      0.000
    COG051             0.801      0.041     19.463      0.000
    COG054             0.437      0.044     10.002      0.000
    COG055             0.847      0.037     22.725      0.000
    COG056             0.929      0.015     62.298      0.000
    COG058             0.820      0.022     37.248      0.000
    COG060             0.908      0.015     59.700      0.000
    COG061             0.813      0.025     32.120      0.000
    COG062             0.648      0.042     15.390      0.000
    COG063             0.834      0.031     26.844      0.000
    COG066             0.951      0.019     50.203      0.000

 WM       WITH
    GDP                0.615      0.050     12.387      0.000
    FS                 0.705      0.041     17.333      0.000
    QCHATTOT          -0.362      0.046     -7.810      0.000

 GDP      WITH
    FS                 0.539      0.038     14.372      0.000
    QCHATTOT          -0.390      0.034    -11.382      0.000

 QCHATTOT WITH
    FS                -0.276      0.037     -7.552      0.000

 Means
    QCHATTOT           0.000      0.040      0.000      1.000

 Thresholds
    COG040$1          -1.140      0.059    -19.376      0.000
    COG041$1          -0.583      0.049    -11.873      0.000
    COG043$1          -1.065      0.057    -18.689      0.000
    COG044$1          -1.214      0.061    -19.954      0.000
    COG045$1          -0.326      0.047     -6.940      0.000
    COG046$1           0.032      0.046      0.699      0.485
    COG048$1          -1.236      0.061    -20.100      0.000
    COG049$1          -1.013      0.056    -18.143      0.000
    COG050$1          -0.603      0.049    -12.231      0.000
    COG051$1          -1.173      0.060    -19.646      0.000
    COG052$1          -0.477      0.048     -9.927      0.000
    COG053$1          -0.428      0.048     -8.983      0.000
    COG054$1          -0.436      0.048     -9.128      0.000
    COG055$1          -1.166      0.060    -19.593      0.000
    COG056$1          -0.148      0.046     -3.199      0.001
    COG057$1           0.900      0.054     16.800      0.000
    COG058$1          -0.165      0.046     -3.567      0.000
    COG060$1           0.284      0.047      6.062      0.000
    COG061$1           0.704      0.050     13.931      0.000
    COG062$1           1.036      0.056     18.388      0.000
    COG063$1           1.207      0.061     19.904      0.000
    COG064$1           0.717      0.051     14.141      0.000
    COG066$1           0.931      0.054     17.192      0.000

 Variances
    QCHATTOT           1.000      0.000    999.000    999.000
    WM                 1.000      0.000    999.000    999.000
    GDP                1.000      0.000    999.000    999.000
    FS                 1.000      0.000    999.000    999.000


STD Standardization

                                                    Two-Tailed
                    Estimate       S.E.  Est./S.E.    P-Value

 WM       BY
    COG040             0.445      0.063      7.082      0.000
    COG045             0.517      0.044     11.713      0.000
    COG050             0.612      0.045     13.687      0.000
    COG064             0.975      0.050     19.676      0.000

 GDP      BY
    COG041             0.450      0.054      8.396      0.000
    COG043             0.633      0.061     10.411      0.000
    COG044             0.575      0.066      8.740      0.000
    COG046             0.410      0.051      8.039      0.000
    COG048             0.829      0.050     16.468      0.000
    COG052             0.592      0.046     12.992      0.000
    COG053             0.703      0.038     18.751      0.000
    COG057             0.483      0.061      7.951      0.000

 FS       BY
    COG049             0.831      0.031     27.136      0.000
    COG051             0.801      0.041     19.463      0.000
    COG054             0.437      0.044     10.002      0.000
    COG055             0.847      0.037     22.725      0.000
    COG056             0.929      0.015     62.298      0.000
    COG058             0.820      0.022     37.248      0.000
    COG060             0.908      0.015     59.700      0.000
    COG061             0.813      0.025     32.120      0.000
    COG062             0.648      0.042     15.390      0.000
    COG063             0.834      0.031     26.844      0.000
    COG066             0.951      0.019     50.203      0.000

 WM       WITH
    GDP                0.615      0.050     12.387      0.000
    FS                 0.705      0.041     17.333      0.000
    QCHATTOT          -0.362      0.048     -7.483      0.000

 GDP      WITH
    FS                 0.539      0.038     14.372      0.000
    QCHATTOT          -0.390      0.037    -10.534      0.000

 QCHATTOT WITH
    FS                -0.276      0.038     -7.246      0.000

 Means
    QCHATTOT           0.000      0.040      0.000      1.000

 Thresholds
    COG040$1          -1.140      0.059    -19.376      0.000
    COG041$1          -0.583      0.049    -11.873      0.000
    COG043$1          -1.065      0.057    -18.689      0.000
    COG044$1          -1.214      0.061    -19.954      0.000
    COG045$1          -0.326      0.047     -6.940      0.000
    COG046$1           0.032      0.046      0.699      0.485
    COG048$1          -1.236      0.061    -20.100      0.000
    COG049$1          -1.013      0.056    -18.143      0.000
    COG050$1          -0.603      0.049    -12.231      0.000
    COG051$1          -1.173      0.060    -19.646      0.000
    COG052$1          -0.477      0.048     -9.927      0.000
    COG053$1          -0.428      0.048     -8.983      0.000
    COG054$1          -0.436      0.048     -9.128      0.000
    COG055$1          -1.166      0.060    -19.593      0.000
    COG056$1          -0.148      0.046     -3.199      0.001
    COG057$1           0.900      0.054     16.800      0.000
    COG058$1          -0.165      0.046     -3.567      0.000
    COG060$1           0.284      0.047      6.062      0.000
    COG061$1           0.704      0.050     13.931      0.000
    COG062$1           1.036      0.056     18.388      0.000
    COG063$1           1.207      0.061     19.904      0.000
    COG064$1           0.717      0.051     14.141      0.000
    COG066$1           0.931      0.054     17.192      0.000

 Variances
    QCHATTOT           1.000      0.045     22.256      0.000
    WM                 1.000      0.000    999.000    999.000
    GDP                1.000      0.000    999.000    999.000
    FS                 1.000      0.000    999.000    999.000


R-SQUARE

    Observed                                        Two-Tailed   Residual
    Variable        Estimate       S.E.  Est./S.E.    P-Value    Variance

    COG040             0.198      0.056      3.541      0.000      0.802
    COG041             0.203      0.048      4.198      0.000      0.797
    COG043             0.400      0.077      5.205      0.000      0.600
    COG044             0.331      0.076      4.370      0.000      0.669
    COG045             0.268      0.046      5.857      0.000      0.732
    COG046             0.168      0.042      4.019      0.000      0.832
    COG048             0.688      0.084      8.234      0.000      0.312
    COG049             0.690      0.051     13.568      0.000      0.310
    COG050             0.375      0.055      6.844      0.000      0.625
    COG051             0.642      0.066      9.732      0.000      0.358
    COG052             0.350      0.054      6.496      0.000      0.650
    COG053             0.495      0.053      9.376      0.000      0.505
    COG054             0.191      0.038      5.001      0.000      0.809
    COG055             0.718      0.063     11.363      0.000      0.282
    COG056             0.862      0.028     31.149      0.000      0.138
    COG057             0.233      0.059      3.975      0.000      0.767
    COG058             0.672      0.036     18.624      0.000      0.328
    COG060             0.824      0.028     29.850      0.000      0.176
    COG061             0.661      0.041     16.060      0.000      0.339
    COG062             0.420      0.055      7.695      0.000      0.580
    COG063             0.695      0.052     13.422      0.000      0.305
    COG064             0.951      0.097      9.838      0.000      0.049
    COG066             0.905      0.036     25.102      0.000      0.095


CONFIDENCE INTERVALS OF MODEL RESULTS

                  Lower .5%  Lower 2.5%    Lower 5%    Estimate    Upper 5%  Upper 2.5%   Upper .5%

 WM       BY
    COG040           1.000       1.000       1.000       1.000       1.000       1.000       1.000
    COG045           0.704       0.814       0.870       1.162       1.455       1.511       1.620
    COG050           0.829       0.960       1.027       1.376       1.725       1.792       1.922
    COG064           1.302       1.514       1.623       2.191       2.759       2.867       3.080

 GDP      BY
    COG041           1.000       1.000       1.000       1.000       1.000       1.000       1.000
    COG043           0.866       0.995       1.061       1.406       1.751       1.817       1.946
    COG044           0.761       0.885       0.948       1.279       1.609       1.673       1.797
    COG046           0.514       0.609       0.658       0.912       1.167       1.215       1.311
    COG048           1.203       1.356       1.434       1.843       2.251       2.329       2.482
    COG052           0.848       0.959       1.017       1.315       1.614       1.671       1.783
    COG053           1.017       1.147       1.214       1.563       1.912       1.979       2.110
    COG057           0.607       0.718       0.775       1.073       1.371       1.428       1.539

 FS       BY
    COG049           1.000       1.000       1.000       1.000       1.000       1.000       1.000
    COG051           0.819       0.854       0.872       0.965       1.058       1.075       1.110
    COG054           0.384       0.418       0.435       0.526       0.616       0.634       0.668
    COG055           0.882       0.915       0.932       1.020       1.108       1.125       1.158
    COG056           1.000       1.028       1.042       1.118       1.193       1.208       1.236
    COG058           0.875       0.902       0.915       0.987       1.058       1.071       1.098
    COG060           0.981       1.008       1.022       1.093       1.164       1.178       1.205
    COG061           0.857       0.886       0.901       0.978       1.056       1.071       1.100
    COG062           0.627       0.664       0.683       0.780       0.877       0.896       0.932
    COG063           0.866       0.899       0.916       1.004       1.092       1.109       1.142
    COG066           1.018       1.048       1.064       1.145       1.226       1.242       1.272

 WM       WITH
    GDP              0.055       0.071       0.080       0.123       0.167       0.175       0.191
    FS               0.149       0.175       0.189       0.261       0.332       0.346       0.372
    QCHATTOT        -0.245      -0.225      -0.215      -0.161      -0.108      -0.098      -0.077

 GDP      WITH
    FS               0.125       0.144       0.153       0.202       0.250       0.260       0.278
    QCHATTOT        -0.246      -0.229      -0.220      -0.175      -0.130      -0.122      -0.105

 QCHATTOT WITH
    FS              -0.316      -0.295      -0.285      -0.229      -0.174      -0.163      -0.143

 Means
    QCHATTOT        -0.104      -0.079      -0.066       0.000       0.066       0.079       0.104

 Thresholds
    COG040$1        -1.291      -1.255      -1.236      -1.140      -1.043      -1.024      -0.988
    COG041$1        -0.709      -0.679      -0.663      -0.583      -0.502      -0.486      -0.456
    COG043$1        -1.212      -1.177      -1.159      -1.065      -0.971      -0.953      -0.918
    COG044$1        -1.371      -1.334      -1.314      -1.214      -1.114      -1.095      -1.058
    COG045$1        -0.447      -0.418      -0.404      -0.326      -0.249      -0.234      -0.205
    COG046$1        -0.087      -0.058      -0.044       0.032       0.108       0.123       0.151
    COG048$1        -1.394      -1.356      -1.337      -1.236      -1.135      -1.115      -1.077
    COG049$1        -1.156      -1.122      -1.104      -1.013      -0.921      -0.903      -0.869
    COG050$1        -0.730      -0.699      -0.684      -0.603      -0.522      -0.506      -0.476
    COG051$1        -1.327      -1.290      -1.271      -1.173      -1.075      -1.056      -1.019
    COG052$1        -0.601      -0.571      -0.556      -0.477      -0.398      -0.383      -0.353
    COG053$1        -0.551      -0.522      -0.507      -0.428      -0.350      -0.335      -0.305
    COG054$1        -0.559      -0.529      -0.514      -0.436      -0.357      -0.342      -0.313
    COG055$1        -1.319      -1.283      -1.264      -1.166      -1.068      -1.049      -1.013
    COG056$1        -0.267      -0.239      -0.224      -0.148      -0.072      -0.057      -0.029
    COG057$1         0.762       0.795       0.812       0.900       0.988       1.005       1.038
    COG058$1        -0.285      -0.256      -0.241      -0.165      -0.089      -0.074      -0.046
    COG060$1         0.163       0.192       0.207       0.284       0.361       0.375       0.404
    COG061$1         0.573       0.605       0.620       0.704       0.787       0.802       0.834
    COG062$1         0.891       0.925       0.943       1.036       1.128       1.146       1.181
    COG063$1         1.051       1.088       1.107       1.207       1.307       1.326       1.363
    COG064$1         0.586       0.617       0.633       0.717       0.800       0.816       0.847
    COG066$1         0.792       0.825       0.842       0.931       1.020       1.037       1.071

 Variances
    QCHATTOT         0.884       0.912       0.926       1.000       1.074       1.088       1.116
    WM               0.054       0.088       0.106       0.198       0.290       0.308       0.342
    GDP              0.078       0.108       0.123       0.203       0.282       0.297       0.327
    FS               0.559       0.590       0.606       0.690       0.774       0.790       0.821


CONFIDENCE INTERVALS OF STANDARDIZED MODEL RESULTS


STDYX Standardization

                  Lower .5%  Lower 2.5%    Lower 5%    Estimate    Upper 5%  Upper 2.5%   Upper .5%

 WM       BY
    COG040           0.283       0.322       0.342       0.445       0.548       0.568       0.607
    COG045           0.404       0.431       0.445       0.517       0.590       0.604       0.631
    COG050           0.497       0.525       0.539       0.612       0.686       0.700       0.728
    COG064           0.847       0.878       0.894       0.975       1.057       1.072       1.103

 GDP      BY
    COG041           0.312       0.345       0.362       0.450       0.538       0.555       0.588
    COG043           0.476       0.514       0.533       0.633       0.733       0.752       0.789
    COG044           0.406       0.446       0.467       0.575       0.684       0.704       0.745
    COG046           0.279       0.310       0.326       0.410       0.494       0.511       0.542
    COG048           0.699       0.731       0.746       0.829       0.912       0.928       0.959
    COG052           0.475       0.503       0.517       0.592       0.667       0.681       0.709
    COG053           0.607       0.630       0.642       0.703       0.765       0.777       0.800
    COG057           0.326       0.364       0.383       0.483       0.583       0.602       0.639

 FS       BY
    COG049           0.752       0.771       0.780       0.831       0.881       0.891       0.910
    COG051           0.695       0.721       0.734       0.801       0.869       0.882       0.907
    COG054           0.324       0.351       0.365       0.437       0.508       0.522       0.549
    COG055           0.751       0.774       0.786       0.847       0.909       0.920       0.943
    COG056           0.890       0.899       0.904       0.929       0.953       0.958       0.967
    COG058           0.763       0.776       0.783       0.820       0.856       0.863       0.876
    COG060           0.869       0.878       0.883       0.908       0.933       0.938       0.947
    COG061           0.748       0.763       0.771       0.813       0.854       0.862       0.878
    COG062           0.539       0.565       0.579       0.648       0.717       0.730       0.756
    COG063           0.754       0.773       0.783       0.834       0.885       0.895       0.914
    COG066           0.902       0.914       0.920       0.951       0.982       0.988       1.000

 WM       WITH
    GDP              0.487       0.518       0.534       0.615       0.697       0.713       0.743
    FS               0.600       0.625       0.638       0.705       0.772       0.784       0.809
    QCHATTOT        -0.482      -0.453      -0.439      -0.362      -0.286      -0.271      -0.243

 GDP      WITH
    FS               0.443       0.466       0.478       0.539       0.601       0.613       0.636
    QCHATTOT        -0.478      -0.457      -0.446      -0.390      -0.334      -0.323      -0.302

 QCHATTOT WITH
    FS              -0.370      -0.348      -0.336      -0.276      -0.216      -0.205      -0.182

 Means
    QCHATTOT        -0.104      -0.079      -0.066       0.000       0.066       0.079       0.104

 Thresholds
    COG040$1        -1.291      -1.255      -1.236      -1.140      -1.043      -1.024      -0.988
    COG041$1        -0.709      -0.679      -0.663      -0.583      -0.502      -0.486      -0.456
    COG043$1        -1.212      -1.177      -1.159      -1.065      -0.971      -0.953      -0.918
    COG044$1        -1.371      -1.334      -1.314      -1.214      -1.114      -1.095      -1.058
    COG045$1        -0.447      -0.418      -0.404      -0.326      -0.249      -0.234      -0.205
    COG046$1        -0.087      -0.058      -0.044       0.032       0.108       0.123       0.151
    COG048$1        -1.394      -1.356      -1.337      -1.236      -1.135      -1.115      -1.077
    COG049$1        -1.156      -1.122      -1.104      -1.013      -0.921      -0.903      -0.869
    COG050$1        -0.730      -0.699      -0.684      -0.603      -0.522      -0.506      -0.476
    COG051$1        -1.327      -1.290      -1.271      -1.173      -1.075      -1.056      -1.019
    COG052$1        -0.601      -0.571      -0.556      -0.477      -0.398      -0.383      -0.353
    COG053$1        -0.551      -0.522      -0.507      -0.428      -0.350      -0.335      -0.305
    COG054$1        -0.559      -0.529      -0.514      -0.436      -0.357      -0.342      -0.313
    COG055$1        -1.319      -1.283      -1.264      -1.166      -1.068      -1.049      -1.013
    COG056$1        -0.267      -0.239      -0.224      -0.148      -0.072      -0.057      -0.029
    COG057$1         0.762       0.795       0.812       0.900       0.988       1.005       1.038
    COG058$1        -0.285      -0.256      -0.241      -0.165      -0.089      -0.074      -0.046
    COG060$1         0.163       0.192       0.207       0.284       0.361       0.375       0.404
    COG061$1         0.573       0.605       0.620       0.704       0.787       0.802       0.834
    COG062$1         0.891       0.925       0.943       1.036       1.128       1.146       1.181
    COG063$1         1.051       1.088       1.107       1.207       1.307       1.326       1.363
    COG064$1         0.586       0.617       0.633       0.717       0.800       0.816       0.847
    COG066$1         0.792       0.825       0.842       0.931       1.020       1.037       1.071

 Variances
    QCHATTOT         1.000       1.000       1.000       1.000       1.000       1.000       1.000
    WM               1.000       1.000       1.000       1.000       1.000       1.000       1.000
    GDP              1.000       1.000       1.000       1.000       1.000       1.000       1.000
    FS               1.000       1.000       1.000       1.000       1.000       1.000       1.000


STDY Standardization

                  Lower .5%  Lower 2.5%    Lower 5%    Estimate    Upper 5%  Upper 2.5%   Upper .5%

 WM       BY
    COG040           0.283       0.322       0.342       0.445       0.548       0.568       0.607
    COG045           0.404       0.431       0.445       0.517       0.590       0.604       0.631
    COG050           0.497       0.525       0.539       0.612       0.686       0.700       0.728
    COG064           0.847       0.878       0.894       0.975       1.057       1.072       1.103

 GDP      BY
    COG041           0.312       0.345       0.362       0.450       0.538       0.555       0.588
    COG043           0.476       0.514       0.533       0.633       0.733       0.752       0.789
    COG044           0.406       0.446       0.467       0.575       0.684       0.704       0.745
    COG046           0.279       0.310       0.326       0.410       0.494       0.511       0.542
    COG048           0.699       0.731       0.746       0.829       0.912       0.928       0.959
    COG052           0.475       0.503       0.517       0.592       0.667       0.681       0.709
    COG053           0.607       0.630       0.642       0.703       0.765       0.777       0.800
    COG057           0.326       0.364       0.383       0.483       0.583       0.602       0.639

 FS       BY
    COG049           0.752       0.771       0.780       0.831       0.881       0.891       0.910
    COG051           0.695       0.721       0.734       0.801       0.869       0.882       0.907
    COG054           0.324       0.351       0.365       0.437       0.508       0.522       0.549
    COG055           0.751       0.774       0.786       0.847       0.909       0.920       0.943
    COG056           0.890       0.899       0.904       0.929       0.953       0.958       0.967
    COG058           0.763       0.776       0.783       0.820       0.856       0.863       0.876
    COG060           0.869       0.878       0.883       0.908       0.933       0.938       0.947
    COG061           0.748       0.763       0.771       0.813       0.854       0.862       0.878
    COG062           0.539       0.565       0.579       0.648       0.717       0.730       0.756
    COG063           0.754       0.773       0.783       0.834       0.885       0.895       0.914
    COG066           0.902       0.914       0.920       0.951       0.982       0.988       1.000

 WM       WITH
    GDP              0.487       0.518       0.534       0.615       0.697       0.713       0.743
    FS               0.600       0.625       0.638       0.705       0.772       0.784       0.809
    QCHATTOT        -0.482      -0.453      -0.439      -0.362      -0.286      -0.271      -0.243

 GDP      WITH
    FS               0.443       0.466       0.478       0.539       0.601       0.613       0.636
    QCHATTOT        -0.478      -0.457      -0.446      -0.390      -0.334      -0.323      -0.302

 QCHATTOT WITH
    FS              -0.370      -0.348      -0.336      -0.276      -0.216      -0.205      -0.182

 Means
    QCHATTOT        -0.104      -0.079      -0.066       0.000       0.066       0.079       0.104

 Thresholds
    COG040$1        -1.291      -1.255      -1.236      -1.140      -1.043      -1.024      -0.988
    COG041$1        -0.709      -0.679      -0.663      -0.583      -0.502      -0.486      -0.456
    COG043$1        -1.212      -1.177      -1.159      -1.065      -0.971      -0.953      -0.918
    COG044$1        -1.371      -1.334      -1.314      -1.214      -1.114      -1.095      -1.058
    COG045$1        -0.447      -0.418      -0.404      -0.326      -0.249      -0.234      -0.205
    COG046$1        -0.087      -0.058      -0.044       0.032       0.108       0.123       0.151
    COG048$1        -1.394      -1.356      -1.337      -1.236      -1.135      -1.115      -1.077
    COG049$1        -1.156      -1.122      -1.104      -1.013      -0.921      -0.903      -0.869
    COG050$1        -0.730      -0.699      -0.684      -0.603      -0.522      -0.506      -0.476
    COG051$1        -1.327      -1.290      -1.271      -1.173      -1.075      -1.056      -1.019
    COG052$1        -0.601      -0.571      -0.556      -0.477      -0.398      -0.383      -0.353
    COG053$1        -0.551      -0.522      -0.507      -0.428      -0.350      -0.335      -0.305
    COG054$1        -0.559      -0.529      -0.514      -0.436      -0.357      -0.342      -0.313
    COG055$1        -1.319      -1.283      -1.264      -1.166      -1.068      -1.049      -1.013
    COG056$1        -0.267      -0.239      -0.224      -0.148      -0.072      -0.057      -0.029
    COG057$1         0.762       0.795       0.812       0.900       0.988       1.005       1.038
    COG058$1        -0.285      -0.256      -0.241      -0.165      -0.089      -0.074      -0.046
    COG060$1         0.163       0.192       0.207       0.284       0.361       0.375       0.404
    COG061$1         0.573       0.605       0.620       0.704       0.787       0.802       0.834
    COG062$1         0.891       0.925       0.943       1.036       1.128       1.146       1.181
    COG063$1         1.051       1.088       1.107       1.207       1.307       1.326       1.363
    COG064$1         0.586       0.617       0.633       0.717       0.800       0.816       0.847
    COG066$1         0.792       0.825       0.842       0.931       1.020       1.037       1.071

 Variances
    QCHATTOT         1.000       1.000       1.000       1.000       1.000       1.000       1.000
    WM               1.000       1.000       1.000       1.000       1.000       1.000       1.000
    GDP              1.000       1.000       1.000       1.000       1.000       1.000       1.000
    FS               1.000       1.000       1.000       1.000       1.000       1.000       1.000


STD Standardization

                  Lower .5%  Lower 2.5%    Lower 5%    Estimate    Upper 5%  Upper 2.5%   Upper .5%

 WM       BY
    COG040           0.283       0.322       0.342       0.445       0.548       0.568       0.607
    COG045           0.404       0.431       0.445       0.517       0.590       0.604       0.631
    COG050           0.497       0.525       0.539       0.612       0.686       0.700       0.728
    COG064           0.847       0.878       0.894       0.975       1.057       1.072       1.103

 GDP      BY
    COG041           0.312       0.345       0.362       0.450       0.538       0.555       0.588
    COG043           0.476       0.514       0.533       0.633       0.733       0.752       0.789
    COG044           0.406       0.446       0.467       0.575       0.684       0.704       0.745
    COG046           0.279       0.310       0.326       0.410       0.494       0.511       0.542
    COG048           0.699       0.731       0.746       0.829       0.912       0.928       0.959
    COG052           0.475       0.503       0.517       0.592       0.667       0.681       0.709
    COG053           0.607       0.630       0.642       0.703       0.765       0.777       0.800
    COG057           0.326       0.364       0.383       0.483       0.583       0.602       0.639

 FS       BY
    COG049           0.752       0.771       0.780       0.831       0.881       0.891       0.910
    COG051           0.695       0.721       0.734       0.801       0.869       0.882       0.907
    COG054           0.324       0.351       0.365       0.437       0.508       0.522       0.549
    COG055           0.751       0.774       0.786       0.847       0.909       0.920       0.943
    COG056           0.890       0.899       0.904       0.929       0.953       0.958       0.967
    COG058           0.763       0.776       0.783       0.820       0.856       0.863       0.876
    COG060           0.869       0.878       0.883       0.908       0.933       0.938       0.947
    COG061           0.748       0.763       0.771       0.813       0.854       0.862       0.878
    COG062           0.539       0.565       0.579       0.648       0.717       0.730       0.756
    COG063           0.754       0.773       0.783       0.834       0.885       0.895       0.914
    COG066           0.902       0.914       0.920       0.951       0.982       0.988       1.000

 WM       WITH
    GDP              0.487       0.518       0.534       0.615       0.697       0.713       0.743
    FS               0.600       0.625       0.638       0.705       0.772       0.784       0.809
    QCHATTOT        -0.487      -0.457      -0.442      -0.362      -0.283      -0.267      -0.238

 GDP      WITH
    FS               0.443       0.466       0.478       0.539       0.601       0.613       0.636
    QCHATTOT        -0.485      -0.462      -0.451      -0.390      -0.329      -0.317      -0.295

 QCHATTOT WITH
    FS              -0.374      -0.351      -0.339      -0.276      -0.213      -0.201      -0.178

 Means
    QCHATTOT        -0.104      -0.079      -0.066       0.000       0.066       0.079       0.104

 Thresholds
    COG040$1        -1.291      -1.255      -1.236      -1.140      -1.043      -1.024      -0.988
    COG041$1        -0.709      -0.679      -0.663      -0.583      -0.502      -0.486      -0.456
    COG043$1        -1.212      -1.177      -1.159      -1.065      -0.971      -0.953      -0.918
    COG044$1        -1.371      -1.334      -1.314      -1.214      -1.114      -1.095      -1.058
    COG045$1        -0.447      -0.418      -0.404      -0.326      -0.249      -0.234      -0.205
    COG046$1        -0.087      -0.058      -0.044       0.032       0.108       0.123       0.151
    COG048$1        -1.394      -1.356      -1.337      -1.236      -1.135      -1.115      -1.077
    COG049$1        -1.156      -1.122      -1.104      -1.013      -0.921      -0.903      -0.869
    COG050$1        -0.730      -0.699      -0.684      -0.603      -0.522      -0.506      -0.476
    COG051$1        -1.327      -1.290      -1.271      -1.173      -1.075      -1.056      -1.019
    COG052$1        -0.601      -0.571      -0.556      -0.477      -0.398      -0.383      -0.353
    COG053$1        -0.551      -0.522      -0.507      -0.428      -0.350      -0.335      -0.305
    COG054$1        -0.559      -0.529      -0.514      -0.436      -0.357      -0.342      -0.313
    COG055$1        -1.319      -1.283      -1.264      -1.166      -1.068      -1.049      -1.013
    COG056$1        -0.267      -0.239      -0.224      -0.148      -0.072      -0.057      -0.029
    COG057$1         0.762       0.795       0.812       0.900       0.988       1.005       1.038
    COG058$1        -0.285      -0.256      -0.241      -0.165      -0.089      -0.074      -0.046
    COG060$1         0.163       0.192       0.207       0.284       0.361       0.375       0.404
    COG061$1         0.573       0.605       0.620       0.704       0.787       0.802       0.834
    COG062$1         0.891       0.925       0.943       1.036       1.128       1.146       1.181
    COG063$1         1.051       1.088       1.107       1.207       1.307       1.326       1.363
    COG064$1         0.586       0.617       0.633       0.717       0.800       0.816       0.847
    COG066$1         0.792       0.825       0.842       0.931       1.020       1.037       1.071

 Variances
    QCHATTOT         0.884       0.912       0.926       1.000       1.074       1.088       1.116
    WM               1.000       1.000       1.000       1.000       1.000       1.000       1.000
    GDP              1.000       1.000       1.000       1.000       1.000       1.000       1.000
    FS               1.000       1.000       1.000       1.000       1.000       1.000       1.000


RESIDUAL OUTPUT


     ESTIMATED MODEL AND RESIDUALS (OBSERVED - ESTIMATED)


           Model Estimated Means/Intercepts/Thresholds
              COG040$1      COG041$1      COG043$1      COG044$1      COG045$1
              ________      ________      ________      ________      ________
               -1.140        -0.583        -1.065        -1.214        -0.326


           Model Estimated Means/Intercepts/Thresholds
              COG046$1      COG048$1      COG049$1      COG050$1      COG051$1
              ________      ________      ________      ________      ________
                0.032        -1.236        -1.013        -0.603        -1.173


           Model Estimated Means/Intercepts/Thresholds
              COG052$1      COG053$1      COG054$1      COG055$1      COG056$1
              ________      ________      ________      ________      ________
               -0.477        -0.428        -0.436        -1.166        -0.148


           Model Estimated Means/Intercepts/Thresholds
              COG057$1      COG058$1      COG060$1      COG061$1      COG062$1
              ________      ________      ________      ________      ________
                0.900        -0.165         0.284         0.704         1.036


           Model Estimated Means/Intercepts/Thresholds
              COG063$1      COG064$1      COG066$1      QCHATTOT
              ________      ________      ________      ________
                1.207         0.717         0.931         0.000


           Residuals for Means/Intercepts/Thresholds
              COG040$1      COG041$1      COG043$1      COG044$1      COG045$1
              ________      ________      ________      ________      ________
                0.000         0.000         0.000         0.000         0.000


           Residuals for Means/Intercepts/Thresholds
              COG046$1      COG048$1      COG049$1      COG050$1      COG051$1
              ________      ________      ________      ________      ________
                0.000         0.000         0.000         0.000         0.000


           Residuals for Means/Intercepts/Thresholds
              COG052$1      COG053$1      COG054$1      COG055$1      COG056$1
              ________      ________      ________      ________      ________
                0.000         0.000         0.000         0.000         0.000


           Residuals for Means/Intercepts/Thresholds
              COG057$1      COG058$1      COG060$1      COG061$1      COG062$1
              ________      ________      ________      ________      ________
                0.000         0.000         0.000         0.000         0.000


           Residuals for Means/Intercepts/Thresholds
              COG063$1      COG064$1      COG066$1      QCHATTOT
              ________      ________      ________      ________
                0.000         0.000         0.000         0.000


           Model Estimated Covariances/Correlations/Residual Correlations
              COG040        COG041        COG043        COG044        COG045
              ________      ________      ________      ________      ________
 COG040
 COG041         0.123
 COG043         0.173         0.285
 COG044         0.158         0.259         0.364
 COG045         0.230         0.143         0.201         0.183
 COG046         0.112         0.185         0.260         0.236         0.131
 COG048         0.227         0.373         0.525         0.477         0.264
 COG049         0.261         0.202         0.283         0.258         0.303
 COG050         0.273         0.170         0.238         0.217         0.317
 COG051         0.251         0.194         0.273         0.249         0.292
 COG052         0.162         0.266         0.375         0.341         0.188
 COG053         0.193         0.317         0.445         0.405         0.224
 COG054         0.137         0.106         0.149         0.135         0.159
 COG055         0.266         0.206         0.289         0.263         0.309
 COG056         0.291         0.225         0.317         0.288         0.339
 COG057         0.132         0.217         0.305         0.278         0.154
 COG058         0.257         0.199         0.280         0.254         0.299
 COG060         0.285         0.220         0.310         0.282         0.331
 COG061         0.255         0.197         0.277         0.252         0.296
 COG062         0.203         0.157         0.221         0.201         0.236
 COG063         0.262         0.202         0.284         0.259         0.304
 COG064         0.434         0.270         0.380         0.345         0.504
 COG066         0.298         0.231         0.325         0.295         0.347
 QCHATTOT      -0.161        -0.175        -0.247        -0.224        -0.187


           Model Estimated Covariances/Correlations/Residual Correlations
              COG046        COG048        COG049        COG050        COG051
              ________      ________      ________      ________      ________
 COG048         0.340
 COG049         0.184         0.371
 COG050         0.155         0.312         0.359
 COG051         0.177         0.358         0.666         0.346
 COG052         0.243         0.491         0.265         0.223         0.256
 COG053         0.289         0.583         0.315         0.265         0.304
 COG054         0.097         0.195         0.363         0.188         0.350
 COG055         0.188         0.379         0.704         0.366         0.679
 COG056         0.206         0.415         0.771         0.401         0.744
 COG057         0.198         0.400         0.216         0.182         0.209
 COG058         0.181         0.366         0.681         0.354         0.657
 COG060         0.201         0.406         0.754         0.392         0.727
 COG061         0.180         0.363         0.675         0.351         0.651
 COG062         0.143         0.290         0.538         0.280         0.519
 COG063         0.185         0.373         0.693         0.360         0.668
 COG064         0.246         0.497         0.571         0.597         0.551
 COG066         0.211         0.425         0.790         0.411         0.762
 QCHATTOT      -0.160        -0.323        -0.229        -0.222        -0.221


           Model Estimated Covariances/Correlations/Residual Correlations
              COG052        COG053        COG054        COG055        COG056
              ________      ________      ________      ________      ________
 COG053         0.416
 COG054         0.139         0.166
 COG055         0.270         0.321         0.370
 COG056         0.296         0.352         0.405         0.787
 COG057         0.286         0.340         0.114         0.221         0.242
 COG058         0.262         0.311         0.358         0.694         0.761
 COG060         0.290         0.344         0.396         0.769         0.843
 COG061         0.259         0.308         0.355         0.689         0.755
 COG062         0.207         0.246         0.283         0.549         0.602
 COG063         0.266         0.316         0.364         0.706         0.774
 COG064         0.355         0.422         0.300         0.582         0.638
 COG066         0.304         0.361         0.415         0.806         0.883
 QCHATTOT      -0.231        -0.274        -0.121        -0.234        -0.256


           Model Estimated Covariances/Correlations/Residual Correlations
              COG057        COG058        COG060        COG061        COG062
              ________      ________      ________      ________      ________
 COG058         0.213
 COG060         0.236         0.744
 COG061         0.212         0.666         0.738
 COG062         0.169         0.531         0.588         0.527
 COG063         0.217         0.683         0.757         0.678         0.540
 COG064         0.290         0.563         0.624         0.559         0.445
 COG066         0.248         0.779         0.864         0.773         0.616
 QCHATTOT      -0.188        -0.226        -0.251        -0.224        -0.179


           Model Estimated Covariances/Correlations/Residual Correlations
              COG063        COG064        COG066        QCHATTOT
              ________      ________      ________      ________
 COG064         0.573
 COG066         0.793         0.654
 QCHATTOT      -0.230        -0.353        -0.263         1.000


           Model Estimated Correlations/Residual Correlations
              COG040        COG041        COG043        COG044        COG045
              ________      ________      ________      ________      ________
 COG040
 COG041         0.123
 COG043         0.173         0.285
 COG044         0.158         0.259         0.364
 COG045         0.230         0.143         0.201         0.183
 COG046         0.112         0.185         0.260         0.236         0.131
 COG048         0.227         0.373         0.525         0.477         0.264
 COG049         0.261         0.202         0.283         0.258         0.303
 COG050         0.273         0.170         0.238         0.217         0.317
 COG051         0.251         0.194         0.273         0.249         0.292
 COG052         0.162         0.266         0.375         0.341         0.188
 COG053         0.193         0.317         0.445         0.405         0.224
 COG054         0.137         0.106         0.149         0.135         0.159
 COG055         0.266         0.206         0.289         0.263         0.309
 COG056         0.291         0.225         0.317         0.288         0.339
 COG057         0.132         0.217         0.305         0.278         0.154
 COG058         0.257         0.199         0.280         0.254         0.299
 COG060         0.285         0.220         0.310         0.282         0.331
 COG061         0.255         0.197         0.277         0.252         0.296
 COG062         0.203         0.157         0.221         0.201         0.236
 COG063         0.262         0.202         0.284         0.259         0.304
 COG064         0.434         0.270         0.380         0.345         0.504
 COG066         0.298         0.231         0.325         0.295         0.347
 QCHATTOT      -0.161        -0.175        -0.247        -0.224        -0.187


           Model Estimated Correlations/Residual Correlations
              COG046        COG048        COG049        COG050        COG051
              ________      ________      ________      ________      ________
 COG048         0.340
 COG049         0.184         0.371
 COG050         0.155         0.312         0.359
 COG051         0.177         0.358         0.666         0.346
 COG052         0.243         0.491         0.265         0.223         0.256
 COG053         0.289         0.583         0.315         0.265         0.304
 COG054         0.097         0.195         0.363         0.188         0.350
 COG055         0.188         0.379         0.704         0.366         0.679
 COG056         0.206         0.415         0.771         0.401         0.744
 COG057         0.198         0.400         0.216         0.182         0.209
 COG058         0.181         0.366         0.681         0.354         0.657
 COG060         0.201         0.406         0.754         0.392         0.727
 COG061         0.180         0.363         0.675         0.351         0.651
 COG062         0.143         0.290         0.538         0.280         0.519
 COG063         0.185         0.373         0.693         0.360         0.668
 COG064         0.246         0.497         0.571         0.597         0.551
 COG066         0.211         0.425         0.790         0.411         0.762
 QCHATTOT      -0.160        -0.323        -0.229        -0.222        -0.221


           Model Estimated Correlations/Residual Correlations
              COG052        COG053        COG054        COG055        COG056
              ________      ________      ________      ________      ________
 COG053         0.416
 COG054         0.139         0.166
 COG055         0.270         0.321         0.370
 COG056         0.296         0.352         0.405         0.787
 COG057         0.286         0.340         0.114         0.221         0.242
 COG058         0.262         0.311         0.358         0.694         0.761
 COG060         0.290         0.344         0.396         0.769         0.843
 COG061         0.259         0.308         0.355         0.689         0.755
 COG062         0.207         0.246         0.283         0.549         0.602
 COG063         0.266         0.316         0.364         0.706         0.774
 COG064         0.355         0.422         0.300         0.582         0.638
 COG066         0.304         0.361         0.415         0.806         0.883
 QCHATTOT      -0.231        -0.274        -0.121        -0.234        -0.256


           Model Estimated Correlations/Residual Correlations
              COG057        COG058        COG060        COG061        COG062
              ________      ________      ________      ________      ________
 COG058         0.213
 COG060         0.236         0.744
 COG061         0.212         0.666         0.738
 COG062         0.169         0.531         0.588         0.527
 COG063         0.217         0.683         0.757         0.678         0.540
 COG064         0.290         0.563         0.624         0.559         0.445
 COG066         0.248         0.779         0.864         0.773         0.616
 QCHATTOT      -0.188        -0.226        -0.251        -0.224        -0.179


           Model Estimated Correlations/Residual Correlations
              COG063        COG064        COG066        QCHATTOT
              ________      ________      ________      ________
 COG064         0.573
 COG066         0.793         0.654
 QCHATTOT      -0.230        -0.353        -0.263         1.000


           Residuals for Covariances/Correlations/Residual Correlations
              COG040        COG041        COG043        COG044        COG045
              ________      ________      ________      ________      ________
 COG040
 COG041        -0.036
 COG043        -0.078        -0.064
 COG044         0.182         0.059        -0.073
 COG045         0.304         0.074         0.064         0.121
 COG046         0.081        -0.005        -0.100         0.005         0.083
 COG048        -0.104        -0.160        -0.264        -0.120        -0.110
 COG049         0.047        -0.014         0.026         0.044         0.013
 COG050         0.215         0.077         0.072         0.113         0.256
 COG051         0.014         0.099         0.010         0.090         0.043
 COG052        -0.035        -0.065         0.197        -0.068         0.017
 COG053        -0.112        -0.157        -0.293        -0.076         0.007
 COG054         0.032         0.060         0.171         0.095         0.033
 COG055        -0.079         0.114         0.149         0.072        -0.047
 COG056        -0.056        -0.057        -0.031         0.035        -0.091
 COG057        -0.048         0.098        -0.199        -0.215        -0.050
 COG058        -0.124        -0.007        -0.013        -0.008        -0.061
 COG060        -0.083         0.029         0.041         0.040        -0.033
 COG061        -0.199         0.059         0.125        -0.025        -0.142
 COG062         0.026         0.194         0.226         0.029         0.078
 COG063        -0.081         0.120        -0.020        -0.015        -0.125
 COG064        -0.109         0.006         0.016        -0.032        -0.204
 COG066        -0.147         0.102         0.074         0.077        -0.112
 QCHATTOT      -0.067         0.071        -0.058         0.008         0.002


           Residuals for Covariances/Correlations/Residual Correlations
              COG046        COG048        COG049        COG050        COG051
              ________      ________      ________      ________      ________
 COG048        -0.120
 COG049         0.045        -0.168
 COG050        -0.028        -0.050         0.042
 COG051         0.050        -0.005         0.021         0.056
 COG052        -0.243        -0.248         0.011         0.050         0.088
 COG053        -0.155         0.326        -0.127        -0.023        -0.038
 COG054        -0.009         0.023        -0.113         0.101        -0.015
 COG055         0.081        -0.053        -0.076         0.045         0.034
 COG056         0.023        -0.329         0.133        -0.090        -0.021
 COG057        -0.074        -0.227         0.056        -0.069         0.036
 COG058         0.044        -0.216        -0.117        -0.078         0.241
 COG060         0.055        -0.228        -0.044        -0.040        -0.046
 COG061         0.104        -0.284        -0.186        -0.034        -0.117
 COG062         0.218        -0.152        -0.069        -0.026        -0.053
 COG063         0.117        -0.243        -0.142         0.012        -0.271
 COG064         0.002        -0.126        -0.148        -0.274        -0.068
 COG066         0.175        -0.195        -0.093        -0.108        -0.110
 QCHATTOT      -0.007         0.022        -0.050         0.017        -0.057


           Residuals for Covariances/Correlations/Residual Correlations
              COG052        COG053        COG054        COG055        COG056
              ________      ________      ________      ________      ________
 COG053        -0.156
 COG054         0.241         0.045
 COG055         0.203        -0.015         0.035
 COG056        -0.015        -0.184        -0.182        -0.098
 COG057        -0.075        -0.204         0.138         0.239         0.007
 COG058        -0.030        -0.229        -0.047         0.038         0.030
 COG060         0.030        -0.189        -0.052        -0.151         0.056
 COG061         0.094        -0.168        -0.015        -0.027        -0.114
 COG062         0.077        -0.079        -0.085         0.075        -0.141
 COG063         0.081        -0.110        -0.071        -0.135        -0.124
 COG064         0.017        -0.060         0.140         0.076        -0.005
 COG066         0.016        -0.159         0.016        -0.152        -0.078
 QCHATTOT       0.018        -0.036        -0.059        -0.151         0.049


           Residuals for Covariances/Correlations/Residual Correlations
              COG057        COG058        COG060        COG061        COG062
              ________      ________      ________      ________      ________
 COG058         0.118
 COG060         0.095         0.056
 COG061         0.180        -0.057        -0.091
 COG062         0.111        -0.028        -0.084         0.036
 COG063         0.127        -0.040        -0.056         0.160        -0.004
 COG064         0.047         0.027         0.012         0.057         0.076
 COG066         0.080         0.106        -0.025         0.049         0.064
 QCHATTOT       0.012        -0.005         0.062         0.077         0.032


           Residuals for Covariances/Correlations/Residual Correlations
              COG063        COG064        COG066        QCHATTOT
              ________      ________      ________      ________
 COG064         0.047
 COG066        -0.039         0.103
 QCHATTOT       0.098         0.020         0.108         0.000


           Residuals for Correlations/Residual Correlations
              COG040        COG041        COG043        COG044        COG045
              ________      ________      ________      ________      ________
 COG040
 COG041        -0.036
 COG043        -0.078        -0.064
 COG044         0.182         0.059        -0.073
 COG045         0.304         0.074         0.064         0.121
 COG046         0.081        -0.005        -0.100         0.005         0.083
 COG048        -0.104        -0.160        -0.264        -0.120        -0.110
 COG049         0.047        -0.014         0.026         0.044         0.013
 COG050         0.215         0.077         0.072         0.113         0.256
 COG051         0.014         0.099         0.010         0.090         0.043
 COG052        -0.035        -0.065         0.197        -0.068         0.017
 COG053        -0.112        -0.157        -0.293        -0.076         0.007
 COG054         0.032         0.060         0.171         0.095         0.033
 COG055        -0.079         0.114         0.149         0.072        -0.047
 COG056        -0.056        -0.057        -0.031         0.035        -0.091
 COG057        -0.048         0.098        -0.199        -0.215        -0.050
 COG058        -0.124        -0.007        -0.013        -0.008        -0.061
 COG060        -0.083         0.029         0.041         0.040        -0.033
 COG061        -0.199         0.059         0.125        -0.025        -0.142
 COG062         0.026         0.194         0.226         0.029         0.078
 COG063        -0.081         0.120        -0.020        -0.015        -0.125
 COG064        -0.109         0.006         0.016        -0.032        -0.204
 COG066        -0.147         0.102         0.074         0.077        -0.112
 QCHATTOT      -0.067         0.071        -0.058         0.008         0.002


           Residuals for Correlations/Residual Correlations
              COG046        COG048        COG049        COG050        COG051
              ________      ________      ________      ________      ________
 COG048        -0.120
 COG049         0.045        -0.168
 COG050        -0.028        -0.050         0.042
 COG051         0.050        -0.005         0.021         0.056
 COG052        -0.243        -0.248         0.011         0.050         0.088
 COG053        -0.155         0.326        -0.127        -0.023        -0.038
 COG054        -0.009         0.023        -0.113         0.101        -0.015
 COG055         0.081        -0.053        -0.076         0.045         0.034
 COG056         0.023        -0.329         0.133        -0.090        -0.021
 COG057        -0.074        -0.227         0.056        -0.069         0.036
 COG058         0.044        -0.216        -0.117        -0.078         0.241
 COG060         0.055        -0.228        -0.044        -0.040        -0.046
 COG061         0.104        -0.284        -0.186        -0.034        -0.117
 COG062         0.218        -0.152        -0.069        -0.026        -0.053
 COG063         0.117        -0.243        -0.142         0.012        -0.271
 COG064         0.002        -0.126        -0.148        -0.274        -0.068
 COG066         0.175        -0.195        -0.093        -0.108        -0.110
 QCHATTOT      -0.007         0.022        -0.050         0.017        -0.057


           Residuals for Correlations/Residual Correlations
              COG052        COG053        COG054        COG055        COG056
              ________      ________      ________      ________      ________
 COG053        -0.156
 COG054         0.241         0.045
 COG055         0.203        -0.015         0.035
 COG056        -0.015        -0.184        -0.182        -0.098
 COG057        -0.075        -0.204         0.138         0.239         0.007
 COG058        -0.030        -0.229        -0.047         0.038         0.030
 COG060         0.030        -0.189        -0.052        -0.151         0.056
 COG061         0.094        -0.168        -0.015        -0.027        -0.114
 COG062         0.077        -0.079        -0.085         0.075        -0.141
 COG063         0.081        -0.110        -0.071        -0.135        -0.124
 COG064         0.017        -0.060         0.140         0.076        -0.005
 COG066         0.016        -0.159         0.016        -0.152        -0.078
 QCHATTOT       0.018        -0.036        -0.059        -0.151         0.049


           Residuals for Correlations/Residual Correlations
              COG057        COG058        COG060        COG061        COG062
              ________      ________      ________      ________      ________
 COG058         0.118
 COG060         0.095         0.056
 COG061         0.180        -0.057        -0.091
 COG062         0.111        -0.028        -0.084         0.036
 COG063         0.127        -0.040        -0.056         0.160        -0.004
 COG064         0.047         0.027         0.012         0.057         0.076
 COG066         0.080         0.106        -0.025         0.049         0.064
 QCHATTOT       0.012        -0.005         0.062         0.077         0.032


           Residuals for Correlations/Residual Correlations
              COG063        COG064        COG066        QCHATTOT
              ________      ________      ________      ________
 COG064         0.047
 COG066        -0.039         0.103
 QCHATTOT       0.098         0.020         0.108         0.000


     UNIVARIATE PROPORTIONS FOR CATEGORICAL VARIABLES

     Variable          Observed      Estimated      Residual (Obs.-Est.)    Stand. Residual
     COG040
       Category  1       0.127          0.127                  0.000                0.000
       Category  2       0.873          0.873                  0.000                0.000
     COG041
       Category  1       0.280          0.280                  0.000                0.000
       Category  2       0.720          0.720                  0.000                0.000
     COG043
       Category  1       0.143          0.143                  0.000                0.000
       Category  2       0.857          0.857                  0.000                0.000
     COG044
       Category  1       0.112          0.112                  0.000                0.000
       Category  2       0.888          0.888                  0.000                0.000
     COG045
       Category  1       0.372          0.372                  0.000                0.000
       Category  2       0.628          0.628                  0.000                0.000
     COG046
       Category  1       0.513          0.513                  0.000                0.000
       Category  2       0.487          0.487                  0.000                0.000
     COG048
       Category  1       0.108          0.108                  0.000                0.000
       Category  2       0.892          0.892                  0.000                0.000
     COG049
       Category  1       0.156          0.156                  0.000                0.000
       Category  2       0.844          0.844                  0.000                0.000
     COG050
       Category  1       0.273          0.273                  0.000                0.000
       Category  2       0.727          0.727                  0.000                0.000
     COG051
       Category  1       0.120          0.120                  0.000                0.000
       Category  2       0.880          0.880                  0.000                0.000
     COG052
       Category  1       0.317          0.317                  0.000                0.000
       Category  2       0.683          0.683                  0.000                0.000
     COG053
       Category  1       0.334          0.334                  0.000                0.000
       Category  2       0.666          0.666                  0.000                0.000
     COG054
       Category  1       0.332          0.332                  0.000                0.000
       Category  2       0.668          0.668                  0.000                0.000
     COG055
       Category  1       0.122          0.122                  0.000                0.000
       Category  2       0.878          0.878                  0.000                0.000
     COG056
       Category  1       0.441          0.441                  0.000                0.000
       Category  2       0.559          0.559                  0.000                0.000
     COG057
       Category  1       0.816          0.816                  0.000                0.000
       Category  2       0.184          0.184                  0.000                0.000
     COG058
       Category  1       0.434          0.434                  0.000                0.000
       Category  2       0.566          0.566                  0.000                0.000
     COG060
       Category  1       0.612          0.612                  0.000                0.000
       Category  2       0.388          0.388                  0.000                0.000
     COG061
       Category  1       0.759          0.759                  0.000                0.000
       Category  2       0.241          0.241                  0.000                0.000
     COG062
       Category  1       0.850          0.850                  0.000                0.000
       Category  2       0.150          0.150                  0.000                0.000
     COG063
       Category  1       0.886          0.886                  0.000                0.000
       Category  2       0.114          0.114                  0.000                0.000
     COG064
       Category  1       0.763          0.763                  0.000                0.000
       Category  2       0.237          0.237                  0.000                0.000
     COG066
       Category  1       0.824          0.824                  0.000                0.000
       Category  2       0.176          0.176                  0.000                0.000


     BIVARIATE PROPORTIONS FOR CATEGORICAL VARIABLES

     Variable       Variable          Observed     Estimated    Residual (Obs.-Est.)  Stand. Residual
     COG040         COG041
       Category 1     Category 1        0.042       0.045            -0.003           -0.353
       Category 1     Category 2        0.085       0.083             0.003            0.264
       Category 2     Category 1        0.238       0.235             0.003            0.172
       Category 2     Category 2        0.635       0.637            -0.003           -0.151
     COG040         COG043
       Category 1     Category 1        0.023       0.027            -0.004           -0.714
       Category 1     Category 2        0.104       0.100             0.004            0.388
       Category 2     Category 1        0.120       0.116             0.004            0.363
       Category 2     Category 2        0.752       0.757            -0.004           -0.271
     COG040         COG044
       Category 1     Category 1        0.031       0.021             0.010            1.862
       Category 1     Category 2        0.096       0.106            -0.010           -0.873
       Category 2     Category 1        0.081       0.091            -0.010           -0.933
       Category 2     Category 2        0.792       0.782             0.010            0.650
     COG040         COG045
       Category 1     Category 1        0.093       0.066             0.027            2.967
       Category 1     Category 2        0.034       0.061            -0.027           -3.083
       Category 2     Category 1        0.279       0.306            -0.027           -1.601
       Category 2     Category 2        0.594       0.567             0.027            1.489
     COG040         COG046
       Category 1     Category 1        0.081       0.075             0.007            0.687
       Category 1     Category 2        0.046       0.053            -0.007           -0.808
       Category 2     Category 1        0.432       0.438            -0.007           -0.364
       Category 2     Category 2        0.441       0.434             0.007            0.364
     COG040         COG048
       Category 1     Category 1        0.019       0.024            -0.005           -0.898
       Category 1     Category 2        0.108       0.103             0.005            0.452
       Category 2     Category 1        0.089       0.084             0.005            0.495
       Category 2     Category 2        0.783       0.789            -0.005           -0.337
     COG040         COG049
       Category 1     Category 1        0.038       0.035             0.003            0.465
       Category 1     Category 2        0.089       0.092            -0.003           -0.294
       Category 2     Category 1        0.118       0.121            -0.003           -0.261
       Category 2     Category 2        0.755       0.752             0.003            0.197
     COG040         COG050
       Category 1     Category 1        0.074       0.055             0.019            2.256
       Category 1     Category 2        0.053       0.072            -0.019           -2.000
       Category 2     Category 1        0.199       0.218            -0.019           -1.250
       Category 2     Category 2        0.674       0.655             0.019            1.086
     COG040         COG051
       Category 1     Category 1        0.028       0.028             0.001            0.131
       Category 1     Category 2        0.099       0.100            -0.001           -0.072
       Category 2     Category 1        0.092       0.093            -0.001           -0.074
       Category 2     Category 2        0.781       0.780             0.001            0.052
     COG040         COG052
       Category 1     Category 1        0.050       0.053            -0.003           -0.335
       Category 1     Category 2        0.077       0.074             0.003            0.286
       Category 2     Category 1        0.267       0.264             0.003            0.170
       Category 2     Category 2        0.606       0.609            -0.003           -0.154
     COG040         COG053
       Category 1     Category 1        0.049       0.058            -0.009           -1.058
       Category 1     Category 2        0.078       0.069             0.009            0.972
       Category 2     Category 1        0.286       0.276             0.009            0.552
       Category 2     Category 2        0.587       0.596            -0.009           -0.503
     COG040         COG054
       Category 1     Category 1        0.055       0.053             0.003            0.317
       Category 1     Category 2        0.072       0.074            -0.003           -0.270
       Category 2     Category 1        0.276       0.279            -0.003           -0.158
       Category 2     Category 2        0.597       0.594             0.003            0.144
     COG040         COG055
       Category 1     Category 1        0.024       0.029            -0.004           -0.709
       Category 1     Category 2        0.103       0.098             0.004            0.398
       Category 2     Category 1        0.097       0.093             0.004            0.408
       Category 2     Category 2        0.775       0.780            -0.004           -0.286
     COG040         COG056
       Category 1     Category 1        0.076       0.081            -0.005           -0.477
       Category 1     Category 2        0.051       0.047             0.005            0.616
       Category 2     Category 1        0.365       0.361             0.005            0.271
       Category 2     Category 2        0.507       0.512            -0.005           -0.260
     COG040         COG057
       Category 1     Category 1        0.108       0.111            -0.002           -0.205
       Category 1     Category 2        0.019       0.017             0.002            0.503
       Category 2     Category 1        0.708       0.705             0.002            0.141
       Category 2     Category 2        0.165       0.167            -0.002           -0.172
     COG040         COG058
       Category 1     Category 1        0.066       0.077            -0.010           -1.070
       Category 1     Category 2        0.061       0.050             0.010            1.301
       Category 2     Category 1        0.368       0.358             0.010            0.594
       Category 2     Category 2        0.505       0.515            -0.010           -0.570
     COG040         COG060
       Category 1     Category 1        0.093       0.099            -0.006           -0.545
       Category 1     Category 2        0.034       0.028             0.006            0.990
       Category 2     Category 1        0.518       0.512             0.006            0.326
       Category 2     Category 2        0.355       0.361            -0.006           -0.339
     COG040         COG061
       Category 1     Category 1        0.100       0.111            -0.011           -0.969
       Category 1     Category 2        0.027       0.016             0.011            2.441
       Category 2     Category 1        0.659       0.648             0.011            0.638
       Category 2     Category 2        0.214       0.225            -0.011           -0.730
     COG040         COG062
       Category 1     Category 1        0.118       0.117             0.001            0.080
       Category 1     Category 2        0.009       0.010            -0.001           -0.254
       Category 2     Category 1        0.732       0.733            -0.001           -0.058
       Category 2     Category 2        0.141       0.140             0.001            0.074
     COG040         COG063
       Category 1     Category 1        0.119       0.121            -0.002           -0.188
       Category 1     Category 2        0.008       0.006             0.002            0.803
       Category 2     Category 1        0.767       0.765             0.002            0.145
       Category 2     Category 2        0.106       0.108            -0.002           -0.198
     COG040         COG064
       Category 1     Category 1        0.115       0.120            -0.005           -0.381
       Category 1     Category 2        0.012       0.008             0.005            1.419
       Category 2     Category 1        0.648       0.644             0.005            0.258
       Category 2     Category 2        0.225       0.229            -0.005           -0.294
     COG040         COG066
       Category 1     Category 1        0.112       0.118            -0.006           -0.502
       Category 1     Category 2        0.015       0.009             0.006            1.726
       Category 2     Category 1        0.712       0.706             0.006            0.356
       Category 2     Category 2        0.161       0.167            -0.006           -0.435
     COG041         COG043
       Category 1     Category 1        0.058       0.064            -0.006           -0.627
       Category 1     Category 2        0.222       0.216             0.006            0.372
       Category 2     Category 1        0.085       0.080             0.006            0.566
       Category 2     Category 2        0.635       0.640            -0.006           -0.319
     COG041         COG044
       Category 1     Category 1        0.054       0.050             0.005            0.567
       Category 1     Category 2        0.226       0.231            -0.005           -0.292
       Category 2     Category 1        0.058       0.063            -0.005           -0.508
       Category 2     Category 2        0.662       0.657             0.005            0.259
     COG041         COG045
       Category 1     Category 1        0.133       0.123             0.010            0.816
       Category 1     Category 2        0.147       0.157            -0.010           -0.735
       Category 2     Category 1        0.240       0.249            -0.010           -0.619
       Category 2     Category 2        0.480       0.471             0.010            0.536
     COG041         COG046
       Category 1     Category 1        0.168       0.169            -0.001           -0.051
       Category 1     Category 2        0.112       0.112             0.001            0.061
       Category 2     Category 1        0.345       0.344             0.001            0.041
       Category 2     Category 2        0.375       0.376            -0.001           -0.040
     COG041         COG048
       Category 1     Category 1        0.045       0.057            -0.012           -1.422
       Category 1     Category 2        0.235       0.223             0.012            0.790
       Category 2     Category 1        0.064       0.052             0.012            1.488
       Category 2     Category 2        0.656       0.668            -0.012           -0.699
     COG041         COG049
       Category 1     Category 1        0.060       0.061            -0.001           -0.141
       Category 1     Category 2        0.221       0.219             0.001            0.082
       Category 2     Category 1        0.096       0.095             0.001            0.115
       Category 2     Category 2        0.624       0.625            -0.001           -0.070
     COG041         COG050
       Category 1     Category 1        0.106       0.096             0.009            0.865
       Category 1     Category 2        0.175       0.184            -0.009           -0.658
       Category 2     Category 1        0.168       0.177            -0.009           -0.668
       Category 2     Category 2        0.552       0.543             0.009            0.512
     COG041         COG051
       Category 1     Category 1        0.055       0.048             0.008            0.989
       Category 1     Category 2        0.225       0.232            -0.008           -0.499
       Category 2     Category 1        0.065       0.073            -0.008           -0.812
       Category 2     Category 2        0.655       0.647             0.008            0.441
     COG041         COG052
       Category 1     Category 1        0.114       0.122            -0.008           -0.697
       Category 1     Category 2        0.166       0.158             0.008            0.625
       Category 2     Category 1        0.203       0.195             0.008            0.576
       Category 2     Category 2        0.517       0.525            -0.008           -0.457
     COG041         COG053
       Category 1     Category 1        0.114       0.134            -0.021           -1.653
       Category 1     Category 2        0.166       0.146             0.021            1.598
       Category 2     Category 1        0.221       0.200             0.021            1.410
       Category 2     Category 2        0.499       0.520            -0.021           -1.128
     COG041         COG054
       Category 1     Category 1        0.114       0.106             0.008            0.678
       Category 1     Category 2        0.166       0.174            -0.008           -0.550
       Category 2     Category 1        0.218       0.226            -0.008           -0.499
       Category 2     Category 2        0.502       0.494             0.008            0.417
     COG041         COG055
       Category 1     Category 1        0.058       0.049             0.009            1.147
       Category 1     Category 2        0.222       0.231            -0.009           -0.588
       Category 2     Category 1        0.064       0.073            -0.009           -0.954
       Category 2     Category 2        0.656       0.647             0.009            0.518
     COG041         COG056
       Category 1     Category 1        0.146       0.154            -0.008           -0.589
       Category 1     Category 2        0.134       0.126             0.008            0.641
       Category 2     Category 1        0.295       0.287             0.008            0.470
       Category 2     Category 2        0.425       0.433            -0.008           -0.429
     COG041         COG057
       Category 1     Category 1        0.254       0.247             0.007            0.472
       Category 1     Category 2        0.026       0.033            -0.007           -1.137
       Category 2     Category 1        0.562       0.569            -0.007           -0.411
       Category 2     Category 2        0.158       0.151             0.007            0.569
     COG041         COG058
       Category 1     Category 1        0.147       0.148            -0.001           -0.068
       Category 1     Category 2        0.133       0.132             0.001            0.072
       Category 2     Category 1        0.287       0.286             0.001            0.054
       Category 2     Category 2        0.433       0.434            -0.001           -0.049
     COG041         COG060
       Category 1     Category 1        0.203       0.199             0.004            0.246
       Category 1     Category 2        0.077       0.081            -0.004           -0.361
       Category 2     Category 1        0.409       0.412            -0.004           -0.200
       Category 2     Category 2        0.311       0.308             0.004            0.213
     COG041         COG061
       Category 1     Category 1        0.238       0.233             0.006            0.363
       Category 1     Category 2        0.042       0.048            -0.006           -0.721
       Category 2     Category 1        0.521       0.527            -0.006           -0.307
       Category 2     Category 2        0.199       0.193             0.006            0.389
     COG041         COG062
       Category 1     Category 1        0.263       0.250             0.013            0.799
       Category 1     Category 2        0.018       0.030            -0.013           -2.017
       Category 2     Category 1        0.587       0.600            -0.013           -0.706
       Category 2     Category 2        0.133       0.120             0.013            1.065
     COG041         COG063
       Category 1     Category 1        0.267       0.260             0.006            0.382
       Category 1     Category 2        0.014       0.020            -0.006           -1.207
       Category 2     Category 1        0.620       0.626            -0.006           -0.347
       Category 2     Category 2        0.100       0.094             0.006            0.575
     COG041         COG064
       Category 1     Category 1        0.241       0.240             0.001            0.037
       Category 1     Category 2        0.039       0.040            -0.001           -0.080
       Category 2     Category 1        0.522       0.523            -0.001           -0.031
       Category 2     Category 2        0.198       0.197             0.001            0.039
     COG041         COG066
       Category 1     Category 1        0.257       0.250             0.007            0.468
       Category 1     Category 2        0.023       0.030            -0.007           -1.178
       Category 2     Category 1        0.567       0.574            -0.007           -0.410
       Category 2     Category 2        0.153       0.145             0.007            0.574
     COG043         COG044
       Category 1     Category 1        0.031       0.036            -0.005           -0.671
       Category 1     Category 2        0.112       0.108             0.005            0.401
       Category 2     Category 1        0.081       0.077             0.005            0.468
       Category 2     Category 2        0.775       0.780            -0.005           -0.300
     COG043         COG045
       Category 1     Category 1        0.077       0.071             0.006            0.626
       Category 1     Category 2        0.066       0.072            -0.006           -0.622
       Category 2     Category 1        0.295       0.301            -0.006           -0.351
       Category 2     Category 2        0.562       0.556             0.006            0.324
     COG043         COG046
       Category 1     Category 1        0.088       0.097            -0.009           -0.817
       Category 1     Category 2        0.055       0.047             0.009            1.147
       Category 2     Category 1        0.425       0.416             0.009            0.490
       Category 2     Category 2        0.432       0.441            -0.009           -0.487
     COG043         COG048
       Category 1     Category 1        0.028       0.046            -0.018           -2.278
       Category 1     Category 2        0.115       0.097             0.018            1.608
       Category 2     Category 1        0.080       0.062             0.018            1.974
       Category 2     Category 2        0.777       0.794            -0.018           -1.180
     COG043         COG049
       Category 1     Category 1        0.042       0.040             0.002            0.264
       Category 1     Category 2        0.101       0.103            -0.002           -0.170
       Category 2     Category 1        0.114       0.116            -0.002           -0.162
       Category 2     Category 2        0.743       0.741             0.002            0.118
     COG043         COG050
       Category 1     Category 1        0.065       0.059             0.006            0.742
       Category 1     Category 2        0.078       0.085            -0.006           -0.625
       Category 2     Category 1        0.208       0.215            -0.006           -0.424
       Category 2     Category 2        0.648       0.642             0.006            0.363
     COG043         COG051
       Category 1     Category 1        0.032       0.032             0.001            0.097
       Category 1     Category 2        0.111       0.112            -0.001           -0.054
       Category 2     Category 1        0.088       0.089            -0.001           -0.060
       Category 2     Category 2        0.769       0.768             0.001            0.040
     COG043         COG052
       Category 1     Category 1        0.099       0.079             0.020            2.044
       Category 1     Category 2        0.045       0.065            -0.020           -2.233
       Category 2     Category 1        0.218       0.238            -0.020           -1.291
       Category 2     Category 2        0.639       0.618             0.020            1.132
     COG043         COG053
       Category 1     Category 1        0.061       0.088            -0.028           -2.640
       Category 1     Category 2        0.083       0.055             0.028            3.290
       Category 2     Category 1        0.273       0.246             0.028            1.741
       Category 2     Category 2        0.583       0.611            -0.028           -1.538
     COG043         COG054
       Category 1     Category 1        0.076       0.060             0.016            1.780
       Category 1     Category 2        0.068       0.083            -0.016           -1.533
       Category 2     Category 1        0.256       0.271            -0.016           -0.952
       Category 2     Category 2        0.601       0.585             0.016            0.859
     COG043         COG055
       Category 1     Category 1        0.043       0.033             0.010            1.545
       Category 1     Category 2        0.100       0.110            -0.010           -0.882
       Category 2     Category 1        0.078       0.089            -0.010           -0.973
       Category 2     Category 2        0.778       0.768             0.010            0.655
     COG043         COG056
       Category 1     Category 1        0.089       0.092            -0.003           -0.274
       Category 1     Category 2        0.054       0.051             0.003            0.359
       Category 2     Category 1        0.352       0.349             0.003            0.166
       Category 2     Category 2        0.505       0.508            -0.003           -0.158
     COG043         COG057
       Category 1     Category 1        0.123       0.133            -0.010           -0.762
       Category 1     Category 2        0.020       0.011             0.010            2.502
       Category 2     Category 1        0.693       0.683             0.010            0.556
       Category 2     Category 2        0.164       0.173            -0.010           -0.683
     COG043         COG058
       Category 1     Category 1        0.087       0.088            -0.001           -0.114
       Category 1     Category 2        0.057       0.056             0.001            0.140
       Category 2     Category 1        0.348       0.347             0.001            0.068
       Category 2     Category 2        0.509       0.510            -0.001           -0.064
     COG043         COG060
       Category 1     Category 1        0.116       0.113             0.003            0.271
       Category 1     Category 2        0.027       0.030            -0.003           -0.502
       Category 2     Category 1        0.495       0.498            -0.003           -0.172
       Category 2     Category 2        0.361       0.358             0.003            0.179
     COG043         COG061
       Category 1     Category 1        0.133       0.126             0.006            0.515
       Category 1     Category 2        0.011       0.017            -0.006           -1.318
       Category 2     Category 1        0.627       0.633            -0.006           -0.355
       Category 2     Category 2        0.230       0.224             0.006            0.410
     COG043         COG062
       Category 1     Category 1        0.139       0.132             0.007            0.582
       Category 1     Category 2        0.004       0.011            -0.007           -1.865
       Category 2     Category 1        0.710       0.718            -0.007           -0.438
       Category 2     Category 2        0.146       0.139             0.007            0.570
     COG043         COG063
       Category 1     Category 1        0.137       0.137            -0.001           -0.044
       Category 1     Category 2        0.007       0.006             0.001            0.193
       Category 2     Category 1        0.750       0.749             0.001            0.035
       Category 2     Category 2        0.107       0.107            -0.001           -0.049
     COG043         COG064
       Category 1     Category 1        0.133       0.132             0.001            0.060
       Category 1     Category 2        0.011       0.012            -0.001           -0.188
       Category 2     Category 1        0.631       0.631            -0.001           -0.042
       Category 2     Category 2        0.226       0.225             0.001            0.048
     COG043         COG066
       Category 1     Category 1        0.137       0.134             0.003            0.211
       Category 1     Category 2        0.007       0.009            -0.003           -0.743
       Category 2     Category 1        0.687       0.690            -0.003           -0.155
       Category 2     Category 2        0.169       0.167             0.003            0.193
     COG044         COG045
       Category 1     Category 1        0.065       0.055             0.009            1.126
       Category 1     Category 2        0.047       0.057            -0.009           -1.113
       Category 2     Category 1        0.307       0.317            -0.009           -0.554
       Category 2     Category 2        0.581       0.571             0.009            0.521
     COG044         COG046
       Category 1     Category 1        0.076       0.075             0.000            0.038
       Category 1     Category 2        0.037       0.037             0.000           -0.054
       Category 2     Category 1        0.437       0.437             0.000           -0.020
       Category 2     Category 2        0.451       0.450             0.000            0.020
     COG044         COG048
       Category 1     Category 1        0.028       0.036            -0.007           -1.067
       Category 1     Category 2        0.084       0.077             0.007            0.744
       Category 2     Category 1        0.080       0.073             0.007            0.763
       Category 2     Category 2        0.808       0.815            -0.007           -0.510
     COG044         COG049
       Category 1     Category 1        0.034       0.031             0.003            0.423
       Category 1     Category 2        0.078       0.081            -0.003           -0.269
       Category 2     Category 1        0.122       0.124            -0.003           -0.222
       Category 2     Category 2        0.766       0.763             0.003            0.173
     COG044         COG050
       Category 1     Category 1        0.054       0.046             0.009            1.119
       Category 1     Category 2        0.058       0.067            -0.009           -0.935
       Category 2     Category 1        0.219       0.228            -0.009           -0.556
       Category 2     Category 2        0.668       0.660             0.009            0.493
     COG044         COG051
       Category 1     Category 1        0.030       0.025             0.005            0.875
       Category 1     Category 2        0.083       0.088            -0.005           -0.481
       Category 2     Category 1        0.091       0.096            -0.005           -0.462
       Category 2     Category 2        0.797       0.792             0.005            0.335
     COG044         COG052
       Category 1     Category 1        0.055       0.061            -0.005           -0.617
       Category 1     Category 2        0.057       0.051             0.005            0.668
       Category 2     Category 1        0.261       0.256             0.005            0.338
       Category 2     Category 2        0.627       0.632            -0.005           -0.306
     COG044         COG053
       Category 1     Category 1        0.062       0.068            -0.006           -0.668
       Category 1     Category 2        0.050       0.044             0.006            0.824
       Category 2     Category 1        0.272       0.266             0.006            0.382
       Category 2     Category 2        0.616       0.622            -0.006           -0.348
     COG044         COG054
       Category 1     Category 1        0.054       0.047             0.007            0.923
       Category 1     Category 2        0.058       0.065            -0.007           -0.790
       Category 2     Category 1        0.277       0.285            -0.007           -0.433
       Category 2     Category 2        0.610       0.603             0.007            0.399
     COG044         COG055
       Category 1     Category 1        0.030       0.026             0.004            0.688
       Category 1     Category 2        0.083       0.087            -0.004           -0.388
       Category 2     Category 1        0.092       0.096            -0.004           -0.370
       Category 2     Category 2        0.796       0.792             0.004            0.268
     COG044         COG056
       Category 1     Category 1        0.074       0.072             0.003            0.290
       Category 1     Category 2        0.038       0.041            -0.003           -0.379
       Category 2     Category 1        0.367       0.369            -0.003           -0.155
       Category 2     Category 2        0.521       0.518             0.003            0.150
     COG044         COG057
       Category 1     Category 1        0.095       0.104            -0.009           -0.788
       Category 1     Category 2        0.018       0.009             0.009            2.575
       Category 2     Category 1        0.721       0.712             0.009            0.530
       Category 2     Category 2        0.166       0.175            -0.009           -0.631
     COG044         COG058
       Category 1     Category 1        0.068       0.068            -0.001           -0.067
       Category 1     Category 2        0.045       0.044             0.001            0.082
       Category 2     Category 1        0.367       0.366             0.001            0.035
       Category 2     Category 2        0.521       0.522            -0.001           -0.034
     COG044         COG060
       Category 1     Category 1        0.091       0.088             0.003            0.242
       Category 1     Category 2        0.022       0.024            -0.003           -0.447
       Category 2     Category 1        0.521       0.523            -0.003           -0.137
       Category 2     Category 2        0.367       0.364             0.003            0.143
     COG044         COG061
       Category 1     Category 1        0.097       0.099            -0.001           -0.104
       Category 1     Category 2        0.015       0.014             0.001            0.266
       Category 2     Category 1        0.662       0.661             0.001            0.065
       Category 2     Category 2        0.226       0.227            -0.001           -0.074
     COG044         COG062
       Category 1     Category 1        0.104       0.103             0.001            0.084
       Category 1     Category 2        0.008       0.009            -0.001           -0.269
       Category 2     Category 1        0.746       0.747            -0.001           -0.059
       Category 2     Category 2        0.142       0.141             0.001            0.073
     COG044         COG063
       Category 1     Category 1        0.107       0.107             0.000           -0.031
       Category 1     Category 2        0.005       0.005             0.000            0.135
       Category 2     Category 1        0.779       0.779             0.000            0.023
       Category 2     Category 2        0.108       0.109             0.000           -0.031
     COG044         COG064
       Category 1     Category 1        0.101       0.103            -0.001           -0.116
       Category 1     Category 2        0.011       0.010             0.001            0.363
       Category 2     Category 1        0.662       0.660             0.001            0.074
       Category 2     Category 2        0.226       0.227            -0.001           -0.084
     COG044         COG066
       Category 1     Category 1        0.107       0.105             0.002            0.202
       Category 1     Category 2        0.005       0.008            -0.002           -0.708
       Category 2     Category 1        0.717       0.719            -0.002           -0.138
       Category 2     Category 2        0.171       0.168             0.002            0.165
     COG045         COG046
       Category 1     Category 1        0.223       0.211             0.013            0.846
       Category 1     Category 2        0.149       0.162            -0.013           -0.937
       Category 2     Category 1        0.290       0.302            -0.013           -0.751
       Category 2     Category 2        0.338       0.326             0.013            0.736
     COG045         COG048
       Category 1     Category 1        0.051       0.060            -0.008           -0.955
       Category 1     Category 2        0.321       0.312             0.008            0.488
       Category 2     Category 1        0.057       0.049             0.008            1.053
       Category 2     Category 2        0.571       0.579            -0.008           -0.458
     COG045         COG049
       Category 1     Category 1        0.088       0.087             0.001            0.123
       Category 1     Category 2        0.284       0.285            -0.001           -0.076
       Category 2     Category 1        0.068       0.069            -0.001           -0.136
       Category 2     Category 2        0.560       0.559             0.001            0.069
     COG045         COG050
       Category 1     Category 1        0.181       0.143             0.038            2.950
       Category 1     Category 2        0.191       0.229            -0.038           -2.461
       Category 2     Category 1        0.092       0.130            -0.038           -3.073
       Category 2     Category 2        0.536       0.498             0.038            2.068
     COG045         COG051
       Category 1     Category 1        0.072       0.068             0.004            0.386
       Category 1     Category 2        0.300       0.304            -0.004           -0.212
       Category 2     Category 1        0.049       0.052            -0.004           -0.437
       Category 2     Category 2        0.579       0.576             0.004            0.197
     COG045         COG052
       Category 1     Category 1        0.146       0.144             0.002            0.190
       Category 1     Category 2        0.226       0.228            -0.002           -0.159
       Category 2     Category 1        0.171       0.173            -0.002           -0.176
       Category 2     Category 2        0.457       0.455             0.002            0.134
     COG045         COG053
       Category 1     Category 1        0.157       0.156             0.001            0.081
       Category 1     Category 2        0.215       0.216            -0.001           -0.071
       Category 2     Category 1        0.177       0.178            -0.001           -0.076
       Category 2     Category 2        0.451       0.450             0.001            0.059
     COG045         COG054
       Category 1     Category 1        0.150       0.146             0.005            0.360
       Category 1     Category 2        0.222       0.227            -0.005           -0.303
       Category 2     Category 1        0.181       0.186            -0.005           -0.326
       Category 2     Category 2        0.447       0.442             0.005            0.256
     COG045         COG055
       Category 1     Category 1        0.066       0.070            -0.004           -0.419
       Category 1     Category 2        0.306       0.302             0.004            0.233
       Category 2     Category 1        0.055       0.052             0.004            0.484
       Category 2     Category 2        0.572       0.576            -0.004           -0.217
     COG045         COG056
       Category 1     Category 1        0.202       0.216            -0.014           -0.951
       Category 1     Category 2        0.171       0.156             0.014            1.078
       Category 2     Category 1        0.240       0.225             0.014            0.937
       Category 2     Category 2        0.388       0.403            -0.014           -0.798
     COG045         COG057
       Category 1     Category 1        0.314       0.319            -0.005           -0.282
       Category 1     Category 2        0.058       0.053             0.005            0.584
       Category 2     Category 1        0.502       0.497             0.005            0.262
       Category 2     Category 2        0.126       0.131            -0.005           -0.389
     COG045         COG058
       Category 1     Category 1        0.198       0.207            -0.010           -0.639
       Category 1     Category 2        0.175       0.165             0.010            0.698
       Category 2     Category 1        0.237       0.227             0.010            0.618
       Category 2     Category 2        0.391       0.401            -0.010           -0.529
     COG045         COG060
       Category 1     Category 1        0.271       0.276            -0.005           -0.298
       Category 1     Category 2        0.101       0.097             0.005            0.451
       Category 2     Category 1        0.341       0.336             0.005            0.282
       Category 2     Category 2        0.287       0.292            -0.005           -0.293
     COG045         COG061
       Category 1     Category 1        0.300       0.316            -0.016           -0.934
       Category 1     Category 2        0.072       0.056             0.016            1.893
       Category 2     Category 1        0.459       0.443             0.016            0.874
       Category 2     Category 2        0.169       0.185            -0.016           -1.118
     COG045         COG062
       Category 1     Category 1        0.342       0.336             0.006            0.354
       Category 1     Category 2        0.030       0.036            -0.006           -0.898
       Category 2     Category 1        0.507       0.514            -0.006           -0.334
       Category 2     Category 2        0.120       0.114             0.006            0.525
     COG045         COG063
       Category 1     Category 1        0.342       0.350            -0.008           -0.460
       Category 1     Category 2        0.030       0.022             0.008            1.507
       Category 2     Category 1        0.544       0.536             0.008            0.440
       Category 2     Category 2        0.084       0.092            -0.008           -0.760
     COG045         COG064
       Category 1     Category 1        0.318       0.340            -0.022           -1.255
       Category 1     Category 2        0.054       0.032             0.022            3.365
       Category 2     Category 1        0.445       0.423             0.022            1.203
       Category 2     Category 2        0.183       0.205            -0.022           -1.474
     COG045         COG066
       Category 1     Category 1        0.329       0.339            -0.010           -0.570
       Category 1     Category 2        0.043       0.033             0.010            1.502
       Category 2     Category 1        0.495       0.485             0.010            0.540
       Category 2     Category 2        0.133       0.143            -0.010           -0.772
     COG046         COG048
       Category 1     Category 1        0.072       0.080            -0.009           -0.856
       Category 1     Category 2        0.441       0.433             0.009            0.470
       Category 2     Category 1        0.037       0.028             0.009            1.411
       Category 2     Category 2        0.451       0.459            -0.009           -0.467
     COG046         COG049
       Category 1     Category 1        0.101       0.097             0.004            0.387
       Category 1     Category 2        0.411       0.416            -0.004           -0.233
       Category 2     Category 1        0.054       0.058            -0.004           -0.490
       Category 2     Category 2        0.433       0.429             0.004            0.232
     COG046         COG050
       Category 1     Category 1        0.157       0.161            -0.004           -0.278
       Category 1     Category 2        0.356       0.352             0.004            0.214
       Category 2     Category 1        0.116       0.113             0.004            0.323
       Category 2     Category 2        0.371       0.375            -0.004           -0.211
     COG046         COG051
       Category 1     Category 1        0.080       0.076             0.004            0.407
       Category 1     Category 2        0.433       0.437            -0.004           -0.217
       Category 2     Category 1        0.041       0.045            -0.004           -0.523
       Category 2     Category 2        0.447       0.443             0.004            0.217
     COG046         COG052
       Category 1     Category 1        0.162       0.197            -0.035           -2.372
       Category 1     Category 2        0.350       0.316             0.035            2.030
       Category 2     Category 1        0.154       0.120             0.035            2.908
       Category 2     Category 2        0.333       0.368            -0.035           -1.957
     COG046         COG053
       Category 1     Category 1        0.191       0.214            -0.023           -1.520
       Category 1     Category 2        0.322       0.299             0.023            1.361
       Category 2     Category 1        0.143       0.121             0.023            1.914
       Category 2     Category 2        0.344       0.367            -0.023           -1.293
     COG046         COG054
       Category 1     Category 1        0.183       0.184            -0.001           -0.094
       Category 1     Category 2        0.330       0.329             0.001            0.077
       Category 2     Category 1        0.149       0.148             0.001            0.102
       Category 2     Category 2        0.338       0.340            -0.001           -0.077
     COG046         COG055
       Category 1     Category 1        0.084       0.077             0.006            0.652
       Category 1     Category 2        0.429       0.435            -0.006           -0.351
       Category 2     Category 1        0.038       0.044            -0.006           -0.847
       Category 2     Category 2        0.449       0.443             0.006            0.351
     COG046         COG056
       Category 1     Category 1        0.263       0.259             0.004            0.232
       Category 1     Category 2        0.250       0.254            -0.004           -0.233
       Category 2     Category 1        0.179       0.182            -0.004           -0.263
       Category 2     Category 2        0.309       0.305             0.004            0.220
     COG046         COG057
       Category 1     Category 1        0.432       0.440            -0.008           -0.434
       Category 1     Category 2        0.081       0.073             0.008            0.826
       Category 2     Category 1        0.384       0.376             0.008            0.444
       Category 2     Category 2        0.103       0.111            -0.008           -0.686
     COG046         COG058
       Category 1     Category 1        0.258       0.251             0.007            0.444
       Category 1     Category 2        0.254       0.261            -0.007           -0.438
       Category 2     Category 1        0.176       0.183            -0.007           -0.498
       Category 2     Category 2        0.311       0.304             0.007            0.419
     COG046         COG060
       Category 1     Category 1        0.353       0.345             0.009            0.490
       Category 1     Category 2        0.160       0.168            -0.009           -0.623
       Category 2     Category 1        0.258       0.267            -0.009           -0.527
       Category 2     Category 2        0.229       0.220             0.009            0.562
     COG046         COG061
       Category 1     Category 1        0.425       0.412             0.013            0.725
       Category 1     Category 2        0.088       0.101            -0.013           -1.183
       Category 2     Category 1        0.334       0.347            -0.013           -0.749
       Category 2     Category 2        0.153       0.140             0.013            1.029
     COG046         COG062
       Category 1     Category 1        0.470       0.449             0.020            1.113
       Category 1     Category 2        0.043       0.064            -0.020           -2.267
       Category 2     Category 1        0.380       0.401            -0.020           -1.129
       Category 2     Category 2        0.107       0.087             0.020            1.968
     COG046         COG063
       Category 1     Category 1        0.478       0.469             0.009            0.487
       Category 1     Category 2        0.035       0.044            -0.009           -1.183
       Category 2     Category 1        0.409       0.418            -0.009           -0.493
       Category 2     Category 2        0.078       0.070             0.009            0.955
     COG046         COG064
       Category 1     Category 1        0.422       0.422             0.000            0.013
       Category 1     Category 2        0.091       0.091             0.000           -0.023
       Category 2     Category 1        0.341       0.341             0.000           -0.014
       Category 2     Category 2        0.146       0.146             0.000            0.019
     COG046         COG066
       Category 1     Category 1        0.463       0.444             0.018            1.004
       Category 1     Category 2        0.050       0.068            -0.018           -1.976
       Category 2     Category 1        0.361       0.380            -0.018           -1.028
       Category 2     Category 2        0.126       0.107             0.018            1.610
     COG048         COG049
       Category 1     Category 1        0.027       0.037            -0.010           -1.473
       Category 1     Category 2        0.081       0.071             0.010            1.088
       Category 2     Category 1        0.129       0.118             0.010            0.865
       Category 2     Category 2        0.763       0.773            -0.010           -0.667
     COG048         COG050
       Category 1     Category 1        0.047       0.051            -0.004           -0.464
       Category 1     Category 2        0.061       0.057             0.004            0.440
       Category 2     Category 1        0.226       0.222             0.004            0.246
       Category 2     Category 2        0.666       0.670            -0.004           -0.217
     COG048         COG051
       Category 1     Category 1        0.030       0.030             0.000           -0.042
       Category 1     Category 2        0.078       0.078             0.000            0.027
       Category 2     Category 1        0.091       0.090             0.000            0.025
       Category 2     Category 2        0.801       0.801             0.000           -0.018
     COG048         COG052
       Category 1     Category 1        0.051       0.071            -0.020           -2.093
       Category 1     Category 2        0.057       0.037             0.020            2.850
       Category 2     Category 1        0.265       0.245             0.020            1.251
       Category 2     Category 2        0.627       0.646            -0.020           -1.126
     COG048         COG053
       Category 1     Category 1        0.107       0.081             0.026            2.560
       Category 1     Category 2        0.001       0.027            -0.026           -4.308
       Category 2     Category 1        0.227       0.253            -0.026           -1.608
       Category 2     Category 2        0.664       0.639             0.026            1.455
     COG048         COG054
       Category 1     Category 1        0.051       0.050             0.002            0.213
       Category 1     Category 2        0.057       0.059            -0.002           -0.197
       Category 2     Category 1        0.280       0.282            -0.002           -0.103
       Category 2     Category 2        0.612       0.610             0.002            0.095
     COG048         COG055
       Category 1     Category 1        0.028       0.032            -0.003           -0.483
       Category 1     Category 2        0.080       0.077             0.003            0.317
       Category 2     Category 1        0.093       0.090             0.003            0.294
       Category 2     Category 2        0.798       0.801            -0.003           -0.211
     COG048         COG056
       Category 1     Category 1        0.054       0.079            -0.025           -2.498
       Category 1     Category 2        0.054       0.029             0.025            3.989
       Category 2     Category 1        0.387       0.362             0.025            1.401
       Category 2     Category 2        0.505       0.530            -0.025           -1.349
     COG048         COG057
       Category 1     Category 1        0.096       0.103            -0.007           -0.663
       Category 1     Category 2        0.012       0.005             0.007            2.934
       Category 2     Category 1        0.720       0.712             0.007            0.446
       Category 2     Category 2        0.172       0.179            -0.007           -0.526
     COG048         COG058
       Category 1     Category 1        0.058       0.075            -0.016           -1.691
       Category 1     Category 2        0.050       0.034             0.016            2.460
       Category 2     Category 1        0.376       0.360             0.016            0.925
       Category 2     Category 2        0.516       0.532            -0.016           -0.890
     COG048         COG060
       Category 1     Category 1        0.078       0.092            -0.014           -1.314
       Category 1     Category 2        0.030       0.016             0.014            3.057
       Category 2     Category 1        0.533       0.519             0.014            0.762
       Category 2     Category 2        0.359       0.373            -0.014           -0.788
     COG048         COG061
       Category 1     Category 1        0.087       0.100            -0.013           -1.183
       Category 1     Category 2        0.022       0.009             0.013            3.831
       Category 2     Category 1        0.673       0.660             0.013            0.747
       Category 2     Category 2        0.219       0.232            -0.013           -0.839
     COG048         COG062
       Category 1     Category 1        0.097       0.102            -0.005           -0.428
       Category 1     Category 2        0.011       0.006             0.005            1.671
       Category 2     Category 1        0.752       0.748             0.005            0.298
       Category 2     Category 2        0.139       0.144            -0.005           -0.369
     COG048         COG063
       Category 1     Category 1        0.100       0.106            -0.005           -0.482
       Category 1     Category 2        0.008       0.003             0.005            2.874
       Category 2     Category 1        0.786       0.781             0.005            0.358
       Category 2     Category 2        0.106       0.111            -0.005           -0.472
     COG048         COG064
       Category 1     Category 1        0.100       0.104            -0.004           -0.351
       Category 1     Category 2        0.008       0.004             0.004            1.661
       Category 2     Category 1        0.663       0.659             0.004            0.226
       Category 2     Category 2        0.229       0.233            -0.004           -0.254
     COG048         COG066
       Category 1     Category 1        0.099       0.104            -0.006           -0.500
       Category 1     Category 2        0.009       0.004             0.006            2.470
       Category 2     Category 1        0.725       0.720             0.006            0.340
       Category 2     Category 2        0.166       0.172            -0.006           -0.405
     COG049         COG050
       Category 1     Category 1        0.078       0.074             0.004            0.432
       Category 1     Category 2        0.077       0.081            -0.004           -0.415
       Category 2     Category 1        0.195       0.199            -0.004           -0.284
       Category 2     Category 2        0.650       0.645             0.004            0.237
     COG049         COG051
       Category 1     Category 1        0.068       0.066             0.002            0.234
       Category 1     Category 2        0.088       0.090            -0.002           -0.203
       Category 2     Category 1        0.053       0.055            -0.002           -0.255
       Category 2     Category 2        0.792       0.789             0.002            0.142
     COG049         COG052
       Category 1     Category 1        0.074       0.073             0.001            0.116
       Category 1     Category 2        0.081       0.082            -0.001           -0.110
       Category 2     Category 1        0.242       0.243            -0.001           -0.071
       Category 2     Category 2        0.602       0.601             0.001            0.062
     COG049         COG053
       Category 1     Category 1        0.069       0.081            -0.012           -1.227
       Category 1     Category 2        0.087       0.074             0.012            1.280
       Category 2     Category 1        0.265       0.253             0.012            0.772
       Category 2     Category 2        0.579       0.592            -0.012           -0.683
     COG049         COG054
       Category 1     Category 1        0.074       0.086            -0.011           -1.092
       Category 1     Category 2        0.081       0.070             0.011            1.199
       Category 2     Category 1        0.257       0.246             0.011            0.710
       Category 2     Category 2        0.587       0.599            -0.011           -0.624
     COG049         COG055
       Category 1     Category 1        0.062       0.070            -0.008           -0.836
       Category 1     Category 2        0.093       0.086             0.008            0.763
       Category 2     Category 1        0.060       0.052             0.008            0.964
       Category 2     Category 2        0.785       0.793            -0.008           -0.526
     COG049         COG056
       Category 1     Category 1        0.154       0.144             0.010            0.758
       Category 1     Category 2        0.001       0.011            -0.010           -2.538
       Category 2     Category 1        0.287       0.297            -0.010           -0.584
       Category 2     Category 2        0.558       0.548             0.010            0.536
     COG049         COG057
       Category 1     Category 1        0.142       0.139             0.003            0.215
       Category 1     Category 2        0.014       0.016            -0.003           -0.588
       Category 2     Category 1        0.674       0.677            -0.003           -0.159
       Category 2     Category 2        0.171       0.168             0.003            0.199
     COG049         COG058
       Category 1     Category 1        0.123       0.135            -0.012           -0.946
       Category 1     Category 2        0.032       0.021             0.012            2.278
       Category 2     Category 1        0.311       0.299             0.012            0.706
       Category 2     Category 2        0.533       0.545            -0.012           -0.650
     COG049         COG060
       Category 1     Category 1        0.150       0.152            -0.002           -0.149
       Category 1     Category 2        0.005       0.003             0.002            0.910
       Category 2     Category 1        0.461       0.459             0.002            0.107
       Category 2     Category 2        0.383       0.385            -0.002           -0.110
     COG049         COG061
       Category 1     Category 1        0.147       0.154            -0.006           -0.459
       Category 1     Category 2        0.008       0.002             0.006            3.678
       Category 2     Category 1        0.612       0.606             0.006            0.339
       Category 2     Category 2        0.233       0.239            -0.006           -0.388
     COG049         COG062
       Category 1     Category 1        0.152       0.153            -0.002           -0.116
       Category 1     Category 2        0.004       0.003             0.002            0.834
       Category 2     Category 1        0.698       0.697             0.002            0.091
       Category 2     Category 2        0.146       0.148            -0.002           -0.118
     COG049         COG063
       Category 1     Category 1        0.154       0.155            -0.001           -0.084
       Category 1     Category 2        0.001       0.000             0.001            2.018
       Category 2     Category 1        0.732       0.731             0.001            0.069
       Category 2     Category 2        0.112       0.113            -0.001           -0.096
     COG049         COG064
       Category 1     Category 1        0.145       0.151            -0.006           -0.456
       Category 1     Category 2        0.011       0.005             0.006            2.359
       Category 2     Category 1        0.618       0.612             0.006            0.335
       Category 2     Category 2        0.226       0.232            -0.006           -0.387
     COG049         COG066
       Category 1     Category 1        0.156       0.156             0.000            0.008
       Category 1     Category 2        0.000       0.000             0.000           -0.277
       Category 2     Category 1        0.668       0.669             0.000           -0.006
       Category 2     Category 2        0.176       0.176             0.000            0.007
     COG050         COG051
       Category 1     Category 1        0.064       0.059             0.005            0.553
       Category 1     Category 2        0.210       0.215            -0.005           -0.317
       Category 2     Category 1        0.057       0.062            -0.005           -0.541
       Category 2     Category 2        0.670       0.665             0.005            0.275
     COG050         COG052
       Category 1     Category 1        0.120       0.114             0.006            0.554
       Category 1     Category 2        0.153       0.159            -0.006           -0.481
       Category 2     Category 1        0.196       0.203            -0.006           -0.438
       Category 2     Category 2        0.530       0.524             0.006            0.353
     COG050         COG053
       Category 1     Category 1        0.122       0.125            -0.003           -0.248
       Category 1     Category 2        0.152       0.149             0.003            0.231
       Category 2     Category 1        0.212       0.209             0.003            0.201
       Category 2     Category 2        0.514       0.517            -0.003           -0.164
     COG050         COG054
       Category 1     Category 1        0.127       0.114             0.013            1.128
       Category 1     Category 2        0.146       0.159            -0.013           -0.980
       Category 2     Category 1        0.204       0.218            -0.013           -0.869
       Category 2     Category 2        0.522       0.509             0.013            0.717
     COG050         COG055
       Category 1     Category 1        0.065       0.061             0.004            0.442
       Category 1     Category 2        0.208       0.212            -0.004           -0.259
       Category 2     Category 1        0.057       0.061            -0.004           -0.443
       Category 2     Category 2        0.670       0.666             0.004            0.224
     COG050         COG056
       Category 1     Category 1        0.162       0.175            -0.013           -0.913
       Category 1     Category 2        0.111       0.098             0.013            1.166
       Category 2     Category 1        0.279       0.266             0.013            0.785
       Category 2     Category 2        0.448       0.461            -0.013           -0.696
     COG050         COG057
       Category 1     Category 1        0.233       0.238            -0.006           -0.357
       Category 1     Category 2        0.041       0.035             0.006            0.828
       Category 2     Category 1        0.583       0.578             0.006            0.308
       Category 2     Category 2        0.143       0.149            -0.006           -0.427
     COG050         COG058
       Category 1     Category 1        0.156       0.167            -0.011           -0.797
       Category 1     Category 2        0.118       0.107             0.011            0.962
       Category 2     Category 1        0.279       0.268             0.011            0.671
       Category 2     Category 2        0.448       0.459            -0.011           -0.596
     COG050         COG060
       Category 1     Category 1        0.211       0.216            -0.005           -0.327
       Category 1     Category 2        0.062       0.057             0.005            0.580
       Category 2     Category 1        0.401       0.396             0.005            0.276
       Category 2     Category 2        0.326       0.331            -0.005           -0.286
     COG050         COG061
       Category 1     Category 1        0.238       0.241            -0.003           -0.193
       Category 1     Category 2        0.035       0.032             0.003            0.467
       Category 2     Category 1        0.521       0.518             0.003            0.165
       Category 2     Category 2        0.206       0.209            -0.003           -0.203
     COG050         COG062
       Category 1     Category 1        0.250       0.252            -0.002           -0.105
       Category 1     Category 2        0.023       0.021             0.002            0.316
       Category 2     Category 1        0.599       0.598             0.002            0.093
       Category 2     Category 2        0.127       0.129            -0.002           -0.136
     COG050         COG063
       Category 1     Category 1        0.263       0.262             0.001            0.032
       Category 1     Category 2        0.011       0.011            -0.001           -0.131
       Category 2     Category 1        0.624       0.624            -0.001           -0.029
       Category 2     Category 2        0.103       0.102             0.001            0.046
     COG050         COG064
       Category 1     Category 1        0.240       0.261            -0.022           -1.342
       Category 1     Category 2        0.034       0.012             0.022            5.386
       Category 2     Category 1        0.524       0.502             0.022            1.179
       Category 2     Category 2        0.203       0.225            -0.022           -1.413
     COG050         COG066
       Category 1     Category 1        0.249       0.256            -0.007           -0.451
       Category 1     Category 2        0.024       0.017             0.007            1.519
       Category 2     Category 1        0.575       0.568             0.007            0.398
       Category 2     Category 2        0.152       0.159            -0.007           -0.539
     COG051         COG052
       Category 1     Category 1        0.065       0.058             0.007            0.849
       Category 1     Category 2        0.055       0.063            -0.007           -0.816
       Category 2     Category 1        0.252       0.259            -0.007           -0.452
       Category 2     Category 2        0.628       0.621             0.007            0.408
     COG051         COG053
       Category 1     Category 1        0.061       0.064            -0.003           -0.353
       Category 1     Category 2        0.060       0.056             0.003            0.375
       Category 2     Category 1        0.273       0.270             0.003            0.195
       Category 2     Category 2        0.606       0.609            -0.003           -0.177
     COG051         COG054
       Category 1     Category 1        0.066       0.068            -0.001           -0.139
       Category 1     Category 2        0.054       0.053             0.001            0.156
       Category 2     Category 1        0.265       0.264             0.001            0.079
       Category 2     Category 2        0.614       0.616            -0.001           -0.072
     COG051         COG055
       Category 1     Category 1        0.061       0.058             0.003            0.392
       Category 1     Category 2        0.060       0.063            -0.003           -0.376
       Category 2     Category 1        0.061       0.064            -0.003           -0.373
       Category 2     Category 2        0.819       0.815             0.003            0.235
     COG051         COG056
       Category 1     Category 1        0.111       0.112            -0.001           -0.123
       Category 1     Category 2        0.009       0.008             0.001            0.434
       Category 2     Category 1        0.330       0.329             0.001            0.083
       Category 2     Category 2        0.549       0.551            -0.001           -0.078
     COG051         COG057
       Category 1     Category 1        0.110       0.108             0.001            0.127
       Category 1     Category 2        0.011       0.012            -0.001           -0.359
       Category 2     Category 1        0.706       0.708            -0.001           -0.087
       Category 2     Category 2        0.173       0.172             0.001            0.105
     COG051         COG058
       Category 1     Category 1        0.120       0.106             0.015            1.311
       Category 1     Category 2        0.000       0.015            -0.015           -3.335
       Category 2     Category 1        0.314       0.329            -0.015           -0.858
       Category 2     Category 2        0.566       0.551             0.015            0.810
     COG051         COG060
       Category 1     Category 1        0.116       0.118            -0.002           -0.127
       Category 1     Category 2        0.004       0.003             0.002            0.814
       Category 2     Category 1        0.495       0.494             0.002            0.082
       Category 2     Category 2        0.384       0.386            -0.002           -0.084
     COG051         COG061
       Category 1     Category 1        0.116       0.119            -0.003           -0.216
       Category 1     Category 2        0.004       0.001             0.003            1.811
       Category 2     Category 1        0.643       0.640             0.003            0.146
       Category 2     Category 2        0.237       0.239            -0.003           -0.164
     COG051         COG062
       Category 1     Category 1        0.118       0.119            -0.001           -0.073
       Category 1     Category 2        0.003       0.002             0.001            0.555
       Category 2     Category 1        0.732       0.731             0.001            0.054
       Category 2     Category 2        0.147       0.148            -0.001           -0.067
     COG051         COG063
       Category 1     Category 1        0.118       0.120            -0.003           -0.211
       Category 1     Category 2        0.003       0.000             0.003            5.165
       Category 2     Category 1        0.769       0.766             0.003            0.162
       Category 2     Category 2        0.111       0.113            -0.003           -0.217
     COG051         COG064
       Category 1     Category 1        0.115       0.117            -0.002           -0.162
       Category 1     Category 2        0.005       0.003             0.002            0.883
       Category 2     Category 1        0.648       0.646             0.002            0.109
       Category 2     Category 2        0.231       0.233            -0.002           -0.123
     COG051         COG066
       Category 1     Category 1        0.120       0.120             0.000            0.008
       Category 1     Category 2        0.000       0.000             0.000           -0.261
       Category 2     Category 1        0.704       0.704             0.000           -0.005
       Category 2     Category 2        0.176       0.176             0.000            0.007
     COG052         COG053
       Category 1     Category 1        0.141       0.163            -0.023           -1.668
       Category 1     Category 2        0.176       0.153             0.023            1.712
       Category 2     Category 1        0.194       0.171             0.023            1.639
       Category 2     Category 2        0.490       0.513            -0.023           -1.234
     COG052         COG054
       Category 1     Category 1        0.157       0.123             0.034            2.786
       Category 1     Category 2        0.160       0.193            -0.034           -2.319
       Category 2     Category 1        0.175       0.208            -0.034           -2.255
       Category 2     Category 2        0.509       0.475             0.034            1.834
     COG052         COG055
       Category 1     Category 1        0.077       0.059             0.018            2.031
       Category 1     Category 2        0.240       0.257            -0.018           -1.099
       Category 2     Category 1        0.045       0.062            -0.018           -1.987
       Category 2     Category 2        0.639       0.621             0.018            0.990
     COG052         COG056
       Category 1     Category 1        0.180       0.182            -0.002           -0.161
       Category 1     Category 2        0.137       0.134             0.002            0.182
       Category 2     Category 1        0.261       0.259             0.002            0.142
       Category 2     Category 2        0.422       0.424            -0.002           -0.126
     COG052         COG057
       Category 1     Category 1        0.277       0.284            -0.006           -0.383
       Category 1     Category 2        0.039       0.033             0.006            0.969
       Category 2     Category 1        0.539       0.532             0.006            0.346
       Category 2     Category 2        0.145       0.151            -0.006           -0.483
     COG052         COG058
       Category 1     Category 1        0.171       0.175            -0.004           -0.315
       Category 1     Category 2        0.146       0.142             0.004            0.344
       Category 2     Category 1        0.264       0.259             0.004            0.273
       Category 2     Category 2        0.419       0.424            -0.004           -0.243
     COG052         COG060
       Category 1     Category 1        0.237       0.233             0.004            0.258
       Category 1     Category 2        0.080       0.084            -0.004           -0.394
       Category 2     Category 1        0.375       0.379            -0.004           -0.225
       Category 2     Category 2        0.309       0.305             0.004            0.237
     COG052         COG061
       Category 1     Category 1        0.277       0.268             0.009            0.579
       Category 1     Category 2        0.039       0.049            -0.009           -1.192
       Category 2     Category 1        0.482       0.491            -0.009           -0.513
       Category 2     Category 2        0.202       0.192             0.009            0.651
     COG052         COG062
       Category 1     Category 1        0.291       0.285             0.006            0.335
       Category 1     Category 2        0.026       0.031            -0.006           -0.870
       Category 2     Category 1        0.559       0.564            -0.006           -0.305
       Category 2     Category 2        0.124       0.119             0.006            0.468
     COG052         COG063
       Category 1     Category 1        0.302       0.297             0.004            0.261
       Category 1     Category 2        0.015       0.019            -0.004           -0.867
       Category 2     Category 1        0.585       0.589            -0.004           -0.242
       Category 2     Category 2        0.099       0.094             0.004            0.408
     COG052         COG064
       Category 1     Category 1        0.280       0.278             0.002            0.101
       Category 1     Category 2        0.037       0.038            -0.002           -0.237
       Category 2     Category 1        0.483       0.485            -0.002           -0.091
       Category 2     Category 2        0.200       0.199             0.002            0.114
     COG052         COG066
       Category 1     Category 1        0.288       0.287             0.001            0.076
       Category 1     Category 2        0.028       0.030            -0.001           -0.203
       Category 2     Category 1        0.536       0.537            -0.001           -0.069
       Category 2     Category 2        0.147       0.146             0.001            0.097
     COG053         COG054
       Category 1     Category 1        0.139       0.133             0.006            0.503
       Category 1     Category 2        0.195       0.201            -0.006           -0.426
       Category 2     Category 1        0.192       0.198            -0.006           -0.429
       Category 2     Category 2        0.474       0.467             0.006            0.343
     COG053         COG055
       Category 1     Category 1        0.065       0.066            -0.001           -0.136
       Category 1     Category 2        0.269       0.268             0.001            0.076
       Category 2     Category 1        0.057       0.056             0.001            0.147
       Category 2     Category 2        0.609       0.610            -0.001           -0.069
     COG053         COG056
       Category 1     Category 1        0.172       0.200            -0.028           -1.882
       Category 1     Category 2        0.162       0.135             0.028            2.203
       Category 2     Category 1        0.269       0.242             0.028            1.757
       Category 2     Category 2        0.396       0.424            -0.028           -1.522
     COG053         COG057
       Category 1     Category 1        0.286       0.303            -0.018           -1.058
       Category 1     Category 2        0.049       0.031             0.018            2.814
       Category 2     Category 1        0.530       0.513             0.018            0.973
       Category 2     Category 2        0.135       0.153            -0.018           -1.350
     COG053         COG058
       Category 1     Category 1        0.157       0.191            -0.034           -2.342
       Category 1     Category 2        0.177       0.143             0.034            2.626
       Category 2     Category 1        0.277       0.244             0.034            2.144
       Category 2     Category 2        0.388       0.422            -0.034           -1.863
     COG053         COG060
       Category 1     Category 1        0.226       0.252            -0.026           -1.636
       Category 1     Category 2        0.108       0.082             0.026            2.587
       Category 2     Category 1        0.386       0.360             0.026            1.480
       Category 2     Category 2        0.280       0.306            -0.026           -1.541
     COG053         COG061
       Category 1     Category 1        0.269       0.287            -0.018           -1.076
       Category 1     Category 2        0.065       0.047             0.018            2.299
       Category 2     Category 1        0.490       0.472             0.018            0.975
       Category 2     Category 2        0.176       0.194            -0.018           -1.232
     COG053         COG062
       Category 1     Category 1        0.298       0.304            -0.006           -0.356
       Category 1     Category 2        0.037       0.031             0.006            0.952
       Category 2     Category 1        0.552       0.546             0.006            0.329
       Category 2     Category 2        0.114       0.120            -0.006           -0.504
     COG053         COG063
       Category 1     Category 1        0.310       0.316            -0.006           -0.380
       Category 1     Category 2        0.024       0.018             0.006            1.332
       Category 2     Category 1        0.576       0.570             0.006            0.356
       Category 2     Category 2        0.089       0.096            -0.006           -0.600
     COG053         COG064
       Category 1     Category 1        0.294       0.300            -0.006           -0.355
       Category 1     Category 2        0.041       0.035             0.006            0.890
       Category 2     Category 1        0.470       0.464             0.006            0.326
       Category 2     Category 2        0.196       0.202            -0.006           -0.405
     COG053         COG066
       Category 1     Category 1        0.294       0.307            -0.013           -0.779
       Category 1     Category 2        0.041       0.027             0.013            2.201
       Category 2     Category 1        0.530       0.517             0.013            0.719
       Category 2     Category 2        0.135       0.149            -0.013           -1.010
     COG054         COG055
       Category 1     Category 1        0.073       0.070             0.003            0.329
       Category 1     Category 2        0.258       0.262            -0.003           -0.191
       Category 2     Category 1        0.049       0.052            -0.003           -0.378
       Category 2     Category 2        0.620       0.617             0.003            0.172
     COG054         COG056
       Category 1     Category 1        0.179       0.206            -0.028           -1.871
       Category 1     Category 2        0.153       0.125             0.028            2.290
       Category 2     Category 1        0.263       0.235             0.028            1.788
       Category 2     Category 2        0.406       0.434            -0.028           -1.529
     COG054         COG057
       Category 1     Category 1        0.294       0.281             0.012            0.749
       Category 1     Category 2        0.038       0.050            -0.012           -1.542
       Category 2     Category 1        0.522       0.535            -0.012           -0.675
       Category 2     Category 2        0.146       0.134             0.012            0.990
     COG054         COG058
       Category 1     Category 1        0.189       0.197            -0.007           -0.497
       Category 1     Category 2        0.142       0.135             0.007            0.579
       Category 2     Category 1        0.245       0.238             0.007            0.464
       Category 2     Category 2        0.424       0.431            -0.007           -0.399
     COG054         COG060
       Category 1     Category 1        0.250       0.258            -0.007           -0.446
       Category 1     Category 2        0.081       0.074             0.007            0.744
       Category 2     Category 1        0.361       0.354             0.007            0.408
       Category 2     Category 2        0.307       0.314            -0.007           -0.420
     COG054         COG061
       Category 1     Category 1        0.288       0.290            -0.002           -0.092
       Category 1     Category 2        0.043       0.042             0.002            0.209
       Category 2     Category 1        0.471       0.469             0.002            0.084
       Category 2     Category 2        0.198       0.199            -0.002           -0.105
     COG054         COG062
       Category 1     Category 1        0.298       0.304            -0.006           -0.377
       Category 1     Category 2        0.034       0.027             0.006            1.060
       Category 2     Category 1        0.552       0.546             0.006            0.348
       Category 2     Category 2        0.116       0.123            -0.006           -0.528
     COG054         COG063
       Category 1     Category 1        0.313       0.316            -0.004           -0.228
       Category 1     Category 2        0.019       0.015             0.004            0.869
       Category 2     Category 1        0.574       0.570             0.004            0.214
       Category 2     Category 2        0.095       0.099            -0.004           -0.355
     COG054         COG064
       Category 1     Category 1        0.299       0.285             0.014            0.837
       Category 1     Category 2        0.032       0.046            -0.014           -1.797
       Category 2     Category 1        0.464       0.478            -0.014           -0.756
       Category 2     Category 2        0.204       0.190             0.014            0.962
     COG054         COG066
       Category 1     Category 1        0.310       0.309             0.001            0.071
       Category 1     Category 2        0.022       0.023            -0.001           -0.219
       Category 2     Category 1        0.514       0.515            -0.001           -0.065
       Category 2     Category 2        0.154       0.153             0.001            0.091
     COG055         COG056
       Category 1     Category 1        0.110       0.116            -0.007           -0.567
       Category 1     Category 2        0.012       0.005             0.007            2.460
       Category 2     Category 1        0.332       0.325             0.007            0.388
       Category 2     Category 2        0.547       0.553            -0.007           -0.366
     COG055         COG057
       Category 1     Category 1        0.118       0.110             0.008            0.686
       Category 1     Category 2        0.004       0.012            -0.008           -1.974
       Category 2     Category 1        0.698       0.706            -0.008           -0.471
       Category 2     Category 2        0.180       0.172             0.008            0.568
     COG055         COG058
       Category 1     Category 1        0.112       0.110             0.003            0.239
       Category 1     Category 2        0.009       0.012            -0.003           -0.680
       Category 2     Category 1        0.322       0.325            -0.003           -0.160
       Category 2     Category 2        0.556       0.553             0.003            0.150
     COG055         COG060
       Category 1     Category 1        0.115       0.120            -0.005           -0.440
       Category 1     Category 2        0.007       0.002             0.005            3.692
       Category 2     Category 1        0.497       0.491             0.005            0.286
       Category 2     Category 2        0.382       0.387            -0.005           -0.294
     COG055         COG061
       Category 1     Category 1        0.120       0.121             0.000           -0.032
       Category 1     Category 2        0.001       0.001             0.000            0.329
       Category 2     Category 1        0.639       0.638             0.000            0.021
       Category 2     Category 2        0.240       0.240             0.000           -0.024
     COG055         COG062
       Category 1     Category 1        0.122       0.120             0.001            0.121
       Category 1     Category 2        0.000       0.001            -0.001           -1.037
       Category 2     Category 1        0.728       0.729            -0.001           -0.089
       Category 2     Category 2        0.150       0.149             0.001            0.111
     COG055         COG063
       Category 1     Category 1        0.122       0.122             0.000            0.007
       Category 1     Category 2        0.000       0.000             0.000           -0.256
       Category 2     Category 1        0.765       0.765             0.000           -0.006
       Category 2     Category 2        0.114       0.114             0.000            0.008
     COG055         COG064
       Category 1     Category 1        0.120       0.119             0.001            0.121
       Category 1     Category 2        0.001       0.003            -0.001           -0.744
       Category 2     Category 1        0.643       0.644            -0.001           -0.082
       Category 2     Category 2        0.235       0.234             0.001            0.093
     COG055         COG066
       Category 1     Category 1        0.122       0.122             0.000            0.002
       Category 1     Category 2        0.000       0.000             0.000           -0.138
       Category 2     Category 1        0.702       0.702             0.000           -0.002
       Category 2     Category 2        0.176       0.176             0.000            0.002
     COG056         COG057
       Category 1     Category 1        0.386       0.385             0.001            0.039
       Category 1     Category 2        0.055       0.056            -0.001           -0.083
       Category 2     Category 1        0.430       0.431            -0.001           -0.039
       Category 2     Category 2        0.129       0.128             0.001            0.057
     COG056         COG058
       Category 1     Category 1        0.334       0.327             0.007            0.432
       Category 1     Category 2        0.107       0.114            -0.007           -0.636
       Category 2     Category 1        0.100       0.108            -0.007           -0.653
       Category 2     Category 2        0.459       0.451             0.007            0.407
     COG056         COG060
       Category 1     Category 1        0.425       0.412             0.013            0.700
       Category 1     Category 2        0.016       0.029            -0.013           -2.056
       Category 2     Category 1        0.187       0.199            -0.013           -0.862
       Category 2     Category 2        0.372       0.359             0.013            0.718
     COG056         COG061
       Category 1     Category 1        0.413       0.426            -0.013           -0.727
       Category 1     Category 2        0.028       0.015             0.013            2.937
       Category 2     Category 1        0.346       0.333             0.013            0.762
       Category 2     Category 2        0.212       0.226            -0.013           -0.860
     COG056         COG062
       Category 1     Category 1        0.415       0.426            -0.011           -0.603
       Category 1     Category 2        0.026       0.015             0.011            2.472
       Category 2     Category 1        0.434       0.423             0.011            0.603
       Category 2     Category 2        0.124       0.135            -0.011           -0.871
     COG056         COG063
       Category 1     Category 1        0.434       0.439            -0.005           -0.263
       Category 1     Category 2        0.007       0.002             0.005            2.959
       Category 2     Category 1        0.452       0.447             0.005            0.263
       Category 2     Category 2        0.107       0.112            -0.005           -0.415
     COG056         COG064
       Category 1     Category 1        0.413       0.413            -0.001           -0.031
       Category 1     Category 2        0.028       0.028             0.001            0.092
       Category 2     Category 1        0.350       0.350             0.001            0.032
       Category 2     Category 2        0.208       0.209            -0.001           -0.037
     COG056         COG066
       Category 1     Category 1        0.437       0.440            -0.003           -0.178
       Category 1     Category 2        0.004       0.001             0.003            3.101
       Category 2     Category 1        0.387       0.384             0.003            0.182
       Category 2     Category 2        0.172       0.175            -0.003           -0.232
     COG057         COG058
       Category 1     Category 1        0.388       0.376             0.012            0.669
       Category 1     Category 2        0.428       0.440            -0.012           -0.653
       Category 2     Category 1        0.046       0.058            -0.012           -1.388
       Category 2     Category 2        0.138       0.126             0.012            0.977
     COG057         COG060
       Category 1     Category 1        0.535       0.524             0.011            0.574
       Category 1     Category 2        0.281       0.292            -0.011           -0.630
       Category 2     Category 1        0.077       0.088            -0.011           -1.014
       Category 2     Category 2        0.107       0.096             0.011            0.971
     COG057         COG061
       Category 1     Category 1        0.656       0.638             0.018            1.025
       Category 1     Category 2        0.160       0.178            -0.018           -1.288
       Category 2     Category 1        0.103       0.121            -0.018           -1.510
       Category 2     Category 2        0.081       0.063             0.018            2.026
     COG057         COG062
       Category 1     Category 1        0.713       0.705             0.008            0.502
       Category 1     Category 2        0.103       0.111            -0.008           -0.728
       Category 2     Category 1        0.137       0.145            -0.008           -0.650
       Category 2     Category 2        0.047       0.039             0.008            1.183
     COG057         COG063
       Category 1     Category 1        0.744       0.736             0.009            0.530
       Category 1     Category 2        0.072       0.080            -0.009           -0.859
       Category 2     Category 1        0.142       0.151            -0.009           -0.653
       Category 2     Category 2        0.042       0.033             0.009            1.301
     COG057         COG064
       Category 1     Category 1        0.654       0.649             0.005            0.269
       Category 1     Category 2        0.162       0.167            -0.005           -0.344
       Category 2     Category 1        0.110       0.114            -0.005           -0.403
       Category 2     Category 2        0.074       0.070             0.005            0.504
     COG057         COG066
       Category 1     Category 1        0.698       0.691             0.007            0.409
       Category 1     Category 2        0.118       0.125            -0.007           -0.573
       Category 2     Category 1        0.126       0.133            -0.007           -0.557
       Category 2     Category 2        0.058       0.051             0.007            0.858
     COG058         COG060
       Category 1     Category 1        0.398       0.387             0.011            0.622
       Category 1     Category 2        0.037       0.048            -0.011           -1.421
       Category 2     Category 1        0.214       0.225            -0.011           -0.725
       Category 2     Category 2        0.352       0.341             0.011            0.639
     COG058         COG061
       Category 1     Category 1        0.403       0.410            -0.007           -0.368
       Category 1     Category 2        0.031       0.024             0.007            1.171
       Category 2     Category 1        0.356       0.349             0.007            0.379
       Category 2     Category 2        0.210       0.216            -0.007           -0.439
     COG058         COG062
       Category 1     Category 1        0.413       0.415            -0.002           -0.120
       Category 1     Category 2        0.022       0.019             0.002            0.428
       Category 2     Category 1        0.437       0.435             0.002            0.119
       Category 2     Category 2        0.129       0.131            -0.002           -0.175
     COG058         COG063
       Category 1     Category 1        0.428       0.429            -0.002           -0.097
       Category 1     Category 2        0.007       0.005             0.002            0.681
       Category 2     Category 1        0.459       0.457             0.002            0.096
       Category 2     Category 2        0.107       0.109            -0.002           -0.154
     COG058         COG064
       Category 1     Category 1        0.402       0.399             0.003            0.174
       Category 1     Category 2        0.032       0.036            -0.003           -0.461
       Category 2     Category 1        0.361       0.364            -0.003           -0.177
       Category 2     Category 2        0.204       0.201             0.003            0.213
     COG058         COG066
       Category 1     Category 1        0.434       0.429             0.005            0.289
       Category 1     Category 2        0.000       0.005            -0.005           -1.977
       Category 2     Category 1        0.390       0.395            -0.005           -0.292
       Category 2     Category 2        0.176       0.171             0.005            0.380
     COG060         COG061
       Category 1     Category 1        0.551       0.566            -0.015           -0.828
       Category 1     Category 2        0.061       0.046             0.015            1.964
       Category 2     Category 1        0.208       0.193             0.015            1.040
       Category 2     Category 2        0.180       0.195            -0.015           -1.036
     COG060         COG062
       Category 1     Category 1        0.568       0.577            -0.009           -0.486
       Category 1     Category 2        0.043       0.034             0.009            1.315
       Category 2     Category 1        0.281       0.273             0.009            0.539
       Category 2     Category 2        0.107       0.116            -0.009           -0.750
     COG060         COG063
       Category 1     Category 1        0.598       0.602            -0.004           -0.237
       Category 1     Category 2        0.014       0.009             0.004            1.208
       Category 2     Category 1        0.288       0.284             0.004            0.257
       Category 2     Category 2        0.100       0.104            -0.004           -0.379
     COG060         COG064
       Category 1     Category 1        0.551       0.549             0.002            0.103
       Category 1     Category 2        0.061       0.063            -0.002           -0.212
       Category 2     Category 1        0.212       0.214            -0.002           -0.125
       Category 2     Category 2        0.176       0.174             0.002            0.136
     COG060         COG066
       Category 1     Category 1        0.599       0.603            -0.003           -0.171
       Category 1     Category 2        0.012       0.009             0.003            0.881
       Category 2     Category 1        0.225       0.222             0.003            0.202
       Category 2     Category 2        0.164       0.167            -0.003           -0.224
     COG061         COG062
       Category 1     Category 1        0.696       0.692             0.004            0.233
       Category 1     Category 2        0.064       0.068            -0.004           -0.429
       Category 2     Category 1        0.154       0.158            -0.004           -0.295
       Category 2     Category 2        0.087       0.083             0.004            0.391
     COG061         COG063
       Category 1     Category 1        0.744       0.726             0.018            1.092
       Category 1     Category 2        0.015       0.033            -0.018           -2.733
       Category 2     Category 1        0.142       0.160            -0.018           -1.328
       Category 2     Category 2        0.099       0.081             0.018            1.785
     COG061         COG064
       Category 1     Category 1        0.651       0.643             0.008            0.459
       Category 1     Category 2        0.108       0.116            -0.008           -0.686
       Category 2     Category 1        0.112       0.120            -0.008           -0.675
       Category 2     Category 2        0.129       0.120             0.008            0.675
     COG061         COG066
       Category 1     Category 1        0.719       0.710             0.008            0.505
       Category 1     Category 2        0.041       0.049            -0.008           -1.061
       Category 2     Category 1        0.106       0.114            -0.008           -0.721
       Category 2     Category 2        0.135       0.127             0.008            0.688
     COG062         COG063
       Category 1     Category 1        0.786       0.787             0.000           -0.021
       Category 1     Category 2        0.064       0.063             0.000            0.035
       Category 2     Category 1        0.100       0.100             0.000            0.029
       Category 2     Category 2        0.050       0.050             0.000           -0.039
     COG062         COG064
       Category 1     Category 1        0.694       0.686             0.008            0.460
       Category 1     Category 2        0.156       0.163            -0.008           -0.577
       Category 2     Category 1        0.069       0.077            -0.008           -0.801
       Category 2     Category 2        0.081       0.073             0.008            0.818
     COG062         COG066
       Category 1     Category 1        0.758       0.750             0.007            0.461
       Category 1     Category 2        0.092       0.099            -0.007           -0.667
       Category 2     Category 1        0.066       0.074            -0.007           -0.764
       Category 2     Category 2        0.084       0.077             0.007            0.751
     COG063         COG064
       Category 1     Category 1        0.724       0.719             0.005            0.272
       Category 1     Category 2        0.162       0.167            -0.005           -0.328
       Category 2     Category 1        0.039       0.044            -0.005           -0.598
       Category 2     Category 2        0.074       0.070             0.005            0.480
     COG063         COG066
       Category 1     Category 1        0.788       0.792            -0.005           -0.316
       Category 1     Category 2        0.099       0.094             0.005            0.440
       Category 2     Category 1        0.037       0.032             0.005            0.731
       Category 2     Category 2        0.077       0.082            -0.005           -0.468
     COG064         COG066
       Category 1     Category 1        0.710       0.695             0.015            0.884
       Category 1     Category 2        0.053       0.068            -0.015           -1.620
       Category 2     Category 1        0.114       0.129            -0.015           -1.216
       Category 2     Category 2        0.123       0.108             0.015            1.311


MODEL MODIFICATION INDICES

NOTE:  Modification indices for direct effects of observed dependent variables
regressed on covariates and residual covariances among observed dependent
variables may not be included.  To include these, request MODINDICES (ALL).

Minimum M.I. value for printing the modification index    10.000

                                   M.I.     E.P.C.  Std E.P.C.  StdYX E.P.C.

BY Statements

WM       BY COG041                11.047     0.605      0.269        0.269
WM       BY COG043                13.865     0.796      0.354        0.354
WM       BY COG044                11.576     0.749      0.333        0.333
WM       BY COG046                28.735     0.923      0.411        0.411
WM       BY COG048                99.047    -2.354     -1.048       -1.048
WM       BY COG052                17.434     0.774      0.345        0.345
WM       BY COG053                73.360    -1.645     -0.732       -0.732
WM       BY COG054                26.462     1.053      0.469        0.469
WM       BY COG055                11.355     0.868      0.387        0.387
WM       BY COG056                10.950    -0.618     -0.275       -0.275
WM       BY COG057                24.864     0.999      0.445        0.445
GDP      BY COG054                28.901     0.706      0.318        0.318
GDP      BY COG055                20.255     0.698      0.314        0.314
GDP      BY COG056                17.652    -0.558     -0.251       -0.251
FS       BY COG040                18.226    -0.542     -0.450       -0.450
FS       BY COG041                12.405     0.222      0.184        0.184
FS       BY COG043                13.459     0.269      0.224        0.224
FS       BY COG045                17.600    -0.479     -0.398       -0.398
FS       BY COG046                35.466     0.353      0.293        0.293
FS       BY COG048               106.402    -0.842     -0.699       -0.699
FS       BY COG052                21.908     0.298      0.248        0.248
FS       BY COG053                93.002    -0.644     -0.535       -0.535
FS       BY COG057                40.671     0.441      0.366        0.366
FS       BY COG064                63.583     1.438      1.194        1.194

WITH Statements

COG045   WITH COG040              27.083     0.348      0.348        0.454
COG048   WITH COG043              10.221    -0.313     -0.313       -0.723
COG050   WITH COG040              12.458     0.253      0.253        0.358
COG050   WITH COG045              35.190     0.341      0.341        0.504
COG052   WITH COG043              14.859     0.254      0.254        0.407
COG052   WITH COG046              16.308    -0.273     -0.273       -0.372
COG052   WITH COG048              11.571    -0.296     -0.296       -0.657
COG053   WITH COG043              17.643    -0.348     -0.348       -0.632
COG053   WITH COG048             275.088     0.916      0.916        2.304
COG054   WITH COG052              17.476     0.248      0.248        0.343
COG056   WITH COG048              17.686    -0.356     -0.356       -1.714
COG056   WITH COG049              29.955     0.242      0.242        1.170
COG056   WITH COG054              10.181    -0.209     -0.209       -0.627
COG058   WITH COG053              14.056    -0.246     -0.246       -0.603
COG060   WITH COG056              19.647     0.148      0.148        0.952
COG061   WITH COG048              10.358    -0.299     -0.299       -0.919
COG062   WITH COG046              10.375     0.224      0.224        0.323
COG063   WITH COG061              31.838     0.256      0.256        0.795
COG064   WITH COG045              15.240    -0.321     -0.321       -1.692
COG064   WITH COG050              27.296    -0.481     -0.481       -2.746


TECHNICAL 1 OUTPUT


     PARAMETER SPECIFICATION


           TAU
              COG040$1      COG041$1      COG043$1      COG044$1      COG045$1
              ________      ________      ________      ________      ________
                  1             2             3             4             5


           TAU
              COG046$1      COG048$1      COG049$1      COG050$1      COG051$1
              ________      ________      ________      ________      ________
                  6             7             8             9            10


           TAU
              COG052$1      COG053$1      COG054$1      COG055$1      COG056$1
              ________      ________      ________      ________      ________
                 11            12            13            14            15


           TAU
              COG057$1      COG058$1      COG060$1      COG061$1      COG062$1
              ________      ________      ________      ________      ________
                 16            17            18            19            20


           TAU
              COG063$1      COG064$1      COG066$1
              ________      ________      ________
                 21            22            23


           NU
              COG040        COG041        COG043        COG044        COG045
              ________      ________      ________      ________      ________
                  0             0             0             0             0


           NU
              COG046        COG048        COG049        COG050        COG051
              ________      ________      ________      ________      ________
                  0             0             0             0             0


           NU
              COG052        COG053        COG054        COG055        COG056
              ________      ________      ________      ________      ________
                  0             0             0             0             0


           NU
              COG057        COG058        COG060        COG061        COG062
              ________      ________      ________      ________      ________
                  0             0             0             0             0


           NU
              COG063        COG064        COG066        QCHATTOT
              ________      ________      ________      ________
                  0             0             0             0


           LAMBDA
              WM            GDP           FS            QCHATTOT
              ________      ________      ________      ________
 COG040             0             0             0             0
 COG041             0             0             0             0
 COG043             0            24             0             0
 COG044             0            25             0             0
 COG045            26             0             0             0
 COG046             0            27             0             0
 COG048             0            28             0             0
 COG049             0             0             0             0
 COG050            29             0             0             0
 COG051             0             0            30             0
 COG052             0            31             0             0
 COG053             0            32             0             0
 COG054             0             0            33             0
 COG055             0             0            34             0
 COG056             0             0            35             0
 COG057             0            36             0             0
 COG058             0             0            37             0
 COG060             0             0            38             0
 COG061             0             0            39             0
 COG062             0             0            40             0
 COG063             0             0            41             0
 COG064            42             0             0             0
 COG066             0             0            43             0
 QCHATTOT           0             0             0             0


           THETA
              COG040        COG041        COG043        COG044        COG045
              ________      ________      ________      ________      ________
 COG040             0
 COG041             0             0
 COG043             0             0             0
 COG044             0             0             0             0
 COG045             0             0             0             0             0
 COG046             0             0             0             0             0
 COG048             0             0             0             0             0
 COG049             0             0             0             0             0
 COG050             0             0             0             0             0
 COG051             0             0             0             0             0
 COG052             0             0             0             0             0
 COG053             0             0             0             0             0
 COG054             0             0             0             0             0
 COG055             0             0             0             0             0
 COG056             0             0             0             0             0
 COG057             0             0             0             0             0
 COG058             0             0             0             0             0
 COG060             0             0             0             0             0
 COG061             0             0             0             0             0
 COG062             0             0             0             0             0
 COG063             0             0             0             0             0
 COG064             0             0             0             0             0
 COG066             0             0             0             0             0
 QCHATTOT           0             0             0             0             0


           THETA
              COG046        COG048        COG049        COG050        COG051
              ________      ________      ________      ________      ________
 COG046             0
 COG048             0             0
 COG049             0             0             0
 COG050             0             0             0             0
 COG051             0             0             0             0             0
 COG052             0             0             0             0             0
 COG053             0             0             0             0             0
 COG054             0             0             0             0             0
 COG055             0             0             0             0             0
 COG056             0             0             0             0             0
 COG057             0             0             0             0             0
 COG058             0             0             0             0             0
 COG060             0             0             0             0             0
 COG061             0             0             0             0             0
 COG062             0             0             0             0             0
 COG063             0             0             0             0             0
 COG064             0             0             0             0             0
 COG066             0             0             0             0             0
 QCHATTOT           0             0             0             0             0


           THETA
              COG052        COG053        COG054        COG055        COG056
              ________      ________      ________      ________      ________
 COG052             0
 COG053             0             0
 COG054             0             0             0
 COG055             0             0             0             0
 COG056             0             0             0             0             0
 COG057             0             0             0             0             0
 COG058             0             0             0             0             0
 COG060             0             0             0             0             0
 COG061             0             0             0             0             0
 COG062             0             0             0             0             0
 COG063             0             0             0             0             0
 COG064             0             0             0             0             0
 COG066             0             0             0             0             0
 QCHATTOT           0             0             0             0             0


           THETA
              COG057        COG058        COG060        COG061        COG062
              ________      ________      ________      ________      ________
 COG057             0
 COG058             0             0
 COG060             0             0             0
 COG061             0             0             0             0
 COG062             0             0             0             0             0
 COG063             0             0             0             0             0
 COG064             0             0             0             0             0
 COG066             0             0             0             0             0
 QCHATTOT           0             0             0             0             0


           THETA
              COG063        COG064        COG066        QCHATTOT
              ________      ________      ________      ________
 COG063             0
 COG064             0             0
 COG066             0             0             0
 QCHATTOT           0             0             0             0


           ALPHA
              WM            GDP           FS            QCHATTOT
              ________      ________      ________      ________
                  0             0             0            44


           BETA
              WM            GDP           FS            QCHATTOT
              ________      ________      ________      ________
 WM                 0             0             0             0
 GDP                0             0             0             0
 FS                 0             0             0             0
 QCHATTOT           0             0             0             0


           PSI
              WM            GDP           FS            QCHATTOT
              ________      ________      ________      ________
 WM                45
 GDP               46            47
 FS                48            49            50
 QCHATTOT          51            52            53            54


     STARTING VALUES


           TAU
              COG040$1      COG041$1      COG043$1      COG044$1      COG045$1
              ________      ________      ________      ________      ________
               -1.140        -0.583        -1.065        -1.214        -0.326


           TAU
              COG046$1      COG048$1      COG049$1      COG050$1      COG051$1
              ________      ________      ________      ________      ________
                0.032        -1.236        -1.013        -0.603        -1.173


           TAU
              COG052$1      COG053$1      COG054$1      COG055$1      COG056$1
              ________      ________      ________      ________      ________
               -0.477        -0.428        -0.436        -1.166        -0.148


           TAU
              COG057$1      COG058$1      COG060$1      COG061$1      COG062$1
              ________      ________      ________      ________      ________
                0.900        -0.165         0.284         0.704         1.036


           TAU
              COG063$1      COG064$1      COG066$1
              ________      ________      ________
                1.207         0.717         0.931


           NU
              COG040        COG041        COG043        COG044        COG045
              ________      ________      ________      ________      ________
                0.000         0.000         0.000         0.000         0.000


           NU
              COG046        COG048        COG049        COG050        COG051
              ________      ________      ________      ________      ________
                0.000         0.000         0.000         0.000         0.000


           NU
              COG052        COG053        COG054        COG055        COG056
              ________      ________      ________      ________      ________
                0.000         0.000         0.000         0.000         0.000


           NU
              COG057        COG058        COG060        COG061        COG062
              ________      ________      ________      ________      ________
                0.000         0.000         0.000         0.000         0.000


           NU
              COG063        COG064        COG066        QCHATTOT
              ________      ________      ________      ________
                0.000         0.000         0.000         0.000


           LAMBDA
              WM            GDP           FS            QCHATTOT
              ________      ________      ________      ________
 COG040         1.000         0.000         0.000         0.000
 COG041         0.000         1.000         0.000         0.000
 COG043         0.000         0.875         0.000         0.000
 COG044         0.000         0.782         0.000         0.000
 COG045         1.119         0.000         0.000         0.000
 COG046         0.000         0.625         0.000         0.000
 COG048         0.000         0.941         0.000         0.000
 COG049         0.000         0.000         1.000         0.000
 COG050         1.058         0.000         0.000         0.000
 COG051         0.000         0.000         1.000         0.000
 COG052         0.000         0.887         0.000         0.000
 COG053         0.000         0.862         0.000         0.000
 COG054         0.000         0.000         1.000         0.000
 COG055         0.000         0.000         1.000         0.000
 COG056         0.000         0.000         1.000         0.000
 COG057         0.000         0.483         0.000         0.000
 COG058         0.000         0.000         1.000         0.000
 COG060         0.000         0.000         1.000         0.000
 COG061         0.000         0.000         1.000         0.000
 COG062         0.000         0.000         1.000         0.000
 COG063         0.000         0.000         1.000         0.000
 COG064         0.602         0.000         0.000         0.000
 COG066         0.000         0.000         1.000         0.000
 QCHATTOT       0.000         0.000         0.000         1.000


           THETA
              COG040        COG041        COG043        COG044        COG045
              ________      ________      ________      ________      ________
 COG040         1.000
 COG041         0.000         1.000
 COG043         0.000         0.000         1.000
 COG044         0.000         0.000         0.000         1.000
 COG045         0.000         0.000         0.000         0.000         1.000
 COG046         0.000         0.000         0.000         0.000         0.000
 COG048         0.000         0.000         0.000         0.000         0.000
 COG049         0.000         0.000         0.000         0.000         0.000
 COG050         0.000         0.000         0.000         0.000         0.000
 COG051         0.000         0.000         0.000         0.000         0.000
 COG052         0.000         0.000         0.000         0.000         0.000
 COG053         0.000         0.000         0.000         0.000         0.000
 COG054         0.000         0.000         0.000         0.000         0.000
 COG055         0.000         0.000         0.000         0.000         0.000
 COG056         0.000         0.000         0.000         0.000         0.000
 COG057         0.000         0.000         0.000         0.000         0.000
 COG058         0.000         0.000         0.000         0.000         0.000
 COG060         0.000         0.000         0.000         0.000         0.000
 COG061         0.000         0.000         0.000         0.000         0.000
 COG062         0.000         0.000         0.000         0.000         0.000
 COG063         0.000         0.000         0.000         0.000         0.000
 COG064         0.000         0.000         0.000         0.000         0.000
 COG066         0.000         0.000         0.000         0.000         0.000
 QCHATTOT       0.000         0.000         0.000         0.000         0.000


           THETA
              COG046        COG048        COG049        COG050        COG051
              ________      ________      ________      ________      ________
 COG046         1.000
 COG048         0.000         1.000
 COG049         0.000         0.000         1.000
 COG050         0.000         0.000         0.000         1.000
 COG051         0.000         0.000         0.000         0.000         1.000
 COG052         0.000         0.000         0.000         0.000         0.000
 COG053         0.000         0.000         0.000         0.000         0.000
 COG054         0.000         0.000         0.000         0.000         0.000
 COG055         0.000         0.000         0.000         0.000         0.000
 COG056         0.000         0.000         0.000         0.000         0.000
 COG057         0.000         0.000         0.000         0.000         0.000
 COG058         0.000         0.000         0.000         0.000         0.000
 COG060         0.000         0.000         0.000         0.000         0.000
 COG061         0.000         0.000         0.000         0.000         0.000
 COG062         0.000         0.000         0.000         0.000         0.000
 COG063         0.000         0.000         0.000         0.000         0.000
 COG064         0.000         0.000         0.000         0.000         0.000
 COG066         0.000         0.000         0.000         0.000         0.000
 QCHATTOT       0.000         0.000         0.000         0.000         0.000


           THETA
              COG052        COG053        COG054        COG055        COG056
              ________      ________      ________      ________      ________
 COG052         1.000
 COG053         0.000         1.000
 COG054         0.000         0.000         1.000
 COG055         0.000         0.000         0.000         1.000
 COG056         0.000         0.000         0.000         0.000         1.000
 COG057         0.000         0.000         0.000         0.000         0.000
 COG058         0.000         0.000         0.000         0.000         0.000
 COG060         0.000         0.000         0.000         0.000         0.000
 COG061         0.000         0.000         0.000         0.000         0.000
 COG062         0.000         0.000         0.000         0.000         0.000
 COG063         0.000         0.000         0.000         0.000         0.000
 COG064         0.000         0.000         0.000         0.000         0.000
 COG066         0.000         0.000         0.000         0.000         0.000
 QCHATTOT       0.000         0.000         0.000         0.000         0.000


           THETA
              COG057        COG058        COG060        COG061        COG062
              ________      ________      ________      ________      ________
 COG057         1.000
 COG058         0.000         1.000
 COG060         0.000         0.000         1.000
 COG061         0.000         0.000         0.000         1.000
 COG062         0.000         0.000         0.000         0.000         1.000
 COG063         0.000         0.000         0.000         0.000         0.000
 COG064         0.000         0.000         0.000         0.000         0.000
 COG066         0.000         0.000         0.000         0.000         0.000
 QCHATTOT       0.000         0.000         0.000         0.000         0.000


           THETA
              COG063        COG064        COG066        QCHATTOT
              ________      ________      ________      ________
 COG063         1.000
 COG064         0.000         1.000
 COG066         0.000         0.000         1.000
 QCHATTOT       0.000         0.000         0.000         0.000


           ALPHA
              WM            GDP           FS            QCHATTOT
              ________      ________      ________      ________
                0.000         0.000         0.000         0.000


           BETA
              WM            GDP           FS            QCHATTOT
              ________      ________      ________      ________
 WM             0.000         0.000         0.000         0.000
 GDP            0.000         0.000         0.000         0.000
 FS             0.000         0.000         0.000         0.000
 QCHATTOT       0.000         0.000         0.000         0.000


           PSI
              WM            GDP           FS            QCHATTOT
              ________      ________      ________      ________
 WM             0.050
 GDP            0.000         0.050
 FS             0.000         0.000         0.050
 QCHATTOT       0.000         0.000         0.000         0.500


TECHNICAL 4 OUTPUT


     ESTIMATES DERIVED FROM THE MODEL


           ESTIMATED MEANS FOR THE LATENT VARIABLES
              WM            GDP           FS            QCHATTOT
              ________      ________      ________      ________
                0.000         0.000         0.000         0.000


           ESTIMATED COVARIANCE MATRIX FOR THE LATENT VARIABLES
              WM            GDP           FS            QCHATTOT
              ________      ________      ________      ________
 WM             0.198
 GDP            0.123         0.203
 FS             0.261         0.202         0.690
 QCHATTOT      -0.161        -0.175        -0.229         1.000


           ESTIMATED CORRELATION MATRIX FOR THE LATENT VARIABLES
              WM            GDP           FS            QCHATTOT
              ________      ________      ________      ________
 WM             1.000
 GDP            0.615         1.000
 FS             0.705         0.539         1.000
 QCHATTOT      -0.362        -0.390        -0.276         1.000


     ESTIMATES DERIVED FROM THE MODEL


           S.E. FOR ESTIMATED MEANS FOR THE LATENT VARIABLES
              WM            GDP           FS            QCHATTOT
              ________      ________      ________      ________
                0.000         0.000         0.000         0.040


           EST./S.E. FOR ESTIMATED MEANS FOR THE LATENT VARIABLES
              WM            GDP           FS            QCHATTOT
              ________      ________      ________      ________
                0.000         0.000         0.000         0.000


           TWO-TAILED P-VALUE FOR ESTIMATED MEANS FOR THE LATENT VARIABLES
              WM            GDP           FS            QCHATTOT
              ________      ________      ________      ________
                1.000         1.000         1.000         1.000


           S.E. FOR ESTIMATED COVARIANCE MATRIX FOR THE LATENT VARIABLES
              WM            GDP           FS            QCHATTOT
              ________      ________      ________      ________
 WM             0.056
 GDP            0.026         0.048
 FS             0.043         0.030         0.051
 QCHATTOT       0.033         0.027         0.034         0.045


           EST./S.E. FOR ESTIMATED COVARIANCE MATRIX FOR THE LATENT VARIABLES
              WM            GDP           FS            QCHATTOT
              ________      ________      ________      ________
 WM             3.541
 GDP            4.668         4.198
 FS             6.004         6.816        13.568
 QCHATTOT      -4.957        -6.414        -6.812        22.256


           TWO-TAILED P-VALUE FOR ESTIMATED COVARIANCE MATRIX FOR THE LATENT VARIABLES
              WM            GDP           FS            QCHATTOT
              ________      ________      ________      ________
 WM             0.000
 GDP            0.000         0.000
 FS             0.000         0.000         0.000
 QCHATTOT       0.000         0.000         0.000         0.000


           S.E. FOR ESTIMATED CORRELATION MATRIX FOR THE LATENT VARIABLES
              WM            GDP           FS            QCHATTOT
              ________      ________      ________      ________
 WM             0.000
 GDP            0.050         0.000
 FS             0.041         0.038         0.000
 QCHATTOT       0.046         0.034         0.037         0.000


           EST./S.E. FOR ESTIMATED CORRELATION MATRIX FOR THE LATENT VARIABLES
              WM            GDP           FS            QCHATTOT
              ________      ________      ________      ________
 WM           999.000
 GDP           12.387       999.000
 FS            17.333        14.372       999.000
 QCHATTOT      -7.810       -11.382        -7.552       999.000


           TWO-TAILED P-VALUE FOR ESTIMATED CORRELATION MATRIX FOR THE LATENT VARIABLES
              WM            GDP           FS            QCHATTOT
              ________      ________      ________      ________
 WM             0.000
 GDP            0.000         0.000
 FS             0.000         0.000         0.000
 QCHATTOT       0.000         0.000         0.000         0.000


SAMPLE STATISTICS FOR ESTIMATED FACTOR SCORES


     SAMPLE STATISTICS


           Means
              WM            WM_SE         GDP           GDP_SE        FS
              ________      ________      ________      ________      ________
                0.019         0.233        -0.017         0.252         0.006


           Means
              FS_SE
              ________
                0.282


           Covariances
              WM            WM_SE         GDP           GDP_SE        FS
              ________      ________      ________      ________      ________
 WM             0.125
 WM_SE         -0.010         0.003
 GDP            0.097        -0.006         0.119
 GDP_SE         0.006         0.000         0.009         0.001
 FS             0.223        -0.017         0.176         0.011         0.563
 FS_SE         -0.005         0.002        -0.002         0.000        -0.010


           Covariances
              FS_SE
              ________
 FS_SE          0.003


           Correlations
              WM            WM_SE         GDP           GDP_SE        FS
              ________      ________      ________      ________      ________
 WM             1.000
 WM_SE         -0.544         1.000
 GDP            0.793        -0.333         1.000
 GDP_SE         0.598        -0.137         0.881         1.000
 FS             0.842        -0.419         0.682         0.505         1.000
 FS_SE         -0.248         0.548        -0.127         0.146        -0.252


           Correlations
              FS_SE
              ________
 FS_SE          1.000


SAVEDATA INFORMATION


  Save file
    ../../fscores_structural.dat

  Order and format of variables

    COG040         F10.3
    COG041         F10.3
    COG043         F10.3
    COG044         F10.3
    COG045         F10.3
    COG046         F10.3
    COG048         F10.3
    COG049         F10.3
    COG050         F10.3
    COG051         F10.3
    COG052         F10.3
    COG053         F10.3
    COG054         F10.3
    COG055         F10.3
    COG056         F10.3
    COG057         F10.3
    COG058         F10.3
    COG060         F10.3
    COG061         F10.3
    COG062         F10.3
    COG063         F10.3
    COG064         F10.3
    COG066         F10.3
    QCHATTOT       F10.3
    WM             F10.3
    WM_SE          F10.3
    GDP            F10.3
    GDP_SE         F10.3
    FS             F10.3
    FS_SE          F10.3

  Save file format
    30F10.3

  Save file record length    10000

  Save missing symbol        *


     Beginning Time:  14:45:36
        Ending Time:  14:45:36
       Elapsed Time:  00:00:00



MUTHEN & MUTHEN
3463 Stoner Ave.
Los Angeles, CA  90066

Tel: (310) 391-9971
Fax: (310) 391-8971
Web: www.StatModel.com
Support: Support@StatModel.com

Copyright (c) 1998-2021 Muthen & Muthen
