Mplus VERSION 8.6
MUTHEN & MUTHEN
06/04/2026   2:45 PM

INPUT INSTRUCTIONS

  TITLE:
    Structural model - CBAnx outcome ~ WM + GDP + FS
    WLSMV estimator; items treated as categorical (binary)
    Factors: WM, GDP, FS (same measurement model as model_measurement.inp)

  DATA:
    FILE = "../../combined.dat";

  VARIABLE:
    NAMES ARE
      COG034 COG035 COG036 COG037 COG038 COG039 COG040 COG041
      COG042 COG043 COG044 COG045 COG046 COG047 COG048 COG049 COG050
      COG051 COG052 COG053 COG054 COG055 COG056 COG057 COG058
      COG060 COG061 COG062 COG063 COG064 COG065 COG066 COG067 COG068
      GA BirthWt Sex HdCirc IUGR GDiab PrEcl AntCor_P AntCor_C
      MomAge MomEdu DadEdu EthSAsian EthBlack EthMixed EthOther
      MomEng EPDSTot StimEnv PrLax PrOvr PrVrb PrSty
      CBInt CBExt CBTot CBAnx CBWth CBSom CBSlp CBAtt CBAgg
      ECSur ECNeg ECEff BayMot BayLan QchatTot;

    USEVARIABLES ARE
      COG040 COG041
      COG043 COG044 COG045 COG046 COG048 COG049 COG050
      COG051 COG052 COG053 COG054 COG055 COG056 COG057 COG058
      COG060 COG061 COG062 COG063 COG064 COG066
      CBAnx;

    CATEGORICAL ARE
      COG040 COG041
      COG043 COG044 COG045 COG046 COG048 COG049 COG050
      COG051 COG052 COG053 COG054 COG055 COG056 COG057 COG058
      COG060 COG061 COG062 COG063 COG064 COG066;

    MISSING ARE ALL (-999);

  DEFINE:
    STANDARDIZE CBAnx;

  ANALYSIS:
    ESTIMATOR = WLSMV;

  MODEL:
    ! Factor 1: Working Memory
    WM BY
      COG040 COG045 COG050 COG064;

    ! Factor 2: Goal-Directed Problem Solving
    GDP BY
      COG041 COG043 COG044 COG046
      COG048 COG052 COG053 COG057;

    ! Factor 3: Flexibility / Shift
    FS BY
      COG049 COG051 COG054 COG055 COG056
      COG058 COG060 COG061 COG062 COG063 COG066;

    WM  WITH GDP FS;
    GDP WITH FS;

    CBAnx WITH WM GDP FS;

  OUTPUT:
    STANDARDIZED;
    MODINDICES(10);
    RESIDUAL;
    SAMPSTAT;
    TECH1;
    TECH4;
    CINTERVAL;

  SAVEDATA:
    FILE = "../../fscores_structural.dat";
    SAVE = FSCORES;



INPUT READING TERMINATED NORMALLY




Structural model - CBAnx outcome ~ WM + GDP + FS
WLSMV estimator; items treated as categorical (binary)
Factors: WM, GDP, FS (same measurement model as model_measurement.inp)

SUMMARY OF ANALYSIS

Number of groups                                                 1
Number of observations                                         739

Number of dependent variables                                   24
Number of independent variables                                  0
Number of continuous latent variables                            3

Observed dependent variables

  Continuous
   CBANX

  Binary and ordered categorical (ordinal)
   COG040      COG041      COG043      COG044      COG045      COG046
   COG048      COG049      COG050      COG051      COG052      COG053
   COG054      COG055      COG056      COG057      COG058      COG060
   COG061      COG062      COG063      COG064      COG066

Continuous latent variables
   WM          GDP         FS


Estimator                                                    WLSMV
Maximum number of iterations                                  1000
Convergence criterion                                    0.500D-04
Maximum number of steepest descent iterations                   20
Maximum number of iterations for H1                           2000
Convergence criterion for H1                             0.100D-03
Parameterization                                             DELTA
Link                                                        PROBIT

Input data file(s)
  ../../combined.dat

Input data format  FREE


SUMMARY OF DATA

     Number of missing data patterns             2


COVARIANCE COVERAGE OF DATA

Minimum covariance coverage value   0.100


     PROPORTION OF DATA PRESENT


           Covariance Coverage
              COG040        COG041        COG043        COG044        COG045
              ________      ________      ________      ________      ________
 COG040         1.000
 COG041         1.000         1.000
 COG043         1.000         1.000         1.000
 COG044         1.000         1.000         1.000         1.000
 COG045         1.000         1.000         1.000         1.000         1.000
 COG046         1.000         1.000         1.000         1.000         1.000
 COG048         1.000         1.000         1.000         1.000         1.000
 COG049         1.000         1.000         1.000         1.000         1.000
 COG050         1.000         1.000         1.000         1.000         1.000
 COG051         1.000         1.000         1.000         1.000         1.000
 COG052         1.000         1.000         1.000         1.000         1.000
 COG053         1.000         1.000         1.000         1.000         1.000
 COG054         1.000         1.000         1.000         1.000         1.000
 COG055         1.000         1.000         1.000         1.000         1.000
 COG056         1.000         1.000         1.000         1.000         1.000
 COG057         1.000         1.000         1.000         1.000         1.000
 COG058         1.000         1.000         1.000         1.000         1.000
 COG060         1.000         1.000         1.000         1.000         1.000
 COG061         1.000         1.000         1.000         1.000         1.000
 COG062         1.000         1.000         1.000         1.000         1.000
 COG063         1.000         1.000         1.000         1.000         1.000
 COG064         1.000         1.000         1.000         1.000         1.000
 COG066         1.000         1.000         1.000         1.000         1.000
 CBANX          0.978         0.978         0.978         0.978         0.978


           Covariance Coverage
              COG046        COG048        COG049        COG050        COG051
              ________      ________      ________      ________      ________
 COG046         1.000
 COG048         1.000         1.000
 COG049         1.000         1.000         1.000
 COG050         1.000         1.000         1.000         1.000
 COG051         1.000         1.000         1.000         1.000         1.000
 COG052         1.000         1.000         1.000         1.000         1.000
 COG053         1.000         1.000         1.000         1.000         1.000
 COG054         1.000         1.000         1.000         1.000         1.000
 COG055         1.000         1.000         1.000         1.000         1.000
 COG056         1.000         1.000         1.000         1.000         1.000
 COG057         1.000         1.000         1.000         1.000         1.000
 COG058         1.000         1.000         1.000         1.000         1.000
 COG060         1.000         1.000         1.000         1.000         1.000
 COG061         1.000         1.000         1.000         1.000         1.000
 COG062         1.000         1.000         1.000         1.000         1.000
 COG063         1.000         1.000         1.000         1.000         1.000
 COG064         1.000         1.000         1.000         1.000         1.000
 COG066         1.000         1.000         1.000         1.000         1.000
 CBANX          0.978         0.978         0.978         0.978         0.978


           Covariance Coverage
              COG052        COG053        COG054        COG055        COG056
              ________      ________      ________      ________      ________
 COG052         1.000
 COG053         1.000         1.000
 COG054         1.000         1.000         1.000
 COG055         1.000         1.000         1.000         1.000
 COG056         1.000         1.000         1.000         1.000         1.000
 COG057         1.000         1.000         1.000         1.000         1.000
 COG058         1.000         1.000         1.000         1.000         1.000
 COG060         1.000         1.000         1.000         1.000         1.000
 COG061         1.000         1.000         1.000         1.000         1.000
 COG062         1.000         1.000         1.000         1.000         1.000
 COG063         1.000         1.000         1.000         1.000         1.000
 COG064         1.000         1.000         1.000         1.000         1.000
 COG066         1.000         1.000         1.000         1.000         1.000
 CBANX          0.978         0.978         0.978         0.978         0.978


           Covariance Coverage
              COG057        COG058        COG060        COG061        COG062
              ________      ________      ________      ________      ________
 COG057         1.000
 COG058         1.000         1.000
 COG060         1.000         1.000         1.000
 COG061         1.000         1.000         1.000         1.000
 COG062         1.000         1.000         1.000         1.000         1.000
 COG063         1.000         1.000         1.000         1.000         1.000
 COG064         1.000         1.000         1.000         1.000         1.000
 COG066         1.000         1.000         1.000         1.000         1.000
 CBANX          0.978         0.978         0.978         0.978         0.978


           Covariance Coverage
              COG063        COG064        COG066        CBANX
              ________      ________      ________      ________
 COG063         1.000
 COG064         1.000         1.000
 COG066         1.000         1.000         1.000
 CBANX          0.978         0.978         0.978         0.978


UNIVARIATE PROPORTIONS AND COUNTS FOR CATEGORICAL VARIABLES

    COG040
      Category 1    0.127           94.000
      Category 2    0.873          645.000
    COG041
      Category 1    0.280          207.000
      Category 2    0.720          532.000
    COG043
      Category 1    0.143          106.000
      Category 2    0.857          633.000
    COG044
      Category 1    0.112           83.000
      Category 2    0.888          656.000
    COG045
      Category 1    0.372          275.000
      Category 2    0.628          464.000
    COG046
      Category 1    0.513          379.000
      Category 2    0.487          360.000
    COG048
      Category 1    0.108           80.000
      Category 2    0.892          659.000
    COG049
      Category 1    0.156          115.000
      Category 2    0.844          624.000
    COG050
      Category 1    0.273          202.000
      Category 2    0.727          537.000
    COG051
      Category 1    0.120           89.000
      Category 2    0.880          650.000
    COG052
      Category 1    0.317          234.000
      Category 2    0.683          505.000
    COG053
      Category 1    0.334          247.000
      Category 2    0.666          492.000
    COG054
      Category 1    0.332          245.000
      Category 2    0.668          494.000
    COG055
      Category 1    0.122           90.000
      Category 2    0.878          649.000
    COG056
      Category 1    0.441          326.000
      Category 2    0.559          413.000
    COG057
      Category 1    0.816          603.000
      Category 2    0.184          136.000
    COG058
      Category 1    0.434          321.000
      Category 2    0.566          418.000
    COG060
      Category 1    0.612          452.000
      Category 2    0.388          287.000
    COG061
      Category 1    0.759          561.000
      Category 2    0.241          178.000
    COG062
      Category 1    0.850          628.000
      Category 2    0.150          111.000
    COG063
      Category 1    0.886          655.000
      Category 2    0.114           84.000
    COG064
      Category 1    0.763          564.000
      Category 2    0.237          175.000
    COG066
      Category 1    0.824          609.000
      Category 2    0.176          130.000


SAMPLE STATISTICS


     ESTIMATED SAMPLE STATISTICS


           MEANS/INTERCEPTS/THRESHOLDS
              COG040$1      COG041$1      COG043$1      COG044$1      COG045$1
              ________      ________      ________      ________      ________
               -1.140        -0.583        -1.065        -1.214        -0.326


           MEANS/INTERCEPTS/THRESHOLDS
              COG046$1      COG048$1      COG049$1      COG050$1      COG051$1
              ________      ________      ________      ________      ________
                0.032        -1.236        -1.013        -0.603        -1.173


           MEANS/INTERCEPTS/THRESHOLDS
              COG052$1      COG053$1      COG054$1      COG055$1      COG056$1
              ________      ________      ________      ________      ________
               -0.477        -0.428        -0.436        -1.166        -0.148


           MEANS/INTERCEPTS/THRESHOLDS
              COG057$1      COG058$1      COG060$1      COG061$1      COG062$1
              ________      ________      ________      ________      ________
                0.900        -0.165         0.284         0.704         1.036


           MEANS/INTERCEPTS/THRESHOLDS
              COG063$1      COG064$1      COG066$1      CBANX
              ________      ________      ________      ________
                1.207         0.717         0.931         0.000


           CORRELATION MATRIX (WITH VARIANCES ON THE DIAGONAL)
              COG040        COG041        COG043        COG044        COG045
              ________      ________      ________      ________      ________
 COG040
 COG041         0.088
 COG043         0.095         0.221
 COG044         0.340         0.318         0.291
 COG045         0.534         0.217         0.265         0.304
 COG046         0.193         0.179         0.160         0.241         0.214
 COG048         0.123         0.213         0.261         0.357         0.154
 COG049         0.307         0.188         0.310         0.301         0.315
 COG050         0.487         0.247         0.310         0.330         0.573
 COG051         0.265         0.293         0.283         0.339         0.335
 COG052         0.128         0.202         0.572         0.272         0.206
 COG053         0.080         0.160         0.152         0.329         0.231
 COG054         0.169         0.166         0.320         0.230         0.192
 COG055         0.187         0.319         0.438         0.334         0.262
 COG056         0.235         0.168         0.286         0.324         0.247
 COG057         0.084         0.315         0.107         0.063         0.104
 COG058         0.133         0.192         0.267         0.246         0.238
 COG060         0.202         0.249         0.351         0.322         0.297
 COG061         0.056         0.256         0.402         0.228         0.155
 COG062         0.230         0.351         0.447         0.230         0.314
 COG063         0.180         0.322         0.264         0.244         0.179
 COG064         0.325         0.276         0.396         0.313         0.300
 COG066         0.151         0.333         0.398         0.372         0.235
 CBANX         -0.102        -0.020        -0.119        -0.050        -0.058


           CORRELATION MATRIX (WITH VARIANCES ON THE DIAGONAL)
              COG046        COG048        COG049        COG050        COG051
              ________      ________      ________      ________      ________
 COG048         0.221
 COG049         0.229         0.204
 COG050         0.126         0.262         0.400
 COG051         0.228         0.354         0.686         0.402
 COG052         0.000         0.242         0.277         0.273         0.343
 COG053         0.133         0.909         0.188         0.242         0.266
 COG054         0.087         0.218         0.249         0.289         0.335
 COG055         0.269         0.326         0.628         0.411         0.713
 COG056         0.229         0.086         0.904         0.311         0.723
 COG057         0.124         0.174         0.272         0.113         0.245
 COG058         0.226         0.151         0.564         0.276         0.897
 COG060         0.256         0.178         0.711         0.352         0.682
 COG061         0.284         0.079         0.489         0.317         0.534
 COG062         0.361         0.137         0.469         0.253         0.466
 COG063         0.302         0.129         0.550         0.371         0.397
 COG064         0.248         0.371         0.423         0.323         0.483
 COG066         0.386         0.230         0.697         0.302         0.652
 CBANX          0.086        -0.187        -0.009        -0.041        -0.135


           CORRELATION MATRIX (WITH VARIANCES ON THE DIAGONAL)
              COG052        COG053        COG054        COG055        COG056
              ________      ________      ________      ________      ________
 COG053         0.260
 COG054         0.380         0.211
 COG055         0.474         0.307         0.405
 COG056         0.281         0.168         0.223         0.688
 COG057         0.210         0.136         0.252         0.460         0.249
 COG058         0.231         0.082         0.310         0.732         0.791
 COG060         0.320         0.156         0.345         0.619         0.899
 COG061         0.354         0.140         0.340         0.662         0.641
 COG062         0.284         0.167         0.198         0.624         0.461
 COG063         0.347         0.206         0.293         0.572         0.650
 COG064         0.372         0.362         0.440         0.658         0.633
 COG066         0.320         0.201         0.431         0.654         0.805
 CBANX         -0.102        -0.078        -0.034        -0.093        -0.045


           CORRELATION MATRIX (WITH VARIANCES ON THE DIAGONAL)
              COG057        COG058        COG060        COG061        COG062
              ________      ________      ________      ________      ________
 COG058         0.332
 COG060         0.332         0.800
 COG061         0.392         0.609         0.647
 COG062         0.280         0.503         0.504         0.563
 COG063         0.344         0.644         0.701         0.838         0.536
 COG064         0.337         0.590         0.636         0.615         0.521
 COG066         0.328         0.886         0.838         0.822         0.680
 CBANX          0.003        -0.065        -0.056        -0.046         0.016


           CORRELATION MATRIX (WITH VARIANCES ON THE DIAGONAL)
              COG063        COG064        COG066        CBANX
              ________      ________      ________      ________
 COG064         0.620
 COG066         0.754         0.757
 CBANX         -0.163        -0.073        -0.040         1.000


UNIVARIATE SAMPLE STATISTICS


     UNIVARIATE HIGHER-ORDER MOMENT DESCRIPTIVE STATISTICS

         Variable/         Mean/     Skewness/   Minimum/ % with                Percentiles
        Sample Size      Variance    Kurtosis    Maximum  Min/Max      20%/60%    40%/80%    Median

     CBANX                 0.000       1.287      -0.975   30.84%      -0.975     -0.408     -0.408
             723.000       1.000       1.951       4.698    0.14%       0.159      0.727


     THIS ANALYSIS MAY HAVE MULTIPLE SOLUTIONS.  EXPLORE THIS USING RANDOM STARTS,
     FOR EXAMPLE, STARTS = 20.  USE A LARGE ENOUGH NUMBER OF STARTS SO THAT THE
     BEST FIT FUNCTION VALUE IS REPLICATED SEVERAL TIMES.


THE MODEL ESTIMATION TERMINATED NORMALLY



MODEL FIT INFORMATION

Number of Free Parameters                       54

Chi-Square Test of Model Fit

          Value                            852.371*
          Degrees of Freedom                   247
          P-Value                           0.0000

*   The chi-square value for MLM, MLMV, MLR, ULSMV, WLSM and WLSMV cannot be used
    for chi-square difference testing in the regular way.  MLM, MLR and WLSM
    chi-square difference testing is described on the Mplus website.  MLMV, WLSMV,
    and ULSMV difference testing is done using the DIFFTEST option.

RMSEA (Root Mean Square Error Of Approximation)

          Estimate                           0.058
          90 Percent C.I.                    0.053  0.062
          Probability RMSEA <= .05           0.002

CFI/TLI

          CFI                                0.928
          TLI                                0.920

Chi-Square Test of Model Fit for the Baseline Model

          Value                           8691.200
          Degrees of Freedom                   276
          P-Value                           0.0000

SRMR (Standardized Root Mean Square Residual)

          Value                              0.105

Optimum Function Value for Weighted Least-Squares Estimator

          Value                     0.58542675D+00



MODEL RESULTS

                                                    Two-Tailed
                    Estimate       S.E.  Est./S.E.    P-Value

 WM       BY
    COG040             1.000      0.000    999.000    999.000
    COG045             1.182      0.185      6.376      0.000
    COG050             1.403      0.221      6.346      0.000
    COG064             2.229      0.361      6.168      0.000

 GDP      BY
    COG041             1.000      0.000    999.000    999.000
    COG043             1.356      0.204      6.633      0.000
    COG044             1.253      0.195      6.416      0.000
    COG046             0.878      0.151      5.807      0.000
    COG048             1.820      0.243      7.489      0.000
    COG052             1.296      0.178      7.299      0.000
    COG053             1.519      0.205      7.420      0.000
    COG057             1.048      0.178      5.904      0.000

 FS       BY
    COG049             1.000      0.000    999.000    999.000
    COG051             0.966      0.057     17.080      0.000
    COG054             0.523      0.055      9.484      0.000
    COG055             1.010      0.054     18.845      0.000
    COG056             1.122      0.046     24.541      0.000
    COG058             0.989      0.043     22.869      0.000
    COG060             1.097      0.043     25.482      0.000
    COG061             0.983      0.047     20.932      0.000
    COG062             0.781      0.059     13.231      0.000
    COG063             1.009      0.053     18.905      0.000
    COG066             1.149      0.049     23.292      0.000

 WM       WITH
    GDP                0.124      0.027      4.635      0.000
    FS                 0.256      0.044      5.853      0.000
    CBANX             -0.039      0.022     -1.828      0.068

 GDP      WITH
    FS                 0.205      0.030      6.901      0.000
    CBANX             -0.055      0.021     -2.550      0.011

 CBANX    WITH
    FS                -0.057      0.032     -1.800      0.072

 Means
    CBANX              0.000      0.049      0.000      1.000

 Thresholds
    COG040$1          -1.140      0.059    -19.376      0.000
    COG041$1          -0.583      0.049    -11.873      0.000
    COG043$1          -1.065      0.057    -18.689      0.000
    COG044$1          -1.214      0.061    -19.954      0.000
    COG045$1          -0.326      0.047     -6.940      0.000
    COG046$1           0.032      0.046      0.699      0.485
    COG048$1          -1.236      0.061    -20.100      0.000
    COG049$1          -1.013      0.056    -18.143      0.000
    COG050$1          -0.603      0.049    -12.231      0.000
    COG051$1          -1.173      0.060    -19.646      0.000
    COG052$1          -0.477      0.048     -9.927      0.000
    COG053$1          -0.428      0.048     -8.983      0.000
    COG054$1          -0.436      0.048     -9.128      0.000
    COG055$1          -1.166      0.060    -19.593      0.000
    COG056$1          -0.148      0.046     -3.199      0.001
    COG057$1           0.900      0.054     16.800      0.000
    COG058$1          -0.165      0.046     -3.567      0.000
    COG060$1           0.284      0.047      6.062      0.000
    COG061$1           0.704      0.050     13.931      0.000
    COG062$1           1.036      0.056     18.388      0.000
    COG063$1           1.207      0.061     19.904      0.000
    COG064$1           0.717      0.051     14.141      0.000
    COG066$1           0.931      0.054     17.192      0.000

 Variances
    CBANX              1.000      0.049     20.367      0.000
    WM                 0.192      0.056      3.447      0.001
    GDP                0.211      0.050      4.270      0.000
    FS                 0.686      0.050     13.681      0.000


QUALITY OF NUMERICAL RESULTS

     Condition Number for the Information Matrix              0.579E-03
       (ratio of smallest to largest eigenvalue)


STANDARDIZED MODEL RESULTS


STDYX Standardization

                                                    Two-Tailed
                    Estimate       S.E.  Est./S.E.    P-Value

 WM       BY
    COG040             0.438      0.064      6.893      0.000
    COG045             0.518      0.045     11.618      0.000
    COG050             0.614      0.045     13.642      0.000
    COG064             0.976      0.050     19.349      0.000

 GDP      BY
    COG041             0.460      0.054      8.539      0.000
    COG043             0.623      0.062     10.095      0.000
    COG044             0.576      0.066      8.673      0.000
    COG046             0.404      0.052      7.761      0.000
    COG048             0.837      0.051     16.316      0.000
    COG052             0.596      0.046     12.932      0.000
    COG053             0.699      0.038     18.169      0.000
    COG057             0.482      0.063      7.708      0.000

 FS       BY
    COG049             0.829      0.030     27.361      0.000
    COG051             0.800      0.041     19.494      0.000
    COG054             0.433      0.044      9.934      0.000
    COG055             0.836      0.038     22.212      0.000
    COG056             0.930      0.015     62.315      0.000
    COG058             0.820      0.022     37.217      0.000
    COG060             0.909      0.015     59.911      0.000
    COG061             0.814      0.025     32.083      0.000
    COG062             0.647      0.042     15.416      0.000
    COG063             0.836      0.031     27.075      0.000
    COG066             0.952      0.019     50.344      0.000

 WM       WITH
    GDP                0.616      0.050     12.389      0.000
    FS                 0.705      0.041     17.257      0.000
    CBANX             -0.090      0.046     -1.977      0.048

 GDP      WITH
    FS                 0.539      0.038     14.373      0.000
    CBANX             -0.119      0.044     -2.727      0.006

 CBANX    WITH
    FS                -0.069      0.038     -1.814      0.070

 Means
    CBANX              0.000      0.049      0.000      1.000

 Thresholds
    COG040$1          -1.140      0.059    -19.376      0.000
    COG041$1          -0.583      0.049    -11.873      0.000
    COG043$1          -1.065      0.057    -18.689      0.000
    COG044$1          -1.214      0.061    -19.954      0.000
    COG045$1          -0.326      0.047     -6.940      0.000
    COG046$1           0.032      0.046      0.699      0.485
    COG048$1          -1.236      0.061    -20.100      0.000
    COG049$1          -1.013      0.056    -18.143      0.000
    COG050$1          -0.603      0.049    -12.231      0.000
    COG051$1          -1.173      0.060    -19.646      0.000
    COG052$1          -0.477      0.048     -9.927      0.000
    COG053$1          -0.428      0.048     -8.983      0.000
    COG054$1          -0.436      0.048     -9.128      0.000
    COG055$1          -1.166      0.060    -19.593      0.000
    COG056$1          -0.148      0.046     -3.199      0.001
    COG057$1           0.900      0.054     16.800      0.000
    COG058$1          -0.165      0.046     -3.567      0.000
    COG060$1           0.284      0.047      6.062      0.000
    COG061$1           0.704      0.050     13.931      0.000
    COG062$1           1.036      0.056     18.388      0.000
    COG063$1           1.207      0.061     19.904      0.000
    COG064$1           0.717      0.051     14.141      0.000
    COG066$1           0.931      0.054     17.192      0.000

 Variances
    CBANX              1.000      0.000    999.000    999.000
    WM                 1.000      0.000    999.000    999.000
    GDP                1.000      0.000    999.000    999.000
    FS                 1.000      0.000    999.000    999.000


STDY Standardization

                                                    Two-Tailed
                    Estimate       S.E.  Est./S.E.    P-Value

 WM       BY
    COG040             0.438      0.064      6.893      0.000
    COG045             0.518      0.045     11.618      0.000
    COG050             0.614      0.045     13.642      0.000
    COG064             0.976      0.050     19.349      0.000

 GDP      BY
    COG041             0.460      0.054      8.539      0.000
    COG043             0.623      0.062     10.095      0.000
    COG044             0.576      0.066      8.673      0.000
    COG046             0.404      0.052      7.761      0.000
    COG048             0.837      0.051     16.316      0.000
    COG052             0.596      0.046     12.932      0.000
    COG053             0.699      0.038     18.169      0.000
    COG057             0.482      0.063      7.708      0.000

 FS       BY
    COG049             0.829      0.030     27.361      0.000
    COG051             0.800      0.041     19.494      0.000
    COG054             0.433      0.044      9.934      0.000
    COG055             0.836      0.038     22.212      0.000
    COG056             0.930      0.015     62.315      0.000
    COG058             0.820      0.022     37.217      0.000
    COG060             0.909      0.015     59.911      0.000
    COG061             0.814      0.025     32.083      0.000
    COG062             0.647      0.042     15.416      0.000
    COG063             0.836      0.031     27.075      0.000
    COG066             0.952      0.019     50.344      0.000

 WM       WITH
    GDP                0.616      0.050     12.389      0.000
    FS                 0.705      0.041     17.257      0.000
    CBANX             -0.090      0.046     -1.977      0.048

 GDP      WITH
    FS                 0.539      0.038     14.373      0.000
    CBANX             -0.119      0.044     -2.727      0.006

 CBANX    WITH
    FS                -0.069      0.038     -1.814      0.070

 Means
    CBANX              0.000      0.049      0.000      1.000

 Thresholds
    COG040$1          -1.140      0.059    -19.376      0.000
    COG041$1          -0.583      0.049    -11.873      0.000
    COG043$1          -1.065      0.057    -18.689      0.000
    COG044$1          -1.214      0.061    -19.954      0.000
    COG045$1          -0.326      0.047     -6.940      0.000
    COG046$1           0.032      0.046      0.699      0.485
    COG048$1          -1.236      0.061    -20.100      0.000
    COG049$1          -1.013      0.056    -18.143      0.000
    COG050$1          -0.603      0.049    -12.231      0.000
    COG051$1          -1.173      0.060    -19.646      0.000
    COG052$1          -0.477      0.048     -9.927      0.000
    COG053$1          -0.428      0.048     -8.983      0.000
    COG054$1          -0.436      0.048     -9.128      0.000
    COG055$1          -1.166      0.060    -19.593      0.000
    COG056$1          -0.148      0.046     -3.199      0.001
    COG057$1           0.900      0.054     16.800      0.000
    COG058$1          -0.165      0.046     -3.567      0.000
    COG060$1           0.284      0.047      6.062      0.000
    COG061$1           0.704      0.050     13.931      0.000
    COG062$1           1.036      0.056     18.388      0.000
    COG063$1           1.207      0.061     19.904      0.000
    COG064$1           0.717      0.051     14.141      0.000
    COG066$1           0.931      0.054     17.192      0.000

 Variances
    CBANX              1.000      0.000    999.000    999.000
    WM                 1.000      0.000    999.000    999.000
    GDP                1.000      0.000    999.000    999.000
    FS                 1.000      0.000    999.000    999.000


STD Standardization

                                                    Two-Tailed
                    Estimate       S.E.  Est./S.E.    P-Value

 WM       BY
    COG040             0.438      0.064      6.893      0.000
    COG045             0.518      0.045     11.618      0.000
    COG050             0.614      0.045     13.642      0.000
    COG064             0.976      0.050     19.349      0.000

 GDP      BY
    COG041             0.460      0.054      8.539      0.000
    COG043             0.623      0.062     10.095      0.000
    COG044             0.576      0.066      8.673      0.000
    COG046             0.404      0.052      7.761      0.000
    COG048             0.837      0.051     16.316      0.000
    COG052             0.596      0.046     12.932      0.000
    COG053             0.699      0.038     18.169      0.000
    COG057             0.482      0.063      7.708      0.000

 FS       BY
    COG049             0.829      0.030     27.361      0.000
    COG051             0.800      0.041     19.494      0.000
    COG054             0.433      0.044      9.934      0.000
    COG055             0.836      0.038     22.212      0.000
    COG056             0.930      0.015     62.315      0.000
    COG058             0.820      0.022     37.217      0.000
    COG060             0.909      0.015     59.911      0.000
    COG061             0.814      0.025     32.083      0.000
    COG062             0.647      0.042     15.416      0.000
    COG063             0.836      0.031     27.075      0.000
    COG066             0.952      0.019     50.344      0.000

 WM       WITH
    GDP                0.616      0.050     12.389      0.000
    FS                 0.705      0.041     17.257      0.000
    CBANX             -0.090      0.046     -1.970      0.049

 GDP      WITH
    FS                 0.539      0.038     14.373      0.000
    CBANX             -0.119      0.044     -2.709      0.007

 CBANX    WITH
    FS                -0.069      0.038     -1.809      0.071

 Means
    CBANX              0.000      0.049      0.000      1.000

 Thresholds
    COG040$1          -1.140      0.059    -19.376      0.000
    COG041$1          -0.583      0.049    -11.873      0.000
    COG043$1          -1.065      0.057    -18.689      0.000
    COG044$1          -1.214      0.061    -19.954      0.000
    COG045$1          -0.326      0.047     -6.940      0.000
    COG046$1           0.032      0.046      0.699      0.485
    COG048$1          -1.236      0.061    -20.100      0.000
    COG049$1          -1.013      0.056    -18.143      0.000
    COG050$1          -0.603      0.049    -12.231      0.000
    COG051$1          -1.173      0.060    -19.646      0.000
    COG052$1          -0.477      0.048     -9.927      0.000
    COG053$1          -0.428      0.048     -8.983      0.000
    COG054$1          -0.436      0.048     -9.128      0.000
    COG055$1          -1.166      0.060    -19.593      0.000
    COG056$1          -0.148      0.046     -3.199      0.001
    COG057$1           0.900      0.054     16.800      0.000
    COG058$1          -0.165      0.046     -3.567      0.000
    COG060$1           0.284      0.047      6.062      0.000
    COG061$1           0.704      0.050     13.931      0.000
    COG062$1           1.036      0.056     18.388      0.000
    COG063$1           1.207      0.061     19.904      0.000
    COG064$1           0.717      0.051     14.141      0.000
    COG066$1           0.931      0.054     17.192      0.000

 Variances
    CBANX              1.000      0.049     20.367      0.000
    WM                 1.000      0.000    999.000    999.000
    GDP                1.000      0.000    999.000    999.000
    FS                 1.000      0.000    999.000    999.000


R-SQUARE

    Observed                                        Two-Tailed   Residual
    Variable        Estimate       S.E.  Est./S.E.    P-Value    Variance

    COG040             0.192      0.056      3.447      0.001      0.808
    COG041             0.211      0.050      4.270      0.000      0.789
    COG043             0.389      0.077      5.048      0.000      0.611
    COG044             0.332      0.076      4.337      0.000      0.668
    COG045             0.268      0.046      5.809      0.000      0.732
    COG046             0.163      0.042      3.880      0.000      0.837
    COG048             0.701      0.086      8.158      0.000      0.299
    COG049             0.686      0.050     13.681      0.000      0.314
    COG050             0.377      0.055      6.821      0.000      0.623
    COG051             0.640      0.066      9.747      0.000      0.360
    COG052             0.355      0.055      6.466      0.000      0.645
    COG053             0.488      0.054      9.084      0.000      0.512
    COG054             0.188      0.038      4.967      0.000      0.812
    COG055             0.700      0.063     11.106      0.000      0.300
    COG056             0.865      0.028     31.158      0.000      0.135
    COG057             0.232      0.060      3.854      0.000      0.768
    COG058             0.672      0.036     18.609      0.000      0.328
    COG060             0.826      0.028     29.955      0.000      0.174
    COG061             0.663      0.041     16.041      0.000      0.337
    COG062             0.419      0.054      7.708      0.000      0.581
    COG063             0.699      0.052     13.537      0.000      0.301
    COG064             0.952      0.098      9.675      0.000      0.048
    COG066             0.906      0.036     25.172      0.000      0.094


CONFIDENCE INTERVALS OF MODEL RESULTS

                  Lower .5%  Lower 2.5%    Lower 5%    Estimate    Upper 5%  Upper 2.5%   Upper .5%

 WM       BY
    COG040           1.000       1.000       1.000       1.000       1.000       1.000       1.000
    COG045           0.705       0.819       0.877       1.182       1.487       1.546       1.660
    COG050           0.833       0.970       1.039       1.403       1.766       1.836       1.972
    COG064           1.298       1.521       1.634       2.229       2.823       2.937       3.160

 GDP      BY
    COG041           1.000       1.000       1.000       1.000       1.000       1.000       1.000
    COG043           0.829       0.955       1.020       1.356       1.692       1.756       1.882
    COG044           0.750       0.870       0.931       1.253       1.574       1.635       1.755
    COG046           0.489       0.582       0.630       0.878       1.127       1.175       1.268
    COG048           1.194       1.344       1.420       1.820       2.220       2.297       2.446
    COG052           0.839       0.948       1.004       1.296       1.589       1.644       1.754
    COG053           0.992       1.118       1.182       1.519       1.856       1.920       2.046
    COG057           0.591       0.700       0.756       1.048       1.341       1.396       1.506

 FS       BY
    COG049           1.000       1.000       1.000       1.000       1.000       1.000       1.000
    COG051           0.820       0.855       0.873       0.966       1.059       1.077       1.111
    COG054           0.381       0.415       0.432       0.523       0.614       0.631       0.665
    COG055           0.872       0.905       0.921       1.010       1.098       1.115       1.148
    COG056           1.005       1.033       1.047       1.122       1.198       1.212       1.240
    COG058           0.878       0.905       0.918       0.989       1.061       1.074       1.101
    COG060           0.986       1.012       1.026       1.097       1.168       1.181       1.208
    COG061           0.862       0.891       0.906       0.983       1.060       1.075       1.104
    COG062           0.629       0.666       0.684       0.781       0.879       0.897       0.934
    COG063           0.872       0.905       0.921       1.009       1.097       1.114       1.147
    COG066           1.022       1.052       1.068       1.149       1.230       1.246       1.276

 WM       WITH
    GDP              0.055       0.072       0.080       0.124       0.168       0.176       0.193
    FS               0.143       0.170       0.184       0.256       0.328       0.341       0.368
    CBANX           -0.095      -0.082      -0.075      -0.039      -0.004       0.003       0.016

 GDP      WITH
    FS               0.129       0.147       0.156       0.205       0.254       0.264       0.282
    CBANX           -0.110      -0.096      -0.090      -0.055      -0.019      -0.013       0.001

 CBANX    WITH
    FS              -0.139      -0.119      -0.109      -0.057      -0.005       0.005       0.025

 Means
    CBANX           -0.126      -0.096      -0.080       0.000       0.080       0.096       0.126

 Thresholds
    COG040$1        -1.291      -1.255      -1.236      -1.140      -1.043      -1.024      -0.988
    COG041$1        -0.709      -0.679      -0.663      -0.583      -0.502      -0.486      -0.456
    COG043$1        -1.212      -1.177      -1.159      -1.065      -0.971      -0.953      -0.918
    COG044$1        -1.371      -1.334      -1.314      -1.214      -1.114      -1.095      -1.058
    COG045$1        -0.447      -0.418      -0.404      -0.326      -0.249      -0.234      -0.205
    COG046$1        -0.087      -0.058      -0.044       0.032       0.108       0.123       0.151
    COG048$1        -1.394      -1.356      -1.337      -1.236      -1.135      -1.115      -1.077
    COG049$1        -1.156      -1.122      -1.104      -1.013      -0.921      -0.903      -0.869
    COG050$1        -0.730      -0.699      -0.684      -0.603      -0.522      -0.506      -0.476
    COG051$1        -1.327      -1.290      -1.271      -1.173      -1.075      -1.056      -1.019
    COG052$1        -0.601      -0.571      -0.556      -0.477      -0.398      -0.383      -0.353
    COG053$1        -0.551      -0.522      -0.507      -0.428      -0.350      -0.335      -0.305
    COG054$1        -0.559      -0.529      -0.514      -0.436      -0.357      -0.342      -0.313
    COG055$1        -1.319      -1.283      -1.264      -1.166      -1.068      -1.049      -1.013
    COG056$1        -0.267      -0.239      -0.224      -0.148      -0.072      -0.057      -0.029
    COG057$1         0.762       0.795       0.812       0.900       0.988       1.005       1.038
    COG058$1        -0.285      -0.256      -0.241      -0.165      -0.089      -0.074      -0.046
    COG060$1         0.163       0.192       0.207       0.284       0.361       0.375       0.404
    COG061$1         0.573       0.605       0.620       0.704       0.787       0.802       0.834
    COG062$1         0.891       0.925       0.943       1.036       1.128       1.146       1.181
    COG063$1         1.051       1.088       1.107       1.207       1.307       1.326       1.363
    COG064$1         0.586       0.617       0.633       0.717       0.800       0.816       0.847
    COG066$1         0.792       0.825       0.842       0.931       1.020       1.037       1.071

 Variances
    CBANX            0.874       0.904       0.919       1.000       1.081       1.096       1.127
    WM               0.048       0.083       0.100       0.192       0.283       0.301       0.335
    GDP              0.084       0.114       0.130       0.211       0.293       0.309       0.339
    FS               0.557       0.588       0.604       0.686       0.769       0.785       0.816


CONFIDENCE INTERVALS OF STANDARDIZED MODEL RESULTS


STDYX Standardization

                  Lower .5%  Lower 2.5%    Lower 5%    Estimate    Upper 5%  Upper 2.5%   Upper .5%

 WM       BY
    COG040           0.274       0.313       0.333       0.438       0.542       0.562       0.601
    COG045           0.403       0.430       0.444       0.518       0.591       0.605       0.632
    COG050           0.498       0.526       0.540       0.614       0.688       0.702       0.730
    COG064           0.846       0.877       0.893       0.976       1.059       1.074       1.106

 GDP      BY
    COG041           0.321       0.354       0.371       0.460       0.548       0.565       0.599
    COG043           0.464       0.502       0.522       0.623       0.725       0.745       0.783
    COG044           0.405       0.446       0.467       0.576       0.685       0.706       0.747
    COG046           0.270       0.302       0.318       0.404       0.490       0.506       0.538
    COG048           0.705       0.736       0.753       0.837       0.921       0.938       0.969
    COG052           0.477       0.506       0.520       0.596       0.672       0.686       0.715
    COG053           0.599       0.623       0.635       0.699       0.762       0.774       0.798
    COG057           0.321       0.360       0.379       0.482       0.585       0.605       0.643

 FS       BY
    COG049           0.751       0.769       0.779       0.829       0.878       0.888       0.907
    COG051           0.694       0.720       0.733       0.800       0.868       0.881       0.906
    COG054           0.321       0.348       0.361       0.433       0.505       0.519       0.546
    COG055           0.739       0.763       0.774       0.836       0.898       0.910       0.933
    COG056           0.892       0.901       0.905       0.930       0.954       0.959       0.968
    COG058           0.763       0.777       0.784       0.820       0.856       0.863       0.876
    COG060           0.870       0.879       0.884       0.909       0.934       0.938       0.948
    COG061           0.749       0.765       0.773       0.814       0.856       0.864       0.880
    COG062           0.539       0.565       0.578       0.647       0.717       0.730       0.756
    COG063           0.757       0.776       0.785       0.836       0.887       0.897       0.916
    COG066           0.903       0.915       0.921       0.952       0.983       0.989       1.001

 WM       WITH
    GDP              0.488       0.518       0.534       0.616       0.697       0.713       0.743
    FS               0.600       0.625       0.638       0.705       0.772       0.785       0.810
    CBANX           -0.208      -0.180      -0.165      -0.090      -0.015      -0.001       0.027

 GDP      WITH
    FS               0.442       0.466       0.477       0.539       0.601       0.613       0.636
    CBANX           -0.231      -0.204      -0.190      -0.119      -0.047      -0.033      -0.007

 CBANX    WITH
    FS              -0.166      -0.143      -0.131      -0.069      -0.006       0.006       0.029

 Means
    CBANX           -0.126      -0.096      -0.080       0.000       0.080       0.096       0.126

 Thresholds
    COG040$1        -1.291      -1.255      -1.236      -1.140      -1.043      -1.024      -0.988
    COG041$1        -0.709      -0.679      -0.663      -0.583      -0.502      -0.486      -0.456
    COG043$1        -1.212      -1.177      -1.159      -1.065      -0.971      -0.953      -0.918
    COG044$1        -1.371      -1.334      -1.314      -1.214      -1.114      -1.095      -1.058
    COG045$1        -0.447      -0.418      -0.404      -0.326      -0.249      -0.234      -0.205
    COG046$1        -0.087      -0.058      -0.044       0.032       0.108       0.123       0.151
    COG048$1        -1.394      -1.356      -1.337      -1.236      -1.135      -1.115      -1.077
    COG049$1        -1.156      -1.122      -1.104      -1.013      -0.921      -0.903      -0.869
    COG050$1        -0.730      -0.699      -0.684      -0.603      -0.522      -0.506      -0.476
    COG051$1        -1.327      -1.290      -1.271      -1.173      -1.075      -1.056      -1.019
    COG052$1        -0.601      -0.571      -0.556      -0.477      -0.398      -0.383      -0.353
    COG053$1        -0.551      -0.522      -0.507      -0.428      -0.350      -0.335      -0.305
    COG054$1        -0.559      -0.529      -0.514      -0.436      -0.357      -0.342      -0.313
    COG055$1        -1.319      -1.283      -1.264      -1.166      -1.068      -1.049      -1.013
    COG056$1        -0.267      -0.239      -0.224      -0.148      -0.072      -0.057      -0.029
    COG057$1         0.762       0.795       0.812       0.900       0.988       1.005       1.038
    COG058$1        -0.285      -0.256      -0.241      -0.165      -0.089      -0.074      -0.046
    COG060$1         0.163       0.192       0.207       0.284       0.361       0.375       0.404
    COG061$1         0.573       0.605       0.620       0.704       0.787       0.802       0.834
    COG062$1         0.891       0.925       0.943       1.036       1.128       1.146       1.181
    COG063$1         1.051       1.088       1.107       1.207       1.307       1.326       1.363
    COG064$1         0.586       0.617       0.633       0.717       0.800       0.816       0.847
    COG066$1         0.792       0.825       0.842       0.931       1.020       1.037       1.071

 Variances
    CBANX            1.000       1.000       1.000       1.000       1.000       1.000       1.000
    WM               1.000       1.000       1.000       1.000       1.000       1.000       1.000
    GDP              1.000       1.000       1.000       1.000       1.000       1.000       1.000
    FS               1.000       1.000       1.000       1.000       1.000       1.000       1.000


STDY Standardization

                  Lower .5%  Lower 2.5%    Lower 5%    Estimate    Upper 5%  Upper 2.5%   Upper .5%

 WM       BY
    COG040           0.274       0.313       0.333       0.438       0.542       0.562       0.601
    COG045           0.403       0.430       0.444       0.518       0.591       0.605       0.632
    COG050           0.498       0.526       0.540       0.614       0.688       0.702       0.730
    COG064           0.846       0.877       0.893       0.976       1.059       1.074       1.106

 GDP      BY
    COG041           0.321       0.354       0.371       0.460       0.548       0.565       0.599
    COG043           0.464       0.502       0.522       0.623       0.725       0.745       0.783
    COG044           0.405       0.446       0.467       0.576       0.685       0.706       0.747
    COG046           0.270       0.302       0.318       0.404       0.490       0.506       0.538
    COG048           0.705       0.736       0.753       0.837       0.921       0.938       0.969
    COG052           0.477       0.506       0.520       0.596       0.672       0.686       0.715
    COG053           0.599       0.623       0.635       0.699       0.762       0.774       0.798
    COG057           0.321       0.360       0.379       0.482       0.585       0.605       0.643

 FS       BY
    COG049           0.751       0.769       0.779       0.829       0.878       0.888       0.907
    COG051           0.694       0.720       0.733       0.800       0.868       0.881       0.906
    COG054           0.321       0.348       0.361       0.433       0.505       0.519       0.546
    COG055           0.739       0.763       0.774       0.836       0.898       0.910       0.933
    COG056           0.892       0.901       0.905       0.930       0.954       0.959       0.968
    COG058           0.763       0.777       0.784       0.820       0.856       0.863       0.876
    COG060           0.870       0.879       0.884       0.909       0.934       0.938       0.948
    COG061           0.749       0.765       0.773       0.814       0.856       0.864       0.880
    COG062           0.539       0.565       0.578       0.647       0.717       0.730       0.756
    COG063           0.757       0.776       0.785       0.836       0.887       0.897       0.916
    COG066           0.903       0.915       0.921       0.952       0.983       0.989       1.001

 WM       WITH
    GDP              0.488       0.518       0.534       0.616       0.697       0.713       0.743
    FS               0.600       0.625       0.638       0.705       0.772       0.785       0.810
    CBANX           -0.208      -0.180      -0.165      -0.090      -0.015      -0.001       0.027

 GDP      WITH
    FS               0.442       0.466       0.477       0.539       0.601       0.613       0.636
    CBANX           -0.231      -0.204      -0.190      -0.119      -0.047      -0.033      -0.007

 CBANX    WITH
    FS              -0.166      -0.143      -0.131      -0.069      -0.006       0.006       0.029

 Means
    CBANX           -0.126      -0.096      -0.080       0.000       0.080       0.096       0.126

 Thresholds
    COG040$1        -1.291      -1.255      -1.236      -1.140      -1.043      -1.024      -0.988
    COG041$1        -0.709      -0.679      -0.663      -0.583      -0.502      -0.486      -0.456
    COG043$1        -1.212      -1.177      -1.159      -1.065      -0.971      -0.953      -0.918
    COG044$1        -1.371      -1.334      -1.314      -1.214      -1.114      -1.095      -1.058
    COG045$1        -0.447      -0.418      -0.404      -0.326      -0.249      -0.234      -0.205
    COG046$1        -0.087      -0.058      -0.044       0.032       0.108       0.123       0.151
    COG048$1        -1.394      -1.356      -1.337      -1.236      -1.135      -1.115      -1.077
    COG049$1        -1.156      -1.122      -1.104      -1.013      -0.921      -0.903      -0.869
    COG050$1        -0.730      -0.699      -0.684      -0.603      -0.522      -0.506      -0.476
    COG051$1        -1.327      -1.290      -1.271      -1.173      -1.075      -1.056      -1.019
    COG052$1        -0.601      -0.571      -0.556      -0.477      -0.398      -0.383      -0.353
    COG053$1        -0.551      -0.522      -0.507      -0.428      -0.350      -0.335      -0.305
    COG054$1        -0.559      -0.529      -0.514      -0.436      -0.357      -0.342      -0.313
    COG055$1        -1.319      -1.283      -1.264      -1.166      -1.068      -1.049      -1.013
    COG056$1        -0.267      -0.239      -0.224      -0.148      -0.072      -0.057      -0.029
    COG057$1         0.762       0.795       0.812       0.900       0.988       1.005       1.038
    COG058$1        -0.285      -0.256      -0.241      -0.165      -0.089      -0.074      -0.046
    COG060$1         0.163       0.192       0.207       0.284       0.361       0.375       0.404
    COG061$1         0.573       0.605       0.620       0.704       0.787       0.802       0.834
    COG062$1         0.891       0.925       0.943       1.036       1.128       1.146       1.181
    COG063$1         1.051       1.088       1.107       1.207       1.307       1.326       1.363
    COG064$1         0.586       0.617       0.633       0.717       0.800       0.816       0.847
    COG066$1         0.792       0.825       0.842       0.931       1.020       1.037       1.071

 Variances
    CBANX            1.000       1.000       1.000       1.000       1.000       1.000       1.000
    WM               1.000       1.000       1.000       1.000       1.000       1.000       1.000
    GDP              1.000       1.000       1.000       1.000       1.000       1.000       1.000
    FS               1.000       1.000       1.000       1.000       1.000       1.000       1.000


STD Standardization

                  Lower .5%  Lower 2.5%    Lower 5%    Estimate    Upper 5%  Upper 2.5%   Upper .5%

 WM       BY
    COG040           0.274       0.313       0.333       0.438       0.542       0.562       0.601
    COG045           0.403       0.430       0.444       0.518       0.591       0.605       0.632
    COG050           0.498       0.526       0.540       0.614       0.688       0.702       0.730
    COG064           0.846       0.877       0.893       0.976       1.059       1.074       1.106

 GDP      BY
    COG041           0.321       0.354       0.371       0.460       0.548       0.565       0.599
    COG043           0.464       0.502       0.522       0.623       0.725       0.745       0.783
    COG044           0.405       0.446       0.467       0.576       0.685       0.706       0.747
    COG046           0.270       0.302       0.318       0.404       0.490       0.506       0.538
    COG048           0.705       0.736       0.753       0.837       0.921       0.938       0.969
    COG052           0.477       0.506       0.520       0.596       0.672       0.686       0.715
    COG053           0.599       0.623       0.635       0.699       0.762       0.774       0.798
    COG057           0.321       0.360       0.379       0.482       0.585       0.605       0.643

 FS       BY
    COG049           0.751       0.769       0.779       0.829       0.878       0.888       0.907
    COG051           0.694       0.720       0.733       0.800       0.868       0.881       0.906
    COG054           0.321       0.348       0.361       0.433       0.505       0.519       0.546
    COG055           0.739       0.763       0.774       0.836       0.898       0.910       0.933
    COG056           0.892       0.901       0.905       0.930       0.954       0.959       0.968
    COG058           0.763       0.777       0.784       0.820       0.856       0.863       0.876
    COG060           0.870       0.879       0.884       0.909       0.934       0.938       0.948
    COG061           0.749       0.765       0.773       0.814       0.856       0.864       0.880
    COG062           0.539       0.565       0.578       0.647       0.717       0.730       0.756
    COG063           0.757       0.776       0.785       0.836       0.887       0.897       0.916
    COG066           0.903       0.915       0.921       0.952       0.983       0.989       1.001

 WM       WITH
    GDP              0.488       0.518       0.534       0.616       0.697       0.713       0.743
    FS               0.600       0.625       0.638       0.705       0.772       0.785       0.810
    CBANX           -0.208      -0.180      -0.165      -0.090      -0.015       0.000       0.028

 GDP      WITH
    FS               0.442       0.466       0.477       0.539       0.601       0.613       0.636
    CBANX           -0.231      -0.204      -0.191      -0.119      -0.047      -0.033      -0.006

 CBANX    WITH
    FS              -0.167      -0.143      -0.131      -0.069      -0.006       0.006       0.029

 Means
    CBANX           -0.126      -0.096      -0.080       0.000       0.080       0.096       0.126

 Thresholds
    COG040$1        -1.291      -1.255      -1.236      -1.140      -1.043      -1.024      -0.988
    COG041$1        -0.709      -0.679      -0.663      -0.583      -0.502      -0.486      -0.456
    COG043$1        -1.212      -1.177      -1.159      -1.065      -0.971      -0.953      -0.918
    COG044$1        -1.371      -1.334      -1.314      -1.214      -1.114      -1.095      -1.058
    COG045$1        -0.447      -0.418      -0.404      -0.326      -0.249      -0.234      -0.205
    COG046$1        -0.087      -0.058      -0.044       0.032       0.108       0.123       0.151
    COG048$1        -1.394      -1.356      -1.337      -1.236      -1.135      -1.115      -1.077
    COG049$1        -1.156      -1.122      -1.104      -1.013      -0.921      -0.903      -0.869
    COG050$1        -0.730      -0.699      -0.684      -0.603      -0.522      -0.506      -0.476
    COG051$1        -1.327      -1.290      -1.271      -1.173      -1.075      -1.056      -1.019
    COG052$1        -0.601      -0.571      -0.556      -0.477      -0.398      -0.383      -0.353
    COG053$1        -0.551      -0.522      -0.507      -0.428      -0.350      -0.335      -0.305
    COG054$1        -0.559      -0.529      -0.514      -0.436      -0.357      -0.342      -0.313
    COG055$1        -1.319      -1.283      -1.264      -1.166      -1.068      -1.049      -1.013
    COG056$1        -0.267      -0.239      -0.224      -0.148      -0.072      -0.057      -0.029
    COG057$1         0.762       0.795       0.812       0.900       0.988       1.005       1.038
    COG058$1        -0.285      -0.256      -0.241      -0.165      -0.089      -0.074      -0.046
    COG060$1         0.163       0.192       0.207       0.284       0.361       0.375       0.404
    COG061$1         0.573       0.605       0.620       0.704       0.787       0.802       0.834
    COG062$1         0.891       0.925       0.943       1.036       1.128       1.146       1.181
    COG063$1         1.051       1.088       1.107       1.207       1.307       1.326       1.363
    COG064$1         0.586       0.617       0.633       0.717       0.800       0.816       0.847
    COG066$1         0.792       0.825       0.842       0.931       1.020       1.037       1.071

 Variances
    CBANX            0.874       0.904       0.919       1.000       1.081       1.096       1.127
    WM               1.000       1.000       1.000       1.000       1.000       1.000       1.000
    GDP              1.000       1.000       1.000       1.000       1.000       1.000       1.000
    FS               1.000       1.000       1.000       1.000       1.000       1.000       1.000


RESIDUAL OUTPUT


     ESTIMATED MODEL AND RESIDUALS (OBSERVED - ESTIMATED)


           Model Estimated Means/Intercepts/Thresholds
              COG040$1      COG041$1      COG043$1      COG044$1      COG045$1
              ________      ________      ________      ________      ________
               -1.140        -0.583        -1.065        -1.214        -0.326


           Model Estimated Means/Intercepts/Thresholds
              COG046$1      COG048$1      COG049$1      COG050$1      COG051$1
              ________      ________      ________      ________      ________
                0.032        -1.236        -1.013        -0.603        -1.173


           Model Estimated Means/Intercepts/Thresholds
              COG052$1      COG053$1      COG054$1      COG055$1      COG056$1
              ________      ________      ________      ________      ________
               -0.477        -0.428        -0.436        -1.166        -0.148


           Model Estimated Means/Intercepts/Thresholds
              COG057$1      COG058$1      COG060$1      COG061$1      COG062$1
              ________      ________      ________      ________      ________
                0.900        -0.165         0.284         0.704         1.036


           Model Estimated Means/Intercepts/Thresholds
              COG063$1      COG064$1      COG066$1      CBANX
              ________      ________      ________      ________
                1.207         0.717         0.931         0.000


           Residuals for Means/Intercepts/Thresholds
              COG040$1      COG041$1      COG043$1      COG044$1      COG045$1
              ________      ________      ________      ________      ________
                0.000         0.000         0.000         0.000         0.000


           Residuals for Means/Intercepts/Thresholds
              COG046$1      COG048$1      COG049$1      COG050$1      COG051$1
              ________      ________      ________      ________      ________
                0.000         0.000         0.000         0.000         0.000


           Residuals for Means/Intercepts/Thresholds
              COG052$1      COG053$1      COG054$1      COG055$1      COG056$1
              ________      ________      ________      ________      ________
                0.000         0.000         0.000         0.000         0.000


           Residuals for Means/Intercepts/Thresholds
              COG057$1      COG058$1      COG060$1      COG061$1      COG062$1
              ________      ________      ________      ________      ________
                0.000         0.000         0.000         0.000         0.000


           Residuals for Means/Intercepts/Thresholds
              COG063$1      COG064$1      COG066$1      CBANX
              ________      ________      ________      ________
                0.000         0.000         0.000         0.000


           Model Estimated Covariances/Correlations/Residual Correlations
              COG040        COG041        COG043        COG044        COG045
              ________      ________      ________      ________      ________
 COG040
 COG041         0.124
 COG043         0.168         0.287
 COG044         0.155         0.265         0.359
 COG045         0.227         0.146         0.199         0.183
 COG046         0.109         0.186         0.252         0.233         0.129
 COG048         0.226         0.385         0.522         0.482         0.267
 COG049         0.256         0.205         0.278         0.257         0.302
 COG050         0.269         0.174         0.236         0.218         0.318
 COG051         0.247         0.198         0.269         0.248         0.292
 COG052         0.161         0.274         0.372         0.343         0.190
 COG053         0.188         0.321         0.435         0.402         0.223
 COG054         0.134         0.107         0.146         0.135         0.158
 COG055         0.258         0.207         0.281         0.260         0.305
 COG056         0.287         0.231         0.313         0.289         0.339
 COG057         0.130         0.222         0.301         0.278         0.154
 COG058         0.253         0.203         0.276         0.255         0.299
 COG060         0.280         0.225         0.305         0.282         0.332
 COG061         0.251         0.202         0.274         0.253         0.297
 COG062         0.200         0.160         0.218         0.201         0.236
 COG063         0.258         0.207         0.281         0.260         0.305
 COG064         0.427         0.276         0.374         0.346         0.505
 COG066         0.294         0.236         0.320         0.296         0.347
 CBANX         -0.039        -0.055        -0.074        -0.068        -0.047


           Model Estimated Covariances/Correlations/Residual Correlations
              COG046        COG048        COG049        COG050        COG051
              ________      ________      ________      ________      ________
 COG048         0.338
 COG049         0.180         0.374
 COG050         0.153         0.316         0.359
 COG051         0.174         0.361         0.663         0.346
 COG052         0.241         0.499         0.266         0.225         0.257
 COG053         0.282         0.585         0.312         0.264         0.301
 COG054         0.094         0.195         0.359         0.188         0.347
 COG055         0.182         0.377         0.693         0.362         0.669
 COG056         0.202         0.420         0.770         0.403         0.744
 COG057         0.195         0.404         0.215         0.182         0.208
 COG058         0.178         0.370         0.679         0.355         0.656
 COG060         0.198         0.410         0.753         0.393         0.727
 COG061         0.177         0.367         0.675         0.352         0.652
 COG062         0.141         0.292         0.536         0.280         0.518
 COG063         0.182         0.377         0.693         0.362         0.669
 COG064         0.243         0.503         0.570         0.599         0.550
 COG066         0.207         0.430         0.789         0.412         0.762
 CBANX         -0.048        -0.099        -0.057        -0.055        -0.055


           Model Estimated Covariances/Correlations/Residual Correlations
              COG052        COG053        COG054        COG055        COG056
              ________      ________      ________      ________      ________
 COG053         0.416
 COG054         0.139         0.163
 COG055         0.269         0.315         0.362
 COG056         0.299         0.350         0.403         0.778
 COG057         0.287         0.337         0.113         0.217         0.242
 COG058         0.263         0.309         0.355         0.686         0.762
 COG060         0.292         0.342         0.394         0.760         0.845
 COG061         0.262         0.307         0.353         0.681         0.757
 COG062         0.208         0.244         0.280         0.542         0.602
 COG063         0.269         0.315         0.362         0.699         0.778
 COG064         0.358         0.419         0.298         0.575         0.640
 COG066         0.306         0.359         0.412         0.796         0.885
 CBANX         -0.071        -0.083        -0.030        -0.058        -0.064


           Model Estimated Covariances/Correlations/Residual Correlations
              COG057        COG058        COG060        COG061        COG062
              ________      ________      ________      ________      ________
 COG058         0.213
 COG060         0.236         0.745
 COG061         0.212         0.668         0.740
 COG062         0.168         0.531         0.588         0.527
 COG063         0.217         0.685         0.760         0.681         0.541
 COG064         0.290         0.564         0.625         0.560         0.445
 COG066         0.247         0.780         0.865         0.775         0.616
 CBANX         -0.057        -0.056        -0.063        -0.056        -0.045


           Model Estimated Covariances/Correlations/Residual Correlations
              COG063        COG064        COG066        CBANX
              ________      ________      ________      ________
 COG064         0.575
 COG066         0.796         0.655
 CBANX         -0.058        -0.088        -0.065         1.000


           Model Estimated Correlations/Residual Correlations
              COG040        COG041        COG043        COG044        COG045
              ________      ________      ________      ________      ________
 COG040
 COG041         0.124
 COG043         0.168         0.287
 COG044         0.155         0.265         0.359
 COG045         0.227         0.146         0.199         0.183
 COG046         0.109         0.186         0.252         0.233         0.129
 COG048         0.226         0.385         0.522         0.482         0.267
 COG049         0.256         0.205         0.278         0.257         0.302
 COG050         0.269         0.174         0.236         0.218         0.318
 COG051         0.247         0.198         0.269         0.248         0.292
 COG052         0.161         0.274         0.372         0.343         0.190
 COG053         0.188         0.321         0.435         0.402         0.223
 COG054         0.134         0.107         0.146         0.135         0.158
 COG055         0.258         0.207         0.281         0.260         0.305
 COG056         0.287         0.231         0.313         0.289         0.339
 COG057         0.130         0.222         0.301         0.278         0.154
 COG058         0.253         0.203         0.276         0.255         0.299
 COG060         0.280         0.225         0.305         0.282         0.332
 COG061         0.251         0.202         0.274         0.253         0.297
 COG062         0.200         0.160         0.218         0.201         0.236
 COG063         0.258         0.207         0.281         0.260         0.305
 COG064         0.427         0.276         0.374         0.346         0.505
 COG066         0.294         0.236         0.320         0.296         0.347
 CBANX         -0.039        -0.055        -0.074        -0.068        -0.047


           Model Estimated Correlations/Residual Correlations
              COG046        COG048        COG049        COG050        COG051
              ________      ________      ________      ________      ________
 COG048         0.338
 COG049         0.180         0.374
 COG050         0.153         0.316         0.359
 COG051         0.174         0.361         0.663         0.346
 COG052         0.241         0.499         0.266         0.225         0.257
 COG053         0.282         0.585         0.312         0.264         0.301
 COG054         0.094         0.195         0.359         0.188         0.347
 COG055         0.182         0.377         0.693         0.362         0.669
 COG056         0.202         0.420         0.770         0.403         0.744
 COG057         0.195         0.404         0.215         0.182         0.208
 COG058         0.178         0.370         0.679         0.355         0.656
 COG060         0.198         0.410         0.753         0.393         0.727
 COG061         0.177         0.367         0.675         0.352         0.652
 COG062         0.141         0.292         0.536         0.280         0.518
 COG063         0.182         0.377         0.693         0.362         0.669
 COG064         0.243         0.503         0.570         0.599         0.550
 COG066         0.207         0.430         0.789         0.412         0.762
 CBANX         -0.048        -0.099        -0.057        -0.055        -0.055


           Model Estimated Correlations/Residual Correlations
              COG052        COG053        COG054        COG055        COG056
              ________      ________      ________      ________      ________
 COG053         0.416
 COG054         0.139         0.163
 COG055         0.269         0.315         0.362
 COG056         0.299         0.350         0.403         0.778
 COG057         0.287         0.337         0.113         0.217         0.242
 COG058         0.263         0.309         0.355         0.686         0.762
 COG060         0.292         0.342         0.394         0.760         0.845
 COG061         0.262         0.307         0.353         0.681         0.757
 COG062         0.208         0.244         0.280         0.542         0.602
 COG063         0.269         0.315         0.362         0.699         0.778
 COG064         0.358         0.419         0.298         0.575         0.640
 COG066         0.306         0.359         0.412         0.796         0.885
 CBANX         -0.071        -0.083        -0.030        -0.058        -0.064


           Model Estimated Correlations/Residual Correlations
              COG057        COG058        COG060        COG061        COG062
              ________      ________      ________      ________      ________
 COG058         0.213
 COG060         0.236         0.745
 COG061         0.212         0.668         0.740
 COG062         0.168         0.531         0.588         0.527
 COG063         0.217         0.685         0.760         0.681         0.541
 COG064         0.290         0.564         0.625         0.560         0.445
 COG066         0.247         0.780         0.865         0.775         0.616
 CBANX         -0.057        -0.056        -0.063        -0.056        -0.045


           Model Estimated Correlations/Residual Correlations
              COG063        COG064        COG066        CBANX
              ________      ________      ________      ________
 COG064         0.575
 COG066         0.796         0.655
 CBANX         -0.058        -0.088        -0.065         1.000


           Residuals for Covariances/Correlations/Residual Correlations
              COG040        COG041        COG043        COG044        COG045
              ________      ________      ________      ________      ________
 COG040
 COG041        -0.036
 COG043        -0.073        -0.066
 COG044         0.185         0.053        -0.068
 COG045         0.308         0.071         0.067         0.121
 COG046         0.084        -0.006        -0.092         0.009         0.085
 COG048        -0.103        -0.172        -0.261        -0.125        -0.113
 COG049         0.052        -0.018         0.031         0.044         0.013
 COG050         0.218         0.073         0.075         0.112         0.255
 COG051         0.018         0.095         0.015         0.090         0.043
 COG052        -0.033        -0.072         0.200        -0.071         0.016
 COG053        -0.108        -0.161        -0.283        -0.073         0.009
 COG054         0.035         0.059         0.174         0.096         0.034
 COG055        -0.071         0.112         0.157         0.075        -0.043
 COG056        -0.052        -0.062        -0.027         0.035        -0.092
 COG057        -0.046         0.093        -0.194        -0.215        -0.050
 COG058        -0.120        -0.011        -0.009        -0.008        -0.061
 COG060        -0.078         0.024         0.046         0.039        -0.034
 COG061        -0.195         0.055         0.128        -0.025        -0.143
 COG062         0.030         0.191         0.229         0.029         0.078
 COG063        -0.078         0.115        -0.017        -0.016        -0.126
 COG064        -0.103         0.000         0.021        -0.033        -0.205
 COG066        -0.143         0.097         0.078         0.076        -0.112
 CBANX         -0.063         0.034        -0.045         0.019        -0.011


           Residuals for Covariances/Correlations/Residual Correlations
              COG046        COG048        COG049        COG050        COG051
              ________      ________      ________      ________      ________
 COG048        -0.118
 COG049         0.048        -0.170
 COG050        -0.026        -0.054         0.042
 COG051         0.054        -0.007         0.023         0.056
 COG052        -0.241        -0.257         0.010         0.048         0.086
 COG053        -0.149         0.325        -0.124        -0.022        -0.036
 COG054        -0.007         0.023        -0.110         0.102        -0.012
 COG055         0.087        -0.052        -0.065         0.049         0.044
 COG056         0.026        -0.333         0.134        -0.092        -0.021
 COG057        -0.071        -0.230         0.057        -0.069         0.037
 COG058         0.047        -0.219        -0.115        -0.079         0.241
 COG060         0.058        -0.232        -0.042        -0.042        -0.045
 COG061         0.106        -0.288        -0.185        -0.036        -0.117
 COG062         0.220        -0.155        -0.067        -0.027        -0.052
 COG063         0.120        -0.248        -0.143         0.009        -0.272
 COG064         0.006        -0.131        -0.147        -0.276        -0.067
 COG066         0.179        -0.199        -0.092        -0.110        -0.110
 CBANX          0.134        -0.088         0.048         0.015        -0.080


           Residuals for Covariances/Correlations/Residual Correlations
              COG052        COG053        COG054        COG055        COG056
              ________      ________      ________      ________      ________
 COG053        -0.156
 COG054         0.241         0.048
 COG055         0.205        -0.008         0.043
 COG056        -0.018        -0.182        -0.180        -0.089
 COG057        -0.077        -0.201         0.139         0.242         0.007
 COG058        -0.032        -0.227        -0.045         0.046         0.029
 COG060         0.028        -0.187        -0.049        -0.141         0.054
 COG061         0.092        -0.167        -0.013        -0.019        -0.116
 COG062         0.076        -0.077        -0.083         0.082        -0.141
 COG063         0.078        -0.109        -0.069        -0.128        -0.128
 COG064         0.014        -0.058         0.142         0.083        -0.006
 COG066         0.014        -0.157         0.019        -0.143        -0.080
 CBANX         -0.031         0.005        -0.004        -0.035         0.019


           Residuals for Covariances/Correlations/Residual Correlations
              COG057        COG058        COG060        COG061        COG062
              ________      ________      ________      ________      ________
 COG058         0.119
 COG060         0.095         0.055
 COG061         0.180        -0.058        -0.093
 COG062         0.112        -0.028        -0.084         0.035
 COG063         0.127        -0.042        -0.059         0.157        -0.005
 COG064         0.047         0.026         0.011         0.055         0.076
 COG066         0.080         0.105        -0.027         0.047         0.063
 CBANX          0.060        -0.008         0.006         0.010         0.061


           Residuals for Covariances/Correlations/Residual Correlations
              COG063        COG064        COG066        CBANX
              ________      ________      ________      ________
 COG064         0.045
 COG066        -0.042         0.102
 CBANX         -0.105         0.015         0.025         0.000


           Residuals for Correlations/Residual Correlations
              COG040        COG041        COG043        COG044        COG045
              ________      ________      ________      ________      ________
 COG040
 COG041        -0.036
 COG043        -0.073        -0.066
 COG044         0.185         0.053        -0.068
 COG045         0.308         0.071         0.067         0.121
 COG046         0.084        -0.006        -0.092         0.009         0.085
 COG048        -0.103        -0.172        -0.261        -0.125        -0.113
 COG049         0.052        -0.018         0.031         0.044         0.013
 COG050         0.218         0.073         0.075         0.112         0.255
 COG051         0.018         0.095         0.015         0.090         0.043
 COG052        -0.033        -0.072         0.200        -0.071         0.016
 COG053        -0.108        -0.161        -0.283        -0.073         0.009
 COG054         0.035         0.059         0.174         0.096         0.034
 COG055        -0.071         0.112         0.157         0.075        -0.043
 COG056        -0.052        -0.062        -0.027         0.035        -0.092
 COG057        -0.046         0.093        -0.194        -0.215        -0.050
 COG058        -0.120        -0.011        -0.009        -0.008        -0.061
 COG060        -0.078         0.024         0.046         0.039        -0.034
 COG061        -0.195         0.055         0.128        -0.025        -0.143
 COG062         0.030         0.191         0.229         0.029         0.078
 COG063        -0.078         0.115        -0.017        -0.016        -0.126
 COG064        -0.103         0.000         0.021        -0.033        -0.205
 COG066        -0.143         0.097         0.078         0.076        -0.112
 CBANX         -0.063         0.034        -0.045         0.019        -0.011


           Residuals for Correlations/Residual Correlations
              COG046        COG048        COG049        COG050        COG051
              ________      ________      ________      ________      ________
 COG048        -0.118
 COG049         0.048        -0.170
 COG050        -0.026        -0.054         0.042
 COG051         0.054        -0.007         0.023         0.056
 COG052        -0.241        -0.257         0.010         0.048         0.086
 COG053        -0.149         0.325        -0.124        -0.022        -0.036
 COG054        -0.007         0.023        -0.110         0.102        -0.012
 COG055         0.087        -0.052        -0.065         0.049         0.044
 COG056         0.026        -0.333         0.134        -0.092        -0.021
 COG057        -0.071        -0.230         0.057        -0.069         0.037
 COG058         0.047        -0.219        -0.115        -0.079         0.241
 COG060         0.058        -0.232        -0.042        -0.042        -0.045
 COG061         0.106        -0.288        -0.185        -0.036        -0.117
 COG062         0.220        -0.155        -0.067        -0.027        -0.052
 COG063         0.120        -0.248        -0.143         0.009        -0.272
 COG064         0.006        -0.131        -0.147        -0.276        -0.067
 COG066         0.179        -0.199        -0.092        -0.110        -0.110
 CBANX          0.134        -0.088         0.048         0.015        -0.080


           Residuals for Correlations/Residual Correlations
              COG052        COG053        COG054        COG055        COG056
              ________      ________      ________      ________      ________
 COG053        -0.156
 COG054         0.241         0.048
 COG055         0.205        -0.008         0.043
 COG056        -0.018        -0.182        -0.180        -0.089
 COG057        -0.077        -0.201         0.139         0.242         0.007
 COG058        -0.032        -0.227        -0.045         0.046         0.029
 COG060         0.028        -0.187        -0.049        -0.141         0.054
 COG061         0.092        -0.167        -0.013        -0.019        -0.116
 COG062         0.076        -0.077        -0.083         0.082        -0.141
 COG063         0.078        -0.109        -0.069        -0.128        -0.128
 COG064         0.014        -0.058         0.142         0.083        -0.006
 COG066         0.014        -0.157         0.019        -0.143        -0.080
 CBANX         -0.031         0.005        -0.004        -0.035         0.019


           Residuals for Correlations/Residual Correlations
              COG057        COG058        COG060        COG061        COG062
              ________      ________      ________      ________      ________
 COG058         0.119
 COG060         0.095         0.055
 COG061         0.180        -0.058        -0.093
 COG062         0.112        -0.028        -0.084         0.035
 COG063         0.127        -0.042        -0.059         0.157        -0.005
 COG064         0.047         0.026         0.011         0.055         0.076
 COG066         0.080         0.105        -0.027         0.047         0.063
 CBANX          0.060        -0.008         0.006         0.010         0.061


           Residuals for Correlations/Residual Correlations
              COG063        COG064        COG066        CBANX
              ________      ________      ________      ________
 COG064         0.045
 COG066        -0.042         0.102
 CBANX         -0.105         0.015         0.025         0.000


     UNIVARIATE PROPORTIONS FOR CATEGORICAL VARIABLES

     Variable          Observed      Estimated      Residual (Obs.-Est.)    Stand. Residual
     COG040
       Category  1       0.127          0.127                  0.000                0.000
       Category  2       0.873          0.873                  0.000                0.000
     COG041
       Category  1       0.280          0.280                  0.000                0.000
       Category  2       0.720          0.720                  0.000                0.000
     COG043
       Category  1       0.143          0.143                  0.000                0.000
       Category  2       0.857          0.857                  0.000                0.000
     COG044
       Category  1       0.112          0.112                  0.000                0.000
       Category  2       0.888          0.888                  0.000                0.000
     COG045
       Category  1       0.372          0.372                  0.000                0.000
       Category  2       0.628          0.628                  0.000                0.000
     COG046
       Category  1       0.513          0.513                  0.000                0.000
       Category  2       0.487          0.487                  0.000                0.000
     COG048
       Category  1       0.108          0.108                  0.000                0.000
       Category  2       0.892          0.892                  0.000                0.000
     COG049
       Category  1       0.156          0.156                  0.000                0.000
       Category  2       0.844          0.844                  0.000                0.000
     COG050
       Category  1       0.273          0.273                  0.000                0.000
       Category  2       0.727          0.727                  0.000                0.000
     COG051
       Category  1       0.120          0.120                  0.000                0.000
       Category  2       0.880          0.880                  0.000                0.000
     COG052
       Category  1       0.317          0.317                  0.000                0.000
       Category  2       0.683          0.683                  0.000                0.000
     COG053
       Category  1       0.334          0.334                  0.000                0.000
       Category  2       0.666          0.666                  0.000                0.000
     COG054
       Category  1       0.332          0.332                  0.000                0.000
       Category  2       0.668          0.668                  0.000                0.000
     COG055
       Category  1       0.122          0.122                  0.000                0.000
       Category  2       0.878          0.878                  0.000                0.000
     COG056
       Category  1       0.441          0.441                  0.000                0.000
       Category  2       0.559          0.559                  0.000                0.000
     COG057
       Category  1       0.816          0.816                  0.000                0.000
       Category  2       0.184          0.184                  0.000                0.000
     COG058
       Category  1       0.434          0.434                  0.000                0.000
       Category  2       0.566          0.566                  0.000                0.000
     COG060
       Category  1       0.612          0.612                  0.000                0.000
       Category  2       0.388          0.388                  0.000                0.000
     COG061
       Category  1       0.759          0.759                  0.000                0.000
       Category  2       0.241          0.241                  0.000                0.000
     COG062
       Category  1       0.850          0.850                  0.000                0.000
       Category  2       0.150          0.150                  0.000                0.000
     COG063
       Category  1       0.886          0.886                  0.000                0.000
       Category  2       0.114          0.114                  0.000                0.000
     COG064
       Category  1       0.763          0.763                  0.000                0.000
       Category  2       0.237          0.237                  0.000                0.000
     COG066
       Category  1       0.824          0.824                  0.000                0.000
       Category  2       0.176          0.176                  0.000                0.000


     BIVARIATE PROPORTIONS FOR CATEGORICAL VARIABLES

     Variable       Variable          Observed     Estimated    Residual (Obs.-Est.)  Stand. Residual
     COG040         COG041
       Category 1     Category 1        0.042       0.045            -0.003           -0.359
       Category 1     Category 2        0.085       0.083             0.003            0.270
       Category 2     Category 1        0.238       0.235             0.003            0.175
       Category 2     Category 2        0.635       0.637            -0.003           -0.154
     COG040         COG043
       Category 1     Category 1        0.023       0.027            -0.004           -0.667
       Category 1     Category 2        0.104       0.100             0.004            0.360
       Category 2     Category 1        0.120       0.116             0.004            0.337
       Category 2     Category 2        0.752       0.756            -0.004           -0.252
     COG040         COG044
       Category 1     Category 1        0.031       0.021             0.010            1.889
       Category 1     Category 2        0.096       0.106            -0.010           -0.882
       Category 2     Category 1        0.081       0.091            -0.010           -0.944
       Category 2     Category 2        0.792       0.782             0.010            0.658
     COG040         COG045
       Category 1     Category 1        0.093       0.066             0.027            3.008
       Category 1     Category 2        0.034       0.061            -0.027           -3.112
       Category 2     Category 1        0.279       0.306            -0.027           -1.619
       Category 2     Category 2        0.594       0.567             0.027            1.506
     COG040         COG046
       Category 1     Category 1        0.081       0.074             0.007            0.719
       Category 1     Category 2        0.046       0.053            -0.007           -0.842
       Category 2     Category 1        0.432       0.439            -0.007           -0.380
       Category 2     Category 2        0.441       0.434             0.007            0.381
     COG040         COG048
       Category 1     Category 1        0.019       0.024            -0.005           -0.885
       Category 1     Category 2        0.108       0.103             0.005            0.445
       Category 2     Category 1        0.089       0.084             0.005            0.487
       Category 2     Category 2        0.783       0.788            -0.005           -0.331
     COG040         COG049
       Category 1     Category 1        0.038       0.034             0.003            0.515
       Category 1     Category 2        0.089       0.093            -0.003           -0.323
       Category 2     Category 1        0.118       0.121            -0.003           -0.288
       Category 2     Category 2        0.755       0.752             0.003            0.217
     COG040         COG050
       Category 1     Category 1        0.074       0.055             0.019            2.299
       Category 1     Category 2        0.053       0.072            -0.019           -2.029
       Category 2     Category 1        0.199       0.218            -0.019           -1.270
       Category 2     Category 2        0.674       0.655             0.019            1.103
     COG040         COG051
       Category 1     Category 1        0.028       0.027             0.001            0.173
       Category 1     Category 2        0.099       0.100            -0.001           -0.094
       Category 2     Category 1        0.092       0.093            -0.001           -0.097
       Category 2     Category 2        0.781       0.780             0.001            0.068
     COG040         COG052
       Category 1     Category 1        0.050       0.053            -0.003           -0.321
       Category 1     Category 2        0.077       0.074             0.003            0.273
       Category 2     Category 1        0.267       0.264             0.003            0.163
       Category 2     Category 2        0.606       0.609            -0.003           -0.147
     COG040         COG053
       Category 1     Category 1        0.049       0.057            -0.009           -1.019
       Category 1     Category 2        0.078       0.070             0.009            0.930
       Category 2     Category 1        0.286       0.277             0.009            0.530
       Category 2     Category 2        0.587       0.596            -0.009           -0.483
     COG040         COG054
       Category 1     Category 1        0.055       0.053             0.003            0.350
       Category 1     Category 2        0.072       0.075            -0.003           -0.297
       Category 2     Category 1        0.276       0.279            -0.003           -0.174
       Category 2     Category 2        0.597       0.594             0.003            0.159
     COG040         COG055
       Category 1     Category 1        0.024       0.028            -0.004           -0.642
       Category 1     Category 2        0.103       0.099             0.004            0.356
       Category 2     Category 1        0.097       0.094             0.004            0.366
       Category 2     Category 2        0.775       0.779            -0.004           -0.257
     COG040         COG056
       Category 1     Category 1        0.076       0.080            -0.004           -0.442
       Category 1     Category 2        0.051       0.047             0.004            0.567
       Category 2     Category 1        0.365       0.361             0.004            0.250
       Category 2     Category 2        0.507       0.512            -0.004           -0.240
     COG040         COG057
       Category 1     Category 1        0.108       0.111            -0.002           -0.195
       Category 1     Category 2        0.019       0.017             0.002            0.478
       Category 2     Category 1        0.708       0.705             0.002            0.134
       Category 2     Category 2        0.165       0.167            -0.002           -0.164
     COG040         COG058
       Category 1     Category 1        0.066       0.076            -0.010           -1.036
       Category 1     Category 2        0.061       0.051             0.010            1.254
       Category 2     Category 1        0.368       0.358             0.010            0.574
       Category 2     Category 2        0.505       0.515            -0.010           -0.551
     COG040         COG060
       Category 1     Category 1        0.093       0.099            -0.006           -0.517
       Category 1     Category 2        0.034       0.028             0.006            0.934
       Category 2     Category 1        0.518       0.513             0.006            0.309
       Category 2     Category 2        0.355       0.360            -0.006           -0.322
     COG040         COG061
       Category 1     Category 1        0.100       0.111            -0.011           -0.954
       Category 1     Category 2        0.027       0.016             0.011            2.387
       Category 2     Category 1        0.659       0.648             0.011            0.628
       Category 2     Category 2        0.214       0.225            -0.011           -0.718
     COG040         COG062
       Category 1     Category 1        0.118       0.117             0.001            0.091
       Category 1     Category 2        0.009       0.011            -0.001           -0.286
       Category 2     Category 1        0.732       0.733            -0.001           -0.066
       Category 2     Category 2        0.141       0.140             0.001            0.084
     COG040         COG063
       Category 1     Category 1        0.119       0.121            -0.002           -0.180
       Category 1     Category 2        0.008       0.006             0.002            0.766
       Category 2     Category 1        0.767       0.765             0.002            0.139
       Category 2     Category 2        0.106       0.108            -0.002           -0.190
     COG040         COG064
       Category 1     Category 1        0.115       0.119            -0.004           -0.359
       Category 1     Category 2        0.012       0.008             0.004            1.316
       Category 2     Category 1        0.648       0.644             0.004            0.243
       Category 2     Category 2        0.225       0.229            -0.004           -0.277
     COG040         COG066
       Category 1     Category 1        0.112       0.118            -0.006           -0.489
       Category 1     Category 2        0.015       0.009             0.006            1.663
       Category 2     Category 1        0.712       0.706             0.006            0.346
       Category 2     Category 2        0.161       0.167            -0.006           -0.423
     COG041         COG043
       Category 1     Category 1        0.058       0.064            -0.006           -0.646
       Category 1     Category 2        0.222       0.216             0.006            0.384
       Category 2     Category 1        0.085       0.079             0.006            0.584
       Category 2     Category 2        0.635       0.640            -0.006           -0.329
     COG041         COG044
       Category 1     Category 1        0.054       0.050             0.004            0.509
       Category 1     Category 2        0.226       0.230            -0.004           -0.264
       Category 2     Category 1        0.058       0.062            -0.004           -0.459
       Category 2     Category 2        0.662       0.658             0.004            0.234
     COG041         COG045
       Category 1     Category 1        0.133       0.123             0.009            0.779
       Category 1     Category 2        0.147       0.157            -0.009           -0.704
       Category 2     Category 1        0.240       0.249            -0.009           -0.592
       Category 2     Category 2        0.480       0.471             0.009            0.513
     COG041         COG046
       Category 1     Category 1        0.168       0.169            -0.001           -0.061
       Category 1     Category 2        0.112       0.111             0.001            0.073
       Category 2     Category 1        0.345       0.344             0.001            0.048
       Category 2     Category 2        0.375       0.376            -0.001           -0.047
     COG041         COG048
       Category 1     Category 1        0.045       0.058            -0.013           -1.520
       Category 1     Category 2        0.235       0.222             0.013            0.852
       Category 2     Category 1        0.064       0.051             0.013            1.617
       Category 2     Category 2        0.656       0.669            -0.013           -0.753
     COG041         COG049
       Category 1     Category 1        0.060       0.061            -0.002           -0.180
       Category 1     Category 2        0.221       0.219             0.002            0.104
       Category 2     Category 1        0.096       0.094             0.002            0.148
       Category 2     Category 2        0.624       0.625            -0.002           -0.089
     COG041         COG050
       Category 1     Category 1        0.106       0.097             0.009            0.816
       Category 1     Category 2        0.175       0.183            -0.009           -0.623
       Category 2     Category 1        0.168       0.177            -0.009           -0.632
       Category 2     Category 2        0.552       0.543             0.009            0.484
     COG041         COG051
       Category 1     Category 1        0.055       0.048             0.007            0.948
       Category 1     Category 2        0.225       0.232            -0.007           -0.480
       Category 2     Category 1        0.065       0.072            -0.007           -0.782
       Category 2     Category 2        0.655       0.647             0.007            0.424
     COG041         COG052
       Category 1     Category 1        0.114       0.123            -0.009           -0.779
       Category 1     Category 2        0.166       0.157             0.009            0.703
       Category 2     Category 1        0.203       0.194             0.009            0.648
       Category 2     Category 2        0.517       0.526            -0.009           -0.512
     COG041         COG053
       Category 1     Category 1        0.114       0.135            -0.021           -1.700
       Category 1     Category 2        0.166       0.145             0.021            1.650
       Category 2     Category 1        0.221       0.199             0.021            1.455
       Category 2     Category 2        0.499       0.521            -0.021           -1.163
     COG041         COG054
       Category 1     Category 1        0.114       0.106             0.007            0.661
       Category 1     Category 2        0.166       0.174            -0.007           -0.537
       Category 2     Category 1        0.218       0.225            -0.007           -0.487
       Category 2     Category 2        0.502       0.495             0.007            0.407
     COG041         COG055
       Category 1     Category 1        0.058       0.049             0.009            1.128
       Category 1     Category 2        0.222       0.231            -0.009           -0.579
       Category 2     Category 1        0.064       0.073            -0.009           -0.941
       Category 2     Category 2        0.656       0.647             0.009            0.511
     COG041         COG056
       Category 1     Category 1        0.146       0.155            -0.009           -0.642
       Category 1     Category 2        0.134       0.125             0.009            0.701
       Category 2     Category 1        0.295       0.286             0.009            0.514
       Category 2     Category 2        0.425       0.433            -0.009           -0.469
     COG041         COG057
       Category 1     Category 1        0.254       0.247             0.007            0.450
       Category 1     Category 2        0.026       0.033            -0.007           -1.089
       Category 2     Category 1        0.562       0.569            -0.007           -0.392
       Category 2     Category 2        0.158       0.151             0.007            0.542
     COG041         COG058
       Category 1     Category 1        0.147       0.149            -0.001           -0.114
       Category 1     Category 2        0.133       0.131             0.001            0.120
       Category 2     Category 1        0.287       0.285             0.001            0.090
       Category 2     Category 2        0.433       0.435            -0.001           -0.082
     COG041         COG060
       Category 1     Category 1        0.203       0.200             0.003            0.204
       Category 1     Category 2        0.077       0.080            -0.003           -0.300
       Category 2     Category 1        0.409       0.412            -0.003           -0.166
       Category 2     Category 2        0.311       0.308             0.003            0.176
     COG041         COG061
       Category 1     Category 1        0.238       0.233             0.005            0.334
       Category 1     Category 2        0.042       0.047            -0.005           -0.667
       Category 2     Category 1        0.521       0.526            -0.005           -0.283
       Category 2     Category 2        0.199       0.194             0.005            0.357
     COG041         COG062
       Category 1     Category 1        0.263       0.250             0.012            0.784
       Category 1     Category 2        0.018       0.030            -0.012           -1.988
       Category 2     Category 1        0.587       0.600            -0.012           -0.693
       Category 2     Category 2        0.133       0.120             0.012            1.045
     COG041         COG063
       Category 1     Category 1        0.267       0.261             0.006            0.365
       Category 1     Category 2        0.014       0.019            -0.006           -1.161
       Category 2     Category 1        0.620       0.626            -0.006           -0.331
       Category 2     Category 2        0.100       0.094             0.006            0.549
     COG041         COG064
       Category 1     Category 1        0.241       0.241             0.000            0.000
       Category 1     Category 2        0.039       0.039             0.000           -0.001
       Category 2     Category 1        0.522       0.522             0.000            0.000
       Category 2     Category 2        0.198       0.198             0.000            0.000
     COG041         COG066
       Category 1     Category 1        0.257       0.250             0.007            0.443
       Category 1     Category 2        0.023       0.030            -0.007           -1.123
       Category 2     Category 1        0.567       0.574            -0.007           -0.388
       Category 2     Category 2        0.153       0.146             0.007            0.543
     COG043         COG044
       Category 1     Category 1        0.031       0.035            -0.004           -0.626
       Category 1     Category 2        0.112       0.108             0.004            0.372
       Category 2     Category 1        0.081       0.077             0.004            0.434
       Category 2     Category 2        0.775       0.780            -0.004           -0.279
     COG043         COG045
       Category 1     Category 1        0.077       0.071             0.006            0.654
       Category 1     Category 2        0.066       0.072            -0.006           -0.647
       Category 2     Category 1        0.295       0.301            -0.006           -0.366
       Category 2     Category 2        0.562       0.555             0.006            0.338
     COG043         COG046
       Category 1     Category 1        0.088       0.096            -0.008           -0.755
       Category 1     Category 2        0.055       0.047             0.008            1.048
       Category 2     Category 1        0.425       0.417             0.008            0.451
       Category 2     Category 2        0.432       0.440            -0.008           -0.448
     COG043         COG048
       Category 1     Category 1        0.028       0.046            -0.017           -2.254
       Category 1     Category 2        0.115       0.098             0.017            1.586
       Category 2     Category 1        0.080       0.063             0.017            1.946
       Category 2     Category 2        0.777       0.794            -0.017           -1.165
     COG043         COG049
       Category 1     Category 1        0.042       0.040             0.002            0.314
       Category 1     Category 2        0.101       0.104            -0.002           -0.201
       Category 2     Category 1        0.114       0.116            -0.002           -0.191
       Category 2     Category 2        0.743       0.741             0.002            0.140
     COG043         COG050
       Category 1     Category 1        0.065       0.058             0.007            0.772
       Category 1     Category 2        0.078       0.085            -0.007           -0.648
       Category 2     Category 1        0.208       0.215            -0.007           -0.440
       Category 2     Category 2        0.648       0.642             0.007            0.377
     COG043         COG051
       Category 1     Category 1        0.032       0.032             0.001            0.140
       Category 1     Category 2        0.111       0.112            -0.001           -0.078
       Category 2     Category 1        0.088       0.089            -0.001           -0.086
       Category 2     Category 2        0.769       0.768             0.001            0.058
     COG043         COG052
       Category 1     Category 1        0.099       0.078             0.021            2.076
       Category 1     Category 2        0.045       0.065            -0.021           -2.259
       Category 2     Category 1        0.218       0.238            -0.021           -1.309
       Category 2     Category 2        0.639       0.618             0.021            1.148
     COG043         COG053
       Category 1     Category 1        0.061       0.088            -0.027           -2.560
       Category 1     Category 2        0.083       0.056             0.027            3.148
       Category 2     Category 1        0.273       0.247             0.027            1.678
       Category 2     Category 2        0.583       0.610            -0.027           -1.483
     COG043         COG054
       Category 1     Category 1        0.076       0.060             0.016            1.818
       Category 1     Category 2        0.068       0.084            -0.016           -1.559
       Category 2     Category 1        0.256       0.272            -0.016           -0.970
       Category 2     Category 2        0.601       0.585             0.016            0.876
     COG043         COG055
       Category 1     Category 1        0.043       0.033             0.011            1.633
       Category 1     Category 2        0.100       0.111            -0.011           -0.924
       Category 2     Category 1        0.078       0.089            -0.011           -1.018
       Category 2     Category 2        0.778       0.767             0.011            0.687
     COG043         COG056
       Category 1     Category 1        0.089       0.092            -0.003           -0.237
       Category 1     Category 2        0.054       0.052             0.003            0.309
       Category 2     Category 1        0.352       0.349             0.003            0.143
       Category 2     Category 2        0.505       0.507            -0.003           -0.137
     COG043         COG057
       Category 1     Category 1        0.123       0.132            -0.009           -0.746
       Category 1     Category 2        0.020       0.011             0.009            2.425
       Category 2     Category 1        0.693       0.684             0.009            0.544
       Category 2     Category 2        0.164       0.173            -0.009           -0.669
     COG043         COG058
       Category 1     Category 1        0.087       0.087            -0.001           -0.077
       Category 1     Category 2        0.057       0.056             0.001            0.095
       Category 2     Category 1        0.348       0.347             0.001            0.046
       Category 2     Category 2        0.509       0.510            -0.001           -0.044
     COG043         COG060
       Category 1     Category 1        0.116       0.113             0.003            0.301
       Category 1     Category 2        0.027       0.031            -0.003           -0.553
       Category 2     Category 1        0.495       0.499            -0.003           -0.190
       Category 2     Category 2        0.361       0.358             0.003            0.198
     COG043         COG061
       Category 1     Category 1        0.133       0.126             0.006            0.531
       Category 1     Category 2        0.011       0.017            -0.006           -1.352
       Category 2     Category 1        0.627       0.633            -0.006           -0.366
       Category 2     Category 2        0.230       0.224             0.006            0.423
     COG043         COG062
       Category 1     Category 1        0.139       0.132             0.007            0.594
       Category 1     Category 2        0.004       0.011            -0.007           -1.889
       Category 2     Category 1        0.710       0.718            -0.007           -0.446
       Category 2     Category 2        0.146       0.139             0.007            0.581
     COG043         COG063
       Category 1     Category 1        0.137       0.137             0.000           -0.037
       Category 1     Category 2        0.007       0.006             0.000            0.160
       Category 2     Category 1        0.750       0.749             0.000            0.029
       Category 2     Category 2        0.107       0.107             0.000           -0.041
     COG043         COG064
       Category 1     Category 1        0.133       0.132             0.001            0.079
       Category 1     Category 2        0.011       0.012            -0.001           -0.248
       Category 2     Category 1        0.631       0.632            -0.001           -0.056
       Category 2     Category 2        0.226       0.225             0.001            0.064
     COG043         COG066
       Category 1     Category 1        0.137       0.134             0.003            0.225
       Category 1     Category 2        0.007       0.010            -0.003           -0.786
       Category 2     Category 1        0.687       0.690            -0.003           -0.166
       Category 2     Category 2        0.169       0.166             0.003            0.206
     COG044         COG045
       Category 1     Category 1        0.065       0.055             0.009            1.123
       Category 1     Category 2        0.047       0.057            -0.009           -1.110
       Category 2     Category 1        0.307       0.317            -0.009           -0.553
       Category 2     Category 2        0.581       0.571             0.009            0.519
     COG044         COG046
       Category 1     Category 1        0.076       0.075             0.001            0.066
       Category 1     Category 2        0.037       0.037            -0.001           -0.091
       Category 2     Category 1        0.437       0.438            -0.001           -0.035
       Category 2     Category 2        0.451       0.450             0.001            0.035
     COG044         COG048
       Category 1     Category 1        0.028       0.036            -0.008           -1.109
       Category 1     Category 2        0.084       0.076             0.008            0.779
       Category 2     Category 1        0.080       0.072             0.008            0.799
       Category 2     Category 2        0.808       0.815            -0.008           -0.533
     COG044         COG049
       Category 1     Category 1        0.034       0.031             0.003            0.427
       Category 1     Category 2        0.078       0.081            -0.003           -0.272
       Category 2     Category 1        0.122       0.125            -0.003           -0.225
       Category 2     Category 2        0.766       0.763             0.003            0.175
     COG044         COG050
       Category 1     Category 1        0.054       0.046             0.009            1.110
       Category 1     Category 2        0.058       0.067            -0.009           -0.928
       Category 2     Category 1        0.219       0.228            -0.009           -0.552
       Category 2     Category 2        0.668       0.660             0.009            0.489
     COG044         COG051
       Category 1     Category 1        0.030       0.025             0.005            0.876
       Category 1     Category 2        0.083       0.088            -0.005           -0.482
       Category 2     Category 1        0.091       0.096            -0.005           -0.463
       Category 2     Category 2        0.797       0.792             0.005            0.335
     COG044         COG052
       Category 1     Category 1        0.055       0.061            -0.006           -0.641
       Category 1     Category 2        0.057       0.051             0.006            0.697
       Category 2     Category 1        0.261       0.256             0.006            0.352
       Category 2     Category 2        0.627       0.632            -0.006           -0.318
     COG044         COG053
       Category 1     Category 1        0.062       0.068            -0.006           -0.647
       Category 1     Category 2        0.050       0.044             0.006            0.795
       Category 2     Category 1        0.272       0.266             0.006            0.369
       Category 2     Category 2        0.616       0.622            -0.006           -0.337
     COG044         COG054
       Category 1     Category 1        0.054       0.047             0.007            0.933
       Category 1     Category 2        0.058       0.065            -0.007           -0.798
       Category 2     Category 1        0.277       0.285            -0.007           -0.437
       Category 2     Category 2        0.610       0.603             0.007            0.403
     COG044         COG055
       Category 1     Category 1        0.030       0.026             0.004            0.720
       Category 1     Category 2        0.083       0.087            -0.004           -0.404
       Category 2     Category 1        0.092       0.096            -0.004           -0.385
       Category 2     Category 2        0.796       0.791             0.004            0.280
     COG044         COG056
       Category 1     Category 1        0.074       0.072             0.003            0.285
       Category 1     Category 2        0.038       0.041            -0.003           -0.373
       Category 2     Category 1        0.367       0.369            -0.003           -0.152
       Category 2     Category 2        0.521       0.518             0.003            0.147
     COG044         COG057
       Category 1     Category 1        0.095       0.104            -0.009           -0.787
       Category 1     Category 2        0.018       0.009             0.009            2.573
       Category 2     Category 1        0.721       0.712             0.009            0.530
       Category 2     Category 2        0.166       0.175            -0.009           -0.631
     COG044         COG058
       Category 1     Category 1        0.068       0.068            -0.001           -0.069
       Category 1     Category 2        0.045       0.044             0.001            0.085
       Category 2     Category 1        0.367       0.366             0.001            0.036
       Category 2     Category 2        0.521       0.522            -0.001           -0.035
     COG044         COG060
       Category 1     Category 1        0.091       0.088             0.002            0.239
       Category 1     Category 2        0.022       0.024            -0.002           -0.442
       Category 2     Category 1        0.521       0.523            -0.002           -0.136
       Category 2     Category 2        0.367       0.364             0.002            0.141
     COG044         COG061
       Category 1     Category 1        0.097       0.099            -0.001           -0.107
       Category 1     Category 2        0.015       0.014             0.001            0.273
       Category 2     Category 1        0.662       0.661             0.001            0.067
       Category 2     Category 2        0.226       0.227            -0.001           -0.076
     COG044         COG062
       Category 1     Category 1        0.104       0.103             0.001            0.084
       Category 1     Category 2        0.008       0.009            -0.001           -0.269
       Category 2     Category 1        0.746       0.747            -0.001           -0.059
       Category 2     Category 2        0.142       0.141             0.001            0.073
     COG044         COG063
       Category 1     Category 1        0.107       0.107             0.000           -0.033
       Category 1     Category 2        0.005       0.005             0.000            0.144
       Category 2     Category 1        0.779       0.779             0.000            0.025
       Category 2     Category 2        0.108       0.109             0.000           -0.033
     COG044         COG064
       Category 1     Category 1        0.101       0.103            -0.001           -0.118
       Category 1     Category 2        0.011       0.010             0.001            0.370
       Category 2     Category 1        0.662       0.660             0.001            0.076
       Category 2     Category 2        0.226       0.227            -0.001           -0.086
     COG044         COG066
       Category 1     Category 1        0.107       0.105             0.002            0.201
       Category 1     Category 2        0.005       0.008            -0.002           -0.704
       Category 2     Category 1        0.717       0.719            -0.002           -0.137
       Category 2     Category 2        0.171       0.168             0.002            0.164
     COG045         COG046
       Category 1     Category 1        0.223       0.210             0.013            0.866
       Category 1     Category 2        0.149       0.162            -0.013           -0.959
       Category 2     Category 1        0.290       0.303            -0.013           -0.768
       Category 2     Category 2        0.338       0.325             0.013            0.754
     COG045         COG048
       Category 1     Category 1        0.051       0.060            -0.009           -0.977
       Category 1     Category 2        0.321       0.312             0.009            0.501
       Category 2     Category 1        0.057       0.048             0.009            1.082
       Category 2     Category 2        0.571       0.580            -0.009           -0.470
     COG045         COG049
       Category 1     Category 1        0.088       0.087             0.001            0.128
       Category 1     Category 2        0.284       0.285            -0.001           -0.080
       Category 2     Category 1        0.068       0.069            -0.001           -0.142
       Category 2     Category 2        0.560       0.559             0.001            0.072
     COG045         COG050
       Category 1     Category 1        0.181       0.143             0.038            2.938
       Category 1     Category 2        0.191       0.229            -0.038           -2.452
       Category 2     Category 1        0.092       0.130            -0.038           -3.064
       Category 2     Category 2        0.536       0.498             0.038            2.060
     COG045         COG051
       Category 1     Category 1        0.072       0.068             0.004            0.388
       Category 1     Category 2        0.300       0.304            -0.004           -0.212
       Category 2     Category 1        0.049       0.052            -0.004           -0.439
       Category 2     Category 2        0.579       0.576             0.004            0.198
     COG045         COG052
       Category 1     Category 1        0.146       0.144             0.002            0.174
       Category 1     Category 2        0.226       0.228            -0.002           -0.145
       Category 2     Category 1        0.171       0.173            -0.002           -0.161
       Category 2     Category 2        0.457       0.455             0.002            0.122
     COG045         COG053
       Category 1     Category 1        0.157       0.156             0.001            0.095
       Category 1     Category 2        0.215       0.216            -0.001           -0.084
       Category 2     Category 1        0.177       0.179            -0.001           -0.090
       Category 2     Category 2        0.451       0.449             0.001            0.070
     COG045         COG054
       Category 1     Category 1        0.150       0.145             0.005            0.372
       Category 1     Category 2        0.222       0.227            -0.005           -0.313
       Category 2     Category 1        0.181       0.186            -0.005           -0.337
       Category 2     Category 2        0.447       0.442             0.005            0.264
     COG045         COG055
       Category 1     Category 1        0.066       0.070            -0.004           -0.386
       Category 1     Category 2        0.306       0.302             0.004            0.214
       Category 2     Category 1        0.055       0.052             0.004            0.444
       Category 2     Category 2        0.572       0.576            -0.004           -0.199
     COG045         COG056
       Category 1     Category 1        0.202       0.216            -0.015           -0.959
       Category 1     Category 2        0.171       0.156             0.015            1.088
       Category 2     Category 1        0.240       0.225             0.015            0.945
       Category 2     Category 2        0.388       0.403            -0.015           -0.805
     COG045         COG057
       Category 1     Category 1        0.314       0.319            -0.005           -0.281
       Category 1     Category 2        0.058       0.053             0.005            0.583
       Category 2     Category 1        0.502       0.497             0.005            0.262
       Category 2     Category 2        0.126       0.131            -0.005           -0.389
     COG045         COG058
       Category 1     Category 1        0.198       0.207            -0.010           -0.643
       Category 1     Category 2        0.175       0.165             0.010            0.702
       Category 2     Category 1        0.237       0.227             0.010            0.621
       Category 2     Category 2        0.391       0.401            -0.010           -0.531
     COG045         COG060
       Category 1     Category 1        0.271       0.276            -0.005           -0.303
       Category 1     Category 2        0.101       0.097             0.005            0.459
       Category 2     Category 1        0.341       0.336             0.005            0.287
       Category 2     Category 2        0.287       0.292            -0.005           -0.298
     COG045         COG061
       Category 1     Category 1        0.300       0.316            -0.016           -0.939
       Category 1     Category 2        0.072       0.056             0.016            1.905
       Category 2     Category 1        0.459       0.443             0.016            0.879
       Category 2     Category 2        0.169       0.185            -0.016           -1.124
     COG045         COG062
       Category 1     Category 1        0.342       0.336             0.006            0.353
       Category 1     Category 2        0.030       0.036            -0.006           -0.897
       Category 2     Category 1        0.507       0.514            -0.006           -0.334
       Category 2     Category 2        0.120       0.114             0.006            0.525
     COG045         COG063
       Category 1     Category 1        0.342       0.351            -0.008           -0.464
       Category 1     Category 2        0.030       0.022             0.008            1.523
       Category 2     Category 1        0.544       0.536             0.008            0.444
       Category 2     Category 2        0.084       0.092            -0.008           -0.766
     COG045         COG064
       Category 1     Category 1        0.318       0.340            -0.022           -1.258
       Category 1     Category 2        0.054       0.032             0.022            3.376
       Category 2     Category 1        0.445       0.423             0.022            1.206
       Category 2     Category 2        0.183       0.205            -0.022           -1.477
     COG045         COG066
       Category 1     Category 1        0.329       0.339            -0.010           -0.573
       Category 1     Category 2        0.043       0.033             0.010            1.511
       Category 2     Category 1        0.495       0.485             0.010            0.543
       Category 2     Category 2        0.133       0.143            -0.010           -0.776
     COG046         COG048
       Category 1     Category 1        0.072       0.080            -0.008           -0.841
       Category 1     Category 2        0.441       0.433             0.008            0.461
       Category 2     Category 1        0.037       0.028             0.008            1.380
       Category 2     Category 2        0.451       0.459            -0.008           -0.458
     COG046         COG049
       Category 1     Category 1        0.101       0.097             0.005            0.418
       Category 1     Category 2        0.411       0.416            -0.005           -0.251
       Category 2     Category 1        0.054       0.059            -0.005           -0.526
       Category 2     Category 2        0.433       0.428             0.005            0.250
     COG046         COG050
       Category 1     Category 1        0.157       0.160            -0.003           -0.258
       Category 1     Category 2        0.356       0.352             0.003            0.198
       Category 2     Category 1        0.116       0.113             0.003            0.300
       Category 2     Category 2        0.371       0.374            -0.003           -0.196
     COG046         COG051
       Category 1     Category 1        0.080       0.076             0.004            0.433
       Category 1     Category 2        0.433       0.437            -0.004           -0.231
       Category 2     Category 1        0.041       0.045            -0.004           -0.554
       Category 2     Category 2        0.447       0.442             0.004            0.231
     COG046         COG052
       Category 1     Category 1        0.162       0.197            -0.034           -2.351
       Category 1     Category 2        0.350       0.316             0.034            2.010
       Category 2     Category 1        0.154       0.120             0.034            2.878
       Category 2     Category 2        0.333       0.367            -0.034           -1.939
     COG046         COG053
       Category 1     Category 1        0.191       0.213            -0.022           -1.457
       Category 1     Category 2        0.322       0.300             0.022            1.301
       Category 2     Category 1        0.143       0.122             0.022            1.825
       Category 2     Category 2        0.344       0.366            -0.022           -1.238
     COG046         COG054
       Category 1     Category 1        0.183       0.184            -0.001           -0.070
       Category 1     Category 2        0.330       0.329             0.001            0.058
       Category 2     Category 1        0.149       0.148             0.001            0.077
       Category 2     Category 2        0.338       0.339            -0.001           -0.057
     COG046         COG055
       Category 1     Category 1        0.084       0.077             0.007            0.697
       Category 1     Category 2        0.429       0.436            -0.007           -0.375
       Category 2     Category 1        0.038       0.045            -0.007           -0.900
       Category 2     Category 2        0.449       0.442             0.007            0.374
     COG046         COG056
       Category 1     Category 1        0.263       0.258             0.004            0.262
       Category 1     Category 2        0.250       0.255            -0.004           -0.263
       Category 2     Category 1        0.179       0.183            -0.004           -0.297
       Category 2     Category 2        0.309       0.304             0.004            0.249
     COG046         COG057
       Category 1     Category 1        0.432       0.439            -0.008           -0.414
       Category 1     Category 2        0.081       0.074             0.008            0.786
       Category 2     Category 1        0.384       0.377             0.008            0.424
       Category 2     Category 2        0.103       0.110            -0.008           -0.655
     COG046         COG058
       Category 1     Category 1        0.258       0.251             0.008            0.473
       Category 1     Category 2        0.254       0.262            -0.008           -0.467
       Category 2     Category 1        0.176       0.183            -0.008           -0.530
       Category 2     Category 2        0.311       0.304             0.008            0.446
     COG046         COG060
       Category 1     Category 1        0.353       0.344             0.009            0.518
       Category 1     Category 2        0.160       0.169            -0.009           -0.657
       Category 2     Category 1        0.258       0.268            -0.009           -0.556
       Category 2     Category 2        0.229       0.220             0.009            0.594
     COG046         COG061
       Category 1     Category 1        0.425       0.411             0.013            0.743
       Category 1     Category 2        0.088       0.101            -0.013           -1.211
       Category 2     Category 1        0.334       0.348            -0.013           -0.768
       Category 2     Category 2        0.153       0.139             0.013            1.055
     COG046         COG062
       Category 1     Category 1        0.470       0.449             0.021            1.125
       Category 1     Category 2        0.043       0.064            -0.021           -2.288
       Category 2     Category 1        0.380       0.401            -0.021           -1.142
       Category 2     Category 2        0.107       0.086             0.021            1.993
     COG046         COG063
       Category 1     Category 1        0.478       0.469             0.009            0.497
       Category 1     Category 2        0.035       0.044            -0.009           -1.205
       Category 2     Category 1        0.409       0.418            -0.009           -0.503
       Category 2     Category 2        0.078       0.069             0.009            0.976
     COG046         COG064
       Category 1     Category 1        0.422       0.421             0.001            0.039
       Category 1     Category 2        0.091       0.091            -0.001           -0.067
       Category 2     Category 1        0.341       0.342            -0.001           -0.041
       Category 2     Category 2        0.146       0.145             0.001            0.055
     COG046         COG066
       Category 1     Category 1        0.463       0.444             0.019            1.022
       Category 1     Category 2        0.050       0.069            -0.019           -2.008
       Category 2     Category 1        0.361       0.380            -0.019           -1.047
       Category 2     Category 2        0.126       0.107             0.019            1.642
     COG048         COG049
       Category 1     Category 1        0.027       0.037            -0.010           -1.493
       Category 1     Category 2        0.081       0.071             0.010            1.106
       Category 2     Category 1        0.129       0.118             0.010            0.879
       Category 2     Category 2        0.763       0.774            -0.010           -0.678
     COG048         COG050
       Category 1     Category 1        0.047       0.051            -0.004           -0.499
       Category 1     Category 2        0.061       0.057             0.004            0.476
       Category 2     Category 1        0.226       0.222             0.004            0.265
       Category 2     Category 2        0.666       0.670            -0.004           -0.235
     COG048         COG051
       Category 1     Category 1        0.030       0.030             0.000           -0.068
       Category 1     Category 2        0.078       0.078             0.000            0.043
       Category 2     Category 1        0.091       0.090             0.000            0.040
       Category 2     Category 2        0.801       0.802             0.000           -0.029
     COG048         COG052
       Category 1     Category 1        0.051       0.072            -0.020           -2.155
       Category 1     Category 2        0.057       0.036             0.020            2.975
       Category 2     Category 1        0.265       0.245             0.020            1.295
       Category 2     Category 2        0.627       0.647            -0.020           -1.165
     COG048         COG053
       Category 1     Category 1        0.107       0.081             0.026            2.546
       Category 1     Category 2        0.001       0.027            -0.026           -4.297
       Category 2     Category 1        0.227       0.253            -0.026           -1.601
       Category 2     Category 2        0.664       0.639             0.026            1.449
     COG048         COG054
       Category 1     Category 1        0.051       0.050             0.002            0.210
       Category 1     Category 2        0.057       0.059            -0.002           -0.195
       Category 2     Category 1        0.280       0.282            -0.002           -0.102
       Category 2     Category 2        0.612       0.610             0.002            0.094
     COG048         COG055
       Category 1     Category 1        0.028       0.031            -0.003           -0.470
       Category 1     Category 2        0.080       0.077             0.003            0.308
       Category 2     Category 1        0.093       0.090             0.003            0.286
       Category 2     Category 2        0.798       0.801            -0.003           -0.205
     COG048         COG056
       Category 1     Category 1        0.054       0.079            -0.025           -2.526
       Category 1     Category 2        0.054       0.029             0.025            4.064
       Category 2     Category 1        0.387       0.362             0.025            1.420
       Category 2     Category 2        0.505       0.530            -0.025           -1.367
     COG048         COG057
       Category 1     Category 1        0.096       0.104            -0.008           -0.670
       Category 1     Category 2        0.012       0.005             0.008            2.991
       Category 2     Category 1        0.720       0.712             0.008            0.451
       Category 2     Category 2        0.172       0.179            -0.008           -0.532
     COG048         COG058
       Category 1     Category 1        0.058       0.075            -0.017           -1.716
       Category 1     Category 2        0.050       0.033             0.017            2.509
       Category 2     Category 1        0.376       0.360             0.017            0.940
       Category 2     Category 2        0.516       0.532            -0.017           -0.904
     COG048         COG060
       Category 1     Category 1        0.078       0.093            -0.014           -1.334
       Category 1     Category 2        0.030       0.016             0.014            3.129
       Category 2     Category 1        0.533       0.519             0.014            0.774
       Category 2     Category 2        0.359       0.373            -0.014           -0.800
     COG048         COG061
       Category 1     Category 1        0.087       0.100            -0.013           -1.195
       Category 1     Category 2        0.022       0.008             0.013            3.908
       Category 2     Category 1        0.673       0.659             0.013            0.756
       Category 2     Category 2        0.219       0.232            -0.013           -0.848
     COG048         COG062
       Category 1     Category 1        0.097       0.102            -0.005           -0.434
       Category 1     Category 2        0.011       0.006             0.005            1.703
       Category 2     Category 1        0.752       0.748             0.005            0.303
       Category 2     Category 2        0.139       0.144            -0.005           -0.374
     COG048         COG063
       Category 1     Category 1        0.100       0.106            -0.006           -0.489
       Category 1     Category 2        0.008       0.003             0.006            2.952
       Category 2     Category 1        0.786       0.781             0.006            0.363
       Category 2     Category 2        0.106       0.111            -0.006           -0.478
     COG048         COG064
       Category 1     Category 1        0.100       0.104            -0.004           -0.363
       Category 1     Category 2        0.008       0.004             0.004            1.746
       Category 2     Category 1        0.663       0.659             0.004            0.234
       Category 2     Category 2        0.229       0.233            -0.004           -0.262
     COG048         COG066
       Category 1     Category 1        0.099       0.105            -0.006           -0.508
       Category 1     Category 2        0.009       0.004             0.006            2.544
       Category 2     Category 1        0.725       0.720             0.006            0.346
       Category 2     Category 2        0.166       0.172            -0.006           -0.412
     COG049         COG050
       Category 1     Category 1        0.078       0.074             0.004            0.431
       Category 1     Category 2        0.077       0.081            -0.004           -0.414
       Category 2     Category 1        0.195       0.199            -0.004           -0.283
       Category 2     Category 2        0.650       0.645             0.004            0.236
     COG049         COG051
       Category 1     Category 1        0.068       0.065             0.002            0.264
       Category 1     Category 2        0.088       0.090            -0.002           -0.227
       Category 2     Category 1        0.053       0.055            -0.002           -0.286
       Category 2     Category 2        0.792       0.789             0.002            0.160
     COG049         COG052
       Category 1     Category 1        0.074       0.073             0.001            0.105
       Category 1     Category 2        0.081       0.082            -0.001           -0.100
       Category 2     Category 1        0.242       0.243            -0.001           -0.064
       Category 2     Category 2        0.602       0.601             0.001            0.056
     COG049         COG053
       Category 1     Category 1        0.069       0.081            -0.012           -1.199
       Category 1     Category 2        0.087       0.075             0.012            1.245
       Category 2     Category 1        0.265       0.253             0.012            0.752
       Category 2     Category 2        0.579       0.591            -0.012           -0.665
     COG049         COG054
       Category 1     Category 1        0.074       0.085            -0.011           -1.057
       Category 1     Category 2        0.081       0.070             0.011            1.155
       Category 2     Category 1        0.257       0.246             0.011            0.686
       Category 2     Category 2        0.587       0.598            -0.011           -0.602
     COG049         COG055
       Category 1     Category 1        0.062       0.069            -0.007           -0.716
       Category 1     Category 2        0.093       0.087             0.007            0.645
       Category 2     Category 1        0.060       0.053             0.007            0.811
       Category 2     Category 2        0.785       0.792            -0.007           -0.447
     COG049         COG056
       Category 1     Category 1        0.154       0.144             0.010            0.764
       Category 1     Category 2        0.001       0.011            -0.010           -2.549
       Category 2     Category 1        0.287       0.297            -0.010           -0.588
       Category 2     Category 2        0.558       0.548             0.010            0.540
     COG049         COG057
       Category 1     Category 1        0.142       0.139             0.003            0.219
       Category 1     Category 2        0.014       0.016            -0.003           -0.598
       Category 2     Category 1        0.674       0.677            -0.003           -0.162
       Category 2     Category 2        0.171       0.168             0.003            0.203
     COG049         COG058
       Category 1     Category 1        0.123       0.135            -0.012           -0.934
       Category 1     Category 2        0.032       0.021             0.012            2.240
       Category 2     Category 1        0.311       0.299             0.012            0.697
       Category 2     Category 2        0.533       0.545            -0.012           -0.641
     COG049         COG060
       Category 1     Category 1        0.150       0.152            -0.002           -0.145
       Category 1     Category 2        0.005       0.004             0.002            0.880
       Category 2     Category 1        0.461       0.460             0.002            0.104
       Category 2     Category 2        0.383       0.385            -0.002           -0.107
     COG049         COG061
       Category 1     Category 1        0.147       0.154            -0.006           -0.458
       Category 1     Category 2        0.008       0.002             0.006            3.664
       Category 2     Category 1        0.612       0.606             0.006            0.338
       Category 2     Category 2        0.233       0.239            -0.006           -0.388
     COG049         COG062
       Category 1     Category 1        0.152       0.153            -0.002           -0.114
       Category 1     Category 2        0.004       0.003             0.002            0.810
       Category 2     Category 1        0.698       0.697             0.002            0.089
       Category 2     Category 2        0.146       0.148            -0.002           -0.115
     COG049         COG063
       Category 1     Category 1        0.154       0.155            -0.001           -0.084
       Category 1     Category 2        0.001       0.000             0.001            2.026
       Category 2     Category 1        0.732       0.731             0.001            0.069
       Category 2     Category 2        0.112       0.113            -0.001           -0.096
     COG049         COG064
       Category 1     Category 1        0.145       0.151            -0.006           -0.454
       Category 1     Category 2        0.011       0.005             0.006            2.337
       Category 2     Category 1        0.618       0.612             0.006            0.333
       Category 2     Category 2        0.226       0.232            -0.006           -0.385
     COG049         COG066
       Category 1     Category 1        0.156       0.156             0.000            0.008
       Category 1     Category 2        0.000       0.000             0.000           -0.282
       Category 2     Category 1        0.668       0.669             0.000           -0.006
       Category 2     Category 2        0.176       0.176             0.000            0.008
     COG050         COG051
       Category 1     Category 1        0.064       0.059             0.005            0.547
       Category 1     Category 2        0.210       0.214            -0.005           -0.314
       Category 2     Category 1        0.057       0.062            -0.005           -0.536
       Category 2     Category 2        0.670       0.665             0.005            0.273
     COG050         COG052
       Category 1     Category 1        0.120       0.114             0.006            0.529
       Category 1     Category 2        0.153       0.159            -0.006           -0.460
       Category 2     Category 1        0.196       0.202            -0.006           -0.419
       Category 2     Category 2        0.530       0.524             0.006            0.337
     COG050         COG053
       Category 1     Category 1        0.122       0.125            -0.003           -0.237
       Category 1     Category 2        0.152       0.149             0.003            0.220
       Category 2     Category 1        0.212       0.210             0.003            0.192
       Category 2     Category 2        0.514       0.517            -0.003           -0.157
     COG050         COG054
       Category 1     Category 1        0.127       0.114             0.013            1.139
       Category 1     Category 2        0.146       0.159            -0.013           -0.988
       Category 2     Category 1        0.204       0.218            -0.013           -0.877
       Category 2     Category 2        0.522       0.509             0.013            0.724
     COG050         COG055
       Category 1     Category 1        0.065       0.061             0.004            0.478
       Category 1     Category 2        0.208       0.213            -0.004           -0.279
       Category 2     Category 1        0.057       0.061            -0.004           -0.477
       Category 2     Category 2        0.670       0.666             0.004            0.242
     COG050         COG056
       Category 1     Category 1        0.162       0.175            -0.013           -0.931
       Category 1     Category 2        0.111       0.098             0.013            1.191
       Category 2     Category 1        0.279       0.266             0.013            0.802
       Category 2     Category 2        0.448       0.461            -0.013           -0.710
     COG050         COG057
       Category 1     Category 1        0.233       0.238            -0.006           -0.359
       Category 1     Category 2        0.041       0.035             0.006            0.832
       Category 2     Category 1        0.583       0.578             0.006            0.309
       Category 2     Category 2        0.143       0.149            -0.006           -0.429
     COG050         COG058
       Category 1     Category 1        0.156       0.167            -0.011           -0.809
       Category 1     Category 2        0.118       0.107             0.011            0.976
       Category 2     Category 1        0.279       0.268             0.011            0.681
       Category 2     Category 2        0.448       0.459            -0.011           -0.605
     COG050         COG060
       Category 1     Category 1        0.211       0.216            -0.005           -0.340
       Category 1     Category 2        0.062       0.057             0.005            0.603
       Category 2     Category 1        0.401       0.395             0.005            0.286
       Category 2     Category 2        0.326       0.331            -0.005           -0.297
     COG050         COG061
       Category 1     Category 1        0.238       0.241            -0.003           -0.202
       Category 1     Category 2        0.035       0.032             0.003            0.492
       Category 2     Category 1        0.521       0.518             0.003            0.173
       Category 2     Category 2        0.206       0.209            -0.003           -0.213
     COG050         COG062
       Category 1     Category 1        0.250       0.252            -0.002           -0.108
       Category 1     Category 2        0.023       0.021             0.002            0.324
       Category 2     Category 1        0.599       0.598             0.002            0.095
       Category 2     Category 2        0.127       0.129            -0.002           -0.140
     COG050         COG063
       Category 1     Category 1        0.263       0.262             0.000            0.026
       Category 1     Category 2        0.011       0.011             0.000           -0.107
       Category 2     Category 1        0.624       0.624             0.000           -0.023
       Category 2     Category 2        0.103       0.102             0.000            0.037
     COG050         COG064
       Category 1     Category 1        0.240       0.261            -0.022           -1.350
       Category 1     Category 2        0.034       0.012             0.022            5.447
       Category 2     Category 1        0.524       0.502             0.022            1.186
       Category 2     Category 2        0.203       0.225            -0.022           -1.421
     COG050         COG066
       Category 1     Category 1        0.249       0.256            -0.007           -0.457
       Category 1     Category 2        0.024       0.017             0.007            1.545
       Category 2     Category 1        0.575       0.568             0.007            0.403
       Category 2     Category 2        0.152       0.159            -0.007           -0.546
     COG051         COG052
       Category 1     Category 1        0.065       0.058             0.007            0.835
       Category 1     Category 2        0.055       0.063            -0.007           -0.804
       Category 2     Category 1        0.252       0.259            -0.007           -0.445
       Category 2     Category 2        0.628       0.621             0.007            0.402
     COG051         COG053
       Category 1     Category 1        0.061       0.064            -0.003           -0.330
       Category 1     Category 2        0.060       0.057             0.003            0.349
       Category 2     Category 1        0.273       0.270             0.003            0.182
       Category 2     Category 2        0.606       0.609            -0.003           -0.165
     COG051         COG054
       Category 1     Category 1        0.066       0.067            -0.001           -0.109
       Category 1     Category 2        0.054       0.053             0.001            0.122
       Category 2     Category 1        0.265       0.264             0.001            0.062
       Category 2     Category 2        0.614       0.615            -0.001           -0.056
     COG051         COG055
       Category 1     Category 1        0.061       0.057             0.004            0.503
       Category 1     Category 2        0.060       0.064            -0.004           -0.476
       Category 2     Category 1        0.061       0.065            -0.004           -0.471
       Category 2     Category 2        0.819       0.814             0.004            0.299
     COG051         COG056
       Category 1     Category 1        0.111       0.112            -0.001           -0.124
       Category 1     Category 2        0.009       0.008             0.001            0.437
       Category 2     Category 1        0.330       0.329             0.001            0.083
       Category 2     Category 2        0.549       0.551            -0.001           -0.078
     COG051         COG057
       Category 1     Category 1        0.110       0.108             0.001            0.130
       Category 1     Category 2        0.011       0.012            -0.001           -0.365
       Category 2     Category 1        0.706       0.708            -0.001           -0.089
       Category 2     Category 2        0.173       0.172             0.001            0.107
     COG051         COG058
       Category 1     Category 1        0.120       0.106             0.015            1.316
       Category 1     Category 2        0.000       0.015            -0.015           -3.341
       Category 2     Category 1        0.314       0.329            -0.015           -0.861
       Category 2     Category 2        0.566       0.551             0.015            0.813
     COG051         COG060
       Category 1     Category 1        0.116       0.118            -0.002           -0.127
       Category 1     Category 2        0.004       0.003             0.002            0.808
       Category 2     Category 1        0.495       0.494             0.002            0.082
       Category 2     Category 2        0.384       0.386            -0.002           -0.084
     COG051         COG061
       Category 1     Category 1        0.116       0.119            -0.003           -0.216
       Category 1     Category 2        0.004       0.001             0.003            1.820
       Category 2     Category 1        0.643       0.640             0.003            0.146
       Category 2     Category 2        0.237       0.239            -0.003           -0.164
     COG051         COG062
       Category 1     Category 1        0.118       0.119            -0.001           -0.072
       Category 1     Category 2        0.003       0.002             0.001            0.543
       Category 2     Category 1        0.732       0.731             0.001            0.053
       Category 2     Category 2        0.147       0.148            -0.001           -0.066
     COG051         COG063
       Category 1     Category 1        0.118       0.120            -0.003           -0.212
       Category 1     Category 2        0.003       0.000             0.003            5.222
       Category 2     Category 1        0.769       0.766             0.003            0.163
       Category 2     Category 2        0.111       0.113            -0.003           -0.217
     COG051         COG064
       Category 1     Category 1        0.115       0.117            -0.002           -0.162
       Category 1     Category 2        0.005       0.004             0.002            0.878
       Category 2     Category 1        0.648       0.646             0.002            0.109
       Category 2     Category 2        0.231       0.233            -0.002           -0.123
     COG051         COG066
       Category 1     Category 1        0.120       0.120             0.000            0.008
       Category 1     Category 2        0.000       0.000             0.000           -0.262
       Category 2     Category 1        0.704       0.704             0.000           -0.006
       Category 2     Category 2        0.176       0.176             0.000            0.007
     COG052         COG053
       Category 1     Category 1        0.141       0.163            -0.023           -1.668
       Category 1     Category 2        0.176       0.153             0.023            1.712
       Category 2     Category 1        0.194       0.171             0.023            1.639
       Category 2     Category 2        0.490       0.513            -0.023           -1.234
     COG052         COG054
       Category 1     Category 1        0.157       0.123             0.034            2.788
       Category 1     Category 2        0.160       0.193            -0.034           -2.320
       Category 2     Category 1        0.175       0.208            -0.034           -2.257
       Category 2     Category 2        0.509       0.475             0.034            1.835
     COG052         COG055
       Category 1     Category 1        0.077       0.059             0.018            2.049
       Category 1     Category 2        0.240       0.257            -0.018           -1.107
       Category 2     Category 1        0.045       0.062            -0.018           -2.000
       Category 2     Category 2        0.639       0.621             0.018            0.998
     COG052         COG056
       Category 1     Category 1        0.180       0.183            -0.003           -0.187
       Category 1     Category 2        0.137       0.134             0.003            0.212
       Category 2     Category 1        0.261       0.259             0.003            0.165
       Category 2     Category 2        0.422       0.425            -0.003           -0.146
     COG052         COG057
       Category 1     Category 1        0.277       0.284            -0.006           -0.391
       Category 1     Category 2        0.039       0.033             0.006            0.991
       Category 2     Category 1        0.539       0.532             0.006            0.354
       Category 2     Category 2        0.145       0.151            -0.006           -0.492
     COG052         COG058
       Category 1     Category 1        0.171       0.175            -0.005           -0.335
       Category 1     Category 2        0.146       0.141             0.005            0.365
       Category 2     Category 1        0.264       0.259             0.005            0.290
       Category 2     Category 2        0.419       0.424            -0.005           -0.257
     COG052         COG060
       Category 1     Category 1        0.237       0.233             0.004            0.239
       Category 1     Category 2        0.080       0.084            -0.004           -0.365
       Category 2     Category 1        0.375       0.379            -0.004           -0.208
       Category 2     Category 2        0.309       0.305             0.004            0.219
     COG052         COG061
       Category 1     Category 1        0.277       0.268             0.009            0.565
       Category 1     Category 2        0.039       0.048            -0.009           -1.165
       Category 2     Category 1        0.482       0.491            -0.009           -0.500
       Category 2     Category 2        0.202       0.192             0.009            0.635
     COG052         COG062
       Category 1     Category 1        0.291       0.285             0.005            0.330
       Category 1     Category 2        0.026       0.031            -0.005           -0.857
       Category 2     Category 1        0.559       0.564            -0.005           -0.300
       Category 2     Category 2        0.124       0.119             0.005            0.460
     COG052         COG063
       Category 1     Category 1        0.302       0.298             0.004            0.252
       Category 1     Category 2        0.015       0.019            -0.004           -0.841
       Category 2     Category 1        0.585       0.589            -0.004           -0.234
       Category 2     Category 2        0.099       0.095             0.004            0.394
     COG052         COG064
       Category 1     Category 1        0.280       0.279             0.001            0.085
       Category 1     Category 2        0.037       0.038            -0.001           -0.199
       Category 2     Category 1        0.483       0.484            -0.001           -0.076
       Category 2     Category 2        0.200       0.199             0.001            0.095
     COG052         COG066
       Category 1     Category 1        0.288       0.287             0.001            0.065
       Category 1     Category 2        0.028       0.029            -0.001           -0.174
       Category 2     Category 1        0.536       0.537            -0.001           -0.059
       Category 2     Category 2        0.147       0.146             0.001            0.083
     COG053         COG054
       Category 1     Category 1        0.139       0.133             0.007            0.531
       Category 1     Category 2        0.195       0.201            -0.007           -0.449
       Category 2     Category 1        0.192       0.199            -0.007           -0.452
       Category 2     Category 2        0.474       0.467             0.007            0.361
     COG053         COG055
       Category 1     Category 1        0.065       0.066            -0.001           -0.076
       Category 1     Category 2        0.269       0.269             0.001            0.043
       Category 2     Category 1        0.057       0.056             0.001            0.082
       Category 2     Category 2        0.609       0.610            -0.001           -0.039
     COG053         COG056
       Category 1     Category 1        0.172       0.199            -0.027           -1.862
       Category 1     Category 2        0.162       0.135             0.027            2.176
       Category 2     Category 1        0.269       0.242             0.027            1.736
       Category 2     Category 2        0.396       0.424            -0.027           -1.505
     COG053         COG057
       Category 1     Category 1        0.286       0.303            -0.018           -1.044
       Category 1     Category 2        0.049       0.031             0.018            2.767
       Category 2     Category 1        0.530       0.513             0.018            0.960
       Category 2     Category 2        0.135       0.153            -0.018           -1.333
     COG053         COG058
       Category 1     Category 1        0.157       0.190            -0.034           -2.321
       Category 1     Category 2        0.177       0.144             0.034            2.598
       Category 2     Category 1        0.277       0.244             0.034            2.122
       Category 2     Category 2        0.388       0.422            -0.034           -1.845
     COG053         COG060
       Category 1     Category 1        0.226       0.252            -0.026           -1.618
       Category 1     Category 2        0.108       0.082             0.026            2.553
       Category 2     Category 1        0.386       0.360             0.026            1.463
       Category 2     Category 2        0.280       0.306            -0.026           -1.524
     COG053         COG061
       Category 1     Category 1        0.269       0.287            -0.018           -1.066
       Category 1     Category 2        0.065       0.047             0.018            2.274
       Category 2     Category 1        0.490       0.472             0.018            0.966
       Category 2     Category 2        0.176       0.194            -0.018           -1.220
     COG053         COG062
       Category 1     Category 1        0.298       0.304            -0.006           -0.347
       Category 1     Category 2        0.037       0.031             0.006            0.927
       Category 2     Category 1        0.552       0.546             0.006            0.321
       Category 2     Category 2        0.114       0.120            -0.006           -0.492
     COG053         COG063
       Category 1     Category 1        0.310       0.316            -0.006           -0.375
       Category 1     Category 2        0.024       0.018             0.006            1.314
       Category 2     Category 1        0.576       0.570             0.006            0.352
       Category 2     Category 2        0.089       0.096            -0.006           -0.593
     COG053         COG064
       Category 1     Category 1        0.294       0.299            -0.006           -0.340
       Category 1     Category 2        0.041       0.035             0.006            0.850
       Category 2     Category 1        0.470       0.464             0.006            0.312
       Category 2     Category 2        0.196       0.202            -0.006           -0.388
     COG053         COG066
       Category 1     Category 1        0.294       0.307            -0.013           -0.768
       Category 1     Category 2        0.041       0.028             0.013            2.164
       Category 2     Category 1        0.530       0.517             0.013            0.709
       Category 2     Category 2        0.135       0.148            -0.013           -0.997
     COG054         COG055
       Category 1     Category 1        0.073       0.069             0.004            0.401
       Category 1     Category 2        0.258       0.262            -0.004           -0.231
       Category 2     Category 1        0.049       0.052            -0.004           -0.457
       Category 2     Category 2        0.620       0.616             0.004            0.209
     COG054         COG056
       Category 1     Category 1        0.179       0.206            -0.027           -1.846
       Category 1     Category 2        0.153       0.125             0.027            2.254
       Category 2     Category 1        0.263       0.235             0.027            1.760
       Category 2     Category 2        0.406       0.433            -0.027           -1.506
     COG054         COG057
       Category 1     Category 1        0.294       0.281             0.012            0.755
       Category 1     Category 2        0.038       0.050            -0.012           -1.553
       Category 2     Category 1        0.522       0.535            -0.012           -0.681
       Category 2     Category 2        0.146       0.134             0.012            0.998
     COG054         COG058
       Category 1     Category 1        0.189       0.196            -0.007           -0.469
       Category 1     Category 2        0.142       0.135             0.007            0.545
       Category 2     Category 1        0.245       0.238             0.007            0.437
       Category 2     Category 2        0.424       0.430            -0.007           -0.376
     COG054         COG060
       Category 1     Category 1        0.250       0.257            -0.007           -0.422
       Category 1     Category 2        0.081       0.074             0.007            0.703
       Category 2     Category 1        0.361       0.355             0.007            0.386
       Category 2     Category 2        0.307       0.314            -0.007           -0.398
     COG054         COG061
       Category 1     Category 1        0.288       0.290            -0.001           -0.080
       Category 1     Category 2        0.043       0.042             0.001            0.180
       Category 2     Category 1        0.471       0.470             0.001            0.072
       Category 2     Category 2        0.198       0.199            -0.001           -0.091
     COG054         COG062
       Category 1     Category 1        0.298       0.304            -0.006           -0.366
       Category 1     Category 2        0.034       0.028             0.006            1.028
       Category 2     Category 1        0.552       0.546             0.006            0.338
       Category 2     Category 2        0.116       0.123            -0.006           -0.514
     COG054         COG063
       Category 1     Category 1        0.313       0.316            -0.004           -0.222
       Category 1     Category 2        0.019       0.015             0.004            0.846
       Category 2     Category 1        0.574       0.570             0.004            0.209
       Category 2     Category 2        0.095       0.099            -0.004           -0.347
     COG054         COG064
       Category 1     Category 1        0.299       0.285             0.014            0.850
       Category 1     Category 2        0.032       0.047            -0.014           -1.821
       Category 2     Category 1        0.464       0.478            -0.014           -0.768
       Category 2     Category 2        0.204       0.190             0.014            0.978
     COG054         COG066
       Category 1     Category 1        0.310       0.308             0.001            0.084
       Category 1     Category 2        0.022       0.023            -0.001           -0.257
       Category 2     Category 1        0.514       0.516            -0.001           -0.077
       Category 2     Category 2        0.154       0.153             0.001            0.107
     COG055         COG056
       Category 1     Category 1        0.110       0.116            -0.006           -0.522
       Category 1     Category 2        0.012       0.006             0.006            2.155
       Category 2     Category 1        0.332       0.325             0.006            0.356
       Category 2     Category 2        0.547       0.553            -0.006           -0.336
     COG055         COG057
       Category 1     Category 1        0.118       0.110             0.008            0.698
       Category 1     Category 2        0.004       0.012            -0.008           -1.996
       Category 2     Category 1        0.698       0.706            -0.008           -0.479
       Category 2     Category 2        0.180       0.172             0.008            0.578
     COG055         COG058
       Category 1     Category 1        0.112       0.109             0.003            0.297
       Category 1     Category 2        0.009       0.013            -0.003           -0.821
       Category 2     Category 1        0.322       0.325            -0.003           -0.198
       Category 2     Category 2        0.556       0.553             0.003            0.186
     COG055         COG060
       Category 1     Category 1        0.115       0.120            -0.005           -0.422
       Category 1     Category 2        0.007       0.002             0.005            3.307
       Category 2     Category 1        0.497       0.492             0.005            0.274
       Category 2     Category 2        0.382       0.387            -0.005           -0.282
     COG055         COG061
       Category 1     Category 1        0.120       0.121             0.000           -0.023
       Category 1     Category 2        0.001       0.001             0.000            0.231
       Category 2     Category 1        0.639       0.638             0.000            0.016
       Category 2     Category 2        0.240       0.240             0.000           -0.018
     COG055         COG062
       Category 1     Category 1        0.122       0.120             0.002            0.130
       Category 1     Category 2        0.000       0.002            -0.002           -1.072
       Category 2     Category 1        0.728       0.730            -0.002           -0.095
       Category 2     Category 2        0.150       0.149             0.002            0.119
     COG055         COG063
       Category 1     Category 1        0.122       0.122             0.000            0.008
       Category 1     Category 2        0.000       0.000             0.000           -0.275
       Category 2     Category 1        0.765       0.765             0.000           -0.007
       Category 2     Category 2        0.114       0.114             0.000            0.009
     COG055         COG064
       Category 1     Category 1        0.120       0.119             0.002            0.135
       Category 1     Category 2        0.001       0.003            -0.002           -0.804
       Category 2     Category 1        0.643       0.644            -0.002           -0.091
       Category 2     Category 2        0.235       0.234             0.002            0.103
     COG055         COG066
       Category 1     Category 1        0.122       0.122             0.000            0.003
       Category 1     Category 2        0.000       0.000             0.000           -0.162
       Category 2     Category 1        0.702       0.702             0.000           -0.002
       Category 2     Category 2        0.176       0.176             0.000            0.003
     COG056         COG057
       Category 1     Category 1        0.386       0.385             0.001            0.040
       Category 1     Category 2        0.055       0.056            -0.001           -0.084
       Category 2     Category 1        0.430       0.431            -0.001           -0.039
       Category 2     Category 2        0.129       0.128             0.001            0.058
     COG056         COG058
       Category 1     Category 1        0.334       0.327             0.007            0.412
       Category 1     Category 2        0.107       0.114            -0.007           -0.609
       Category 2     Category 1        0.100       0.107            -0.007           -0.625
       Category 2     Category 2        0.459       0.452             0.007            0.389
     COG056         COG060
       Category 1     Category 1        0.425       0.413             0.012            0.675
       Category 1     Category 2        0.016       0.028            -0.012           -1.998
       Category 2     Category 1        0.187       0.199            -0.012           -0.832
       Category 2     Category 2        0.372       0.360             0.012            0.692
     COG056         COG061
       Category 1     Category 1        0.413       0.426            -0.014           -0.743
       Category 1     Category 2        0.028       0.015             0.014            3.030
       Category 2     Category 1        0.346       0.333             0.014            0.779
       Category 2     Category 2        0.212       0.226            -0.014           -0.878
     COG056         COG062
       Category 1     Category 1        0.415       0.426            -0.011           -0.605
       Category 1     Category 2        0.026       0.015             0.011            2.484
       Category 2     Category 1        0.434       0.423             0.011            0.605
       Category 2     Category 2        0.124       0.135            -0.011           -0.874
     COG056         COG063
       Category 1     Category 1        0.434       0.439            -0.005           -0.269
       Category 1     Category 2        0.007       0.002             0.005            3.096
       Category 2     Category 1        0.452       0.447             0.005            0.268
       Category 2     Category 2        0.107       0.112            -0.005           -0.423
     COG056         COG064
       Category 1     Category 1        0.413       0.413            -0.001           -0.040
       Category 1     Category 2        0.028       0.028             0.001            0.121
       Category 2     Category 1        0.350       0.350             0.001            0.042
       Category 2     Category 2        0.208       0.209            -0.001           -0.049
     COG056         COG066
       Category 1     Category 1        0.437       0.440            -0.003           -0.181
       Category 1     Category 2        0.004       0.001             0.003            3.268
       Category 2     Category 1        0.387       0.384             0.003            0.185
       Category 2     Category 2        0.172       0.175            -0.003           -0.236
     COG057         COG058
       Category 1     Category 1        0.388       0.376             0.012            0.671
       Category 1     Category 2        0.428       0.440            -0.012           -0.655
       Category 2     Category 1        0.046       0.058            -0.012           -1.391
       Category 2     Category 2        0.138       0.126             0.012            0.979
     COG057         COG060
       Category 1     Category 1        0.535       0.524             0.011            0.575
       Category 1     Category 2        0.281       0.292            -0.011           -0.632
       Category 2     Category 1        0.077       0.088            -0.011           -1.015
       Category 2     Category 2        0.107       0.096             0.011            0.973
     COG057         COG061
       Category 1     Category 1        0.656       0.638             0.018            1.025
       Category 1     Category 2        0.160       0.178            -0.018           -1.288
       Category 2     Category 1        0.103       0.121            -0.018           -1.510
       Category 2     Category 2        0.081       0.063             0.018            2.025
     COG057         COG062
       Category 1     Category 1        0.713       0.705             0.008            0.503
       Category 1     Category 2        0.103       0.111            -0.008           -0.730
       Category 2     Category 1        0.137       0.145            -0.008           -0.652
       Category 2     Category 2        0.047       0.039             0.008            1.187
     COG057         COG063
       Category 1     Category 1        0.744       0.736             0.009            0.529
       Category 1     Category 2        0.072       0.080            -0.009           -0.858
       Category 2     Category 1        0.142       0.151            -0.009           -0.652
       Category 2     Category 2        0.042       0.033             0.009            1.298
     COG057         COG064
       Category 1     Category 1        0.654       0.649             0.005            0.270
       Category 1     Category 2        0.162       0.167            -0.005           -0.345
       Category 2     Category 1        0.110       0.114            -0.005           -0.405
       Category 2     Category 2        0.074       0.070             0.005            0.506
     COG057         COG066
       Category 1     Category 1        0.698       0.691             0.007            0.410
       Category 1     Category 2        0.118       0.125            -0.007           -0.574
       Category 2     Category 1        0.126       0.133            -0.007           -0.558
       Category 2     Category 2        0.058       0.051             0.007            0.860
     COG058         COG060
       Category 1     Category 1        0.398       0.387             0.011            0.612
       Category 1     Category 2        0.037       0.047            -0.011           -1.401
       Category 2     Category 1        0.214       0.225            -0.011           -0.714
       Category 2     Category 2        0.352       0.341             0.011            0.629
     COG058         COG061
       Category 1     Category 1        0.403       0.410            -0.007           -0.377
       Category 1     Category 2        0.031       0.024             0.007            1.205
       Category 2     Category 1        0.356       0.349             0.007            0.389
       Category 2     Category 2        0.210       0.217            -0.007           -0.451
     COG058         COG062
       Category 1     Category 1        0.413       0.415            -0.002           -0.119
       Category 1     Category 2        0.022       0.019             0.002            0.425
       Category 2     Category 1        0.437       0.435             0.002            0.118
       Category 2     Category 2        0.129       0.131            -0.002           -0.174
     COG058         COG063
       Category 1     Category 1        0.428       0.429            -0.002           -0.102
       Category 1     Category 2        0.007       0.005             0.002            0.725
       Category 2     Category 1        0.459       0.457             0.002            0.102
       Category 2     Category 2        0.107       0.109            -0.002           -0.163
     COG058         COG064
       Category 1     Category 1        0.402       0.399             0.003            0.170
       Category 1     Category 2        0.032       0.036            -0.003           -0.451
       Category 2     Category 1        0.361       0.364            -0.003           -0.173
       Category 2     Category 2        0.204       0.201             0.003            0.208
     COG058         COG066
       Category 1     Category 1        0.434       0.429             0.005            0.286
       Category 1     Category 2        0.000       0.005            -0.005           -1.965
       Category 2     Category 1        0.390       0.395            -0.005           -0.289
       Category 2     Category 2        0.176       0.171             0.005            0.376
     COG060         COG061
       Category 1     Category 1        0.551       0.566            -0.015           -0.849
       Category 1     Category 2        0.061       0.045             0.015            2.020
       Category 2     Category 1        0.208       0.193             0.015            1.066
       Category 2     Category 2        0.180       0.195            -0.015           -1.061
     COG060         COG062
       Category 1     Category 1        0.568       0.577            -0.009           -0.486
       Category 1     Category 2        0.043       0.034             0.009            1.318
       Category 2     Category 1        0.281       0.273             0.009            0.540
       Category 2     Category 2        0.107       0.116            -0.009           -0.751
     COG060         COG063
       Category 1     Category 1        0.598       0.603            -0.004           -0.249
       Category 1     Category 2        0.014       0.009             0.004            1.286
       Category 2     Category 1        0.288       0.284             0.004            0.270
       Category 2     Category 2        0.100       0.105            -0.004           -0.398
     COG060         COG064
       Category 1     Category 1        0.551       0.549             0.002            0.094
       Category 1     Category 2        0.061       0.063            -0.002           -0.194
       Category 2     Category 1        0.212       0.214            -0.002           -0.114
       Category 2     Category 2        0.176       0.174             0.002            0.124
     COG060         COG066
       Category 1     Category 1        0.599       0.603            -0.003           -0.182
       Category 1     Category 2        0.012       0.009             0.003            0.947
       Category 2     Category 1        0.225       0.221             0.003            0.214
       Category 2     Category 2        0.164       0.167            -0.003           -0.239
     COG061         COG062
       Category 1     Category 1        0.696       0.692             0.004            0.229
       Category 1     Category 2        0.064       0.067            -0.004           -0.421
       Category 2     Category 1        0.154       0.158            -0.004           -0.289
       Category 2     Category 2        0.087       0.083             0.004            0.383
     COG061         COG063
       Category 1     Category 1        0.744       0.727             0.018            1.071
       Category 1     Category 2        0.015       0.032            -0.018           -2.694
       Category 2     Category 1        0.142       0.160            -0.018           -1.303
       Category 2     Category 2        0.099       0.081             0.018            1.747
     COG061         COG064
       Category 1     Category 1        0.651       0.643             0.008            0.447
       Category 1     Category 2        0.108       0.116            -0.008           -0.668
       Category 2     Category 1        0.112       0.120            -0.008           -0.658
       Category 2     Category 2        0.129       0.121             0.008            0.657
     COG061         COG066
       Category 1     Category 1        0.719       0.710             0.008            0.483
       Category 1     Category 2        0.041       0.049            -0.008           -1.018
       Category 2     Category 1        0.106       0.114            -0.008           -0.690
       Category 2     Category 2        0.135       0.127             0.008            0.657
     COG062         COG063
       Category 1     Category 1        0.786       0.787             0.000           -0.028
       Category 1     Category 2        0.064       0.063             0.000            0.047
       Category 2     Category 1        0.100       0.100             0.000            0.038
       Category 2     Category 2        0.050       0.050             0.000           -0.052
     COG062         COG064
       Category 1     Category 1        0.694       0.686             0.008            0.459
       Category 1     Category 2        0.156       0.163            -0.008           -0.576
       Category 2     Category 1        0.069       0.077            -0.008           -0.800
       Category 2     Category 2        0.081       0.073             0.008            0.818
     COG062         COG066
       Category 1     Category 1        0.758       0.750             0.007            0.460
       Category 1     Category 2        0.092       0.099            -0.007           -0.666
       Category 2     Category 1        0.066       0.074            -0.007           -0.762
       Category 2     Category 2        0.084       0.077             0.007            0.749
     COG063         COG064
       Category 1     Category 1        0.724       0.720             0.004            0.260
       Category 1     Category 2        0.162       0.167            -0.004           -0.313
       Category 2     Category 1        0.039       0.044            -0.004           -0.572
       Category 2     Category 2        0.074       0.070             0.004            0.457
     COG063         COG066
       Category 1     Category 1        0.788       0.793            -0.005           -0.344
       Category 1     Category 2        0.099       0.094             0.005            0.478
       Category 2     Category 1        0.037       0.031             0.005            0.798
       Category 2     Category 2        0.077       0.082            -0.005           -0.507
     COG064         COG066
       Category 1     Category 1        0.710       0.696             0.015            0.875
       Category 1     Category 2        0.053       0.068            -0.015           -1.605
       Category 2     Category 1        0.114       0.128            -0.015           -1.204
       Category 2     Category 2        0.123       0.108             0.015            1.296


MODEL MODIFICATION INDICES

NOTE:  Modification indices for direct effects of observed dependent variables
regressed on covariates and residual covariances among observed dependent
variables may not be included.  To include these, request MODINDICES (ALL).

Minimum M.I. value for printing the modification index    10.000

                                   M.I.     E.P.C.  Std E.P.C.  StdYX E.P.C.

BY Statements

WM       BY COG041                10.742     0.609      0.267        0.267
WM       BY COG043                14.239     0.817      0.358        0.358
WM       BY COG044                11.653     0.764      0.335        0.335
WM       BY COG046                30.444     0.965      0.422        0.422
WM       BY COG048               101.704    -2.441     -1.068       -1.068
WM       BY COG052                17.076     0.782      0.342        0.342
WM       BY COG053                72.508    -1.658     -0.726       -0.726
WM       BY COG054                24.894     1.070      0.468        0.468
WM       BY COG056                10.002    -0.616     -0.270       -0.270
WM       BY COG057                25.272     1.024      0.448        0.448
GDP      BY COG054                27.246     0.687      0.316        0.316
GDP      BY COG055                14.232     0.591      0.272        0.272
GDP      BY COG056                16.680    -0.545     -0.251       -0.251
FS       BY COG040                17.005    -0.539     -0.446       -0.446
FS       BY COG041                11.266     0.215      0.178        0.178
FS       BY COG043                15.343     0.291      0.241        0.241
FS       BY COG045                18.984    -0.516     -0.428       -0.428
FS       BY COG046                39.045     0.375      0.310        0.310
FS       BY COG048               113.816    -0.888     -0.736       -0.736
FS       BY COG052                21.525     0.301      0.250        0.250
FS       BY COG053                92.415    -0.650     -0.539       -0.539
FS       BY COG057                42.051     0.454      0.377        0.377
FS       BY COG064                68.812     1.584      1.312        1.312

WITH Statements

COG045   WITH COG040              27.834     0.353      0.353        0.459
COG048   WITH COG043              10.120    -0.313     -0.313       -0.731
COG050   WITH COG040              12.956     0.258      0.258        0.364
COG050   WITH COG045              35.175     0.342      0.342        0.506
COG052   WITH COG043              15.492     0.260      0.260        0.415
COG052   WITH COG046              16.122    -0.272     -0.272       -0.370
COG052   WITH COG048              12.527    -0.310     -0.310       -0.705
COG053   WITH COG043              16.615    -0.338     -0.338       -0.604
COG053   WITH COG048             283.445     0.946      0.946        2.415
COG054   WITH COG052              17.544     0.249      0.249        0.344
COG055   WITH COG052              10.056     0.219      0.219        0.498
COG056   WITH COG048              18.273    -0.362     -0.362       -1.799
COG056   WITH COG049              30.688     0.246      0.246        1.194
COG058   WITH COG053              13.840    -0.244     -0.244       -0.595
COG060   WITH COG056              18.495     0.144      0.144        0.941
COG061   WITH COG048              10.700    -0.304     -0.304       -0.958
COG062   WITH COG046              10.633     0.227      0.227        0.326
COG063   WITH COG061              30.718     0.252      0.252        0.790
COG064   WITH COG045              15.485    -0.325     -0.325       -1.731
COG064   WITH COG050              28.109    -0.491     -0.491       -2.838


TECHNICAL 1 OUTPUT


     PARAMETER SPECIFICATION


           TAU
              COG040$1      COG041$1      COG043$1      COG044$1      COG045$1
              ________      ________      ________      ________      ________
                  1             2             3             4             5


           TAU
              COG046$1      COG048$1      COG049$1      COG050$1      COG051$1
              ________      ________      ________      ________      ________
                  6             7             8             9            10


           TAU
              COG052$1      COG053$1      COG054$1      COG055$1      COG056$1
              ________      ________      ________      ________      ________
                 11            12            13            14            15


           TAU
              COG057$1      COG058$1      COG060$1      COG061$1      COG062$1
              ________      ________      ________      ________      ________
                 16            17            18            19            20


           TAU
              COG063$1      COG064$1      COG066$1
              ________      ________      ________
                 21            22            23


           NU
              COG040        COG041        COG043        COG044        COG045
              ________      ________      ________      ________      ________
                  0             0             0             0             0


           NU
              COG046        COG048        COG049        COG050        COG051
              ________      ________      ________      ________      ________
                  0             0             0             0             0


           NU
              COG052        COG053        COG054        COG055        COG056
              ________      ________      ________      ________      ________
                  0             0             0             0             0


           NU
              COG057        COG058        COG060        COG061        COG062
              ________      ________      ________      ________      ________
                  0             0             0             0             0


           NU
              COG063        COG064        COG066        CBANX
              ________      ________      ________      ________
                  0             0             0             0


           LAMBDA
              WM            GDP           FS            CBANX
              ________      ________      ________      ________
 COG040             0             0             0             0
 COG041             0             0             0             0
 COG043             0            24             0             0
 COG044             0            25             0             0
 COG045            26             0             0             0
 COG046             0            27             0             0
 COG048             0            28             0             0
 COG049             0             0             0             0
 COG050            29             0             0             0
 COG051             0             0            30             0
 COG052             0            31             0             0
 COG053             0            32             0             0
 COG054             0             0            33             0
 COG055             0             0            34             0
 COG056             0             0            35             0
 COG057             0            36             0             0
 COG058             0             0            37             0
 COG060             0             0            38             0
 COG061             0             0            39             0
 COG062             0             0            40             0
 COG063             0             0            41             0
 COG064            42             0             0             0
 COG066             0             0            43             0
 CBANX              0             0             0             0


           THETA
              COG040        COG041        COG043        COG044        COG045
              ________      ________      ________      ________      ________
 COG040             0
 COG041             0             0
 COG043             0             0             0
 COG044             0             0             0             0
 COG045             0             0             0             0             0
 COG046             0             0             0             0             0
 COG048             0             0             0             0             0
 COG049             0             0             0             0             0
 COG050             0             0             0             0             0
 COG051             0             0             0             0             0
 COG052             0             0             0             0             0
 COG053             0             0             0             0             0
 COG054             0             0             0             0             0
 COG055             0             0             0             0             0
 COG056             0             0             0             0             0
 COG057             0             0             0             0             0
 COG058             0             0             0             0             0
 COG060             0             0             0             0             0
 COG061             0             0             0             0             0
 COG062             0             0             0             0             0
 COG063             0             0             0             0             0
 COG064             0             0             0             0             0
 COG066             0             0             0             0             0
 CBANX              0             0             0             0             0


           THETA
              COG046        COG048        COG049        COG050        COG051
              ________      ________      ________      ________      ________
 COG046             0
 COG048             0             0
 COG049             0             0             0
 COG050             0             0             0             0
 COG051             0             0             0             0             0
 COG052             0             0             0             0             0
 COG053             0             0             0             0             0
 COG054             0             0             0             0             0
 COG055             0             0             0             0             0
 COG056             0             0             0             0             0
 COG057             0             0             0             0             0
 COG058             0             0             0             0             0
 COG060             0             0             0             0             0
 COG061             0             0             0             0             0
 COG062             0             0             0             0             0
 COG063             0             0             0             0             0
 COG064             0             0             0             0             0
 COG066             0             0             0             0             0
 CBANX              0             0             0             0             0


           THETA
              COG052        COG053        COG054        COG055        COG056
              ________      ________      ________      ________      ________
 COG052             0
 COG053             0             0
 COG054             0             0             0
 COG055             0             0             0             0
 COG056             0             0             0             0             0
 COG057             0             0             0             0             0
 COG058             0             0             0             0             0
 COG060             0             0             0             0             0
 COG061             0             0             0             0             0
 COG062             0             0             0             0             0
 COG063             0             0             0             0             0
 COG064             0             0             0             0             0
 COG066             0             0             0             0             0
 CBANX              0             0             0             0             0


           THETA
              COG057        COG058        COG060        COG061        COG062
              ________      ________      ________      ________      ________
 COG057             0
 COG058             0             0
 COG060             0             0             0
 COG061             0             0             0             0
 COG062             0             0             0             0             0
 COG063             0             0             0             0             0
 COG064             0             0             0             0             0
 COG066             0             0             0             0             0
 CBANX              0             0             0             0             0


           THETA
              COG063        COG064        COG066        CBANX
              ________      ________      ________      ________
 COG063             0
 COG064             0             0
 COG066             0             0             0
 CBANX              0             0             0             0


           ALPHA
              WM            GDP           FS            CBANX
              ________      ________      ________      ________
                  0             0             0            44


           BETA
              WM            GDP           FS            CBANX
              ________      ________      ________      ________
 WM                 0             0             0             0
 GDP                0             0             0             0
 FS                 0             0             0             0
 CBANX              0             0             0             0


           PSI
              WM            GDP           FS            CBANX
              ________      ________      ________      ________
 WM                45
 GDP               46            47
 FS                48            49            50
 CBANX             51            52            53            54


     STARTING VALUES


           TAU
              COG040$1      COG041$1      COG043$1      COG044$1      COG045$1
              ________      ________      ________      ________      ________
               -1.140        -0.583        -1.065        -1.214        -0.326


           TAU
              COG046$1      COG048$1      COG049$1      COG050$1      COG051$1
              ________      ________      ________      ________      ________
                0.032        -1.236        -1.013        -0.603        -1.173


           TAU
              COG052$1      COG053$1      COG054$1      COG055$1      COG056$1
              ________      ________      ________      ________      ________
               -0.477        -0.428        -0.436        -1.166        -0.148


           TAU
              COG057$1      COG058$1      COG060$1      COG061$1      COG062$1
              ________      ________      ________      ________      ________
                0.900        -0.165         0.284         0.704         1.036


           TAU
              COG063$1      COG064$1      COG066$1
              ________      ________      ________
                1.207         0.717         0.931


           NU
              COG040        COG041        COG043        COG044        COG045
              ________      ________      ________      ________      ________
                0.000         0.000         0.000         0.000         0.000


           NU
              COG046        COG048        COG049        COG050        COG051
              ________      ________      ________      ________      ________
                0.000         0.000         0.000         0.000         0.000


           NU
              COG052        COG053        COG054        COG055        COG056
              ________      ________      ________      ________      ________
                0.000         0.000         0.000         0.000         0.000


           NU
              COG057        COG058        COG060        COG061        COG062
              ________      ________      ________      ________      ________
                0.000         0.000         0.000         0.000         0.000


           NU
              COG063        COG064        COG066        CBANX
              ________      ________      ________      ________
                0.000         0.000         0.000         0.000


           LAMBDA
              WM            GDP           FS            CBANX
              ________      ________      ________      ________
 COG040         1.000         0.000         0.000         0.000
 COG041         0.000         1.000         0.000         0.000
 COG043         0.000         0.875         0.000         0.000
 COG044         0.000         0.782         0.000         0.000
 COG045         1.119         0.000         0.000         0.000
 COG046         0.000         0.625         0.000         0.000
 COG048         0.000         0.941         0.000         0.000
 COG049         0.000         0.000         1.000         0.000
 COG050         1.058         0.000         0.000         0.000
 COG051         0.000         0.000         1.000         0.000
 COG052         0.000         0.887         0.000         0.000
 COG053         0.000         0.862         0.000         0.000
 COG054         0.000         0.000         1.000         0.000
 COG055         0.000         0.000         1.000         0.000
 COG056         0.000         0.000         1.000         0.000
 COG057         0.000         0.483         0.000         0.000
 COG058         0.000         0.000         1.000         0.000
 COG060         0.000         0.000         1.000         0.000
 COG061         0.000         0.000         1.000         0.000
 COG062         0.000         0.000         1.000         0.000
 COG063         0.000         0.000         1.000         0.000
 COG064         0.602         0.000         0.000         0.000
 COG066         0.000         0.000         1.000         0.000
 CBANX          0.000         0.000         0.000         1.000


           THETA
              COG040        COG041        COG043        COG044        COG045
              ________      ________      ________      ________      ________
 COG040         1.000
 COG041         0.000         1.000
 COG043         0.000         0.000         1.000
 COG044         0.000         0.000         0.000         1.000
 COG045         0.000         0.000         0.000         0.000         1.000
 COG046         0.000         0.000         0.000         0.000         0.000
 COG048         0.000         0.000         0.000         0.000         0.000
 COG049         0.000         0.000         0.000         0.000         0.000
 COG050         0.000         0.000         0.000         0.000         0.000
 COG051         0.000         0.000         0.000         0.000         0.000
 COG052         0.000         0.000         0.000         0.000         0.000
 COG053         0.000         0.000         0.000         0.000         0.000
 COG054         0.000         0.000         0.000         0.000         0.000
 COG055         0.000         0.000         0.000         0.000         0.000
 COG056         0.000         0.000         0.000         0.000         0.000
 COG057         0.000         0.000         0.000         0.000         0.000
 COG058         0.000         0.000         0.000         0.000         0.000
 COG060         0.000         0.000         0.000         0.000         0.000
 COG061         0.000         0.000         0.000         0.000         0.000
 COG062         0.000         0.000         0.000         0.000         0.000
 COG063         0.000         0.000         0.000         0.000         0.000
 COG064         0.000         0.000         0.000         0.000         0.000
 COG066         0.000         0.000         0.000         0.000         0.000
 CBANX          0.000         0.000         0.000         0.000         0.000


           THETA
              COG046        COG048        COG049        COG050        COG051
              ________      ________      ________      ________      ________
 COG046         1.000
 COG048         0.000         1.000
 COG049         0.000         0.000         1.000
 COG050         0.000         0.000         0.000         1.000
 COG051         0.000         0.000         0.000         0.000         1.000
 COG052         0.000         0.000         0.000         0.000         0.000
 COG053         0.000         0.000         0.000         0.000         0.000
 COG054         0.000         0.000         0.000         0.000         0.000
 COG055         0.000         0.000         0.000         0.000         0.000
 COG056         0.000         0.000         0.000         0.000         0.000
 COG057         0.000         0.000         0.000         0.000         0.000
 COG058         0.000         0.000         0.000         0.000         0.000
 COG060         0.000         0.000         0.000         0.000         0.000
 COG061         0.000         0.000         0.000         0.000         0.000
 COG062         0.000         0.000         0.000         0.000         0.000
 COG063         0.000         0.000         0.000         0.000         0.000
 COG064         0.000         0.000         0.000         0.000         0.000
 COG066         0.000         0.000         0.000         0.000         0.000
 CBANX          0.000         0.000         0.000         0.000         0.000


           THETA
              COG052        COG053        COG054        COG055        COG056
              ________      ________      ________      ________      ________
 COG052         1.000
 COG053         0.000         1.000
 COG054         0.000         0.000         1.000
 COG055         0.000         0.000         0.000         1.000
 COG056         0.000         0.000         0.000         0.000         1.000
 COG057         0.000         0.000         0.000         0.000         0.000
 COG058         0.000         0.000         0.000         0.000         0.000
 COG060         0.000         0.000         0.000         0.000         0.000
 COG061         0.000         0.000         0.000         0.000         0.000
 COG062         0.000         0.000         0.000         0.000         0.000
 COG063         0.000         0.000         0.000         0.000         0.000
 COG064         0.000         0.000         0.000         0.000         0.000
 COG066         0.000         0.000         0.000         0.000         0.000
 CBANX          0.000         0.000         0.000         0.000         0.000


           THETA
              COG057        COG058        COG060        COG061        COG062
              ________      ________      ________      ________      ________
 COG057         1.000
 COG058         0.000         1.000
 COG060         0.000         0.000         1.000
 COG061         0.000         0.000         0.000         1.000
 COG062         0.000         0.000         0.000         0.000         1.000
 COG063         0.000         0.000         0.000         0.000         0.000
 COG064         0.000         0.000         0.000         0.000         0.000
 COG066         0.000         0.000         0.000         0.000         0.000
 CBANX          0.000         0.000         0.000         0.000         0.000


           THETA
              COG063        COG064        COG066        CBANX
              ________      ________      ________      ________
 COG063         1.000
 COG064         0.000         1.000
 COG066         0.000         0.000         1.000
 CBANX          0.000         0.000         0.000         0.000


           ALPHA
              WM            GDP           FS            CBANX
              ________      ________      ________      ________
                0.000         0.000         0.000         0.000


           BETA
              WM            GDP           FS            CBANX
              ________      ________      ________      ________
 WM             0.000         0.000         0.000         0.000
 GDP            0.000         0.000         0.000         0.000
 FS             0.000         0.000         0.000         0.000
 CBANX          0.000         0.000         0.000         0.000


           PSI
              WM            GDP           FS            CBANX
              ________      ________      ________      ________
 WM             0.050
 GDP            0.000         0.050
 FS             0.000         0.000         0.050
 CBANX          0.000         0.000         0.000         0.500


TECHNICAL 4 OUTPUT


     ESTIMATES DERIVED FROM THE MODEL


           ESTIMATED MEANS FOR THE LATENT VARIABLES
              WM            GDP           FS            CBANX
              ________      ________      ________      ________
                0.000         0.000         0.000         0.000


           ESTIMATED COVARIANCE MATRIX FOR THE LATENT VARIABLES
              WM            GDP           FS            CBANX
              ________      ________      ________      ________
 WM             0.192
 GDP            0.124         0.211
 FS             0.256         0.205         0.686
 CBANX         -0.039        -0.055        -0.057         1.000


           ESTIMATED CORRELATION MATRIX FOR THE LATENT VARIABLES
              WM            GDP           FS            CBANX
              ________      ________      ________      ________
 WM             1.000
 GDP            0.616         1.000
 FS             0.705         0.539         1.000
 CBANX         -0.090        -0.119        -0.069         1.000


     ESTIMATES DERIVED FROM THE MODEL


           S.E. FOR ESTIMATED MEANS FOR THE LATENT VARIABLES
              WM            GDP           FS            CBANX
              ________      ________      ________      ________
                0.000         0.000         0.000         0.049


           EST./S.E. FOR ESTIMATED MEANS FOR THE LATENT VARIABLES
              WM            GDP           FS            CBANX
              ________      ________      ________      ________
                0.000         0.000         0.000         0.000


           TWO-TAILED P-VALUE FOR ESTIMATED MEANS FOR THE LATENT VARIABLES
              WM            GDP           FS            CBANX
              ________      ________      ________      ________
                1.000         1.000         1.000         1.000


           S.E. FOR ESTIMATED COVARIANCE MATRIX FOR THE LATENT VARIABLES
              WM            GDP           FS            CBANX
              ________      ________      ________      ________
 WM             0.056
 GDP            0.027         0.050
 FS             0.044         0.030         0.050
 CBANX          0.022         0.021         0.032         0.049


           EST./S.E. FOR ESTIMATED COVARIANCE MATRIX FOR THE LATENT VARIABLES
              WM            GDP           FS            CBANX
              ________      ________      ________      ________
 WM             3.447
 GDP            4.635         4.270
 FS             5.853         6.901        13.681
 CBANX         -1.828        -2.550        -1.800        20.367


           TWO-TAILED P-VALUE FOR ESTIMATED COVARIANCE MATRIX FOR THE LATENT VARIABLES
              WM            GDP           FS            CBANX
              ________      ________      ________      ________
 WM             0.001
 GDP            0.000         0.000
 FS             0.000         0.000         0.000
 CBANX          0.068         0.011         0.072         0.000


           S.E. FOR ESTIMATED CORRELATION MATRIX FOR THE LATENT VARIABLES
              WM            GDP           FS            CBANX
              ________      ________      ________      ________
 WM             0.000
 GDP            0.050         0.000
 FS             0.041         0.038         0.000
 CBANX          0.046         0.044         0.038         0.000


           EST./S.E. FOR ESTIMATED CORRELATION MATRIX FOR THE LATENT VARIABLES
              WM            GDP           FS            CBANX
              ________      ________      ________      ________
 WM           999.000
 GDP           12.389       999.000
 FS            17.257        14.373       999.000
 CBANX         -1.977        -2.727        -1.814       999.000


           TWO-TAILED P-VALUE FOR ESTIMATED CORRELATION MATRIX FOR THE LATENT VARIABLES
              WM            GDP           FS            CBANX
              ________      ________      ________      ________
 WM             0.000
 GDP            0.000         0.000
 FS             0.000         0.000         0.000
 CBANX          0.048         0.006         0.070         0.000


SAMPLE STATISTICS FOR ESTIMATED FACTOR SCORES


     SAMPLE STATISTICS


           Means
              WM            WM_SE         GDP           GDP_SE        FS
              ________      ________      ________      ________      ________
                0.018         0.230        -0.017         0.258         0.007


           Means
              FS_SE
              ________
                0.282


           Covariances
              WM            WM_SE         GDP           GDP_SE        FS
              ________      ________      ________      ________      ________
 WM             0.121
 WM_SE         -0.010         0.003
 GDP            0.097        -0.006         0.124
 GDP_SE         0.007         0.000         0.010         0.001
 FS             0.219        -0.017         0.180         0.012         0.560
 FS_SE         -0.005         0.002        -0.003         0.000        -0.011


           Covariances
              FS_SE
              ________
 FS_SE          0.003


           Correlations
              WM            WM_SE         GDP           GDP_SE        FS
              ________      ________      ________      ________      ________
 WM             1.000
 WM_SE         -0.544         1.000
 GDP            0.793        -0.333         1.000
 GDP_SE         0.598        -0.140         0.883         1.000
 FS             0.843        -0.419         0.681         0.503         1.000
 FS_SE         -0.265         0.554        -0.139         0.126        -0.274


           Correlations
              FS_SE
              ________
 FS_SE          1.000


SAVEDATA INFORMATION


  Save file
    ../../fscores_structural.dat

  Order and format of variables

    COG040         F10.3
    COG041         F10.3
    COG043         F10.3
    COG044         F10.3
    COG045         F10.3
    COG046         F10.3
    COG048         F10.3
    COG049         F10.3
    COG050         F10.3
    COG051         F10.3
    COG052         F10.3
    COG053         F10.3
    COG054         F10.3
    COG055         F10.3
    COG056         F10.3
    COG057         F10.3
    COG058         F10.3
    COG060         F10.3
    COG061         F10.3
    COG062         F10.3
    COG063         F10.3
    COG064         F10.3
    COG066         F10.3
    CBANX          F10.3
    WM             F10.3
    WM_SE          F10.3
    GDP            F10.3
    GDP_SE         F10.3
    FS             F10.3
    FS_SE          F10.3

  Save file format
    30F10.3

  Save file record length    10000

  Save missing symbol        *


     Beginning Time:  14:45:14
        Ending Time:  14:45:14
       Elapsed Time:  00:00:00



MUTHEN & MUTHEN
3463 Stoner Ave.
Los Angeles, CA  90066

Tel: (310) 391-9971
Fax: (310) 391-8971
Web: www.StatModel.com
Support: Support@StatModel.com

Copyright (c) 1998-2021 Muthen & Muthen
