Mplus VERSION 8.6
MUTHEN & MUTHEN
06/04/2026   2:45 PM

INPUT INSTRUCTIONS

  TITLE:
    Structural model - BayMot outcome ~ WM + GDP + FS
    WLSMV estimator; items treated as categorical (binary)
    Factors: WM, GDP, FS (same measurement model as model_measurement.inp)

  DATA:
    FILE = "../../combined.dat";

  VARIABLE:
    NAMES ARE
      COG034 COG035 COG036 COG037 COG038 COG039 COG040 COG041
      COG042 COG043 COG044 COG045 COG046 COG047 COG048 COG049 COG050
      COG051 COG052 COG053 COG054 COG055 COG056 COG057 COG058
      COG060 COG061 COG062 COG063 COG064 COG065 COG066 COG067 COG068
      GA BirthWt Sex HdCirc IUGR GDiab PrEcl AntCor_P AntCor_C
      MomAge MomEdu DadEdu EthSAsian EthBlack EthMixed EthOther
      MomEng EPDSTot StimEnv PrLax PrOvr PrVrb PrSty
      CBInt CBExt CBTot CBAnx CBWth CBSom CBSlp CBAtt CBAgg
      ECSur ECNeg ECEff BayMot BayLan QchatTot;

    USEVARIABLES ARE
      COG040 COG041
      COG043 COG044 COG045 COG046 COG048 COG049 COG050
      COG051 COG052 COG053 COG054 COG055 COG056 COG057 COG058
      COG060 COG061 COG062 COG063 COG064 COG066
      BayMot;

    CATEGORICAL ARE
      COG040 COG041
      COG043 COG044 COG045 COG046 COG048 COG049 COG050
      COG051 COG052 COG053 COG054 COG055 COG056 COG057 COG058
      COG060 COG061 COG062 COG063 COG064 COG066;

    MISSING ARE ALL (-999);

  DEFINE:
    STANDARDIZE BayMot;

  ANALYSIS:
    ESTIMATOR = WLSMV;

  MODEL:
    ! Factor 1: Working Memory
    WM BY
      COG040 COG045 COG050 COG064;

    ! Factor 2: Goal-Directed Problem Solving
    GDP BY
      COG041 COG043 COG044 COG046
      COG048 COG052 COG053 COG057;

    ! Factor 3: Flexibility / Shift
    FS BY
      COG049 COG051 COG054 COG055 COG056
      COG058 COG060 COG061 COG062 COG063 COG066;

    WM  WITH GDP FS;
    GDP WITH FS;

    BayMot WITH WM GDP FS;

  OUTPUT:
    STANDARDIZED;
    MODINDICES(10);
    RESIDUAL;
    SAMPSTAT;
    TECH1;
    TECH4;
    CINTERVAL;

  SAVEDATA:
    FILE = "../../fscores_structural.dat";
    SAVE = FSCORES;



INPUT READING TERMINATED NORMALLY




Structural model - BayMot outcome ~ WM + GDP + FS
WLSMV estimator; items treated as categorical (binary)
Factors: WM, GDP, FS (same measurement model as model_measurement.inp)

SUMMARY OF ANALYSIS

Number of groups                                                 1
Number of observations                                         739

Number of dependent variables                                   24
Number of independent variables                                  0
Number of continuous latent variables                            3

Observed dependent variables

  Continuous
   BAYMOT

  Binary and ordered categorical (ordinal)
   COG040      COG041      COG043      COG044      COG045      COG046
   COG048      COG049      COG050      COG051      COG052      COG053
   COG054      COG055      COG056      COG057      COG058      COG060
   COG061      COG062      COG063      COG064      COG066

Continuous latent variables
   WM          GDP         FS


Estimator                                                    WLSMV
Maximum number of iterations                                  1000
Convergence criterion                                    0.500D-04
Maximum number of steepest descent iterations                   20
Maximum number of iterations for H1                           2000
Convergence criterion for H1                             0.100D-03
Parameterization                                             DELTA
Link                                                        PROBIT

Input data file(s)
  ../../combined.dat

Input data format  FREE


SUMMARY OF DATA

     Number of missing data patterns             1


COVARIANCE COVERAGE OF DATA

Minimum covariance coverage value   0.100


     PROPORTION OF DATA PRESENT


           Covariance Coverage
              COG040        COG041        COG043        COG044        COG045
              ________      ________      ________      ________      ________
 COG040         1.000
 COG041         1.000         1.000
 COG043         1.000         1.000         1.000
 COG044         1.000         1.000         1.000         1.000
 COG045         1.000         1.000         1.000         1.000         1.000
 COG046         1.000         1.000         1.000         1.000         1.000
 COG048         1.000         1.000         1.000         1.000         1.000
 COG049         1.000         1.000         1.000         1.000         1.000
 COG050         1.000         1.000         1.000         1.000         1.000
 COG051         1.000         1.000         1.000         1.000         1.000
 COG052         1.000         1.000         1.000         1.000         1.000
 COG053         1.000         1.000         1.000         1.000         1.000
 COG054         1.000         1.000         1.000         1.000         1.000
 COG055         1.000         1.000         1.000         1.000         1.000
 COG056         1.000         1.000         1.000         1.000         1.000
 COG057         1.000         1.000         1.000         1.000         1.000
 COG058         1.000         1.000         1.000         1.000         1.000
 COG060         1.000         1.000         1.000         1.000         1.000
 COG061         1.000         1.000         1.000         1.000         1.000
 COG062         1.000         1.000         1.000         1.000         1.000
 COG063         1.000         1.000         1.000         1.000         1.000
 COG064         1.000         1.000         1.000         1.000         1.000
 COG066         1.000         1.000         1.000         1.000         1.000
 BAYMOT         1.000         1.000         1.000         1.000         1.000


           Covariance Coverage
              COG046        COG048        COG049        COG050        COG051
              ________      ________      ________      ________      ________
 COG046         1.000
 COG048         1.000         1.000
 COG049         1.000         1.000         1.000
 COG050         1.000         1.000         1.000         1.000
 COG051         1.000         1.000         1.000         1.000         1.000
 COG052         1.000         1.000         1.000         1.000         1.000
 COG053         1.000         1.000         1.000         1.000         1.000
 COG054         1.000         1.000         1.000         1.000         1.000
 COG055         1.000         1.000         1.000         1.000         1.000
 COG056         1.000         1.000         1.000         1.000         1.000
 COG057         1.000         1.000         1.000         1.000         1.000
 COG058         1.000         1.000         1.000         1.000         1.000
 COG060         1.000         1.000         1.000         1.000         1.000
 COG061         1.000         1.000         1.000         1.000         1.000
 COG062         1.000         1.000         1.000         1.000         1.000
 COG063         1.000         1.000         1.000         1.000         1.000
 COG064         1.000         1.000         1.000         1.000         1.000
 COG066         1.000         1.000         1.000         1.000         1.000
 BAYMOT         1.000         1.000         1.000         1.000         1.000


           Covariance Coverage
              COG052        COG053        COG054        COG055        COG056
              ________      ________      ________      ________      ________
 COG052         1.000
 COG053         1.000         1.000
 COG054         1.000         1.000         1.000
 COG055         1.000         1.000         1.000         1.000
 COG056         1.000         1.000         1.000         1.000         1.000
 COG057         1.000         1.000         1.000         1.000         1.000
 COG058         1.000         1.000         1.000         1.000         1.000
 COG060         1.000         1.000         1.000         1.000         1.000
 COG061         1.000         1.000         1.000         1.000         1.000
 COG062         1.000         1.000         1.000         1.000         1.000
 COG063         1.000         1.000         1.000         1.000         1.000
 COG064         1.000         1.000         1.000         1.000         1.000
 COG066         1.000         1.000         1.000         1.000         1.000
 BAYMOT         1.000         1.000         1.000         1.000         1.000


           Covariance Coverage
              COG057        COG058        COG060        COG061        COG062
              ________      ________      ________      ________      ________
 COG057         1.000
 COG058         1.000         1.000
 COG060         1.000         1.000         1.000
 COG061         1.000         1.000         1.000         1.000
 COG062         1.000         1.000         1.000         1.000         1.000
 COG063         1.000         1.000         1.000         1.000         1.000
 COG064         1.000         1.000         1.000         1.000         1.000
 COG066         1.000         1.000         1.000         1.000         1.000
 BAYMOT         1.000         1.000         1.000         1.000         1.000


           Covariance Coverage
              COG063        COG064        COG066        BAYMOT
              ________      ________      ________      ________
 COG063         1.000
 COG064         1.000         1.000
 COG066         1.000         1.000         1.000
 BAYMOT         1.000         1.000         1.000         1.000


UNIVARIATE PROPORTIONS AND COUNTS FOR CATEGORICAL VARIABLES

    COG040
      Category 1    0.127           94.000
      Category 2    0.873          645.000
    COG041
      Category 1    0.280          207.000
      Category 2    0.720          532.000
    COG043
      Category 1    0.143          106.000
      Category 2    0.857          633.000
    COG044
      Category 1    0.112           83.000
      Category 2    0.888          656.000
    COG045
      Category 1    0.372          275.000
      Category 2    0.628          464.000
    COG046
      Category 1    0.513          379.000
      Category 2    0.487          360.000
    COG048
      Category 1    0.108           80.000
      Category 2    0.892          659.000
    COG049
      Category 1    0.156          115.000
      Category 2    0.844          624.000
    COG050
      Category 1    0.273          202.000
      Category 2    0.727          537.000
    COG051
      Category 1    0.120           89.000
      Category 2    0.880          650.000
    COG052
      Category 1    0.317          234.000
      Category 2    0.683          505.000
    COG053
      Category 1    0.334          247.000
      Category 2    0.666          492.000
    COG054
      Category 1    0.332          245.000
      Category 2    0.668          494.000
    COG055
      Category 1    0.122           90.000
      Category 2    0.878          649.000
    COG056
      Category 1    0.441          326.000
      Category 2    0.559          413.000
    COG057
      Category 1    0.816          603.000
      Category 2    0.184          136.000
    COG058
      Category 1    0.434          321.000
      Category 2    0.566          418.000
    COG060
      Category 1    0.612          452.000
      Category 2    0.388          287.000
    COG061
      Category 1    0.759          561.000
      Category 2    0.241          178.000
    COG062
      Category 1    0.850          628.000
      Category 2    0.150          111.000
    COG063
      Category 1    0.886          655.000
      Category 2    0.114           84.000
    COG064
      Category 1    0.763          564.000
      Category 2    0.237          175.000
    COG066
      Category 1    0.824          609.000
      Category 2    0.176          130.000


SAMPLE STATISTICS


     ESTIMATED SAMPLE STATISTICS


           MEANS/INTERCEPTS/THRESHOLDS
              COG040$1      COG041$1      COG043$1      COG044$1      COG045$1
              ________      ________      ________      ________      ________
               -1.140        -0.583        -1.065        -1.214        -0.326


           MEANS/INTERCEPTS/THRESHOLDS
              COG046$1      COG048$1      COG049$1      COG050$1      COG051$1
              ________      ________      ________      ________      ________
                0.032        -1.236        -1.013        -0.603        -1.173


           MEANS/INTERCEPTS/THRESHOLDS
              COG052$1      COG053$1      COG054$1      COG055$1      COG056$1
              ________      ________      ________      ________      ________
               -0.477        -0.428        -0.436        -1.166        -0.148


           MEANS/INTERCEPTS/THRESHOLDS
              COG057$1      COG058$1      COG060$1      COG061$1      COG062$1
              ________      ________      ________      ________      ________
                0.900        -0.165         0.284         0.704         1.036


           MEANS/INTERCEPTS/THRESHOLDS
              COG063$1      COG064$1      COG066$1      BAYMOT
              ________      ________      ________      ________
                1.207         0.717         0.931         0.000


           CORRELATION MATRIX (WITH VARIANCES ON THE DIAGONAL)
              COG040        COG041        COG043        COG044        COG045
              ________      ________      ________      ________      ________
 COG040
 COG041         0.088
 COG043         0.095         0.221
 COG044         0.340         0.318         0.291
 COG045         0.534         0.217         0.265         0.304
 COG046         0.193         0.179         0.160         0.241         0.214
 COG048         0.123         0.213         0.261         0.357         0.154
 COG049         0.307         0.188         0.310         0.301         0.315
 COG050         0.487         0.247         0.310         0.330         0.573
 COG051         0.265         0.293         0.283         0.339         0.335
 COG052         0.128         0.202         0.572         0.272         0.206
 COG053         0.080         0.160         0.152         0.329         0.231
 COG054         0.169         0.166         0.320         0.230         0.192
 COG055         0.187         0.319         0.438         0.334         0.262
 COG056         0.235         0.168         0.286         0.324         0.247
 COG057         0.084         0.315         0.107         0.063         0.104
 COG058         0.133         0.192         0.267         0.246         0.238
 COG060         0.202         0.249         0.351         0.322         0.297
 COG061         0.056         0.256         0.402         0.228         0.155
 COG062         0.230         0.351         0.447         0.230         0.314
 COG063         0.180         0.322         0.264         0.244         0.179
 COG064         0.325         0.276         0.396         0.313         0.300
 COG066         0.151         0.333         0.398         0.372         0.235
 BAYMOT         0.259         0.149         0.350         0.244         0.240


           CORRELATION MATRIX (WITH VARIANCES ON THE DIAGONAL)
              COG046        COG048        COG049        COG050        COG051
              ________      ________      ________      ________      ________
 COG048         0.221
 COG049         0.229         0.204
 COG050         0.126         0.262         0.400
 COG051         0.228         0.354         0.686         0.402
 COG052         0.000         0.242         0.277         0.273         0.343
 COG053         0.133         0.909         0.188         0.242         0.266
 COG054         0.087         0.218         0.249         0.289         0.335
 COG055         0.269         0.326         0.628         0.411         0.713
 COG056         0.229         0.086         0.904         0.311         0.723
 COG057         0.124         0.174         0.272         0.113         0.245
 COG058         0.226         0.151         0.564         0.276         0.897
 COG060         0.256         0.178         0.711         0.352         0.682
 COG061         0.284         0.079         0.489         0.317         0.534
 COG062         0.361         0.137         0.469         0.253         0.466
 COG063         0.302         0.129         0.550         0.371         0.397
 COG064         0.248         0.371         0.423         0.323         0.483
 COG066         0.386         0.230         0.697         0.302         0.652
 BAYMOT         0.132         0.235         0.353         0.352         0.408


           CORRELATION MATRIX (WITH VARIANCES ON THE DIAGONAL)
              COG052        COG053        COG054        COG055        COG056
              ________      ________      ________      ________      ________
 COG053         0.260
 COG054         0.380         0.211
 COG055         0.474         0.307         0.405
 COG056         0.281         0.168         0.223         0.688
 COG057         0.210         0.136         0.252         0.460         0.249
 COG058         0.231         0.082         0.310         0.732         0.791
 COG060         0.320         0.156         0.345         0.619         0.899
 COG061         0.354         0.140         0.340         0.662         0.641
 COG062         0.284         0.167         0.198         0.624         0.461
 COG063         0.347         0.206         0.293         0.572         0.650
 COG064         0.372         0.362         0.440         0.658         0.633
 COG066         0.320         0.201         0.431         0.654         0.805
 BAYMOT         0.193         0.296         0.293         0.555         0.294


           CORRELATION MATRIX (WITH VARIANCES ON THE DIAGONAL)
              COG057        COG058        COG060        COG061        COG062
              ________      ________      ________      ________      ________
 COG058         0.332
 COG060         0.332         0.800
 COG061         0.392         0.609         0.647
 COG062         0.280         0.503         0.504         0.563
 COG063         0.344         0.644         0.701         0.838         0.536
 COG064         0.337         0.590         0.636         0.615         0.521
 COG066         0.328         0.886         0.838         0.822         0.680
 BAYMOT         0.184         0.335         0.300         0.205         0.216


           CORRELATION MATRIX (WITH VARIANCES ON THE DIAGONAL)
              COG063        COG064        COG066        BAYMOT
              ________      ________      ________      ________
 COG064         0.620
 COG066         0.754         0.757
 BAYMOT         0.224         0.326         0.254         1.000


UNIVARIATE SAMPLE STATISTICS


     UNIVARIATE HIGHER-ORDER MOMENT DESCRIPTIVE STATISTICS

         Variable/         Mean/     Skewness/   Minimum/ % with                Percentiles
        Sample Size      Variance    Kurtosis    Maximum  Min/Max      20%/60%    40%/80%    Median

     BAYMOT                0.000      -0.663      -4.920    0.14%      -0.751     -0.155      0.143
             739.000       1.000       1.495       3.121    0.14%       0.143      0.838


     THIS ANALYSIS MAY HAVE MULTIPLE SOLUTIONS.  EXPLORE THIS USING RANDOM STARTS,
     FOR EXAMPLE, STARTS = 20.  USE A LARGE ENOUGH NUMBER OF STARTS SO THAT THE
     BEST FIT FUNCTION VALUE IS REPLICATED SEVERAL TIMES.


THE MODEL ESTIMATION TERMINATED NORMALLY



MODEL FIT INFORMATION

Number of Free Parameters                       54

Chi-Square Test of Model Fit

          Value                            904.306*
          Degrees of Freedom                   247
          P-Value                           0.0000

*   The chi-square value for MLM, MLMV, MLR, ULSMV, WLSM and WLSMV cannot be used
    for chi-square difference testing in the regular way.  MLM, MLR and WLSM
    chi-square difference testing is described on the Mplus website.  MLMV, WLSMV,
    and ULSMV difference testing is done using the DIFFTEST option.

RMSEA (Root Mean Square Error Of Approximation)

          Estimate                           0.060
          90 Percent C.I.                    0.056  0.064
          Probability RMSEA <= .05           0.000

CFI/TLI

          CFI                                0.923
          TLI                                0.914

Chi-Square Test of Model Fit for the Baseline Model

          Value                           8851.737
          Degrees of Freedom                   276
          P-Value                           0.0000

SRMR (Standardized Root Mean Square Residual)

          Value                              0.106

Optimum Function Value for Weighted Least-Squares Estimator

          Value                     0.62248618D+00



MODEL RESULTS

                                                    Two-Tailed
                    Estimate       S.E.  Est./S.E.    P-Value

 WM       BY
    COG040             1.000      0.000    999.000    999.000
    COG045             1.165      0.179      6.508      0.000
    COG050             1.405      0.216      6.501      0.000
    COG064             2.164      0.340      6.374      0.000

 GDP      BY
    COG041             1.000      0.000    999.000    999.000
    COG043             1.407      0.212      6.628      0.000
    COG044             1.269      0.198      6.422      0.000
    COG046             0.888      0.154      5.763      0.000
    COG048             1.793      0.245      7.306      0.000
    COG052             1.291      0.180      7.162      0.000
    COG053             1.536      0.208      7.374      0.000
    COG057             1.058      0.178      5.960      0.000

 FS       BY
    COG049             1.000      0.000    999.000    999.000
    COG051             0.973      0.056     17.505      0.000
    COG054             0.536      0.055      9.735      0.000
    COG055             1.049      0.053     19.904      0.000
    COG056             1.119      0.046     24.424      0.000
    COG058             0.989      0.043     22.914      0.000
    COG060             1.097      0.043     25.278      0.000
    COG061             0.978      0.047     20.754      0.000
    COG062             0.781      0.059     13.263      0.000
    COG063             1.004      0.054     18.772      0.000
    COG066             1.148      0.050     23.090      0.000

 WM       WITH
    GDP                0.125      0.027      4.682      0.000
    FS                 0.260      0.043      6.023      0.000
    BAYMOT             0.197      0.036      5.414      0.000

 GDP      WITH
    FS                 0.204      0.030      6.816      0.000
    BAYMOT             0.176      0.028      6.353      0.000

 BAYMOT   WITH
    FS                 0.339      0.033     10.299      0.000

 Means
    BAYMOT             0.000      0.039      0.000      1.000

 Thresholds
    COG040$1          -1.140      0.059    -19.376      0.000
    COG041$1          -0.583      0.049    -11.873      0.000
    COG043$1          -1.065      0.057    -18.689      0.000
    COG044$1          -1.214      0.061    -19.954      0.000
    COG045$1          -0.326      0.047     -6.940      0.000
    COG046$1           0.032      0.046      0.699      0.485
    COG048$1          -1.236      0.061    -20.100      0.000
    COG049$1          -1.013      0.056    -18.143      0.000
    COG050$1          -0.603      0.049    -12.231      0.000
    COG051$1          -1.173      0.060    -19.646      0.000
    COG052$1          -0.477      0.048     -9.927      0.000
    COG053$1          -0.428      0.048     -8.983      0.000
    COG054$1          -0.436      0.048     -9.128      0.000
    COG055$1          -1.166      0.060    -19.593      0.000
    COG056$1          -0.148      0.046     -3.199      0.001
    COG057$1           0.900      0.054     16.800      0.000
    COG058$1          -0.165      0.046     -3.567      0.000
    COG060$1           0.284      0.047      6.062      0.000
    COG061$1           0.704      0.050     13.931      0.000
    COG062$1           1.036      0.056     18.388      0.000
    COG063$1           1.207      0.061     19.904      0.000
    COG064$1           0.717      0.051     14.141      0.000
    COG066$1           0.931      0.054     17.192      0.000

 Variances
    BAYMOT             1.000      0.042     23.758      0.000
    WM                 0.198      0.056      3.543      0.000
    GDP                0.209      0.050      4.197      0.000
    FS                 0.685      0.050     13.630      0.000


QUALITY OF NUMERICAL RESULTS

     Condition Number for the Information Matrix              0.614E-03
       (ratio of smallest to largest eigenvalue)


STANDARDIZED MODEL RESULTS


STDYX Standardization

                                                    Two-Tailed
                    Estimate       S.E.  Est./S.E.    P-Value

 WM       BY
    COG040             0.445      0.063      7.085      0.000
    COG045             0.519      0.044     11.711      0.000
    COG050             0.625      0.045     14.030      0.000
    COG064             0.963      0.049     19.714      0.000

 GDP      BY
    COG041             0.457      0.054      8.394      0.000
    COG043             0.643      0.062     10.444      0.000
    COG044             0.580      0.066      8.816      0.000
    COG046             0.406      0.052      7.813      0.000
    COG048             0.820      0.051     15.993      0.000
    COG052             0.590      0.046     12.839      0.000
    COG053             0.702      0.038     18.524      0.000
    COG057             0.484      0.061      7.915      0.000

 FS       BY
    COG049             0.828      0.030     27.260      0.000
    COG051             0.806      0.041     19.793      0.000
    COG054             0.443      0.043     10.220      0.000
    COG055             0.868      0.036     24.038      0.000
    COG056             0.926      0.015     61.720      0.000
    COG058             0.819      0.022     37.411      0.000
    COG060             0.907      0.015     59.565      0.000
    COG061             0.810      0.026     31.681      0.000
    COG062             0.647      0.042     15.491      0.000
    COG063             0.831      0.031     26.837      0.000
    COG066             0.950      0.019     49.640      0.000

 WM       WITH
    GDP                0.617      0.050     12.429      0.000
    FS                 0.707      0.040     17.481      0.000
    BAYMOT             0.444      0.044     10.093      0.000

 GDP      WITH
    FS                 0.540      0.037     14.422      0.000
    BAYMOT             0.385      0.037     10.482      0.000

 BAYMOT   WITH
    FS                 0.409      0.031     13.010      0.000

 Means
    BAYMOT             0.000      0.039      0.000      1.000

 Thresholds
    COG040$1          -1.140      0.059    -19.376      0.000
    COG041$1          -0.583      0.049    -11.873      0.000
    COG043$1          -1.065      0.057    -18.689      0.000
    COG044$1          -1.214      0.061    -19.954      0.000
    COG045$1          -0.326      0.047     -6.940      0.000
    COG046$1           0.032      0.046      0.699      0.485
    COG048$1          -1.236      0.061    -20.100      0.000
    COG049$1          -1.013      0.056    -18.143      0.000
    COG050$1          -0.603      0.049    -12.231      0.000
    COG051$1          -1.173      0.060    -19.646      0.000
    COG052$1          -0.477      0.048     -9.927      0.000
    COG053$1          -0.428      0.048     -8.983      0.000
    COG054$1          -0.436      0.048     -9.128      0.000
    COG055$1          -1.166      0.060    -19.593      0.000
    COG056$1          -0.148      0.046     -3.199      0.001
    COG057$1           0.900      0.054     16.800      0.000
    COG058$1          -0.165      0.046     -3.567      0.000
    COG060$1           0.284      0.047      6.062      0.000
    COG061$1           0.704      0.050     13.931      0.000
    COG062$1           1.036      0.056     18.388      0.000
    COG063$1           1.207      0.061     19.904      0.000
    COG064$1           0.717      0.051     14.141      0.000
    COG066$1           0.931      0.054     17.192      0.000

 Variances
    BAYMOT             1.000      0.000    999.000    999.000
    WM                 1.000      0.000    999.000    999.000
    GDP                1.000      0.000    999.000    999.000
    FS                 1.000      0.000    999.000    999.000


STDY Standardization

                                                    Two-Tailed
                    Estimate       S.E.  Est./S.E.    P-Value

 WM       BY
    COG040             0.445      0.063      7.085      0.000
    COG045             0.519      0.044     11.711      0.000
    COG050             0.625      0.045     14.030      0.000
    COG064             0.963      0.049     19.714      0.000

 GDP      BY
    COG041             0.457      0.054      8.394      0.000
    COG043             0.643      0.062     10.444      0.000
    COG044             0.580      0.066      8.816      0.000
    COG046             0.406      0.052      7.813      0.000
    COG048             0.820      0.051     15.993      0.000
    COG052             0.590      0.046     12.839      0.000
    COG053             0.702      0.038     18.524      0.000
    COG057             0.484      0.061      7.915      0.000

 FS       BY
    COG049             0.828      0.030     27.260      0.000
    COG051             0.806      0.041     19.793      0.000
    COG054             0.443      0.043     10.220      0.000
    COG055             0.868      0.036     24.038      0.000
    COG056             0.926      0.015     61.720      0.000
    COG058             0.819      0.022     37.411      0.000
    COG060             0.907      0.015     59.565      0.000
    COG061             0.810      0.026     31.681      0.000
    COG062             0.647      0.042     15.491      0.000
    COG063             0.831      0.031     26.837      0.000
    COG066             0.950      0.019     49.640      0.000

 WM       WITH
    GDP                0.617      0.050     12.429      0.000
    FS                 0.707      0.040     17.481      0.000
    BAYMOT             0.444      0.044     10.093      0.000

 GDP      WITH
    FS                 0.540      0.037     14.422      0.000
    BAYMOT             0.385      0.037     10.482      0.000

 BAYMOT   WITH
    FS                 0.409      0.031     13.010      0.000

 Means
    BAYMOT             0.000      0.039      0.000      1.000

 Thresholds
    COG040$1          -1.140      0.059    -19.376      0.000
    COG041$1          -0.583      0.049    -11.873      0.000
    COG043$1          -1.065      0.057    -18.689      0.000
    COG044$1          -1.214      0.061    -19.954      0.000
    COG045$1          -0.326      0.047     -6.940      0.000
    COG046$1           0.032      0.046      0.699      0.485
    COG048$1          -1.236      0.061    -20.100      0.000
    COG049$1          -1.013      0.056    -18.143      0.000
    COG050$1          -0.603      0.049    -12.231      0.000
    COG051$1          -1.173      0.060    -19.646      0.000
    COG052$1          -0.477      0.048     -9.927      0.000
    COG053$1          -0.428      0.048     -8.983      0.000
    COG054$1          -0.436      0.048     -9.128      0.000
    COG055$1          -1.166      0.060    -19.593      0.000
    COG056$1          -0.148      0.046     -3.199      0.001
    COG057$1           0.900      0.054     16.800      0.000
    COG058$1          -0.165      0.046     -3.567      0.000
    COG060$1           0.284      0.047      6.062      0.000
    COG061$1           0.704      0.050     13.931      0.000
    COG062$1           1.036      0.056     18.388      0.000
    COG063$1           1.207      0.061     19.904      0.000
    COG064$1           0.717      0.051     14.141      0.000
    COG066$1           0.931      0.054     17.192      0.000

 Variances
    BAYMOT             1.000      0.000    999.000    999.000
    WM                 1.000      0.000    999.000    999.000
    GDP                1.000      0.000    999.000    999.000
    FS                 1.000      0.000    999.000    999.000


STD Standardization

                                                    Two-Tailed
                    Estimate       S.E.  Est./S.E.    P-Value

 WM       BY
    COG040             0.445      0.063      7.085      0.000
    COG045             0.519      0.044     11.711      0.000
    COG050             0.625      0.045     14.030      0.000
    COG064             0.963      0.049     19.714      0.000

 GDP      BY
    COG041             0.457      0.054      8.394      0.000
    COG043             0.643      0.062     10.444      0.000
    COG044             0.580      0.066      8.816      0.000
    COG046             0.406      0.052      7.813      0.000
    COG048             0.820      0.051     15.993      0.000
    COG052             0.590      0.046     12.839      0.000
    COG053             0.702      0.038     18.524      0.000
    COG057             0.484      0.061      7.915      0.000

 FS       BY
    COG049             0.828      0.030     27.260      0.000
    COG051             0.806      0.041     19.793      0.000
    COG054             0.443      0.043     10.220      0.000
    COG055             0.868      0.036     24.038      0.000
    COG056             0.926      0.015     61.720      0.000
    COG058             0.819      0.022     37.411      0.000
    COG060             0.907      0.015     59.565      0.000
    COG061             0.810      0.026     31.681      0.000
    COG062             0.647      0.042     15.491      0.000
    COG063             0.831      0.031     26.837      0.000
    COG066             0.950      0.019     49.640      0.000

 WM       WITH
    GDP                0.617      0.050     12.429      0.000
    FS                 0.707      0.040     17.481      0.000
    BAYMOT             0.444      0.047      9.527      0.000

 GDP      WITH
    FS                 0.540      0.037     14.422      0.000
    BAYMOT             0.385      0.039      9.909      0.000

 BAYMOT   WITH
    FS                 0.409      0.034     11.931      0.000

 Means
    BAYMOT             0.000      0.039      0.000      1.000

 Thresholds
    COG040$1          -1.140      0.059    -19.376      0.000
    COG041$1          -0.583      0.049    -11.873      0.000
    COG043$1          -1.065      0.057    -18.689      0.000
    COG044$1          -1.214      0.061    -19.954      0.000
    COG045$1          -0.326      0.047     -6.940      0.000
    COG046$1           0.032      0.046      0.699      0.485
    COG048$1          -1.236      0.061    -20.100      0.000
    COG049$1          -1.013      0.056    -18.143      0.000
    COG050$1          -0.603      0.049    -12.231      0.000
    COG051$1          -1.173      0.060    -19.646      0.000
    COG052$1          -0.477      0.048     -9.927      0.000
    COG053$1          -0.428      0.048     -8.983      0.000
    COG054$1          -0.436      0.048     -9.128      0.000
    COG055$1          -1.166      0.060    -19.593      0.000
    COG056$1          -0.148      0.046     -3.199      0.001
    COG057$1           0.900      0.054     16.800      0.000
    COG058$1          -0.165      0.046     -3.567      0.000
    COG060$1           0.284      0.047      6.062      0.000
    COG061$1           0.704      0.050     13.931      0.000
    COG062$1           1.036      0.056     18.388      0.000
    COG063$1           1.207      0.061     19.904      0.000
    COG064$1           0.717      0.051     14.141      0.000
    COG066$1           0.931      0.054     17.192      0.000

 Variances
    BAYMOT             1.000      0.042     23.758      0.000
    WM                 1.000      0.000    999.000    999.000
    GDP                1.000      0.000    999.000    999.000
    FS                 1.000      0.000    999.000    999.000


R-SQUARE

    Observed                                        Two-Tailed   Residual
    Variable        Estimate       S.E.  Est./S.E.    P-Value    Variance

    COG040             0.198      0.056      3.543      0.000      0.802
    COG041             0.209      0.050      4.197      0.000      0.791
    COG043             0.414      0.079      5.222      0.000      0.586
    COG044             0.336      0.076      4.408      0.000      0.664
    COG045             0.269      0.046      5.855      0.000      0.731
    COG046             0.165      0.042      3.907      0.000      0.835
    COG048             0.672      0.084      7.997      0.000      0.328
    COG049             0.685      0.050     13.630      0.000      0.315
    COG050             0.391      0.056      7.015      0.000      0.609
    COG051             0.649      0.066      9.896      0.000      0.351
    COG052             0.348      0.054      6.419      0.000      0.652
    COG053             0.493      0.053      9.262      0.000      0.507
    COG054             0.197      0.038      5.110      0.000      0.803
    COG055             0.754      0.063     12.019      0.000      0.246
    COG056             0.857      0.028     30.860      0.000      0.143
    COG057             0.234      0.059      3.958      0.000      0.766
    COG058             0.670      0.036     18.705      0.000      0.330
    COG060             0.824      0.028     29.782      0.000      0.176
    COG061             0.656      0.041     15.840      0.000      0.344
    COG062             0.418      0.054      7.745      0.000      0.582
    COG063             0.691      0.051     13.418      0.000      0.309
    COG064             0.928      0.094      9.857      0.000      0.072
    COG066             0.903      0.036     24.820      0.000      0.097


CONFIDENCE INTERVALS OF MODEL RESULTS

                  Lower .5%  Lower 2.5%    Lower 5%    Estimate    Upper 5%  Upper 2.5%   Upper .5%

 WM       BY
    COG040           1.000       1.000       1.000       1.000       1.000       1.000       1.000
    COG045           0.704       0.814       0.871       1.165       1.460       1.516       1.627
    COG050           0.848       0.981       1.049       1.405       1.760       1.828       1.962
    COG064           1.290       1.499       1.606       2.164       2.722       2.829       3.038

 GDP      BY
    COG041           1.000       1.000       1.000       1.000       1.000       1.000       1.000
    COG043           0.860       0.991       1.058       1.407       1.756       1.823       1.954
    COG044           0.760       0.881       0.944       1.269       1.594       1.656       1.777
    COG046           0.491       0.586       0.634       0.888       1.141       1.190       1.285
    COG048           1.161       1.312       1.389       1.793       2.196       2.274       2.425
    COG052           0.827       0.938       0.994       1.291       1.587       1.644       1.755
    COG053           0.999       1.127       1.193       1.536       1.878       1.944       2.072
    COG057           0.601       0.710       0.766       1.058       1.350       1.406       1.516

 FS       BY
    COG049           1.000       1.000       1.000       1.000       1.000       1.000       1.000
    COG051           0.830       0.864       0.882       0.973       1.065       1.082       1.117
    COG054           0.394       0.428       0.445       0.536       0.626       0.644       0.678
    COG055           0.913       0.946       0.962       1.049       1.136       1.152       1.185
    COG056           1.001       1.029       1.044       1.119       1.194       1.209       1.237
    COG058           0.878       0.905       0.918       0.989       1.060       1.074       1.100
    COG060           0.985       1.012       1.025       1.097       1.168       1.182       1.208
    COG061           0.857       0.886       0.901       0.978       1.056       1.071       1.100
    COG062           0.630       0.666       0.684       0.781       0.878       0.897       0.933
    COG063           0.867       0.900       0.916       1.004       1.093       1.109       1.142
    COG066           1.020       1.051       1.066       1.148       1.230       1.246       1.276

 WM       WITH
    GDP              0.056       0.073       0.081       0.125       0.170       0.178       0.195
    FS               0.149       0.176       0.189       0.260       0.332       0.345       0.372
    BAYMOT           0.104       0.126       0.137       0.197       0.257       0.269       0.291

 GDP      WITH
    FS               0.127       0.145       0.155       0.204       0.253       0.263       0.281
    BAYMOT           0.105       0.122       0.130       0.176       0.221       0.230       0.247

 BAYMOT   WITH
    FS               0.254       0.274       0.285       0.339       0.393       0.403       0.423

 Means
    BAYMOT          -0.101      -0.077      -0.065       0.000       0.065       0.077       0.101

 Thresholds
    COG040$1        -1.291      -1.255      -1.236      -1.140      -1.043      -1.024      -0.988
    COG041$1        -0.709      -0.679      -0.663      -0.583      -0.502      -0.486      -0.456
    COG043$1        -1.212      -1.177      -1.159      -1.065      -0.971      -0.953      -0.918
    COG044$1        -1.371      -1.334      -1.314      -1.214      -1.114      -1.095      -1.058
    COG045$1        -0.447      -0.418      -0.404      -0.326      -0.249      -0.234      -0.205
    COG046$1        -0.087      -0.058      -0.044       0.032       0.108       0.123       0.151
    COG048$1        -1.394      -1.356      -1.337      -1.236      -1.135      -1.115      -1.077
    COG049$1        -1.156      -1.122      -1.104      -1.013      -0.921      -0.903      -0.869
    COG050$1        -0.730      -0.699      -0.684      -0.603      -0.522      -0.506      -0.476
    COG051$1        -1.327      -1.290      -1.271      -1.173      -1.075      -1.056      -1.019
    COG052$1        -0.601      -0.571      -0.556      -0.477      -0.398      -0.383      -0.353
    COG053$1        -0.551      -0.522      -0.507      -0.428      -0.350      -0.335      -0.305
    COG054$1        -0.559      -0.529      -0.514      -0.436      -0.357      -0.342      -0.313
    COG055$1        -1.319      -1.283      -1.264      -1.166      -1.068      -1.049      -1.013
    COG056$1        -0.267      -0.239      -0.224      -0.148      -0.072      -0.057      -0.029
    COG057$1         0.762       0.795       0.812       0.900       0.988       1.005       1.038
    COG058$1        -0.285      -0.256      -0.241      -0.165      -0.089      -0.074      -0.046
    COG060$1         0.163       0.192       0.207       0.284       0.361       0.375       0.404
    COG061$1         0.573       0.605       0.620       0.704       0.787       0.802       0.834
    COG062$1         0.891       0.925       0.943       1.036       1.128       1.146       1.181
    COG063$1         1.051       1.088       1.107       1.207       1.307       1.326       1.363
    COG064$1         0.586       0.617       0.633       0.717       0.800       0.816       0.847
    COG066$1         0.792       0.825       0.842       0.931       1.020       1.037       1.071

 Variances
    BAYMOT           0.892       0.918       0.931       1.000       1.069       1.083       1.108
    WM               0.054       0.088       0.106       0.198       0.290       0.308       0.342
    GDP              0.081       0.111       0.127       0.209       0.291       0.307       0.337
    FS               0.555       0.586       0.602       0.685       0.768       0.783       0.814


CONFIDENCE INTERVALS OF STANDARDIZED MODEL RESULTS


STDYX Standardization

                  Lower .5%  Lower 2.5%    Lower 5%    Estimate    Upper 5%  Upper 2.5%   Upper .5%

 WM       BY
    COG040           0.283       0.322       0.342       0.445       0.548       0.568       0.607
    COG045           0.405       0.432       0.446       0.519       0.591       0.605       0.633
    COG050           0.510       0.538       0.552       0.625       0.699       0.713       0.740
    COG064           0.837       0.867       0.883       0.963       1.043       1.059       1.089

 GDP      BY
    COG041           0.317       0.350       0.368       0.457       0.547       0.564       0.598
    COG043           0.485       0.523       0.542       0.643       0.745       0.764       0.802
    COG044           0.411       0.451       0.472       0.580       0.688       0.709       0.750
    COG046           0.272       0.304       0.320       0.406       0.491       0.508       0.540
    COG048           0.688       0.719       0.735       0.820       0.904       0.920       0.952
    COG052           0.472       0.500       0.515       0.590       0.666       0.680       0.709
    COG053           0.605       0.628       0.640       0.702       0.765       0.776       0.800
    COG057           0.326       0.364       0.383       0.484       0.585       0.604       0.641

 FS       BY
    COG049           0.749       0.768       0.778       0.828       0.878       0.887       0.906
    COG051           0.701       0.726       0.739       0.806       0.872       0.885       0.910
    COG054           0.332       0.358       0.372       0.443       0.515       0.529       0.555
    COG055           0.775       0.797       0.809       0.868       0.928       0.939       0.961
    COG056           0.887       0.897       0.901       0.926       0.951       0.955       0.965
    COG058           0.762       0.776       0.783       0.819       0.855       0.862       0.875
    COG060           0.868       0.878       0.882       0.907       0.933       0.937       0.947
    COG061           0.744       0.760       0.768       0.810       0.852       0.860       0.876
    COG062           0.539       0.565       0.578       0.647       0.715       0.728       0.754
    COG063           0.751       0.771       0.780       0.831       0.882       0.892       0.911
    COG066           0.901       0.913       0.919       0.950       0.982       0.988       0.999

 WM       WITH
    GDP              0.489       0.519       0.535       0.617       0.698       0.714       0.744
    FS               0.603       0.628       0.641       0.707       0.774       0.786       0.811
    BAYMOT           0.330       0.358       0.371       0.444       0.516       0.530       0.557

 GDP      WITH
    FS               0.443       0.466       0.478       0.540       0.601       0.613       0.636
    BAYMOT           0.290       0.313       0.324       0.385       0.445       0.457       0.479

 BAYMOT   WITH
    FS               0.328       0.347       0.357       0.409       0.461       0.471       0.490

 Means
    BAYMOT          -0.101      -0.077      -0.065       0.000       0.065       0.077       0.101

 Thresholds
    COG040$1        -1.291      -1.255      -1.236      -1.140      -1.043      -1.024      -0.988
    COG041$1        -0.709      -0.679      -0.663      -0.583      -0.502      -0.486      -0.456
    COG043$1        -1.212      -1.177      -1.159      -1.065      -0.971      -0.953      -0.918
    COG044$1        -1.371      -1.334      -1.314      -1.214      -1.114      -1.095      -1.058
    COG045$1        -0.447      -0.418      -0.404      -0.326      -0.249      -0.234      -0.205
    COG046$1        -0.087      -0.058      -0.044       0.032       0.108       0.123       0.151
    COG048$1        -1.394      -1.356      -1.337      -1.236      -1.135      -1.115      -1.077
    COG049$1        -1.156      -1.122      -1.104      -1.013      -0.921      -0.903      -0.869
    COG050$1        -0.730      -0.699      -0.684      -0.603      -0.522      -0.506      -0.476
    COG051$1        -1.327      -1.290      -1.271      -1.173      -1.075      -1.056      -1.019
    COG052$1        -0.601      -0.571      -0.556      -0.477      -0.398      -0.383      -0.353
    COG053$1        -0.551      -0.522      -0.507      -0.428      -0.350      -0.335      -0.305
    COG054$1        -0.559      -0.529      -0.514      -0.436      -0.357      -0.342      -0.313
    COG055$1        -1.319      -1.283      -1.264      -1.166      -1.068      -1.049      -1.013
    COG056$1        -0.267      -0.239      -0.224      -0.148      -0.072      -0.057      -0.029
    COG057$1         0.762       0.795       0.812       0.900       0.988       1.005       1.038
    COG058$1        -0.285      -0.256      -0.241      -0.165      -0.089      -0.074      -0.046
    COG060$1         0.163       0.192       0.207       0.284       0.361       0.375       0.404
    COG061$1         0.573       0.605       0.620       0.704       0.787       0.802       0.834
    COG062$1         0.891       0.925       0.943       1.036       1.128       1.146       1.181
    COG063$1         1.051       1.088       1.107       1.207       1.307       1.326       1.363
    COG064$1         0.586       0.617       0.633       0.717       0.800       0.816       0.847
    COG066$1         0.792       0.825       0.842       0.931       1.020       1.037       1.071

 Variances
    BAYMOT           1.000       1.000       1.000       1.000       1.000       1.000       1.000
    WM               1.000       1.000       1.000       1.000       1.000       1.000       1.000
    GDP              1.000       1.000       1.000       1.000       1.000       1.000       1.000
    FS               1.000       1.000       1.000       1.000       1.000       1.000       1.000


STDY Standardization

                  Lower .5%  Lower 2.5%    Lower 5%    Estimate    Upper 5%  Upper 2.5%   Upper .5%

 WM       BY
    COG040           0.283       0.322       0.342       0.445       0.548       0.568       0.607
    COG045           0.405       0.432       0.446       0.519       0.591       0.605       0.633
    COG050           0.510       0.538       0.552       0.625       0.699       0.713       0.740
    COG064           0.837       0.867       0.883       0.963       1.043       1.059       1.089

 GDP      BY
    COG041           0.317       0.350       0.368       0.457       0.547       0.564       0.598
    COG043           0.485       0.523       0.542       0.643       0.745       0.764       0.802
    COG044           0.411       0.451       0.472       0.580       0.688       0.709       0.750
    COG046           0.272       0.304       0.320       0.406       0.491       0.508       0.540
    COG048           0.688       0.719       0.735       0.820       0.904       0.920       0.952
    COG052           0.472       0.500       0.515       0.590       0.666       0.680       0.709
    COG053           0.605       0.628       0.640       0.702       0.765       0.776       0.800
    COG057           0.326       0.364       0.383       0.484       0.585       0.604       0.641

 FS       BY
    COG049           0.749       0.768       0.778       0.828       0.878       0.887       0.906
    COG051           0.701       0.726       0.739       0.806       0.872       0.885       0.910
    COG054           0.332       0.358       0.372       0.443       0.515       0.529       0.555
    COG055           0.775       0.797       0.809       0.868       0.928       0.939       0.961
    COG056           0.887       0.897       0.901       0.926       0.951       0.955       0.965
    COG058           0.762       0.776       0.783       0.819       0.855       0.862       0.875
    COG060           0.868       0.878       0.882       0.907       0.933       0.937       0.947
    COG061           0.744       0.760       0.768       0.810       0.852       0.860       0.876
    COG062           0.539       0.565       0.578       0.647       0.715       0.728       0.754
    COG063           0.751       0.771       0.780       0.831       0.882       0.892       0.911
    COG066           0.901       0.913       0.919       0.950       0.982       0.988       0.999

 WM       WITH
    GDP              0.489       0.519       0.535       0.617       0.698       0.714       0.744
    FS               0.603       0.628       0.641       0.707       0.774       0.786       0.811
    BAYMOT           0.330       0.358       0.371       0.444       0.516       0.530       0.557

 GDP      WITH
    FS               0.443       0.466       0.478       0.540       0.601       0.613       0.636
    BAYMOT           0.290       0.313       0.324       0.385       0.445       0.457       0.479

 BAYMOT   WITH
    FS               0.328       0.347       0.357       0.409       0.461       0.471       0.490

 Means
    BAYMOT          -0.101      -0.077      -0.065       0.000       0.065       0.077       0.101

 Thresholds
    COG040$1        -1.291      -1.255      -1.236      -1.140      -1.043      -1.024      -0.988
    COG041$1        -0.709      -0.679      -0.663      -0.583      -0.502      -0.486      -0.456
    COG043$1        -1.212      -1.177      -1.159      -1.065      -0.971      -0.953      -0.918
    COG044$1        -1.371      -1.334      -1.314      -1.214      -1.114      -1.095      -1.058
    COG045$1        -0.447      -0.418      -0.404      -0.326      -0.249      -0.234      -0.205
    COG046$1        -0.087      -0.058      -0.044       0.032       0.108       0.123       0.151
    COG048$1        -1.394      -1.356      -1.337      -1.236      -1.135      -1.115      -1.077
    COG049$1        -1.156      -1.122      -1.104      -1.013      -0.921      -0.903      -0.869
    COG050$1        -0.730      -0.699      -0.684      -0.603      -0.522      -0.506      -0.476
    COG051$1        -1.327      -1.290      -1.271      -1.173      -1.075      -1.056      -1.019
    COG052$1        -0.601      -0.571      -0.556      -0.477      -0.398      -0.383      -0.353
    COG053$1        -0.551      -0.522      -0.507      -0.428      -0.350      -0.335      -0.305
    COG054$1        -0.559      -0.529      -0.514      -0.436      -0.357      -0.342      -0.313
    COG055$1        -1.319      -1.283      -1.264      -1.166      -1.068      -1.049      -1.013
    COG056$1        -0.267      -0.239      -0.224      -0.148      -0.072      -0.057      -0.029
    COG057$1         0.762       0.795       0.812       0.900       0.988       1.005       1.038
    COG058$1        -0.285      -0.256      -0.241      -0.165      -0.089      -0.074      -0.046
    COG060$1         0.163       0.192       0.207       0.284       0.361       0.375       0.404
    COG061$1         0.573       0.605       0.620       0.704       0.787       0.802       0.834
    COG062$1         0.891       0.925       0.943       1.036       1.128       1.146       1.181
    COG063$1         1.051       1.088       1.107       1.207       1.307       1.326       1.363
    COG064$1         0.586       0.617       0.633       0.717       0.800       0.816       0.847
    COG066$1         0.792       0.825       0.842       0.931       1.020       1.037       1.071

 Variances
    BAYMOT           1.000       1.000       1.000       1.000       1.000       1.000       1.000
    WM               1.000       1.000       1.000       1.000       1.000       1.000       1.000
    GDP              1.000       1.000       1.000       1.000       1.000       1.000       1.000
    FS               1.000       1.000       1.000       1.000       1.000       1.000       1.000


STD Standardization

                  Lower .5%  Lower 2.5%    Lower 5%    Estimate    Upper 5%  Upper 2.5%   Upper .5%

 WM       BY
    COG040           0.283       0.322       0.342       0.445       0.548       0.568       0.607
    COG045           0.405       0.432       0.446       0.519       0.591       0.605       0.633
    COG050           0.510       0.538       0.552       0.625       0.699       0.713       0.740
    COG064           0.837       0.867       0.883       0.963       1.043       1.059       1.089

 GDP      BY
    COG041           0.317       0.350       0.368       0.457       0.547       0.564       0.598
    COG043           0.485       0.523       0.542       0.643       0.745       0.764       0.802
    COG044           0.411       0.451       0.472       0.580       0.688       0.709       0.750
    COG046           0.272       0.304       0.320       0.406       0.491       0.508       0.540
    COG048           0.688       0.719       0.735       0.820       0.904       0.920       0.952
    COG052           0.472       0.500       0.515       0.590       0.666       0.680       0.709
    COG053           0.605       0.628       0.640       0.702       0.765       0.776       0.800
    COG057           0.326       0.364       0.383       0.484       0.585       0.604       0.641

 FS       BY
    COG049           0.749       0.768       0.778       0.828       0.878       0.887       0.906
    COG051           0.701       0.726       0.739       0.806       0.872       0.885       0.910
    COG054           0.332       0.358       0.372       0.443       0.515       0.529       0.555
    COG055           0.775       0.797       0.809       0.868       0.928       0.939       0.961
    COG056           0.887       0.897       0.901       0.926       0.951       0.955       0.965
    COG058           0.762       0.776       0.783       0.819       0.855       0.862       0.875
    COG060           0.868       0.878       0.882       0.907       0.933       0.937       0.947
    COG061           0.744       0.760       0.768       0.810       0.852       0.860       0.876
    COG062           0.539       0.565       0.578       0.647       0.715       0.728       0.754
    COG063           0.751       0.771       0.780       0.831       0.882       0.892       0.911
    COG066           0.901       0.913       0.919       0.950       0.982       0.988       0.999

 WM       WITH
    GDP              0.489       0.519       0.535       0.617       0.698       0.714       0.744
    FS               0.603       0.628       0.641       0.707       0.774       0.786       0.811
    BAYMOT           0.324       0.352       0.367       0.444       0.520       0.535       0.564

 GDP      WITH
    FS               0.443       0.466       0.478       0.540       0.601       0.613       0.636
    BAYMOT           0.285       0.309       0.321       0.385       0.449       0.461       0.485

 BAYMOT   WITH
    FS               0.321       0.342       0.353       0.409       0.466       0.476       0.497

 Means
    BAYMOT          -0.101      -0.077      -0.065       0.000       0.065       0.077       0.101

 Thresholds
    COG040$1        -1.291      -1.255      -1.236      -1.140      -1.043      -1.024      -0.988
    COG041$1        -0.709      -0.679      -0.663      -0.583      -0.502      -0.486      -0.456
    COG043$1        -1.212      -1.177      -1.159      -1.065      -0.971      -0.953      -0.918
    COG044$1        -1.371      -1.334      -1.314      -1.214      -1.114      -1.095      -1.058
    COG045$1        -0.447      -0.418      -0.404      -0.326      -0.249      -0.234      -0.205
    COG046$1        -0.087      -0.058      -0.044       0.032       0.108       0.123       0.151
    COG048$1        -1.394      -1.356      -1.337      -1.236      -1.135      -1.115      -1.077
    COG049$1        -1.156      -1.122      -1.104      -1.013      -0.921      -0.903      -0.869
    COG050$1        -0.730      -0.699      -0.684      -0.603      -0.522      -0.506      -0.476
    COG051$1        -1.327      -1.290      -1.271      -1.173      -1.075      -1.056      -1.019
    COG052$1        -0.601      -0.571      -0.556      -0.477      -0.398      -0.383      -0.353
    COG053$1        -0.551      -0.522      -0.507      -0.428      -0.350      -0.335      -0.305
    COG054$1        -0.559      -0.529      -0.514      -0.436      -0.357      -0.342      -0.313
    COG055$1        -1.319      -1.283      -1.264      -1.166      -1.068      -1.049      -1.013
    COG056$1        -0.267      -0.239      -0.224      -0.148      -0.072      -0.057      -0.029
    COG057$1         0.762       0.795       0.812       0.900       0.988       1.005       1.038
    COG058$1        -0.285      -0.256      -0.241      -0.165      -0.089      -0.074      -0.046
    COG060$1         0.163       0.192       0.207       0.284       0.361       0.375       0.404
    COG061$1         0.573       0.605       0.620       0.704       0.787       0.802       0.834
    COG062$1         0.891       0.925       0.943       1.036       1.128       1.146       1.181
    COG063$1         1.051       1.088       1.107       1.207       1.307       1.326       1.363
    COG064$1         0.586       0.617       0.633       0.717       0.800       0.816       0.847
    COG066$1         0.792       0.825       0.842       0.931       1.020       1.037       1.071

 Variances
    BAYMOT           0.892       0.918       0.931       1.000       1.069       1.083       1.108
    WM               1.000       1.000       1.000       1.000       1.000       1.000       1.000
    GDP              1.000       1.000       1.000       1.000       1.000       1.000       1.000
    FS               1.000       1.000       1.000       1.000       1.000       1.000       1.000


RESIDUAL OUTPUT


     ESTIMATED MODEL AND RESIDUALS (OBSERVED - ESTIMATED)


           Model Estimated Means/Intercepts/Thresholds
              COG040$1      COG041$1      COG043$1      COG044$1      COG045$1
              ________      ________      ________      ________      ________
               -1.140        -0.583        -1.065        -1.214        -0.326


           Model Estimated Means/Intercepts/Thresholds
              COG046$1      COG048$1      COG049$1      COG050$1      COG051$1
              ________      ________      ________      ________      ________
                0.032        -1.236        -1.013        -0.603        -1.173


           Model Estimated Means/Intercepts/Thresholds
              COG052$1      COG053$1      COG054$1      COG055$1      COG056$1
              ________      ________      ________      ________      ________
               -0.477        -0.428        -0.436        -1.166        -0.148


           Model Estimated Means/Intercepts/Thresholds
              COG057$1      COG058$1      COG060$1      COG061$1      COG062$1
              ________      ________      ________      ________      ________
                0.900        -0.165         0.284         0.704         1.036


           Model Estimated Means/Intercepts/Thresholds
              COG063$1      COG064$1      COG066$1      BAYMOT
              ________      ________      ________      ________
                1.207         0.717         0.931         0.000


           Residuals for Means/Intercepts/Thresholds
              COG040$1      COG041$1      COG043$1      COG044$1      COG045$1
              ________      ________      ________      ________      ________
                0.000         0.000         0.000         0.000         0.000


           Residuals for Means/Intercepts/Thresholds
              COG046$1      COG048$1      COG049$1      COG050$1      COG051$1
              ________      ________      ________      ________      ________
                0.000         0.000         0.000         0.000         0.000


           Residuals for Means/Intercepts/Thresholds
              COG052$1      COG053$1      COG054$1      COG055$1      COG056$1
              ________      ________      ________      ________      ________
                0.000         0.000         0.000         0.000         0.000


           Residuals for Means/Intercepts/Thresholds
              COG057$1      COG058$1      COG060$1      COG061$1      COG062$1
              ________      ________      ________      ________      ________
                0.000         0.000         0.000         0.000         0.000


           Residuals for Means/Intercepts/Thresholds
              COG063$1      COG064$1      COG066$1      BAYMOT
              ________      ________      ________      ________
                0.000         0.000         0.000         0.000


           Model Estimated Covariances/Correlations/Residual Correlations
              COG040        COG041        COG043        COG044        COG045
              ________      ________      ________      ________      ________
 COG040
 COG041         0.125
 COG043         0.177         0.294
 COG044         0.159         0.265         0.373
 COG045         0.231         0.146         0.206         0.185
 COG046         0.111         0.186         0.261         0.235         0.130
 COG048         0.225         0.375         0.527         0.475         0.262
 COG049         0.260         0.204         0.287         0.259         0.303
 COG050         0.278         0.176         0.248         0.224         0.324
 COG051         0.253         0.199         0.280         0.252         0.295
 COG052         0.162         0.270         0.380         0.342         0.189
 COG053         0.193         0.321         0.452         0.407         0.225
 COG054         0.140         0.109         0.154         0.139         0.163
 COG055         0.273         0.214         0.301         0.272         0.318
 COG056         0.291         0.228         0.321         0.290         0.340
 COG057         0.133         0.221         0.311         0.281         0.155
 COG058         0.258         0.202         0.284         0.256         0.300
 COG060         0.286         0.224         0.315         0.284         0.333
 COG061         0.255         0.200         0.281         0.253         0.297
 COG062         0.203         0.160         0.224         0.202         0.237
 COG063         0.262         0.205         0.289         0.260         0.305
 COG064         0.429         0.272         0.382         0.344         0.499
 COG066         0.299         0.234         0.330         0.297         0.348
 BAYMOT         0.197         0.176         0.247         0.223         0.230


           Model Estimated Covariances/Correlations/Residual Correlations
              COG046        COG048        COG049        COG050        COG051
              ________      ________      ________      ________      ________
 COG048         0.333
 COG049         0.181         0.366
 COG050         0.157         0.316         0.366
 COG051         0.176         0.356         0.667         0.356
 COG052         0.240         0.484         0.264         0.228         0.257
 COG053         0.285         0.576         0.314         0.271         0.305
 COG054         0.097         0.196         0.367         0.196         0.357
 COG055         0.190         0.384         0.718         0.384         0.699
 COG056         0.203         0.410         0.766         0.409         0.746
 COG057         0.196         0.397         0.216         0.187         0.210
 COG058         0.179         0.362         0.677         0.362         0.659
 COG060         0.199         0.401         0.751         0.401         0.731
 COG061         0.177         0.358         0.670         0.358         0.652
 COG062         0.142         0.286         0.535         0.286         0.521
 COG063         0.182         0.368         0.688         0.368         0.670
 COG064         0.241         0.487         0.564         0.602         0.549
 COG066         0.208         0.420         0.786         0.420         0.765
 BAYMOT         0.156         0.315         0.339         0.277         0.330


           Model Estimated Covariances/Correlations/Residual Correlations
              COG052        COG053        COG054        COG055        COG056
              ________      ________      ________      ________      ________
 COG053         0.414
 COG054         0.141         0.168
 COG055         0.276         0.329         0.385
 COG056         0.295         0.351         0.411         0.804
 COG057         0.286         0.340         0.116         0.227         0.242
 COG058         0.261         0.310         0.363         0.711         0.758
 COG060         0.289         0.344         0.402         0.788         0.840
 COG061         0.258         0.307         0.359         0.703         0.750
 COG062         0.206         0.245         0.287         0.561         0.599
 COG063         0.265         0.315         0.369         0.722         0.770
 COG064         0.350         0.417         0.302         0.591         0.631
 COG066         0.303         0.360         0.421         0.825         0.880
 BAYMOT         0.227         0.270         0.181         0.355         0.379


           Model Estimated Covariances/Correlations/Residual Correlations
              COG057        COG058        COG060        COG061        COG062
              ________      ________      ________      ________      ________
 COG058         0.214
 COG060         0.237         0.743
 COG061         0.211         0.663         0.735
 COG062         0.169         0.529         0.587         0.524
 COG063         0.217         0.681         0.754         0.673         0.538
 COG064         0.287         0.557         0.618         0.551         0.440
 COG066         0.248         0.778         0.862         0.769         0.614
 BAYMOT         0.186         0.335         0.371         0.331         0.265


           Model Estimated Covariances/Correlations/Residual Correlations
              COG063        COG064        COG066        BAYMOT
              ________      ________      ________      ________
 COG064         0.566
 COG066         0.790         0.647
 BAYMOT         0.340         0.427         0.389         1.000


           Model Estimated Correlations/Residual Correlations
              COG040        COG041        COG043        COG044        COG045
              ________      ________      ________      ________      ________
 COG040
 COG041         0.125
 COG043         0.177         0.294
 COG044         0.159         0.265         0.373
 COG045         0.231         0.146         0.206         0.185
 COG046         0.111         0.186         0.261         0.235         0.130
 COG048         0.225         0.375         0.527         0.475         0.262
 COG049         0.260         0.204         0.287         0.259         0.303
 COG050         0.278         0.176         0.248         0.224         0.324
 COG051         0.253         0.199         0.280         0.252         0.295
 COG052         0.162         0.270         0.380         0.342         0.189
 COG053         0.193         0.321         0.452         0.407         0.225
 COG054         0.140         0.109         0.154         0.139         0.163
 COG055         0.273         0.214         0.301         0.272         0.318
 COG056         0.291         0.228         0.321         0.290         0.340
 COG057         0.133         0.221         0.311         0.281         0.155
 COG058         0.258         0.202         0.284         0.256         0.300
 COG060         0.286         0.224         0.315         0.284         0.333
 COG061         0.255         0.200         0.281         0.253         0.297
 COG062         0.203         0.160         0.224         0.202         0.237
 COG063         0.262         0.205         0.289         0.260         0.305
 COG064         0.429         0.272         0.382         0.344         0.499
 COG066         0.299         0.234         0.330         0.297         0.348
 BAYMOT         0.197         0.176         0.247         0.223         0.230


           Model Estimated Correlations/Residual Correlations
              COG046        COG048        COG049        COG050        COG051
              ________      ________      ________      ________      ________
 COG048         0.333
 COG049         0.181         0.366
 COG050         0.157         0.316         0.366
 COG051         0.176         0.356         0.667         0.356
 COG052         0.240         0.484         0.264         0.228         0.257
 COG053         0.285         0.576         0.314         0.271         0.305
 COG054         0.097         0.196         0.367         0.196         0.357
 COG055         0.190         0.384         0.718         0.384         0.699
 COG056         0.203         0.410         0.766         0.409         0.746
 COG057         0.196         0.397         0.216         0.187         0.210
 COG058         0.179         0.362         0.677         0.362         0.659
 COG060         0.199         0.401         0.751         0.401         0.731
 COG061         0.177         0.358         0.670         0.358         0.652
 COG062         0.142         0.286         0.535         0.286         0.521
 COG063         0.182         0.368         0.688         0.368         0.670
 COG064         0.241         0.487         0.564         0.602         0.549
 COG066         0.208         0.420         0.786         0.420         0.765
 BAYMOT         0.156         0.315         0.339         0.277         0.330


           Model Estimated Correlations/Residual Correlations
              COG052        COG053        COG054        COG055        COG056
              ________      ________      ________      ________      ________
 COG053         0.414
 COG054         0.141         0.168
 COG055         0.276         0.329         0.385
 COG056         0.295         0.351         0.411         0.804
 COG057         0.286         0.340         0.116         0.227         0.242
 COG058         0.261         0.310         0.363         0.711         0.758
 COG060         0.289         0.344         0.402         0.788         0.840
 COG061         0.258         0.307         0.359         0.703         0.750
 COG062         0.206         0.245         0.287         0.561         0.599
 COG063         0.265         0.315         0.369         0.722         0.770
 COG064         0.350         0.417         0.302         0.591         0.631
 COG066         0.303         0.360         0.421         0.825         0.880
 BAYMOT         0.227         0.270         0.181         0.355         0.379


           Model Estimated Correlations/Residual Correlations
              COG057        COG058        COG060        COG061        COG062
              ________      ________      ________      ________      ________
 COG058         0.214
 COG060         0.237         0.743
 COG061         0.211         0.663         0.735
 COG062         0.169         0.529         0.587         0.524
 COG063         0.217         0.681         0.754         0.673         0.538
 COG064         0.287         0.557         0.618         0.551         0.440
 COG066         0.248         0.778         0.862         0.769         0.614
 BAYMOT         0.186         0.335         0.371         0.331         0.265


           Model Estimated Correlations/Residual Correlations
              COG063        COG064        COG066        BAYMOT
              ________      ________      ________      ________
 COG064         0.566
 COG066         0.790         0.647
 BAYMOT         0.340         0.427         0.389         1.000


           Residuals for Covariances/Correlations/Residual Correlations
              COG040        COG041        COG043        COG044        COG045
              ________      ________      ________      ________      ________
 COG040
 COG041        -0.038
 COG043        -0.081        -0.073
 COG044         0.181         0.052        -0.082
 COG045         0.303         0.071         0.060         0.119
 COG046         0.082        -0.006        -0.101         0.006         0.084
 COG048        -0.102        -0.162        -0.267        -0.118        -0.108
 COG049         0.047        -0.016         0.022         0.042         0.012
 COG050         0.209         0.070         0.062         0.106         0.248
 COG051         0.012         0.094         0.004         0.087         0.039
 COG052        -0.034        -0.068         0.192        -0.070         0.017
 COG053        -0.112        -0.161        -0.300        -0.078         0.007
 COG054         0.030         0.057         0.166         0.092         0.029
 COG055        -0.086         0.105         0.136         0.063        -0.056
 COG056        -0.056        -0.060        -0.036         0.034        -0.092
 COG057        -0.049         0.094        -0.204        -0.218        -0.051
 COG058        -0.124        -0.010        -0.017        -0.010        -0.062
 COG060        -0.083         0.025         0.036         0.038        -0.035
 COG061        -0.198         0.057         0.121        -0.026        -0.142
 COG062         0.026         0.192         0.223         0.028         0.077
 COG063        -0.081         0.117        -0.024        -0.017        -0.126
 COG064        -0.104         0.005         0.014        -0.032        -0.199
 COG066        -0.148         0.099         0.069         0.075        -0.114
 BAYMOT         0.062        -0.026         0.102         0.021         0.010


           Residuals for Covariances/Correlations/Residual Correlations
              COG046        COG048        COG049        COG050        COG051
              ________      ________      ________      ________      ________
 COG048        -0.112
 COG049         0.047        -0.162
 COG050        -0.030        -0.054         0.034
 COG051         0.051        -0.003         0.019         0.046
 COG052        -0.240        -0.241         0.013         0.046         0.087
 COG053        -0.152         0.334        -0.126        -0.029        -0.040
 COG054        -0.010         0.022        -0.118         0.093        -0.022
 COG055         0.079        -0.058        -0.091         0.027         0.014
 COG056         0.026        -0.323         0.138        -0.099        -0.023
 COG057        -0.072        -0.223         0.056        -0.073         0.035
 COG058         0.046        -0.211        -0.114        -0.086         0.238
 COG060         0.057        -0.223        -0.040        -0.050        -0.049
 COG061         0.106        -0.279        -0.181        -0.041        -0.118
 COG062         0.219        -0.149        -0.066        -0.033        -0.055
 COG063         0.120        -0.238        -0.138         0.004        -0.273
 COG064         0.007        -0.116        -0.140        -0.279        -0.066
 COG066         0.178        -0.190        -0.089        -0.118        -0.113
 BAYMOT        -0.024        -0.080         0.014         0.075         0.079


           Residuals for Covariances/Correlations/Residual Correlations
              COG052        COG053        COG054        COG055        COG056
              ________      ________      ________      ________      ________
 COG053        -0.154
 COG054         0.239         0.043
 COG055         0.198        -0.022         0.020
 COG056        -0.014        -0.182        -0.188        -0.115
 COG057        -0.075        -0.204         0.136         0.233         0.007
 COG058        -0.029        -0.228        -0.053         0.021         0.033
 COG060         0.031        -0.188        -0.058        -0.169         0.059
 COG061         0.096        -0.167        -0.019        -0.041        -0.109
 COG062         0.078        -0.078        -0.089         0.062        -0.138
 COG063         0.082        -0.109        -0.075        -0.150        -0.120
 COG064         0.022        -0.055         0.138         0.067         0.003
 COG066         0.017        -0.158         0.010        -0.171        -0.075
 BAYMOT        -0.034         0.026         0.111         0.200        -0.085


           Residuals for Covariances/Correlations/Residual Correlations
              COG057        COG058        COG060        COG061        COG062
              ________      ________      ________      ________      ________
 COG058         0.118
 COG060         0.095         0.057
 COG061         0.180        -0.054        -0.088
 COG062         0.111        -0.026        -0.083         0.039
 COG063         0.127        -0.037        -0.053         0.165        -0.001
 COG064         0.049         0.032         0.018         0.064         0.081
 COG066         0.080         0.108        -0.024         0.053         0.065
 BAYMOT        -0.002         0.000        -0.071        -0.126        -0.048


           Residuals for Covariances/Correlations/Residual Correlations
              COG063        COG064        COG066        BAYMOT
              ________      ________      ________      ________
 COG064         0.054
 COG066        -0.036         0.110
 BAYMOT        -0.116        -0.101        -0.135         0.000


           Residuals for Correlations/Residual Correlations
              COG040        COG041        COG043        COG044        COG045
              ________      ________      ________      ________      ________
 COG040
 COG041        -0.038
 COG043        -0.081        -0.073
 COG044         0.181         0.052        -0.082
 COG045         0.303         0.071         0.060         0.119
 COG046         0.082        -0.006        -0.101         0.006         0.084
 COG048        -0.102        -0.162        -0.267        -0.118        -0.108
 COG049         0.047        -0.016         0.022         0.042         0.012
 COG050         0.209         0.070         0.062         0.106         0.248
 COG051         0.012         0.094         0.004         0.087         0.039
 COG052        -0.034        -0.068         0.192        -0.070         0.017
 COG053        -0.112        -0.161        -0.300        -0.078         0.007
 COG054         0.030         0.057         0.166         0.092         0.029
 COG055        -0.086         0.105         0.136         0.063        -0.056
 COG056        -0.056        -0.060        -0.036         0.034        -0.092
 COG057        -0.049         0.094        -0.204        -0.218        -0.051
 COG058        -0.124        -0.010        -0.017        -0.010        -0.062
 COG060        -0.083         0.025         0.036         0.038        -0.035
 COG061        -0.198         0.057         0.121        -0.026        -0.142
 COG062         0.026         0.192         0.223         0.028         0.077
 COG063        -0.081         0.117        -0.024        -0.017        -0.126
 COG064        -0.104         0.005         0.014        -0.032        -0.199
 COG066        -0.148         0.099         0.069         0.075        -0.114
 BAYMOT         0.062        -0.026         0.102         0.021         0.010


           Residuals for Correlations/Residual Correlations
              COG046        COG048        COG049        COG050        COG051
              ________      ________      ________      ________      ________
 COG048        -0.112
 COG049         0.047        -0.162
 COG050        -0.030        -0.054         0.034
 COG051         0.051        -0.003         0.019         0.046
 COG052        -0.240        -0.241         0.013         0.046         0.087
 COG053        -0.152         0.334        -0.126        -0.029        -0.040
 COG054        -0.010         0.022        -0.118         0.093        -0.022
 COG055         0.079        -0.058        -0.091         0.027         0.014
 COG056         0.026        -0.323         0.138        -0.099        -0.023
 COG057        -0.072        -0.223         0.056        -0.073         0.035
 COG058         0.046        -0.211        -0.114        -0.086         0.238
 COG060         0.057        -0.223        -0.040        -0.050        -0.049
 COG061         0.106        -0.279        -0.181        -0.041        -0.118
 COG062         0.219        -0.149        -0.066        -0.033        -0.055
 COG063         0.120        -0.238        -0.138         0.004        -0.273
 COG064         0.007        -0.116        -0.140        -0.279        -0.066
 COG066         0.178        -0.190        -0.089        -0.118        -0.113
 BAYMOT        -0.024        -0.080         0.014         0.075         0.079


           Residuals for Correlations/Residual Correlations
              COG052        COG053        COG054        COG055        COG056
              ________      ________      ________      ________      ________
 COG053        -0.154
 COG054         0.239         0.043
 COG055         0.198        -0.022         0.020
 COG056        -0.014        -0.182        -0.188        -0.115
 COG057        -0.075        -0.204         0.136         0.233         0.007
 COG058        -0.029        -0.228        -0.053         0.021         0.033
 COG060         0.031        -0.188        -0.058        -0.169         0.059
 COG061         0.096        -0.167        -0.019        -0.041        -0.109
 COG062         0.078        -0.078        -0.089         0.062        -0.138
 COG063         0.082        -0.109        -0.075        -0.150        -0.120
 COG064         0.022        -0.055         0.138         0.067         0.003
 COG066         0.017        -0.158         0.010        -0.171        -0.075
 BAYMOT        -0.034         0.026         0.112         0.200        -0.085


           Residuals for Correlations/Residual Correlations
              COG057        COG058        COG060        COG061        COG062
              ________      ________      ________      ________      ________
 COG058         0.118
 COG060         0.095         0.057
 COG061         0.180        -0.054        -0.088
 COG062         0.111        -0.026        -0.083         0.039
 COG063         0.127        -0.037        -0.053         0.165        -0.001
 COG064         0.049         0.032         0.018         0.064         0.081
 COG066         0.080         0.108        -0.024         0.053         0.065
 BAYMOT        -0.002         0.000        -0.071        -0.126        -0.048


           Residuals for Correlations/Residual Correlations
              COG063        COG064        COG066        BAYMOT
              ________      ________      ________      ________
 COG064         0.054
 COG066        -0.036         0.110
 BAYMOT        -0.116        -0.101        -0.135         0.000


     UNIVARIATE PROPORTIONS FOR CATEGORICAL VARIABLES

     Variable          Observed      Estimated      Residual (Obs.-Est.)    Stand. Residual
     COG040
       Category  1       0.127          0.127                  0.000                0.000
       Category  2       0.873          0.873                  0.000                0.000
     COG041
       Category  1       0.280          0.280                  0.000                0.000
       Category  2       0.720          0.720                  0.000                0.000
     COG043
       Category  1       0.143          0.143                  0.000                0.000
       Category  2       0.857          0.857                  0.000                0.000
     COG044
       Category  1       0.112          0.112                  0.000                0.000
       Category  2       0.888          0.888                  0.000                0.000
     COG045
       Category  1       0.372          0.372                  0.000                0.000
       Category  2       0.628          0.628                  0.000                0.000
     COG046
       Category  1       0.513          0.513                  0.000                0.000
       Category  2       0.487          0.487                  0.000                0.000
     COG048
       Category  1       0.108          0.108                  0.000                0.000
       Category  2       0.892          0.892                  0.000                0.000
     COG049
       Category  1       0.156          0.156                  0.000                0.000
       Category  2       0.844          0.844                  0.000                0.000
     COG050
       Category  1       0.273          0.273                  0.000                0.000
       Category  2       0.727          0.727                  0.000                0.000
     COG051
       Category  1       0.120          0.120                  0.000                0.000
       Category  2       0.880          0.880                  0.000                0.000
     COG052
       Category  1       0.317          0.317                  0.000                0.000
       Category  2       0.683          0.683                  0.000                0.000
     COG053
       Category  1       0.334          0.334                  0.000                0.000
       Category  2       0.666          0.666                  0.000                0.000
     COG054
       Category  1       0.332          0.332                  0.000                0.000
       Category  2       0.668          0.668                  0.000                0.000
     COG055
       Category  1       0.122          0.122                  0.000                0.000
       Category  2       0.878          0.878                  0.000                0.000
     COG056
       Category  1       0.441          0.441                  0.000                0.000
       Category  2       0.559          0.559                  0.000                0.000
     COG057
       Category  1       0.816          0.816                  0.000                0.000
       Category  2       0.184          0.184                  0.000                0.000
     COG058
       Category  1       0.434          0.434                  0.000                0.000
       Category  2       0.566          0.566                  0.000                0.000
     COG060
       Category  1       0.612          0.612                  0.000                0.000
       Category  2       0.388          0.388                  0.000                0.000
     COG061
       Category  1       0.759          0.759                  0.000                0.000
       Category  2       0.241          0.241                  0.000                0.000
     COG062
       Category  1       0.850          0.850                  0.000                0.000
       Category  2       0.150          0.150                  0.000                0.000
     COG063
       Category  1       0.886          0.886                  0.000                0.000
       Category  2       0.114          0.114                  0.000                0.000
     COG064
       Category  1       0.763          0.763                  0.000                0.000
       Category  2       0.237          0.237                  0.000                0.000
     COG066
       Category  1       0.824          0.824                  0.000                0.000
       Category  2       0.176          0.176                  0.000                0.000


     BIVARIATE PROPORTIONS FOR CATEGORICAL VARIABLES

     Variable       Variable          Observed     Estimated    Residual (Obs.-Est.)  Stand. Residual
     COG040         COG041
       Category 1     Category 1        0.042       0.045            -0.003           -0.374
       Category 1     Category 2        0.085       0.082             0.003            0.281
       Category 2     Category 1        0.238       0.235             0.003            0.182
       Category 2     Category 2        0.635       0.637            -0.003           -0.161
     COG040         COG043
       Category 1     Category 1        0.023       0.027            -0.004           -0.742
       Category 1     Category 2        0.104       0.100             0.004            0.405
       Category 2     Category 1        0.120       0.116             0.004            0.379
       Category 2     Category 2        0.752       0.757            -0.004           -0.283
     COG040         COG044
       Category 1     Category 1        0.031       0.021             0.010            1.845
       Category 1     Category 2        0.096       0.106            -0.010           -0.866
       Category 2     Category 1        0.081       0.091            -0.010           -0.926
       Category 2     Category 2        0.792       0.782             0.010            0.645
     COG040         COG045
       Category 1     Category 1        0.093       0.066             0.027            2.960
       Category 1     Category 2        0.034       0.061            -0.027           -3.079
       Category 2     Category 1        0.279       0.306            -0.027           -1.598
       Category 2     Category 2        0.594       0.567             0.027            1.486
     COG040         COG046
       Category 1     Category 1        0.081       0.074             0.007            0.696
       Category 1     Category 2        0.046       0.053            -0.007           -0.818
       Category 2     Category 1        0.432       0.438            -0.007           -0.368
       Category 2     Category 2        0.441       0.434             0.007            0.369
     COG040         COG048
       Category 1     Category 1        0.019       0.024            -0.005           -0.881
       Category 1     Category 2        0.108       0.103             0.005            0.442
       Category 2     Category 1        0.089       0.084             0.005            0.484
       Category 2     Category 2        0.783       0.788            -0.005           -0.329
     COG040         COG049
       Category 1     Category 1        0.038       0.035             0.003            0.466
       Category 1     Category 2        0.089       0.092            -0.003           -0.295
       Category 2     Category 1        0.118       0.121            -0.003           -0.262
       Category 2     Category 2        0.755       0.752             0.003            0.198
     COG040         COG050
       Category 1     Category 1        0.074       0.056             0.019            2.191
       Category 1     Category 2        0.053       0.071            -0.019           -1.956
       Category 2     Category 1        0.199       0.217            -0.019           -1.220
       Category 2     Category 2        0.674       0.655             0.019            1.059
     COG040         COG051
       Category 1     Category 1        0.028       0.028             0.001            0.110
       Category 1     Category 2        0.099       0.099            -0.001           -0.061
       Category 2     Category 1        0.092       0.093            -0.001           -0.063
       Category 2     Category 2        0.781       0.780             0.001            0.044
     COG040         COG052
       Category 1     Category 1        0.050       0.053            -0.003           -0.334
       Category 1     Category 2        0.077       0.074             0.003            0.285
       Category 2     Category 1        0.267       0.264             0.003            0.169
       Category 2     Category 2        0.606       0.609            -0.003           -0.153
     COG040         COG053
       Category 1     Category 1        0.049       0.058            -0.009           -1.059
       Category 1     Category 2        0.078       0.069             0.009            0.972
       Category 2     Category 1        0.286       0.276             0.009            0.552
       Category 2     Category 2        0.587       0.596            -0.009           -0.504
     COG040         COG054
       Category 1     Category 1        0.055       0.053             0.002            0.291
       Category 1     Category 2        0.072       0.074            -0.002           -0.249
       Category 2     Category 1        0.276       0.278            -0.002           -0.146
       Category 2     Category 2        0.597       0.594             0.002            0.133
     COG040         COG055
       Category 1     Category 1        0.024       0.029            -0.005           -0.773
       Category 1     Category 2        0.103       0.098             0.005            0.437
       Category 2     Category 1        0.097       0.093             0.005            0.449
       Category 2     Category 2        0.775       0.780            -0.005           -0.314
     COG040         COG056
       Category 1     Category 1        0.076       0.081            -0.005           -0.478
       Category 1     Category 2        0.051       0.047             0.005            0.618
       Category 2     Category 1        0.365       0.361             0.005            0.271
       Category 2     Category 2        0.507       0.512            -0.005           -0.260
     COG040         COG057
       Category 1     Category 1        0.108       0.111            -0.002           -0.207
       Category 1     Category 2        0.019       0.017             0.002            0.510
       Category 2     Category 1        0.708       0.705             0.002            0.143
       Category 2     Category 2        0.165       0.167            -0.002           -0.174
     COG040         COG058
       Category 1     Category 1        0.066       0.077            -0.011           -1.074
       Category 1     Category 2        0.061       0.050             0.011            1.308
       Category 2     Category 1        0.368       0.358             0.011            0.597
       Category 2     Category 2        0.505       0.515            -0.011           -0.572
     COG040         COG060
       Category 1     Category 1        0.093       0.099            -0.006           -0.549
       Category 1     Category 2        0.034       0.028             0.006            1.000
       Category 2     Category 1        0.518       0.512             0.006            0.329
       Category 2     Category 2        0.355       0.361            -0.006           -0.342
     COG040         COG061
       Category 1     Category 1        0.100       0.111            -0.011           -0.969
       Category 1     Category 2        0.027       0.016             0.011            2.439
       Category 2     Category 1        0.659       0.648             0.011            0.638
       Category 2     Category 2        0.214       0.225            -0.011           -0.730
     COG040         COG062
       Category 1     Category 1        0.118       0.117             0.001            0.079
       Category 1     Category 2        0.009       0.010            -0.001           -0.251
       Category 2     Category 1        0.732       0.733            -0.001           -0.058
       Category 2     Category 2        0.141       0.140             0.001            0.073
     COG040         COG063
       Category 1     Category 1        0.119       0.121            -0.002           -0.188
       Category 1     Category 2        0.008       0.006             0.002            0.804
       Category 2     Category 1        0.767       0.765             0.002            0.145
       Category 2     Category 2        0.106       0.108            -0.002           -0.198
     COG040         COG064
       Category 1     Category 1        0.115       0.119            -0.004           -0.364
       Category 1     Category 2        0.012       0.008             0.004            1.339
       Category 2     Category 1        0.648       0.644             0.004            0.246
       Category 2     Category 2        0.225       0.229            -0.004           -0.281
     COG040         COG066
       Category 1     Category 1        0.112       0.118            -0.006           -0.504
       Category 1     Category 2        0.015       0.009             0.006            1.734
       Category 2     Category 1        0.712       0.706             0.006            0.357
       Category 2     Category 2        0.161       0.167            -0.006           -0.437
     COG041         COG043
       Category 1     Category 1        0.058       0.065            -0.006           -0.717
       Category 1     Category 2        0.222       0.215             0.006            0.429
       Category 2     Category 1        0.085       0.079             0.006            0.654
       Category 2     Category 2        0.635       0.641            -0.006           -0.368
     COG041         COG044
       Category 1     Category 1        0.054       0.050             0.004            0.505
       Category 1     Category 2        0.226       0.230            -0.004           -0.262
       Category 2     Category 1        0.058       0.062            -0.004           -0.456
       Category 2     Category 2        0.662       0.658             0.004            0.232
     COG041         COG045
       Category 1     Category 1        0.133       0.123             0.009            0.782
       Category 1     Category 2        0.147       0.157            -0.009           -0.707
       Category 2     Category 1        0.240       0.249            -0.009           -0.594
       Category 2     Category 2        0.480       0.471             0.009            0.515
     COG041         COG046
       Category 1     Category 1        0.168       0.169            -0.001           -0.060
       Category 1     Category 2        0.112       0.111             0.001            0.072
       Category 2     Category 1        0.345       0.344             0.001            0.048
       Category 2     Category 2        0.375       0.376            -0.001           -0.047
     COG041         COG048
       Category 1     Category 1        0.045       0.057            -0.012           -1.436
       Category 1     Category 2        0.235       0.223             0.012            0.799
       Category 2     Category 1        0.064       0.051             0.012            1.506
       Category 2     Category 2        0.656       0.669            -0.012           -0.706
     COG041         COG049
       Category 1     Category 1        0.060       0.061            -0.001           -0.168
       Category 1     Category 2        0.221       0.219             0.001            0.097
       Category 2     Category 1        0.096       0.095             0.001            0.137
       Category 2     Category 2        0.624       0.625            -0.001           -0.083
     COG041         COG050
       Category 1     Category 1        0.106       0.097             0.009            0.788
       Category 1     Category 2        0.175       0.183            -0.009           -0.603
       Category 2     Category 1        0.168       0.176            -0.009           -0.611
       Category 2     Category 2        0.552       0.544             0.009            0.468
     COG041         COG051
       Category 1     Category 1        0.055       0.048             0.007            0.944
       Category 1     Category 2        0.225       0.232            -0.007           -0.478
       Category 2     Category 1        0.065       0.072            -0.007           -0.779
       Category 2     Category 2        0.655       0.648             0.007            0.423
     COG041         COG052
       Category 1     Category 1        0.114       0.123            -0.009           -0.734
       Category 1     Category 2        0.166       0.158             0.009            0.660
       Category 2     Category 1        0.203       0.194             0.009            0.608
       Category 2     Category 2        0.517       0.526            -0.009           -0.482
     COG041         COG053
       Category 1     Category 1        0.114       0.135            -0.021           -1.699
       Category 1     Category 2        0.166       0.145             0.021            1.649
       Category 2     Category 1        0.221       0.199             0.021            1.454
       Category 2     Category 2        0.499       0.521            -0.021           -1.162
     COG041         COG054
       Category 1     Category 1        0.114       0.106             0.007            0.638
       Category 1     Category 2        0.166       0.174            -0.007           -0.519
       Category 2     Category 1        0.218       0.225            -0.007           -0.471
       Category 2     Category 2        0.502       0.495             0.007            0.393
     COG041         COG055
       Category 1     Category 1        0.058       0.050             0.008            1.056
       Category 1     Category 2        0.222       0.230            -0.008           -0.545
       Category 2     Category 1        0.064       0.072            -0.008           -0.888
       Category 2     Category 2        0.656       0.648             0.008            0.481
     COG041         COG056
       Category 1     Category 1        0.146       0.154            -0.008           -0.621
       Category 1     Category 2        0.134       0.126             0.008            0.677
       Category 2     Category 1        0.295       0.287             0.008            0.496
       Category 2     Category 2        0.425       0.433            -0.008           -0.453
     COG041         COG057
       Category 1     Category 1        0.254       0.247             0.007            0.452
       Category 1     Category 2        0.026       0.033            -0.007           -1.094
       Category 2     Category 1        0.562       0.569            -0.007           -0.394
       Category 2     Category 2        0.158       0.151             0.007            0.545
     COG041         COG058
       Category 1     Category 1        0.147       0.149            -0.001           -0.101
       Category 1     Category 2        0.133       0.131             0.001            0.106
       Category 2     Category 1        0.287       0.286             0.001            0.079
       Category 2     Category 2        0.433       0.434            -0.001           -0.072
     COG041         COG060
       Category 1     Category 1        0.203       0.200             0.003            0.216
       Category 1     Category 2        0.077       0.080            -0.003           -0.317
       Category 2     Category 1        0.409       0.412            -0.003           -0.175
       Category 2     Category 2        0.311       0.308             0.003            0.187
     COG041         COG061
       Category 1     Category 1        0.238       0.233             0.005            0.347
       Category 1     Category 2        0.042       0.047            -0.005           -0.691
       Category 2     Category 1        0.521       0.526            -0.005           -0.294
       Category 2     Category 2        0.199       0.194             0.005            0.372
     COG041         COG062
       Category 1     Category 1        0.263       0.250             0.013            0.789
       Category 1     Category 2        0.018       0.030            -0.013           -1.997
       Category 2     Category 1        0.587       0.600            -0.013           -0.697
       Category 2     Category 2        0.133       0.120             0.013            1.050
     COG041         COG063
       Category 1     Category 1        0.267       0.261             0.006            0.373
       Category 1     Category 2        0.014       0.020            -0.006           -1.181
       Category 2     Category 1        0.620       0.626            -0.006           -0.338
       Category 2     Category 2        0.100       0.094             0.006            0.560
     COG041         COG064
       Category 1     Category 1        0.241       0.240             0.000            0.028
       Category 1     Category 2        0.039       0.040             0.000           -0.060
       Category 2     Category 1        0.522       0.523             0.000           -0.024
       Category 2     Category 2        0.198       0.197             0.000            0.030
     COG041         COG066
       Category 1     Category 1        0.257       0.250             0.007            0.451
       Category 1     Category 2        0.023       0.030            -0.007           -1.140
       Category 2     Category 1        0.567       0.574            -0.007           -0.395
       Category 2     Category 2        0.153       0.146             0.007            0.553
     COG043         COG044
       Category 1     Category 1        0.031       0.036            -0.005           -0.752
       Category 1     Category 2        0.112       0.107             0.005            0.454
       Category 2     Category 1        0.081       0.076             0.005            0.530
       Category 2     Category 2        0.775       0.781            -0.005           -0.340
     COG043         COG045
       Category 1     Category 1        0.077       0.072             0.006            0.583
       Category 1     Category 2        0.066       0.072            -0.006           -0.582
       Category 2     Category 1        0.295       0.301            -0.006           -0.328
       Category 2     Category 2        0.562       0.556             0.006            0.302
     COG043         COG046
       Category 1     Category 1        0.088       0.097            -0.009           -0.828
       Category 1     Category 2        0.055       0.046             0.009            1.164
       Category 2     Category 1        0.425       0.416             0.009            0.497
       Category 2     Category 2        0.432       0.441            -0.009           -0.494
     COG043         COG048
       Category 1     Category 1        0.028       0.046            -0.018           -2.299
       Category 1     Category 2        0.115       0.097             0.018            1.628
       Category 2     Category 1        0.080       0.062             0.018            1.999
       Category 2     Category 2        0.777       0.794            -0.018           -1.194
     COG043         COG049
       Category 1     Category 1        0.042       0.040             0.002            0.225
       Category 1     Category 2        0.101       0.103            -0.002           -0.146
       Category 2     Category 1        0.114       0.115            -0.002           -0.139
       Category 2     Category 2        0.743       0.741             0.002            0.101
     COG043         COG050
       Category 1     Category 1        0.065       0.059             0.006            0.641
       Category 1     Category 2        0.078       0.084            -0.006           -0.546
       Category 2     Category 1        0.208       0.214            -0.006           -0.369
       Category 2     Category 2        0.648       0.643             0.006            0.316
     COG043         COG051
       Category 1     Category 1        0.032       0.032             0.000            0.037
       Category 1     Category 2        0.111       0.111             0.000           -0.021
       Category 2     Category 1        0.088       0.088             0.000           -0.023
       Category 2     Category 2        0.769       0.768             0.000            0.016
     COG043         COG052
       Category 1     Category 1        0.099       0.079             0.020            1.988
       Category 1     Category 2        0.045       0.064            -0.020           -2.186
       Category 2     Category 1        0.218       0.238            -0.020           -1.260
       Category 2     Category 2        0.639       0.619             0.020            1.105
     COG043         COG053
       Category 1     Category 1        0.061       0.089            -0.028           -2.694
       Category 1     Category 2        0.083       0.054             0.028            3.388
       Category 2     Category 1        0.273       0.245             0.028            1.785
       Category 2     Category 2        0.583       0.611            -0.028           -1.575
     COG043         COG054
       Category 1     Category 1        0.076       0.061             0.015            1.724
       Category 1     Category 2        0.068       0.083            -0.015           -1.493
       Category 2     Category 1        0.256       0.271            -0.015           -0.926
       Category 2     Category 2        0.601       0.586             0.015            0.835
     COG043         COG055
       Category 1     Category 1        0.043       0.034             0.009            1.411
       Category 1     Category 2        0.100       0.110            -0.009           -0.818
       Category 2     Category 1        0.078       0.088            -0.009           -0.902
       Category 2     Category 2        0.778       0.769             0.009            0.606
     COG043         COG056
       Category 1     Category 1        0.089       0.093            -0.003           -0.313
       Category 1     Category 2        0.054       0.051             0.003            0.413
       Category 2     Category 1        0.352       0.348             0.003            0.190
       Category 2     Category 2        0.505       0.508            -0.003           -0.181
     COG043         COG057
       Category 1     Category 1        0.123       0.133            -0.010           -0.781
       Category 1     Category 2        0.020       0.011             0.010            2.593
       Category 2     Category 1        0.693       0.683             0.010            0.569
       Category 2     Category 2        0.164       0.173            -0.010           -0.700
     COG043         COG058
       Category 1     Category 1        0.087       0.088            -0.002           -0.154
       Category 1     Category 2        0.057       0.055             0.002            0.191
       Category 2     Category 1        0.348       0.346             0.002            0.092
       Category 2     Category 2        0.509       0.510            -0.002           -0.087
     COG043         COG060
       Category 1     Category 1        0.116       0.114             0.003            0.237
       Category 1     Category 2        0.027       0.030            -0.003           -0.442
       Category 2     Category 1        0.495       0.498            -0.003           -0.150
       Category 2     Category 2        0.361       0.359             0.003            0.157
     COG043         COG061
       Category 1     Category 1        0.133       0.127             0.006            0.498
       Category 1     Category 2        0.011       0.017            -0.006           -1.283
       Category 2     Category 1        0.627       0.633            -0.006           -0.343
       Category 2     Category 2        0.230       0.224             0.006            0.397
     COG043         COG062
       Category 1     Category 1        0.139       0.132             0.007            0.571
       Category 1     Category 2        0.004       0.011            -0.007           -1.841
       Category 2     Category 1        0.710       0.718            -0.007           -0.430
       Category 2     Category 2        0.146       0.139             0.007            0.560
     COG043         COG063
       Category 1     Category 1        0.137       0.137            -0.001           -0.053
       Category 1     Category 2        0.007       0.006             0.001            0.233
       Category 2     Category 1        0.750       0.749             0.001            0.042
       Category 2     Category 2        0.107       0.108            -0.001           -0.059
     COG043         COG064
       Category 1     Category 1        0.133       0.132             0.001            0.051
       Category 1     Category 2        0.011       0.011            -0.001           -0.161
       Category 2     Category 1        0.631       0.631            -0.001           -0.036
       Category 2     Category 2        0.226       0.225             0.001            0.041
     COG043         COG066
       Category 1     Category 1        0.137       0.134             0.002            0.195
       Category 1     Category 2        0.007       0.009            -0.002           -0.695
       Category 2     Category 1        0.687       0.690            -0.002           -0.143
       Category 2     Category 2        0.169       0.167             0.002            0.178
     COG044         COG045
       Category 1     Category 1        0.065       0.056             0.009            1.103
       Category 1     Category 2        0.047       0.057            -0.009           -1.094
       Category 2     Category 1        0.307       0.316            -0.009           -0.544
       Category 2     Category 2        0.581       0.571             0.009            0.511
     COG044         COG046
       Category 1     Category 1        0.076       0.075             0.000            0.044
       Category 1     Category 2        0.037       0.037             0.000           -0.061
       Category 2     Category 1        0.437       0.438             0.000           -0.023
       Category 2     Category 2        0.451       0.450             0.000            0.023
     COG044         COG048
       Category 1     Category 1        0.028       0.036            -0.007           -1.052
       Category 1     Category 2        0.084       0.077             0.007            0.732
       Category 2     Category 1        0.080       0.073             0.007            0.751
       Category 2     Category 2        0.808       0.815            -0.007           -0.502
     COG044         COG049
       Category 1     Category 1        0.034       0.031             0.003            0.410
       Category 1     Category 2        0.078       0.081            -0.003           -0.261
       Category 2     Category 1        0.122       0.124            -0.003           -0.216
       Category 2     Category 2        0.766       0.763             0.003            0.168
     COG044         COG050
       Category 1     Category 1        0.054       0.046             0.008            1.049
       Category 1     Category 2        0.058       0.066            -0.008           -0.883
       Category 2     Category 1        0.219       0.227            -0.008           -0.524
       Category 2     Category 2        0.668       0.660             0.008            0.464
     COG044         COG051
       Category 1     Category 1        0.030       0.025             0.005            0.839
       Category 1     Category 2        0.083       0.087            -0.005           -0.464
       Category 2     Category 1        0.091       0.095            -0.005           -0.446
       Category 2     Category 2        0.797       0.792             0.005            0.323
     COG044         COG052
       Category 1     Category 1        0.055       0.061            -0.006           -0.632
       Category 1     Category 2        0.057       0.051             0.006            0.686
       Category 2     Category 1        0.261       0.256             0.006            0.347
       Category 2     Category 2        0.627       0.632            -0.006           -0.314
     COG044         COG053
       Category 1     Category 1        0.062       0.069            -0.006           -0.690
       Category 1     Category 2        0.050       0.044             0.006            0.854
       Category 2     Category 1        0.272       0.266             0.006            0.395
       Category 2     Category 2        0.616       0.622            -0.006           -0.360
     COG044         COG054
       Category 1     Category 1        0.054       0.047             0.007            0.889
       Category 1     Category 2        0.058       0.065            -0.007           -0.764
       Category 2     Category 1        0.277       0.284            -0.007           -0.418
       Category 2     Category 2        0.610       0.603             0.007            0.385
     COG044         COG055
       Category 1     Category 1        0.030       0.026             0.004            0.601
       Category 1     Category 2        0.083       0.086            -0.004           -0.343
       Category 2     Category 1        0.092       0.096            -0.004           -0.327
       Category 2     Category 2        0.796       0.792             0.004            0.237
     COG044         COG056
       Category 1     Category 1        0.074       0.072             0.003            0.276
       Category 1     Category 2        0.038       0.041            -0.003           -0.362
       Category 2     Category 1        0.367       0.369            -0.003           -0.148
       Category 2     Category 2        0.521       0.518             0.003            0.143
     COG044         COG057
       Category 1     Category 1        0.095       0.104            -0.009           -0.796
       Category 1     Category 2        0.018       0.009             0.009            2.619
       Category 2     Category 1        0.721       0.712             0.009            0.536
       Category 2     Category 2        0.166       0.175            -0.009           -0.638
     COG044         COG058
       Category 1     Category 1        0.068       0.068            -0.001           -0.083
       Category 1     Category 2        0.045       0.044             0.001            0.103
       Category 2     Category 1        0.367       0.366             0.001            0.044
       Category 2     Category 2        0.521       0.522            -0.001           -0.042
     COG044         COG060
       Category 1     Category 1        0.091       0.088             0.002            0.228
       Category 1     Category 2        0.022       0.024            -0.002           -0.422
       Category 2     Category 1        0.521       0.523            -0.002           -0.129
       Category 2     Category 2        0.367       0.364             0.002            0.134
     COG044         COG061
       Category 1     Category 1        0.097       0.099            -0.001           -0.109
       Category 1     Category 2        0.015       0.014             0.001            0.279
       Category 2     Category 1        0.662       0.661             0.001            0.069
       Category 2     Category 2        0.226       0.227            -0.001           -0.077
     COG044         COG062
       Category 1     Category 1        0.104       0.103             0.001            0.080
       Category 1     Category 2        0.008       0.009            -0.001           -0.257
       Category 2     Category 1        0.746       0.746            -0.001           -0.056
       Category 2     Category 2        0.142       0.141             0.001            0.070
     COG044         COG063
       Category 1     Category 1        0.107       0.107             0.000           -0.034
       Category 1     Category 2        0.005       0.005             0.000            0.148
       Category 2     Category 1        0.779       0.779             0.000            0.025
       Category 2     Category 2        0.108       0.109             0.000           -0.034
     COG044         COG064
       Category 1     Category 1        0.101       0.103            -0.001           -0.113
       Category 1     Category 2        0.011       0.010             0.001            0.354
       Category 2     Category 1        0.662       0.660             0.001            0.073
       Category 2     Category 2        0.226       0.227            -0.001           -0.082
     COG044         COG066
       Category 1     Category 1        0.107       0.105             0.002            0.196
       Category 1     Category 2        0.005       0.008            -0.002           -0.689
       Category 2     Category 1        0.717       0.719            -0.002           -0.133
       Category 2     Category 2        0.171       0.168             0.002            0.160
     COG045         COG046
       Category 1     Category 1        0.223       0.210             0.013            0.855
       Category 1     Category 2        0.149       0.162            -0.013           -0.946
       Category 2     Category 1        0.290       0.302            -0.013           -0.758
       Category 2     Category 2        0.338       0.325             0.013            0.743
     COG045         COG048
       Category 1     Category 1        0.051       0.060            -0.008           -0.940
       Category 1     Category 2        0.321       0.313             0.008            0.480
       Category 2     Category 1        0.057       0.049             0.008            1.034
       Category 2     Category 2        0.571       0.579            -0.008           -0.451
     COG045         COG049
       Category 1     Category 1        0.088       0.087             0.001            0.116
       Category 1     Category 2        0.284       0.285            -0.001           -0.073
       Category 2     Category 1        0.068       0.069            -0.001           -0.129
       Category 2     Category 2        0.560       0.559             0.001            0.066
     COG045         COG050
       Category 1     Category 1        0.181       0.144             0.037            2.861
       Category 1     Category 2        0.191       0.228            -0.037           -2.398
       Category 2     Category 1        0.092       0.129            -0.037           -3.000
       Category 2     Category 2        0.536       0.499             0.037            2.011
     COG045         COG051
       Category 1     Category 1        0.072       0.068             0.003            0.356
       Category 1     Category 2        0.300       0.304            -0.003           -0.195
       Category 2     Category 1        0.049       0.052            -0.003           -0.405
       Category 2     Category 2        0.579       0.576             0.003            0.182
     COG045         COG052
       Category 1     Category 1        0.146       0.144             0.002            0.186
       Category 1     Category 2        0.226       0.228            -0.002           -0.156
       Category 2     Category 1        0.171       0.173            -0.002           -0.173
       Category 2     Category 2        0.457       0.455             0.002            0.131
     COG045         COG053
       Category 1     Category 1        0.157       0.156             0.001            0.074
       Category 1     Category 2        0.215       0.216            -0.001           -0.065
       Category 2     Category 1        0.177       0.178            -0.001           -0.070
       Category 2     Category 2        0.451       0.450             0.001            0.054
     COG045         COG054
       Category 1     Category 1        0.150       0.146             0.004            0.322
       Category 1     Category 2        0.222       0.226            -0.004           -0.272
       Category 2     Category 1        0.181       0.186            -0.004           -0.292
       Category 2     Category 2        0.447       0.442             0.004            0.229
     COG045         COG055
       Category 1     Category 1        0.066       0.071            -0.005           -0.501
       Category 1     Category 2        0.306       0.301             0.005            0.281
       Category 2     Category 1        0.055       0.051             0.005            0.587
       Category 2     Category 2        0.572       0.577            -0.005           -0.261
     COG045         COG056
       Category 1     Category 1        0.202       0.216            -0.015           -0.962
       Category 1     Category 2        0.171       0.156             0.015            1.091
       Category 2     Category 1        0.240       0.225             0.015            0.948
       Category 2     Category 2        0.388       0.403            -0.015           -0.807
     COG045         COG057
       Category 1     Category 1        0.314       0.319            -0.005           -0.288
       Category 1     Category 2        0.058       0.053             0.005            0.597
       Category 2     Category 1        0.502       0.497             0.005            0.268
       Category 2     Category 2        0.126       0.131            -0.005           -0.397
     COG045         COG058
       Category 1     Category 1        0.198       0.207            -0.010           -0.654
       Category 1     Category 2        0.175       0.165             0.010            0.715
       Category 2     Category 1        0.237       0.227             0.010            0.633
       Category 2     Category 2        0.391       0.401            -0.010           -0.541
     COG045         COG060
       Category 1     Category 1        0.271       0.276            -0.005           -0.314
       Category 1     Category 2        0.101       0.096             0.005            0.476
       Category 2     Category 1        0.341       0.336             0.005            0.297
       Category 2     Category 2        0.287       0.292            -0.005           -0.309
     COG045         COG061
       Category 1     Category 1        0.300       0.316            -0.016           -0.938
       Category 1     Category 2        0.072       0.056             0.016            1.902
       Category 2     Category 1        0.459       0.443             0.016            0.878
       Category 2     Category 2        0.169       0.185            -0.016           -1.123
     COG045         COG062
       Category 1     Category 1        0.342       0.336             0.006            0.349
       Category 1     Category 2        0.030       0.036            -0.006           -0.887
       Category 2     Category 1        0.507       0.514            -0.006           -0.330
       Category 2     Category 2        0.120       0.114             0.006            0.518
     COG045         COG063
       Category 1     Category 1        0.342       0.350            -0.008           -0.463
       Category 1     Category 2        0.030       0.022             0.008            1.520
       Category 2     Category 1        0.544       0.536             0.008            0.443
       Category 2     Category 2        0.084       0.092            -0.008           -0.765
     COG045         COG064
       Category 1     Category 1        0.318       0.339            -0.021           -1.226
       Category 1     Category 2        0.054       0.033             0.021            3.261
       Category 2     Category 1        0.445       0.424             0.021            1.175
       Category 2     Category 2        0.183       0.204            -0.021           -1.441
     COG045         COG066
       Category 1     Category 1        0.329       0.339            -0.010           -0.578
       Category 1     Category 2        0.043       0.033             0.010            1.527
       Category 2     Category 1        0.495       0.485             0.010            0.548
       Category 2     Category 2        0.133       0.143            -0.010           -0.782
     COG046         COG048
       Category 1     Category 1        0.072       0.080            -0.008           -0.805
       Category 1     Category 2        0.441       0.433             0.008            0.440
       Category 2     Category 1        0.037       0.029             0.008            1.311
       Category 2     Category 2        0.451       0.459            -0.008           -0.438
     COG046         COG049
       Category 1     Category 1        0.101       0.097             0.004            0.410
       Category 1     Category 2        0.411       0.416            -0.004           -0.246
       Category 2     Category 1        0.054       0.059            -0.004           -0.517
       Category 2     Category 2        0.433       0.429             0.004            0.245
     COG046         COG050
       Category 1     Category 1        0.157       0.161            -0.004           -0.296
       Category 1     Category 2        0.356       0.352             0.004            0.228
       Category 2     Category 1        0.116       0.112             0.004            0.344
       Category 2     Category 2        0.371       0.375            -0.004           -0.225
     COG046         COG051
       Category 1     Category 1        0.080       0.076             0.004            0.415
       Category 1     Category 2        0.433       0.437            -0.004           -0.221
       Category 2     Category 1        0.041       0.045            -0.004           -0.532
       Category 2     Category 2        0.447       0.443             0.004            0.221
     COG046         COG052
       Category 1     Category 1        0.162       0.197            -0.034           -2.341
       Category 1     Category 2        0.350       0.316             0.034            2.000
       Category 2     Category 1        0.154       0.120             0.034            2.862
       Category 2     Category 2        0.333       0.367            -0.034           -1.930
     COG046         COG053
       Category 1     Category 1        0.191       0.213            -0.022           -1.485
       Category 1     Category 2        0.322       0.300             0.022            1.328
       Category 2     Category 1        0.143       0.121             0.022            1.864
       Category 2     Category 2        0.344       0.366            -0.022           -1.262
     COG046         COG054
       Category 1     Category 1        0.183       0.184            -0.001           -0.099
       Category 1     Category 2        0.330       0.329             0.001            0.082
       Category 2     Category 1        0.149       0.147             0.001            0.108
       Category 2     Category 2        0.338       0.340            -0.001           -0.081
     COG046         COG055
       Category 1     Category 1        0.084       0.078             0.006            0.630
       Category 1     Category 2        0.429       0.435            -0.006           -0.340
       Category 2     Category 1        0.038       0.044            -0.006           -0.821
       Category 2     Category 2        0.449       0.443             0.006            0.340
     COG046         COG056
       Category 1     Category 1        0.263       0.258             0.004            0.259
       Category 1     Category 2        0.250       0.255            -0.004           -0.260
       Category 2     Category 1        0.179       0.183            -0.004           -0.293
       Category 2     Category 2        0.309       0.304             0.004            0.246
     COG046         COG057
       Category 1     Category 1        0.432       0.439            -0.008           -0.424
       Category 1     Category 2        0.081       0.073             0.008            0.806
       Category 2     Category 1        0.384       0.377             0.008            0.434
       Category 2     Category 2        0.103       0.111            -0.008           -0.671
     COG046         COG058
       Category 1     Category 1        0.258       0.251             0.007            0.465
       Category 1     Category 2        0.254       0.262            -0.007           -0.459
       Category 2     Category 1        0.176       0.183            -0.007           -0.521
       Category 2     Category 2        0.311       0.304             0.007            0.438
     COG046         COG060
       Category 1     Category 1        0.353       0.344             0.009            0.510
       Category 1     Category 2        0.160       0.169            -0.009           -0.647
       Category 2     Category 1        0.258       0.267            -0.009           -0.547
       Category 2     Category 2        0.229       0.220             0.009            0.585
     COG046         COG061
       Category 1     Category 1        0.425       0.411             0.013            0.743
       Category 1     Category 2        0.088       0.101            -0.013           -1.211
       Category 2     Category 1        0.334       0.348            -0.013           -0.767
       Category 2     Category 2        0.153       0.139             0.013            1.055
     COG046         COG062
       Category 1     Category 1        0.470       0.449             0.021            1.122
       Category 1     Category 2        0.043       0.064            -0.021           -2.282
       Category 2     Category 1        0.380       0.401            -0.021           -1.138
       Category 2     Category 2        0.107       0.086             0.021            1.986
     COG046         COG063
       Category 1     Category 1        0.478       0.469             0.009            0.497
       Category 1     Category 2        0.035       0.044            -0.009           -1.205
       Category 2     Category 1        0.409       0.418            -0.009           -0.503
       Category 2     Category 2        0.078       0.069             0.009            0.976
     COG046         COG064
       Category 1     Category 1        0.422       0.421             0.001            0.049
       Category 1     Category 2        0.091       0.092            -0.001           -0.084
       Category 2     Category 1        0.341       0.342            -0.001           -0.051
       Category 2     Category 2        0.146       0.145             0.001            0.069
     COG046         COG066
       Category 1     Category 1        0.463       0.444             0.019            1.018
       Category 1     Category 2        0.050       0.069            -0.019           -2.000
       Category 2     Category 1        0.361       0.380            -0.019           -1.042
       Category 2     Category 2        0.126       0.107             0.019            1.634
     COG048         COG049
       Category 1     Category 1        0.027       0.037            -0.010           -1.428
       Category 1     Category 2        0.081       0.071             0.010            1.047
       Category 2     Category 1        0.129       0.119             0.010            0.833
       Category 2     Category 2        0.763       0.773            -0.010           -0.643
     COG048         COG050
       Category 1     Category 1        0.047       0.051            -0.004           -0.496
       Category 1     Category 2        0.061       0.057             0.004            0.473
       Category 2     Category 1        0.226       0.222             0.004            0.264
       Category 2     Category 2        0.666       0.670            -0.004           -0.233
     COG048         COG051
       Category 1     Category 1        0.030       0.030             0.000           -0.023
       Category 1     Category 2        0.078       0.078             0.000            0.015
       Category 2     Category 1        0.091       0.091             0.000            0.014
       Category 2     Category 2        0.801       0.801             0.000           -0.010
     COG048         COG052
       Category 1     Category 1        0.051       0.071            -0.019           -2.038
       Category 1     Category 2        0.057       0.038             0.019            2.744
       Category 2     Category 1        0.265       0.246             0.019            1.212
       Category 2     Category 2        0.627       0.646            -0.019           -1.092
     COG048         COG053
       Category 1     Category 1        0.107       0.081             0.026            2.635
       Category 1     Category 2        0.001       0.028            -0.026           -4.367
       Category 2     Category 1        0.227       0.254            -0.026           -1.648
       Category 2     Category 2        0.664       0.638             0.026            1.492
     COG048         COG054
       Category 1     Category 1        0.051       0.050             0.002            0.204
       Category 1     Category 2        0.057       0.058            -0.002           -0.189
       Category 2     Category 1        0.280       0.282            -0.002           -0.099
       Category 2     Category 2        0.612       0.610             0.002            0.091
     COG048         COG055
       Category 1     Category 1        0.028       0.032            -0.003           -0.528
       Category 1     Category 2        0.080       0.076             0.003            0.349
       Category 2     Category 1        0.093       0.090             0.003            0.324
       Category 2     Category 2        0.798       0.802            -0.003           -0.232
     COG048         COG056
       Category 1     Category 1        0.054       0.078            -0.024           -2.461
       Category 1     Category 2        0.054       0.030             0.024            3.893
       Category 2     Category 1        0.387       0.363             0.024            1.376
       Category 2     Category 2        0.505       0.529            -0.024           -1.326
     COG048         COG057
       Category 1     Category 1        0.096       0.103            -0.007           -0.654
       Category 1     Category 2        0.012       0.005             0.007            2.869
       Category 2     Category 1        0.720       0.713             0.007            0.440
       Category 2     Category 2        0.172       0.179            -0.007           -0.520
     COG048         COG058
       Category 1     Category 1        0.058       0.074            -0.016           -1.660
       Category 1     Category 2        0.050       0.034             0.016            2.399
       Category 2     Category 1        0.376       0.360             0.016            0.906
       Category 2     Category 2        0.516       0.532            -0.016           -0.872
     COG048         COG060
       Category 1     Category 1        0.078       0.092            -0.014           -1.292
       Category 1     Category 2        0.030       0.016             0.014            2.977
       Category 2     Category 1        0.533       0.519             0.014            0.748
       Category 2     Category 2        0.359       0.372            -0.014           -0.773
     COG048         COG061
       Category 1     Category 1        0.087       0.099            -0.013           -1.166
       Category 1     Category 2        0.022       0.009             0.013            3.731
       Category 2     Category 1        0.673       0.660             0.013            0.736
       Category 2     Category 2        0.219       0.232            -0.013           -0.826
     COG048         COG062
       Category 1     Category 1        0.097       0.102            -0.005           -0.419
       Category 1     Category 2        0.011       0.006             0.005            1.623
       Category 2     Category 1        0.752       0.748             0.005            0.292
       Category 2     Category 2        0.139       0.144            -0.005           -0.362
     COG048         COG063
       Category 1     Category 1        0.100       0.106            -0.005           -0.475
       Category 1     Category 2        0.008       0.003             0.005            2.789
       Category 2     Category 1        0.786       0.781             0.005            0.353
       Category 2     Category 2        0.106       0.111            -0.005           -0.465
     COG048         COG064
       Category 1     Category 1        0.100       0.104            -0.004           -0.326
       Category 1     Category 2        0.008       0.004             0.004            1.490
       Category 2     Category 1        0.663       0.659             0.004            0.210
       Category 2     Category 2        0.229       0.232            -0.004           -0.235
     COG048         COG066
       Category 1     Category 1        0.099       0.104            -0.006           -0.490
       Category 1     Category 2        0.009       0.004             0.006            2.384
       Category 2     Category 1        0.725       0.720             0.006            0.334
       Category 2     Category 2        0.166       0.172            -0.006           -0.397
     COG049         COG050
       Category 1     Category 1        0.078       0.075             0.003            0.355
       Category 1     Category 2        0.077       0.081            -0.003           -0.344
       Category 2     Category 1        0.195       0.198            -0.003           -0.235
       Category 2     Category 2        0.650       0.646             0.003            0.196
     COG049         COG051
       Category 1     Category 1        0.068       0.066             0.002            0.222
       Category 1     Category 2        0.088       0.090            -0.002           -0.192
       Category 2     Category 1        0.053       0.055            -0.002           -0.242
       Category 2     Category 2        0.792       0.790             0.002            0.135
     COG049         COG052
       Category 1     Category 1        0.074       0.073             0.001            0.132
       Category 1     Category 2        0.081       0.082            -0.001           -0.125
       Category 2     Category 1        0.242       0.243            -0.001           -0.080
       Category 2     Category 2        0.602       0.601             0.001            0.070
     COG049         COG053
       Category 1     Category 1        0.069       0.081            -0.012           -1.213
       Category 1     Category 2        0.087       0.074             0.012            1.263
       Category 2     Category 1        0.265       0.253             0.012            0.762
       Category 2     Category 2        0.579       0.591            -0.012           -0.674
     COG049         COG054
       Category 1     Category 1        0.074       0.086            -0.012           -1.133
       Category 1     Category 2        0.081       0.069             0.012            1.250
       Category 2     Category 1        0.257       0.245             0.012            0.739
       Category 2     Category 2        0.587       0.599            -0.012           -0.648
     COG049         COG055
       Category 1     Category 1        0.062       0.072            -0.009           -0.997
       Category 1     Category 2        0.093       0.084             0.009            0.928
       Category 2     Category 1        0.060       0.050             0.009            1.179
       Category 2     Category 2        0.785       0.794            -0.009           -0.636
     COG049         COG056
       Category 1     Category 1        0.154       0.144             0.010            0.795
       Category 1     Category 2        0.001       0.012            -0.010           -2.604
       Category 2     Category 1        0.287       0.297            -0.010           -0.611
       Category 2     Category 2        0.558       0.547             0.010            0.561
     COG049         COG057
       Category 1     Category 1        0.142       0.139             0.003            0.216
       Category 1     Category 2        0.014       0.016            -0.003           -0.590
       Category 2     Category 1        0.674       0.677            -0.003           -0.160
       Category 2     Category 2        0.171       0.168             0.003            0.200
     COG049         COG058
       Category 1     Category 1        0.123       0.135            -0.012           -0.921
       Category 1     Category 2        0.032       0.021             0.012            2.199
       Category 2     Category 1        0.311       0.300             0.012            0.687
       Category 2     Category 2        0.533       0.545            -0.012           -0.632
     COG049         COG060
       Category 1     Category 1        0.150       0.152            -0.002           -0.139
       Category 1     Category 2        0.005       0.004             0.002            0.835
       Category 2     Category 1        0.461       0.460             0.002            0.100
       Category 2     Category 2        0.383       0.385            -0.002           -0.103
     COG049         COG061
       Category 1     Category 1        0.147       0.153            -0.006           -0.451
       Category 1     Category 2        0.008       0.002             0.006            3.514
       Category 2     Category 1        0.612       0.606             0.006            0.332
       Category 2     Category 2        0.233       0.239            -0.006           -0.381
     COG049         COG062
       Category 1     Category 1        0.152       0.153            -0.001           -0.112
       Category 1     Category 2        0.004       0.003             0.001            0.793
       Category 2     Category 1        0.698       0.697             0.001            0.088
       Category 2     Category 2        0.146       0.148            -0.001           -0.113
     COG049         COG063
       Category 1     Category 1        0.154       0.155            -0.001           -0.083
       Category 1     Category 2        0.001       0.000             0.001            1.908
       Category 2     Category 1        0.732       0.731             0.001            0.068
       Category 2     Category 2        0.112       0.113            -0.001           -0.095
     COG049         COG064
       Category 1     Category 1        0.145       0.151            -0.006           -0.438
       Category 1     Category 2        0.011       0.005             0.006            2.207
       Category 2     Category 1        0.618       0.613             0.006            0.322
       Category 2     Category 2        0.226       0.232            -0.006           -0.371
     COG049         COG066
       Category 1     Category 1        0.156       0.156             0.000            0.009
       Category 1     Category 2        0.000       0.000             0.000           -0.292
       Category 2     Category 1        0.668       0.669             0.000           -0.007
       Category 2     Category 2        0.176       0.176             0.000            0.008
     COG050         COG051
       Category 1     Category 1        0.064       0.060             0.004            0.450
       Category 1     Category 2        0.210       0.214            -0.004           -0.260
       Category 2     Category 1        0.057       0.061            -0.004           -0.446
       Category 2     Category 2        0.670       0.666             0.004            0.226
     COG050         COG052
       Category 1     Category 1        0.120       0.115             0.006            0.504
       Category 1     Category 2        0.153       0.159            -0.006           -0.439
       Category 2     Category 1        0.196       0.202            -0.006           -0.400
       Category 2     Category 2        0.530       0.525             0.006            0.321
     COG050         COG053
       Category 1     Category 1        0.122       0.126            -0.004           -0.309
       Category 1     Category 2        0.152       0.148             0.004            0.288
       Category 2     Category 1        0.212       0.209             0.004            0.252
       Category 2     Category 2        0.514       0.518            -0.004           -0.205
     COG050         COG054
       Category 1     Category 1        0.127       0.115             0.012            1.040
       Category 1     Category 2        0.146       0.158            -0.012           -0.909
       Category 2     Category 1        0.204       0.217            -0.012           -0.806
       Category 2     Category 2        0.522       0.510             0.012            0.664
     COG050         COG055
       Category 1     Category 1        0.065       0.063             0.002            0.263
       Category 1     Category 2        0.208       0.211            -0.002           -0.156
       Category 2     Category 1        0.057       0.059            -0.002           -0.270
       Category 2     Category 2        0.670       0.667             0.002            0.135
     COG050         COG056
       Category 1     Category 1        0.162       0.176            -0.014           -0.999
       Category 1     Category 2        0.111       0.097             0.014            1.287
       Category 2     Category 1        0.279       0.265             0.014            0.863
       Category 2     Category 2        0.448       0.462            -0.014           -0.764
     COG050         COG057
       Category 1     Category 1        0.233       0.239            -0.006           -0.380
       Category 1     Category 2        0.041       0.035             0.006            0.887
       Category 2     Category 1        0.583       0.577             0.006            0.328
       Category 2     Category 2        0.143       0.149            -0.006           -0.455
     COG050         COG058
       Category 1     Category 1        0.156       0.168            -0.012           -0.880
       Category 1     Category 2        0.118       0.106             0.012            1.070
       Category 2     Category 1        0.279       0.267             0.012            0.743
       Category 2     Category 2        0.448       0.460            -0.012           -0.660
     COG050         COG060
       Category 1     Category 1        0.211       0.217            -0.006           -0.403
       Category 1     Category 2        0.062       0.056             0.006            0.722
       Category 2     Category 1        0.401       0.394             0.006            0.340
       Category 2     Category 2        0.326       0.332            -0.006           -0.353
     COG050         COG061
       Category 1     Category 1        0.238       0.242            -0.004           -0.233
       Category 1     Category 2        0.035       0.032             0.004            0.570
       Category 2     Category 1        0.521       0.517             0.004            0.199
       Category 2     Category 2        0.206       0.209            -0.004           -0.245
     COG050         COG062
       Category 1     Category 1        0.250       0.252            -0.002           -0.130
       Category 1     Category 2        0.023       0.021             0.002            0.394
       Category 2     Category 1        0.599       0.597             0.002            0.115
       Category 2     Category 2        0.127       0.129            -0.002           -0.168
     COG050         COG063
       Category 1     Category 1        0.263       0.262             0.000            0.011
       Category 1     Category 2        0.011       0.011             0.000           -0.045
       Category 2     Category 1        0.624       0.624             0.000           -0.010
       Category 2     Category 2        0.103       0.103             0.000            0.015
     COG050         COG064
       Category 1     Category 1        0.240       0.262            -0.022           -1.363
       Category 1     Category 2        0.034       0.012             0.022            5.546
       Category 2     Category 1        0.524       0.502             0.022            1.198
       Category 2     Category 2        0.203       0.225            -0.022           -1.434
     COG050         COG066
       Category 1     Category 1        0.249       0.257            -0.008           -0.488
       Category 1     Category 2        0.024       0.017             0.008            1.674
       Category 2     Category 1        0.575       0.567             0.008            0.430
       Category 2     Category 2        0.152       0.159            -0.008           -0.583
     COG051         COG052
       Category 1     Category 1        0.065       0.058             0.007            0.841
       Category 1     Category 2        0.055       0.063            -0.007           -0.809
       Category 2     Category 1        0.252       0.259            -0.007           -0.448
       Category 2     Category 2        0.628       0.621             0.007            0.404
     COG051         COG053
       Category 1     Category 1        0.061       0.064            -0.003           -0.365
       Category 1     Category 2        0.060       0.056             0.003            0.388
       Category 2     Category 1        0.273       0.270             0.003            0.201
       Category 2     Category 2        0.606       0.610            -0.003           -0.183
     COG051         COG054
       Category 1     Category 1        0.066       0.068            -0.002           -0.206
       Category 1     Category 2        0.054       0.052             0.002            0.234
       Category 2     Category 1        0.265       0.263             0.002            0.118
       Category 2     Category 2        0.614       0.616            -0.002           -0.107
     COG051         COG055
       Category 1     Category 1        0.061       0.060             0.001            0.158
       Category 1     Category 2        0.060       0.061            -0.001           -0.156
       Category 2     Category 1        0.061       0.062            -0.001           -0.155
       Category 2     Category 2        0.819       0.817             0.001            0.097
     COG051         COG056
       Category 1     Category 1        0.111       0.113            -0.002           -0.133
       Category 1     Category 2        0.009       0.008             0.002            0.476
       Category 2     Category 1        0.330       0.329             0.002            0.090
       Category 2     Category 2        0.549       0.551            -0.002           -0.085
     COG051         COG057
       Category 1     Category 1        0.110       0.108             0.001            0.121
       Category 1     Category 2        0.011       0.012            -0.001           -0.342
       Category 2     Category 1        0.706       0.708            -0.001           -0.083
       Category 2     Category 2        0.173       0.172             0.001            0.100
     COG051         COG058
       Category 1     Category 1        0.120       0.106             0.015            1.291
       Category 1     Category 2        0.000       0.015            -0.015           -3.310
       Category 2     Category 1        0.314       0.329            -0.015           -0.846
       Category 2     Category 2        0.566       0.551             0.015            0.798
     COG051         COG060
       Category 1     Category 1        0.116       0.118            -0.002           -0.136
       Category 1     Category 2        0.004       0.002             0.002            0.888
       Category 2     Category 1        0.495       0.494             0.002            0.088
       Category 2     Category 2        0.384       0.386            -0.002           -0.090
     COG051         COG061
       Category 1     Category 1        0.116       0.119            -0.003           -0.217
       Category 1     Category 2        0.004       0.001             0.003            1.833
       Category 2     Category 1        0.643       0.640             0.003            0.146
       Category 2     Category 2        0.237       0.239            -0.003           -0.165
     COG051         COG062
       Category 1     Category 1        0.118       0.119            -0.001           -0.076
       Category 1     Category 2        0.003       0.002             0.001            0.576
       Category 2     Category 1        0.732       0.731             0.001            0.055
       Category 2     Category 2        0.147       0.148            -0.001           -0.069
     COG051         COG063
       Category 1     Category 1        0.118       0.120            -0.003           -0.212
       Category 1     Category 2        0.003       0.000             0.003            5.247
       Category 2     Category 1        0.769       0.766             0.003            0.163
       Category 2     Category 2        0.111       0.113            -0.003           -0.217
     COG051         COG064
       Category 1     Category 1        0.115       0.117            -0.002           -0.158
       Category 1     Category 2        0.005       0.004             0.002            0.852
       Category 2     Category 1        0.648       0.646             0.002            0.106
       Category 2     Category 2        0.231       0.233            -0.002           -0.120
     COG051         COG066
       Category 1     Category 1        0.120       0.120             0.000            0.007
       Category 1     Category 2        0.000       0.000             0.000           -0.251
       Category 2     Category 1        0.704       0.704             0.000           -0.005
       Category 2     Category 2        0.176       0.176             0.000            0.006
     COG052         COG053
       Category 1     Category 1        0.141       0.163            -0.022           -1.647
       Category 1     Category 2        0.176       0.154             0.022            1.689
       Category 2     Category 1        0.194       0.171             0.022            1.616
       Category 2     Category 2        0.490       0.512            -0.022           -1.218
     COG052         COG054
       Category 1     Category 1        0.157       0.124             0.033            2.763
       Category 1     Category 2        0.160       0.193            -0.033           -2.303
       Category 2     Category 1        0.175       0.208            -0.033           -2.240
       Category 2     Category 2        0.509       0.475             0.033            1.820
     COG052         COG055
       Category 1     Category 1        0.077       0.060             0.017            1.967
       Category 1     Category 2        0.240       0.257            -0.017           -1.069
       Category 2     Category 1        0.045       0.062            -0.017           -1.938
       Category 2     Category 2        0.639       0.622             0.017            0.963
     COG052         COG056
       Category 1     Category 1        0.180       0.182            -0.002           -0.145
       Category 1     Category 2        0.137       0.135             0.002            0.164
       Category 2     Category 1        0.261       0.259             0.002            0.128
       Category 2     Category 2        0.422       0.424            -0.002           -0.113
     COG052         COG057
       Category 1     Category 1        0.277       0.284            -0.006           -0.383
       Category 1     Category 2        0.039       0.033             0.006            0.967
       Category 2     Category 1        0.539       0.532             0.006            0.346
       Category 2     Category 2        0.145       0.151            -0.006           -0.482
     COG052         COG058
       Category 1     Category 1        0.171       0.175            -0.004           -0.306
       Category 1     Category 2        0.146       0.142             0.004            0.333
       Category 2     Category 1        0.264       0.260             0.004            0.265
       Category 2     Category 2        0.419       0.424            -0.004           -0.235
     COG052         COG060
       Category 1     Category 1        0.237       0.233             0.004            0.265
       Category 1     Category 2        0.080       0.084            -0.004           -0.404
       Category 2     Category 1        0.375       0.379            -0.004           -0.231
       Category 2     Category 2        0.309       0.304             0.004            0.244
     COG052         COG061
       Category 1     Category 1        0.277       0.268             0.010            0.589
       Category 1     Category 2        0.039       0.049            -0.010           -1.210
       Category 2     Category 1        0.482       0.491            -0.010           -0.522
       Category 2     Category 2        0.202       0.192             0.010            0.662
     COG052         COG062
       Category 1     Category 1        0.291       0.285             0.006            0.339
       Category 1     Category 2        0.026       0.031            -0.006           -0.879
       Category 2     Category 1        0.559       0.564            -0.006           -0.309
       Category 2     Category 2        0.124       0.119             0.006            0.473
     COG052         COG063
       Category 1     Category 1        0.302       0.297             0.004            0.265
       Category 1     Category 2        0.015       0.019            -0.004           -0.881
       Category 2     Category 1        0.585       0.589            -0.004           -0.247
       Category 2     Category 2        0.099       0.094             0.004            0.415
     COG052         COG064
       Category 1     Category 1        0.280       0.278             0.002            0.129
       Category 1     Category 2        0.037       0.039            -0.002           -0.300
       Category 2     Category 1        0.483       0.485            -0.002           -0.116
       Category 2     Category 2        0.200       0.198             0.002            0.145
     COG052         COG066
       Category 1     Category 1        0.288       0.287             0.001            0.081
       Category 1     Category 2        0.028       0.030            -0.001           -0.216
       Category 2     Category 1        0.536       0.537            -0.001           -0.073
       Category 2     Category 2        0.147       0.146             0.001            0.104
     COG053         COG054
       Category 1     Category 1        0.139       0.133             0.006            0.476
       Category 1     Category 2        0.195       0.201            -0.006           -0.404
       Category 2     Category 1        0.192       0.198            -0.006           -0.406
       Category 2     Category 2        0.474       0.468             0.006            0.324
     COG053         COG055
       Category 1     Category 1        0.065       0.067            -0.002           -0.204
       Category 1     Category 2        0.269       0.267             0.002            0.115
       Category 2     Category 1        0.057       0.055             0.002            0.224
       Category 2     Category 2        0.609       0.611            -0.002           -0.105
     COG053         COG056
       Category 1     Category 1        0.172       0.199            -0.027           -1.868
       Category 1     Category 2        0.162       0.135             0.027            2.184
       Category 2     Category 1        0.269       0.242             0.027            1.743
       Category 2     Category 2        0.396       0.424            -0.027           -1.510
     COG053         COG057
       Category 1     Category 1        0.286       0.303            -0.018           -1.059
       Category 1     Category 2        0.049       0.031             0.018            2.818
       Category 2     Category 1        0.530       0.513             0.018            0.974
       Category 2     Category 2        0.135       0.153            -0.018           -1.352
     COG053         COG058
       Category 1     Category 1        0.157       0.191            -0.034           -2.335
       Category 1     Category 2        0.177       0.144             0.034            2.617
       Category 2     Category 1        0.277       0.244             0.034            2.137
       Category 2     Category 2        0.388       0.422            -0.034           -1.858
     COG053         COG060
       Category 1     Category 1        0.226       0.252            -0.026           -1.631
       Category 1     Category 2        0.108       0.082             0.026            2.579
       Category 2     Category 1        0.386       0.360             0.026            1.476
       Category 2     Category 2        0.280       0.306            -0.026           -1.537
     COG053         COG061
       Category 1     Category 1        0.269       0.287            -0.018           -1.067
       Category 1     Category 2        0.065       0.047             0.018            2.276
       Category 2     Category 1        0.490       0.472             0.018            0.967
       Category 2     Category 2        0.176       0.194            -0.018           -1.221
     COG053         COG062
       Category 1     Category 1        0.298       0.304            -0.006           -0.353
       Category 1     Category 2        0.037       0.031             0.006            0.942
       Category 2     Category 1        0.552       0.546             0.006            0.326
       Category 2     Category 2        0.114       0.120            -0.006           -0.500
     COG053         COG063
       Category 1     Category 1        0.310       0.316            -0.006           -0.375
       Category 1     Category 2        0.024       0.018             0.006            1.315
       Category 2     Category 1        0.576       0.570             0.006            0.353
       Category 2     Category 2        0.089       0.096            -0.006           -0.593
     COG053         COG064
       Category 1     Category 1        0.294       0.299            -0.005           -0.326
       Category 1     Category 2        0.041       0.035             0.005            0.810
       Category 2     Category 1        0.470       0.464             0.005            0.299
       Category 2     Category 2        0.196       0.202            -0.005           -0.372
     COG053         COG066
       Category 1     Category 1        0.294       0.307            -0.013           -0.775
       Category 1     Category 2        0.041       0.027             0.013            2.188
       Category 2     Category 1        0.530       0.517             0.013            0.715
       Category 2     Category 2        0.135       0.148            -0.013           -1.005
     COG054         COG055
       Category 1     Category 1        0.073       0.071             0.002            0.187
       Category 1     Category 2        0.258       0.260            -0.002           -0.110
       Category 2     Category 1        0.049       0.050            -0.002           -0.220
       Category 2     Category 2        0.620       0.618             0.002            0.099
     COG054         COG056
       Category 1     Category 1        0.179       0.207            -0.029           -1.924
       Category 1     Category 2        0.153       0.124             0.029            2.365
       Category 2     Category 1        0.263       0.234             0.029            1.843
       Category 2     Category 2        0.406       0.435            -0.029           -1.574
     COG054         COG057
       Category 1     Category 1        0.294       0.281             0.012            0.737
       Category 1     Category 2        0.038       0.050            -0.012           -1.520
       Category 2     Category 1        0.522       0.535            -0.012           -0.665
       Category 2     Category 2        0.146       0.134             0.012            0.973
     COG054         COG058
       Category 1     Category 1        0.189       0.198            -0.008           -0.552
       Category 1     Category 2        0.142       0.134             0.008            0.645
       Category 2     Category 1        0.245       0.237             0.008            0.517
       Category 2     Category 2        0.424       0.432            -0.008           -0.444
     COG054         COG060
       Category 1     Category 1        0.250       0.258            -0.008           -0.498
       Category 1     Category 2        0.081       0.073             0.008            0.837
       Category 2     Category 1        0.361       0.353             0.008            0.456
       Category 2     Category 2        0.307       0.315            -0.008           -0.469
     COG054         COG061
       Category 1     Category 1        0.288       0.290            -0.002           -0.118
       Category 1     Category 2        0.043       0.041             0.002            0.269
       Category 2     Category 1        0.471       0.469             0.002            0.107
       Category 2     Category 2        0.198       0.200            -0.002           -0.134
     COG054         COG062
       Category 1     Category 1        0.298       0.304            -0.007           -0.393
       Category 1     Category 2        0.034       0.027             0.007            1.113
       Category 2     Category 1        0.552       0.545             0.007            0.364
       Category 2     Category 2        0.116       0.123            -0.007           -0.551
     COG054         COG063
       Category 1     Category 1        0.313       0.317            -0.004           -0.242
       Category 1     Category 2        0.019       0.015             0.004            0.932
       Category 2     Category 1        0.574       0.570             0.004            0.227
       Category 2     Category 2        0.095       0.099            -0.004           -0.377
     COG054         COG064
       Category 1     Category 1        0.299       0.285             0.014            0.825
       Category 1     Category 2        0.032       0.046            -0.014           -1.774
       Category 2     Category 1        0.464       0.478            -0.014           -0.745
       Category 2     Category 2        0.204       0.191             0.014            0.948
     COG054         COG066
       Category 1     Category 1        0.310       0.309             0.001            0.044
       Category 1     Category 2        0.022       0.022            -0.001           -0.137
       Category 2     Category 1        0.514       0.515            -0.001           -0.041
       Category 2     Category 2        0.154       0.154             0.001            0.056
     COG055         COG056
       Category 1     Category 1        0.110       0.117            -0.008           -0.649
       Category 1     Category 2        0.012       0.005             0.008            3.117
       Category 2     Category 1        0.332       0.324             0.008            0.446
       Category 2     Category 2        0.547       0.554            -0.008           -0.420
     COG055         COG057
       Category 1     Category 1        0.118       0.110             0.008            0.664
       Category 1     Category 2        0.004       0.012            -0.008           -1.932
       Category 2     Category 1        0.698       0.706            -0.008           -0.456
       Category 2     Category 2        0.180       0.172             0.008            0.550
     COG055         COG058
       Category 1     Category 1        0.112       0.111             0.002            0.133
       Category 1     Category 2        0.009       0.011            -0.002           -0.401
       Category 2     Category 1        0.322       0.324            -0.002           -0.090
       Category 2     Category 2        0.556       0.555             0.002            0.084
     COG055         COG060
       Category 1     Category 1        0.115       0.121            -0.006           -0.472
       Category 1     Category 2        0.007       0.001             0.006            4.613
       Category 2     Category 1        0.497       0.491             0.006            0.307
       Category 2     Category 2        0.382       0.387            -0.006           -0.316
     COG055         COG061
       Category 1     Category 1        0.120       0.121            -0.001           -0.046
       Category 1     Category 2        0.001       0.001             0.001            0.529
       Category 2     Category 1        0.639       0.638             0.001            0.031
       Category 2     Category 2        0.240       0.240            -0.001           -0.035
     COG055         COG062
       Category 1     Category 1        0.122       0.120             0.001            0.108
       Category 1     Category 2        0.000       0.001            -0.001           -0.980
       Category 2     Category 1        0.728       0.729            -0.001           -0.079
       Category 2     Category 2        0.150       0.149             0.001            0.099
     COG055         COG063
       Category 1     Category 1        0.122       0.122             0.000            0.005
       Category 1     Category 2        0.000       0.000             0.000           -0.216
       Category 2     Category 1        0.765       0.765             0.000           -0.004
       Category 2     Category 2        0.114       0.114             0.000            0.005
     COG055         COG064
       Category 1     Category 1        0.120       0.119             0.001            0.105
       Category 1     Category 2        0.001       0.003            -0.001           -0.666
       Category 2     Category 1        0.643       0.644            -0.001           -0.071
       Category 2     Category 2        0.235       0.234             0.001            0.080
     COG055         COG066
       Category 1     Category 1        0.122       0.122             0.000            0.001
       Category 1     Category 2        0.000       0.000             0.000           -0.095
       Category 2     Category 1        0.702       0.702             0.000           -0.001
       Category 2     Category 2        0.176       0.176             0.000            0.001
     COG056         COG057
       Category 1     Category 1        0.386       0.385             0.001            0.039
       Category 1     Category 2        0.055       0.056            -0.001           -0.083
       Category 2     Category 1        0.430       0.431            -0.001           -0.038
       Category 2     Category 2        0.129       0.128             0.001            0.057
     COG056         COG058
       Category 1     Category 1        0.334       0.326             0.008            0.473
       Category 1     Category 2        0.107       0.115            -0.008           -0.695
       Category 2     Category 1        0.100       0.108            -0.008           -0.713
       Category 2     Category 2        0.459       0.451             0.008            0.446
     COG056         COG060
       Category 1     Category 1        0.425       0.412             0.013            0.733
       Category 1     Category 2        0.016       0.030            -0.013           -2.132
       Category 2     Category 1        0.187       0.200            -0.013           -0.902
       Category 2     Category 2        0.372       0.359             0.013            0.752
     COG056         COG061
       Category 1     Category 1        0.413       0.425            -0.013           -0.697
       Category 1     Category 2        0.028       0.016             0.013            2.767
       Category 2     Category 1        0.346       0.334             0.013            0.730
       Category 2     Category 2        0.212       0.225            -0.013           -0.825
     COG056         COG062
       Category 1     Category 1        0.415       0.426            -0.011           -0.591
       Category 1     Category 2        0.026       0.015             0.011            2.409
       Category 2     Category 1        0.434       0.424             0.011            0.592
       Category 2     Category 2        0.124       0.135            -0.011           -0.855
     COG056         COG063
       Category 1     Category 1        0.434       0.439            -0.005           -0.257
       Category 1     Category 2        0.007       0.002             0.005            2.793
       Category 2     Category 1        0.452       0.447             0.005            0.256
       Category 2     Category 2        0.107       0.112            -0.005           -0.404
     COG056         COG064
       Category 1     Category 1        0.413       0.412             0.000            0.018
       Category 1     Category 2        0.028       0.029             0.000           -0.054
       Category 2     Category 1        0.350       0.351             0.000           -0.019
       Category 2     Category 2        0.208       0.208             0.000            0.022
     COG056         COG066
       Category 1     Category 1        0.437       0.440            -0.003           -0.173
       Category 1     Category 2        0.004       0.001             0.003            2.856
       Category 2     Category 1        0.387       0.384             0.003            0.176
       Category 2     Category 2        0.172       0.175            -0.003           -0.226
     COG057         COG058
       Category 1     Category 1        0.388       0.376             0.012            0.667
       Category 1     Category 2        0.428       0.439            -0.012           -0.651
       Category 2     Category 1        0.046       0.058            -0.012           -1.383
       Category 2     Category 2        0.138       0.126             0.012            0.973
     COG057         COG060
       Category 1     Category 1        0.535       0.524             0.010            0.570
       Category 1     Category 2        0.281       0.292            -0.010           -0.627
       Category 2     Category 1        0.077       0.088            -0.010           -1.008
       Category 2     Category 2        0.107       0.096             0.010            0.965
     COG057         COG061
       Category 1     Category 1        0.656       0.638             0.018            1.026
       Category 1     Category 2        0.160       0.178            -0.018           -1.289
       Category 2     Category 1        0.103       0.121            -0.018           -1.512
       Category 2     Category 2        0.081       0.063             0.018            2.028
     COG057         COG062
       Category 1     Category 1        0.713       0.705             0.008            0.501
       Category 1     Category 2        0.103       0.111            -0.008           -0.726
       Category 2     Category 1        0.137       0.145            -0.008           -0.649
       Category 2     Category 2        0.047       0.039             0.008            1.180
     COG057         COG063
       Category 1     Category 1        0.744       0.736             0.009            0.530
       Category 1     Category 2        0.072       0.080            -0.009           -0.859
       Category 2     Category 1        0.142       0.151            -0.009           -0.653
       Category 2     Category 2        0.042       0.033             0.009            1.301
     COG057         COG064
       Category 1     Category 1        0.654       0.649             0.005            0.282
       Category 1     Category 2        0.162       0.167            -0.005           -0.360
       Category 2     Category 1        0.110       0.115            -0.005           -0.422
       Category 2     Category 2        0.074       0.069             0.005            0.529
     COG057         COG066
       Category 1     Category 1        0.698       0.691             0.007            0.407
       Category 1     Category 2        0.118       0.125            -0.007           -0.569
       Category 2     Category 1        0.126       0.133            -0.007           -0.554
       Category 2     Category 2        0.058       0.051             0.007            0.853
     COG058         COG060
       Category 1     Category 1        0.398       0.386             0.011            0.634
       Category 1     Category 2        0.037       0.048            -0.011           -1.446
       Category 2     Category 1        0.214       0.225            -0.011           -0.739
       Category 2     Category 2        0.352       0.340             0.011            0.652
     COG058         COG061
       Category 1     Category 1        0.403       0.410            -0.006           -0.347
       Category 1     Category 2        0.031       0.025             0.006            1.097
       Category 2     Category 1        0.356       0.350             0.006            0.358
       Category 2     Category 2        0.210       0.216            -0.006           -0.415
     COG058         COG062
       Category 1     Category 1        0.413       0.415            -0.002           -0.113
       Category 1     Category 2        0.022       0.020             0.002            0.403
       Category 2     Category 1        0.437       0.435             0.002            0.113
       Category 2     Category 2        0.129       0.131            -0.002           -0.166
     COG058         COG063
       Category 1     Category 1        0.428       0.429            -0.002           -0.091
       Category 1     Category 2        0.007       0.005             0.002            0.631
       Category 2     Category 1        0.459       0.457             0.002            0.090
       Category 2     Category 2        0.107       0.109            -0.002           -0.145
     COG058         COG064
       Category 1     Category 1        0.402       0.398             0.004            0.212
       Category 1     Category 2        0.032       0.036            -0.004           -0.554
       Category 2     Category 1        0.361       0.365            -0.004           -0.215
       Category 2     Category 2        0.204       0.201             0.004            0.259
     COG058         COG066
       Category 1     Category 1        0.434       0.429             0.005            0.294
       Category 1     Category 2        0.000       0.005            -0.005           -1.996
       Category 2     Category 1        0.390       0.395            -0.005           -0.298
       Category 2     Category 2        0.176       0.171             0.005            0.387
     COG060         COG061
       Category 1     Category 1        0.551       0.565            -0.015           -0.799
       Category 1     Category 2        0.061       0.046             0.015            1.885
       Category 2     Category 1        0.208       0.194             0.015            1.002
       Category 2     Category 2        0.180       0.195            -0.015           -1.001
     COG060         COG062
       Category 1     Category 1        0.568       0.577            -0.009           -0.478
       Category 1     Category 2        0.043       0.035             0.009            1.291
       Category 2     Category 1        0.281       0.273             0.009            0.530
       Category 2     Category 2        0.107       0.116            -0.009           -0.738
     COG060         COG063
       Category 1     Category 1        0.598       0.602            -0.004           -0.226
       Category 1     Category 2        0.014       0.009             0.004            1.144
       Category 2     Category 1        0.288       0.284             0.004            0.246
       Category 2     Category 2        0.100       0.104            -0.004           -0.363
     COG060         COG064
       Category 1     Category 1        0.551       0.548             0.003            0.153
       Category 1     Category 2        0.061       0.064            -0.003           -0.312
       Category 2     Category 1        0.212       0.215            -0.003           -0.185
       Category 2     Category 2        0.176       0.173             0.003            0.201
     COG060         COG066
       Category 1     Category 1        0.599       0.602            -0.003           -0.162
       Category 1     Category 2        0.012       0.009             0.003            0.828
       Category 2     Category 1        0.225       0.222             0.003            0.191
       Category 2     Category 2        0.164       0.167            -0.003           -0.213
     COG061         COG062
       Category 1     Category 1        0.696       0.691             0.004            0.251
       Category 1     Category 2        0.064       0.068            -0.004           -0.462
       Category 2     Category 1        0.154       0.159            -0.004           -0.318
       Category 2     Category 2        0.087       0.082             0.004            0.423
     COG061         COG063
       Category 1     Category 1        0.744       0.726             0.018            1.119
       Category 1     Category 2        0.015       0.033            -0.018           -2.785
       Category 2     Category 1        0.142       0.160            -0.018           -1.360
       Category 2     Category 2        0.099       0.080             0.018            1.836
     COG061         COG064
       Category 1     Category 1        0.651       0.642             0.009            0.514
       Category 1     Category 2        0.108       0.117            -0.009           -0.766
       Category 2     Category 1        0.112       0.121            -0.009           -0.755
       Category 2     Category 2        0.129       0.119             0.009            0.760
     COG061         COG066
       Category 1     Category 1        0.719       0.710             0.009            0.541
       Category 1     Category 2        0.041       0.050            -0.009           -1.131
       Category 2     Category 1        0.106       0.115            -0.009           -0.771
       Category 2     Category 2        0.135       0.126             0.009            0.739
     COG062         COG063
       Category 1     Category 1        0.786       0.786             0.000           -0.007
       Category 1     Category 2        0.064       0.063             0.000            0.012
       Category 2     Category 1        0.100       0.100             0.000            0.010
       Category 2     Category 2        0.050       0.050             0.000           -0.013
     COG062         COG064
       Category 1     Category 1        0.694       0.686             0.008            0.488
       Category 1     Category 2        0.156       0.164            -0.008           -0.612
       Category 2     Category 1        0.069       0.077            -0.008           -0.848
       Category 2     Category 2        0.081       0.073             0.008            0.871
     COG062         COG066
       Category 1     Category 1        0.758       0.750             0.008            0.474
       Category 1     Category 2        0.092       0.100            -0.008           -0.685
       Category 2     Category 1        0.066       0.074            -0.008           -0.784
       Category 2     Category 2        0.084       0.076             0.008            0.772
     COG063         COG064
       Category 1     Category 1        0.724       0.719             0.005            0.311
       Category 1     Category 2        0.162       0.168            -0.005           -0.374
       Category 2     Category 1        0.039       0.044            -0.005           -0.678
       Category 2     Category 2        0.074       0.069             0.005            0.550
     COG063         COG066
       Category 1     Category 1        0.788       0.792            -0.004           -0.290
       Category 1     Category 2        0.099       0.094             0.004            0.402
       Category 2     Category 1        0.037       0.032             0.004            0.666
       Category 2     Category 2        0.077       0.081            -0.004           -0.430
     COG064         COG066
       Category 1     Category 1        0.710       0.695             0.016            0.936
       Category 1     Category 2        0.053       0.069            -0.016           -1.706
       Category 2     Category 1        0.114       0.130            -0.016           -1.284
       Category 2     Category 2        0.123       0.107             0.016            1.393


MODEL MODIFICATION INDICES

NOTE:  Modification indices for direct effects of observed dependent variables
regressed on covariates and residual covariances among observed dependent
variables may not be included.  To include these, request MODINDICES (ALL).

Minimum M.I. value for printing the modification index    10.000

                                   M.I.     E.P.C.  Std E.P.C.  StdYX E.P.C.

BY Statements

WM       BY COG041                10.234     0.583      0.259        0.259
WM       BY COG043                16.149     0.860      0.383        0.383
WM       BY COG044                11.718     0.752      0.335        0.335
WM       BY COG046                28.622     0.919      0.409        0.409
WM       BY COG048               103.626    -2.379     -1.059       -1.059
WM       BY COG052                16.833     0.759      0.338        0.338
WM       BY COG053                72.859    -1.636     -0.728       -0.728
WM       BY COG054                29.222     1.125      0.501        0.501
WM       BY COG055                15.513     1.026      0.457        0.457
WM       BY COG056                12.348    -0.664     -0.296       -0.296
WM       BY COG057                25.040     1.003      0.446        0.446
GDP      BY COG054                30.382     0.727      0.332        0.332
GDP      BY COG055                21.245     0.721      0.330        0.330
GDP      BY COG056                18.703    -0.575     -0.263       -0.263
FS       BY COG040                18.160    -0.554     -0.458       -0.458
FS       BY COG041                11.040     0.213      0.176        0.176
FS       BY COG043                15.096     0.292      0.241        0.241
FS       BY COG045                19.501    -0.515     -0.426       -0.426
FS       BY COG046                36.904     0.365      0.302        0.302
FS       BY COG048               111.293    -0.869     -0.719       -0.719
FS       BY COG052                22.089     0.304      0.252        0.252
FS       BY COG053                94.217    -0.659     -0.545       -0.545
FS       BY COG057                41.501     0.453      0.375        0.375
FS       BY COG064                76.219     1.581      1.308        1.308

WITH Statements

COG045   WITH COG040              27.032     0.347      0.347        0.453
COG048   WITH COG043              10.452    -0.316     -0.316       -0.720
COG050   WITH COG040              11.890     0.247      0.247        0.354
COG050   WITH COG045              33.564     0.334      0.334        0.500
COG052   WITH COG043              14.195     0.248      0.248        0.401
COG052   WITH COG046              15.890    -0.269     -0.269       -0.365
COG052   WITH COG048              10.925    -0.286     -0.286       -0.619
COG053   WITH COG043              18.545    -0.356     -0.356       -0.653
COG053   WITH COG048             284.847     0.923      0.923        2.262
COG054   WITH COG052              17.272     0.247      0.247        0.341
COG056   WITH COG048              17.120    -0.349     -0.349       -1.613
COG056   WITH COG049              31.818     0.247      0.247        1.163
COG056   WITH COG054              10.776    -0.215     -0.215       -0.634
COG058   WITH COG053              14.017    -0.245     -0.245       -0.598
COG060   WITH COG056              21.330     0.153      0.153        0.963
COG061   WITH COG048              10.002    -0.293     -0.293       -0.872
COG062   WITH COG046              10.580     0.226      0.226        0.324
COG063   WITH COG061              33.473     0.261      0.261        0.799
COG064   WITH COG045              14.285    -0.307     -0.307       -1.336
COG064   WITH COG050              28.324    -0.489     -0.489       -2.326
COG066   WITH COG064              10.161     0.153      0.153        1.827


TECHNICAL 1 OUTPUT


     PARAMETER SPECIFICATION


           TAU
              COG040$1      COG041$1      COG043$1      COG044$1      COG045$1
              ________      ________      ________      ________      ________
                  1             2             3             4             5


           TAU
              COG046$1      COG048$1      COG049$1      COG050$1      COG051$1
              ________      ________      ________      ________      ________
                  6             7             8             9            10


           TAU
              COG052$1      COG053$1      COG054$1      COG055$1      COG056$1
              ________      ________      ________      ________      ________
                 11            12            13            14            15


           TAU
              COG057$1      COG058$1      COG060$1      COG061$1      COG062$1
              ________      ________      ________      ________      ________
                 16            17            18            19            20


           TAU
              COG063$1      COG064$1      COG066$1
              ________      ________      ________
                 21            22            23


           NU
              COG040        COG041        COG043        COG044        COG045
              ________      ________      ________      ________      ________
                  0             0             0             0             0


           NU
              COG046        COG048        COG049        COG050        COG051
              ________      ________      ________      ________      ________
                  0             0             0             0             0


           NU
              COG052        COG053        COG054        COG055        COG056
              ________      ________      ________      ________      ________
                  0             0             0             0             0


           NU
              COG057        COG058        COG060        COG061        COG062
              ________      ________      ________      ________      ________
                  0             0             0             0             0


           NU
              COG063        COG064        COG066        BAYMOT
              ________      ________      ________      ________
                  0             0             0             0


           LAMBDA
              WM            GDP           FS            BAYMOT
              ________      ________      ________      ________
 COG040             0             0             0             0
 COG041             0             0             0             0
 COG043             0            24             0             0
 COG044             0            25             0             0
 COG045            26             0             0             0
 COG046             0            27             0             0
 COG048             0            28             0             0
 COG049             0             0             0             0
 COG050            29             0             0             0
 COG051             0             0            30             0
 COG052             0            31             0             0
 COG053             0            32             0             0
 COG054             0             0            33             0
 COG055             0             0            34             0
 COG056             0             0            35             0
 COG057             0            36             0             0
 COG058             0             0            37             0
 COG060             0             0            38             0
 COG061             0             0            39             0
 COG062             0             0            40             0
 COG063             0             0            41             0
 COG064            42             0             0             0
 COG066             0             0            43             0
 BAYMOT             0             0             0             0


           THETA
              COG040        COG041        COG043        COG044        COG045
              ________      ________      ________      ________      ________
 COG040             0
 COG041             0             0
 COG043             0             0             0
 COG044             0             0             0             0
 COG045             0             0             0             0             0
 COG046             0             0             0             0             0
 COG048             0             0             0             0             0
 COG049             0             0             0             0             0
 COG050             0             0             0             0             0
 COG051             0             0             0             0             0
 COG052             0             0             0             0             0
 COG053             0             0             0             0             0
 COG054             0             0             0             0             0
 COG055             0             0             0             0             0
 COG056             0             0             0             0             0
 COG057             0             0             0             0             0
 COG058             0             0             0             0             0
 COG060             0             0             0             0             0
 COG061             0             0             0             0             0
 COG062             0             0             0             0             0
 COG063             0             0             0             0             0
 COG064             0             0             0             0             0
 COG066             0             0             0             0             0
 BAYMOT             0             0             0             0             0


           THETA
              COG046        COG048        COG049        COG050        COG051
              ________      ________      ________      ________      ________
 COG046             0
 COG048             0             0
 COG049             0             0             0
 COG050             0             0             0             0
 COG051             0             0             0             0             0
 COG052             0             0             0             0             0
 COG053             0             0             0             0             0
 COG054             0             0             0             0             0
 COG055             0             0             0             0             0
 COG056             0             0             0             0             0
 COG057             0             0             0             0             0
 COG058             0             0             0             0             0
 COG060             0             0             0             0             0
 COG061             0             0             0             0             0
 COG062             0             0             0             0             0
 COG063             0             0             0             0             0
 COG064             0             0             0             0             0
 COG066             0             0             0             0             0
 BAYMOT             0             0             0             0             0


           THETA
              COG052        COG053        COG054        COG055        COG056
              ________      ________      ________      ________      ________
 COG052             0
 COG053             0             0
 COG054             0             0             0
 COG055             0             0             0             0
 COG056             0             0             0             0             0
 COG057             0             0             0             0             0
 COG058             0             0             0             0             0
 COG060             0             0             0             0             0
 COG061             0             0             0             0             0
 COG062             0             0             0             0             0
 COG063             0             0             0             0             0
 COG064             0             0             0             0             0
 COG066             0             0             0             0             0
 BAYMOT             0             0             0             0             0


           THETA
              COG057        COG058        COG060        COG061        COG062
              ________      ________      ________      ________      ________
 COG057             0
 COG058             0             0
 COG060             0             0             0
 COG061             0             0             0             0
 COG062             0             0             0             0             0
 COG063             0             0             0             0             0
 COG064             0             0             0             0             0
 COG066             0             0             0             0             0
 BAYMOT             0             0             0             0             0


           THETA
              COG063        COG064        COG066        BAYMOT
              ________      ________      ________      ________
 COG063             0
 COG064             0             0
 COG066             0             0             0
 BAYMOT             0             0             0             0


           ALPHA
              WM            GDP           FS            BAYMOT
              ________      ________      ________      ________
                  0             0             0            44


           BETA
              WM            GDP           FS            BAYMOT
              ________      ________      ________      ________
 WM                 0             0             0             0
 GDP                0             0             0             0
 FS                 0             0             0             0
 BAYMOT             0             0             0             0


           PSI
              WM            GDP           FS            BAYMOT
              ________      ________      ________      ________
 WM                45
 GDP               46            47
 FS                48            49            50
 BAYMOT            51            52            53            54


     STARTING VALUES


           TAU
              COG040$1      COG041$1      COG043$1      COG044$1      COG045$1
              ________      ________      ________      ________      ________
               -1.140        -0.583        -1.065        -1.214        -0.326


           TAU
              COG046$1      COG048$1      COG049$1      COG050$1      COG051$1
              ________      ________      ________      ________      ________
                0.032        -1.236        -1.013        -0.603        -1.173


           TAU
              COG052$1      COG053$1      COG054$1      COG055$1      COG056$1
              ________      ________      ________      ________      ________
               -0.477        -0.428        -0.436        -1.166        -0.148


           TAU
              COG057$1      COG058$1      COG060$1      COG061$1      COG062$1
              ________      ________      ________      ________      ________
                0.900        -0.165         0.284         0.704         1.036


           TAU
              COG063$1      COG064$1      COG066$1
              ________      ________      ________
                1.207         0.717         0.931


           NU
              COG040        COG041        COG043        COG044        COG045
              ________      ________      ________      ________      ________
                0.000         0.000         0.000         0.000         0.000


           NU
              COG046        COG048        COG049        COG050        COG051
              ________      ________      ________      ________      ________
                0.000         0.000         0.000         0.000         0.000


           NU
              COG052        COG053        COG054        COG055        COG056
              ________      ________      ________      ________      ________
                0.000         0.000         0.000         0.000         0.000


           NU
              COG057        COG058        COG060        COG061        COG062
              ________      ________      ________      ________      ________
                0.000         0.000         0.000         0.000         0.000


           NU
              COG063        COG064        COG066        BAYMOT
              ________      ________      ________      ________
                0.000         0.000         0.000         0.000


           LAMBDA
              WM            GDP           FS            BAYMOT
              ________      ________      ________      ________
 COG040         1.000         0.000         0.000         0.000
 COG041         0.000         1.000         0.000         0.000
 COG043         0.000         0.875         0.000         0.000
 COG044         0.000         0.782         0.000         0.000
 COG045         1.119         0.000         0.000         0.000
 COG046         0.000         0.625         0.000         0.000
 COG048         0.000         0.941         0.000         0.000
 COG049         0.000         0.000         1.000         0.000
 COG050         1.058         0.000         0.000         0.000
 COG051         0.000         0.000         1.000         0.000
 COG052         0.000         0.887         0.000         0.000
 COG053         0.000         0.862         0.000         0.000
 COG054         0.000         0.000         1.000         0.000
 COG055         0.000         0.000         1.000         0.000
 COG056         0.000         0.000         1.000         0.000
 COG057         0.000         0.483         0.000         0.000
 COG058         0.000         0.000         1.000         0.000
 COG060         0.000         0.000         1.000         0.000
 COG061         0.000         0.000         1.000         0.000
 COG062         0.000         0.000         1.000         0.000
 COG063         0.000         0.000         1.000         0.000
 COG064         0.602         0.000         0.000         0.000
 COG066         0.000         0.000         1.000         0.000
 BAYMOT         0.000         0.000         0.000         1.000


           THETA
              COG040        COG041        COG043        COG044        COG045
              ________      ________      ________      ________      ________
 COG040         1.000
 COG041         0.000         1.000
 COG043         0.000         0.000         1.000
 COG044         0.000         0.000         0.000         1.000
 COG045         0.000         0.000         0.000         0.000         1.000
 COG046         0.000         0.000         0.000         0.000         0.000
 COG048         0.000         0.000         0.000         0.000         0.000
 COG049         0.000         0.000         0.000         0.000         0.000
 COG050         0.000         0.000         0.000         0.000         0.000
 COG051         0.000         0.000         0.000         0.000         0.000
 COG052         0.000         0.000         0.000         0.000         0.000
 COG053         0.000         0.000         0.000         0.000         0.000
 COG054         0.000         0.000         0.000         0.000         0.000
 COG055         0.000         0.000         0.000         0.000         0.000
 COG056         0.000         0.000         0.000         0.000         0.000
 COG057         0.000         0.000         0.000         0.000         0.000
 COG058         0.000         0.000         0.000         0.000         0.000
 COG060         0.000         0.000         0.000         0.000         0.000
 COG061         0.000         0.000         0.000         0.000         0.000
 COG062         0.000         0.000         0.000         0.000         0.000
 COG063         0.000         0.000         0.000         0.000         0.000
 COG064         0.000         0.000         0.000         0.000         0.000
 COG066         0.000         0.000         0.000         0.000         0.000
 BAYMOT         0.000         0.000         0.000         0.000         0.000


           THETA
              COG046        COG048        COG049        COG050        COG051
              ________      ________      ________      ________      ________
 COG046         1.000
 COG048         0.000         1.000
 COG049         0.000         0.000         1.000
 COG050         0.000         0.000         0.000         1.000
 COG051         0.000         0.000         0.000         0.000         1.000
 COG052         0.000         0.000         0.000         0.000         0.000
 COG053         0.000         0.000         0.000         0.000         0.000
 COG054         0.000         0.000         0.000         0.000         0.000
 COG055         0.000         0.000         0.000         0.000         0.000
 COG056         0.000         0.000         0.000         0.000         0.000
 COG057         0.000         0.000         0.000         0.000         0.000
 COG058         0.000         0.000         0.000         0.000         0.000
 COG060         0.000         0.000         0.000         0.000         0.000
 COG061         0.000         0.000         0.000         0.000         0.000
 COG062         0.000         0.000         0.000         0.000         0.000
 COG063         0.000         0.000         0.000         0.000         0.000
 COG064         0.000         0.000         0.000         0.000         0.000
 COG066         0.000         0.000         0.000         0.000         0.000
 BAYMOT         0.000         0.000         0.000         0.000         0.000


           THETA
              COG052        COG053        COG054        COG055        COG056
              ________      ________      ________      ________      ________
 COG052         1.000
 COG053         0.000         1.000
 COG054         0.000         0.000         1.000
 COG055         0.000         0.000         0.000         1.000
 COG056         0.000         0.000         0.000         0.000         1.000
 COG057         0.000         0.000         0.000         0.000         0.000
 COG058         0.000         0.000         0.000         0.000         0.000
 COG060         0.000         0.000         0.000         0.000         0.000
 COG061         0.000         0.000         0.000         0.000         0.000
 COG062         0.000         0.000         0.000         0.000         0.000
 COG063         0.000         0.000         0.000         0.000         0.000
 COG064         0.000         0.000         0.000         0.000         0.000
 COG066         0.000         0.000         0.000         0.000         0.000
 BAYMOT         0.000         0.000         0.000         0.000         0.000


           THETA
              COG057        COG058        COG060        COG061        COG062
              ________      ________      ________      ________      ________
 COG057         1.000
 COG058         0.000         1.000
 COG060         0.000         0.000         1.000
 COG061         0.000         0.000         0.000         1.000
 COG062         0.000         0.000         0.000         0.000         1.000
 COG063         0.000         0.000         0.000         0.000         0.000
 COG064         0.000         0.000         0.000         0.000         0.000
 COG066         0.000         0.000         0.000         0.000         0.000
 BAYMOT         0.000         0.000         0.000         0.000         0.000


           THETA
              COG063        COG064        COG066        BAYMOT
              ________      ________      ________      ________
 COG063         1.000
 COG064         0.000         1.000
 COG066         0.000         0.000         1.000
 BAYMOT         0.000         0.000         0.000         0.000


           ALPHA
              WM            GDP           FS            BAYMOT
              ________      ________      ________      ________
                0.000         0.000         0.000         0.000


           BETA
              WM            GDP           FS            BAYMOT
              ________      ________      ________      ________
 WM             0.000         0.000         0.000         0.000
 GDP            0.000         0.000         0.000         0.000
 FS             0.000         0.000         0.000         0.000
 BAYMOT         0.000         0.000         0.000         0.000


           PSI
              WM            GDP           FS            BAYMOT
              ________      ________      ________      ________
 WM             0.050
 GDP            0.000         0.050
 FS             0.000         0.000         0.050
 BAYMOT         0.000         0.000         0.000         0.500


TECHNICAL 4 OUTPUT


     ESTIMATES DERIVED FROM THE MODEL


           ESTIMATED MEANS FOR THE LATENT VARIABLES
              WM            GDP           FS            BAYMOT
              ________      ________      ________      ________
                0.000         0.000         0.000         0.000


           ESTIMATED COVARIANCE MATRIX FOR THE LATENT VARIABLES
              WM            GDP           FS            BAYMOT
              ________      ________      ________      ________
 WM             0.198
 GDP            0.125         0.209
 FS             0.260         0.204         0.685
 BAYMOT         0.197         0.176         0.339         1.000


           ESTIMATED CORRELATION MATRIX FOR THE LATENT VARIABLES
              WM            GDP           FS            BAYMOT
              ________      ________      ________      ________
 WM             1.000
 GDP            0.617         1.000
 FS             0.707         0.540         1.000
 BAYMOT         0.444         0.385         0.409         1.000


     ESTIMATES DERIVED FROM THE MODEL


           S.E. FOR ESTIMATED MEANS FOR THE LATENT VARIABLES
              WM            GDP           FS            BAYMOT
              ________      ________      ________      ________
                0.000         0.000         0.000         0.039


           EST./S.E. FOR ESTIMATED MEANS FOR THE LATENT VARIABLES
              WM            GDP           FS            BAYMOT
              ________      ________      ________      ________
                0.000         0.000         0.000         0.000


           TWO-TAILED P-VALUE FOR ESTIMATED MEANS FOR THE LATENT VARIABLES
              WM            GDP           FS            BAYMOT
              ________      ________      ________      ________
                1.000         1.000         1.000         1.000


           S.E. FOR ESTIMATED COVARIANCE MATRIX FOR THE LATENT VARIABLES
              WM            GDP           FS            BAYMOT
              ________      ________      ________      ________
 WM             0.056
 GDP            0.027         0.050
 FS             0.043         0.030         0.050
 BAYMOT         0.036         0.028         0.033         0.042


           EST./S.E. FOR ESTIMATED COVARIANCE MATRIX FOR THE LATENT VARIABLES
              WM            GDP           FS            BAYMOT
              ________      ________      ________      ________
 WM             3.543
 GDP            4.682         4.197
 FS             6.023         6.816        13.630
 BAYMOT         5.414         6.353        10.299        23.758


           TWO-TAILED P-VALUE FOR ESTIMATED COVARIANCE MATRIX FOR THE LATENT VARIABLES
              WM            GDP           FS            BAYMOT
              ________      ________      ________      ________
 WM             0.000
 GDP            0.000         0.000
 FS             0.000         0.000         0.000
 BAYMOT         0.000         0.000         0.000         0.000


           S.E. FOR ESTIMATED CORRELATION MATRIX FOR THE LATENT VARIABLES
              WM            GDP           FS            BAYMOT
              ________      ________      ________      ________
 WM             0.000
 GDP            0.050         0.000
 FS             0.040         0.037         0.000
 BAYMOT         0.044         0.037         0.031         0.000


           EST./S.E. FOR ESTIMATED CORRELATION MATRIX FOR THE LATENT VARIABLES
              WM            GDP           FS            BAYMOT
              ________      ________      ________      ________
 WM           999.000
 GDP           12.429       999.000
 FS            17.481        14.422       999.000
 BAYMOT        10.093        10.482        13.010       999.000


           TWO-TAILED P-VALUE FOR ESTIMATED CORRELATION MATRIX FOR THE LATENT VARIABLES
              WM            GDP           FS            BAYMOT
              ________      ________      ________      ________
 WM             0.000
 GDP            0.000         0.000
 FS             0.000         0.000         0.000
 BAYMOT         0.000         0.000         0.000         0.000


SAMPLE STATISTICS FOR ESTIMATED FACTOR SCORES


     SAMPLE STATISTICS


           Means
              WM            WM_SE         GDP           GDP_SE        FS
              ________      ________      ________      ________      ________
                0.016         0.233        -0.017         0.256         0.005


           Means
              FS_SE
              ________
                0.281


           Covariances
              WM            WM_SE         GDP           GDP_SE        FS
              ________      ________      ________      ________      ________
 WM             0.126
 WM_SE         -0.009         0.002
 GDP            0.099        -0.006         0.122
 GDP_SE         0.007         0.000         0.009         0.001
 FS             0.224        -0.015         0.179         0.012         0.559
 FS_SE         -0.004         0.001        -0.002         0.000        -0.008


           Covariances
              FS_SE
              ________
 FS_SE          0.003


           Correlations
              WM            WM_SE         GDP           GDP_SE        FS
              ________      ________      ________      ________      ________
 WM             1.000
 WM_SE         -0.565         1.000
 GDP            0.796        -0.354         1.000
 GDP_SE         0.606        -0.159         0.882         1.000
 FS             0.843        -0.441         0.684         0.513         1.000
 FS_SE         -0.211         0.562        -0.105         0.166        -0.214


           Correlations
              FS_SE
              ________
 FS_SE          1.000


SAVEDATA INFORMATION


  Save file
    ../../fscores_structural.dat

  Order and format of variables

    COG040         F10.3
    COG041         F10.3
    COG043         F10.3
    COG044         F10.3
    COG045         F10.3
    COG046         F10.3
    COG048         F10.3
    COG049         F10.3
    COG050         F10.3
    COG051         F10.3
    COG052         F10.3
    COG053         F10.3
    COG054         F10.3
    COG055         F10.3
    COG056         F10.3
    COG057         F10.3
    COG058         F10.3
    COG060         F10.3
    COG061         F10.3
    COG062         F10.3
    COG063         F10.3
    COG064         F10.3
    COG066         F10.3
    BAYMOT         F10.3
    WM             F10.3
    WM_SE          F10.3
    GDP            F10.3
    GDP_SE         F10.3
    FS             F10.3
    FS_SE          F10.3

  Save file format
    30F10.3

  Save file record length    10000

  Save missing symbol        *


     Beginning Time:  14:45:32
        Ending Time:  14:45:32
       Elapsed Time:  00:00:00



MUTHEN & MUTHEN
3463 Stoner Ave.
Los Angeles, CA  90066

Tel: (310) 391-9971
Fax: (310) 391-8971
Web: www.StatModel.com
Support: Support@StatModel.com

Copyright (c) 1998-2021 Muthen & Muthen
