Mplus VERSION 8.6
MUTHEN & MUTHEN
06/04/2026   2:45 PM

INPUT INSTRUCTIONS

  TITLE:
    Structural model - UNIDIM - BayMot outcome ~ COG
    WLSMV estimator; items treated as categorical (binary)
    Single factor: COG (all items load on one factor)

  DATA:
    FILE = "../../combined.dat";

  VARIABLE:
    NAMES ARE
      COG034 COG035 COG036 COG037 COG038 COG039 COG040 COG041
      COG042 COG043 COG044 COG045 COG046 COG047 COG048 COG049 COG050
      COG051 COG052 COG053 COG054 COG055 COG056 COG057 COG058
      COG060 COG061 COG062 COG063 COG064 COG065 COG066 COG067 COG068
      GA BirthWt Sex HdCirc IUGR GDiab PrEcl AntCor_P AntCor_C
      MomAge MomEdu DadEdu EthSAsian EthBlack EthMixed EthOther
      MomEng EPDSTot StimEnv PrLax PrOvr PrVrb PrSty
      CBInt CBExt CBTot CBAnx CBWth CBSom CBSlp CBAtt CBAgg
      ECSur ECNeg ECEff BayMot BayLan QchatTot;

    USEVARIABLES ARE
      COG040 COG041
      COG043 COG044 COG045 COG046 COG048 COG049 COG050
      COG051 COG052 COG053 COG054 COG055 COG056 COG057 COG058
      COG060 COG061 COG062 COG063 COG064 COG066
      BayMot;

    CATEGORICAL ARE
      COG040 COG041
      COG043 COG044 COG045 COG046 COG048 COG049 COG050
      COG051 COG052 COG053 COG054 COG055 COG056 COG057 COG058
      COG060 COG061 COG062 COG063 COG064 COG066;

    MISSING ARE ALL (-999);

  DEFINE:
    STANDARDIZE BayMot;

  ANALYSIS:
    ESTIMATOR = WLSMV;

  MODEL:
    COG BY
      COG040 COG045 COG050 COG064
      COG041 COG043 COG044 COG046
      COG048 COG052 COG053 COG057
      COG049 COG051 COG054 COG055 COG056
      COG058 COG060 COG061 COG062 COG063 COG066;

    BayMot WITH COG;

  OUTPUT:
    STANDARDIZED;
    MODINDICES(10);
    RESIDUAL;
    SAMPSTAT;
    TECH1;
    TECH4;
    CINTERVAL;

  SAVEDATA:
    FILE = "../../fscores_structural.dat";
    SAVE = FSCORES;



INPUT READING TERMINATED NORMALLY




Structural model - UNIDIM - BayMot outcome ~ COG
WLSMV estimator; items treated as categorical (binary)
Single factor: COG (all items load on one factor)

SUMMARY OF ANALYSIS

Number of groups                                                 1
Number of observations                                         739

Number of dependent variables                                   24
Number of independent variables                                  0
Number of continuous latent variables                            1

Observed dependent variables

  Continuous
   BAYMOT

  Binary and ordered categorical (ordinal)
   COG040      COG041      COG043      COG044      COG045      COG046
   COG048      COG049      COG050      COG051      COG052      COG053
   COG054      COG055      COG056      COG057      COG058      COG060
   COG061      COG062      COG063      COG064      COG066

Continuous latent variables
   COG


Estimator                                                    WLSMV
Maximum number of iterations                                  1000
Convergence criterion                                    0.500D-04
Maximum number of steepest descent iterations                   20
Maximum number of iterations for H1                           2000
Convergence criterion for H1                             0.100D-03
Parameterization                                             DELTA
Link                                                        PROBIT

Input data file(s)
  ../../combined.dat

Input data format  FREE


SUMMARY OF DATA

     Number of missing data patterns             1


COVARIANCE COVERAGE OF DATA

Minimum covariance coverage value   0.100


     PROPORTION OF DATA PRESENT


           Covariance Coverage
              COG040        COG041        COG043        COG044        COG045
              ________      ________      ________      ________      ________
 COG040         1.000
 COG041         1.000         1.000
 COG043         1.000         1.000         1.000
 COG044         1.000         1.000         1.000         1.000
 COG045         1.000         1.000         1.000         1.000         1.000
 COG046         1.000         1.000         1.000         1.000         1.000
 COG048         1.000         1.000         1.000         1.000         1.000
 COG049         1.000         1.000         1.000         1.000         1.000
 COG050         1.000         1.000         1.000         1.000         1.000
 COG051         1.000         1.000         1.000         1.000         1.000
 COG052         1.000         1.000         1.000         1.000         1.000
 COG053         1.000         1.000         1.000         1.000         1.000
 COG054         1.000         1.000         1.000         1.000         1.000
 COG055         1.000         1.000         1.000         1.000         1.000
 COG056         1.000         1.000         1.000         1.000         1.000
 COG057         1.000         1.000         1.000         1.000         1.000
 COG058         1.000         1.000         1.000         1.000         1.000
 COG060         1.000         1.000         1.000         1.000         1.000
 COG061         1.000         1.000         1.000         1.000         1.000
 COG062         1.000         1.000         1.000         1.000         1.000
 COG063         1.000         1.000         1.000         1.000         1.000
 COG064         1.000         1.000         1.000         1.000         1.000
 COG066         1.000         1.000         1.000         1.000         1.000
 BAYMOT         1.000         1.000         1.000         1.000         1.000


           Covariance Coverage
              COG046        COG048        COG049        COG050        COG051
              ________      ________      ________      ________      ________
 COG046         1.000
 COG048         1.000         1.000
 COG049         1.000         1.000         1.000
 COG050         1.000         1.000         1.000         1.000
 COG051         1.000         1.000         1.000         1.000         1.000
 COG052         1.000         1.000         1.000         1.000         1.000
 COG053         1.000         1.000         1.000         1.000         1.000
 COG054         1.000         1.000         1.000         1.000         1.000
 COG055         1.000         1.000         1.000         1.000         1.000
 COG056         1.000         1.000         1.000         1.000         1.000
 COG057         1.000         1.000         1.000         1.000         1.000
 COG058         1.000         1.000         1.000         1.000         1.000
 COG060         1.000         1.000         1.000         1.000         1.000
 COG061         1.000         1.000         1.000         1.000         1.000
 COG062         1.000         1.000         1.000         1.000         1.000
 COG063         1.000         1.000         1.000         1.000         1.000
 COG064         1.000         1.000         1.000         1.000         1.000
 COG066         1.000         1.000         1.000         1.000         1.000
 BAYMOT         1.000         1.000         1.000         1.000         1.000


           Covariance Coverage
              COG052        COG053        COG054        COG055        COG056
              ________      ________      ________      ________      ________
 COG052         1.000
 COG053         1.000         1.000
 COG054         1.000         1.000         1.000
 COG055         1.000         1.000         1.000         1.000
 COG056         1.000         1.000         1.000         1.000         1.000
 COG057         1.000         1.000         1.000         1.000         1.000
 COG058         1.000         1.000         1.000         1.000         1.000
 COG060         1.000         1.000         1.000         1.000         1.000
 COG061         1.000         1.000         1.000         1.000         1.000
 COG062         1.000         1.000         1.000         1.000         1.000
 COG063         1.000         1.000         1.000         1.000         1.000
 COG064         1.000         1.000         1.000         1.000         1.000
 COG066         1.000         1.000         1.000         1.000         1.000
 BAYMOT         1.000         1.000         1.000         1.000         1.000


           Covariance Coverage
              COG057        COG058        COG060        COG061        COG062
              ________      ________      ________      ________      ________
 COG057         1.000
 COG058         1.000         1.000
 COG060         1.000         1.000         1.000
 COG061         1.000         1.000         1.000         1.000
 COG062         1.000         1.000         1.000         1.000         1.000
 COG063         1.000         1.000         1.000         1.000         1.000
 COG064         1.000         1.000         1.000         1.000         1.000
 COG066         1.000         1.000         1.000         1.000         1.000
 BAYMOT         1.000         1.000         1.000         1.000         1.000


           Covariance Coverage
              COG063        COG064        COG066        BAYMOT
              ________      ________      ________      ________
 COG063         1.000
 COG064         1.000         1.000
 COG066         1.000         1.000         1.000
 BAYMOT         1.000         1.000         1.000         1.000


UNIVARIATE PROPORTIONS AND COUNTS FOR CATEGORICAL VARIABLES

    COG040
      Category 1    0.127           94.000
      Category 2    0.873          645.000
    COG041
      Category 1    0.280          207.000
      Category 2    0.720          532.000
    COG043
      Category 1    0.143          106.000
      Category 2    0.857          633.000
    COG044
      Category 1    0.112           83.000
      Category 2    0.888          656.000
    COG045
      Category 1    0.372          275.000
      Category 2    0.628          464.000
    COG046
      Category 1    0.513          379.000
      Category 2    0.487          360.000
    COG048
      Category 1    0.108           80.000
      Category 2    0.892          659.000
    COG049
      Category 1    0.156          115.000
      Category 2    0.844          624.000
    COG050
      Category 1    0.273          202.000
      Category 2    0.727          537.000
    COG051
      Category 1    0.120           89.000
      Category 2    0.880          650.000
    COG052
      Category 1    0.317          234.000
      Category 2    0.683          505.000
    COG053
      Category 1    0.334          247.000
      Category 2    0.666          492.000
    COG054
      Category 1    0.332          245.000
      Category 2    0.668          494.000
    COG055
      Category 1    0.122           90.000
      Category 2    0.878          649.000
    COG056
      Category 1    0.441          326.000
      Category 2    0.559          413.000
    COG057
      Category 1    0.816          603.000
      Category 2    0.184          136.000
    COG058
      Category 1    0.434          321.000
      Category 2    0.566          418.000
    COG060
      Category 1    0.612          452.000
      Category 2    0.388          287.000
    COG061
      Category 1    0.759          561.000
      Category 2    0.241          178.000
    COG062
      Category 1    0.850          628.000
      Category 2    0.150          111.000
    COG063
      Category 1    0.886          655.000
      Category 2    0.114           84.000
    COG064
      Category 1    0.763          564.000
      Category 2    0.237          175.000
    COG066
      Category 1    0.824          609.000
      Category 2    0.176          130.000


SAMPLE STATISTICS


     ESTIMATED SAMPLE STATISTICS


           MEANS/INTERCEPTS/THRESHOLDS
              COG040$1      COG041$1      COG043$1      COG044$1      COG045$1
              ________      ________      ________      ________      ________
               -1.140        -0.583        -1.065        -1.214        -0.326


           MEANS/INTERCEPTS/THRESHOLDS
              COG046$1      COG048$1      COG049$1      COG050$1      COG051$1
              ________      ________      ________      ________      ________
                0.032        -1.236        -1.013        -0.603        -1.173


           MEANS/INTERCEPTS/THRESHOLDS
              COG052$1      COG053$1      COG054$1      COG055$1      COG056$1
              ________      ________      ________      ________      ________
               -0.477        -0.428        -0.436        -1.166        -0.148


           MEANS/INTERCEPTS/THRESHOLDS
              COG057$1      COG058$1      COG060$1      COG061$1      COG062$1
              ________      ________      ________      ________      ________
                0.900        -0.165         0.284         0.704         1.036


           MEANS/INTERCEPTS/THRESHOLDS
              COG063$1      COG064$1      COG066$1      BAYMOT
              ________      ________      ________      ________
                1.207         0.717         0.931         0.000


           CORRELATION MATRIX (WITH VARIANCES ON THE DIAGONAL)
              COG040        COG041        COG043        COG044        COG045
              ________      ________      ________      ________      ________
 COG040
 COG041         0.088
 COG043         0.095         0.221
 COG044         0.340         0.318         0.291
 COG045         0.534         0.217         0.265         0.304
 COG046         0.193         0.179         0.160         0.241         0.214
 COG048         0.123         0.213         0.261         0.357         0.154
 COG049         0.307         0.188         0.310         0.301         0.315
 COG050         0.487         0.247         0.310         0.330         0.573
 COG051         0.265         0.293         0.283         0.339         0.335
 COG052         0.128         0.202         0.572         0.272         0.206
 COG053         0.080         0.160         0.152         0.329         0.231
 COG054         0.169         0.166         0.320         0.230         0.192
 COG055         0.187         0.319         0.438         0.334         0.262
 COG056         0.235         0.168         0.286         0.324         0.247
 COG057         0.084         0.315         0.107         0.063         0.104
 COG058         0.133         0.192         0.267         0.246         0.238
 COG060         0.202         0.249         0.351         0.322         0.297
 COG061         0.056         0.256         0.402         0.228         0.155
 COG062         0.230         0.351         0.447         0.230         0.314
 COG063         0.180         0.322         0.264         0.244         0.179
 COG064         0.325         0.276         0.396         0.313         0.300
 COG066         0.151         0.333         0.398         0.372         0.235
 BAYMOT         0.259         0.149         0.350         0.244         0.240


           CORRELATION MATRIX (WITH VARIANCES ON THE DIAGONAL)
              COG046        COG048        COG049        COG050        COG051
              ________      ________      ________      ________      ________
 COG048         0.221
 COG049         0.229         0.204
 COG050         0.126         0.262         0.400
 COG051         0.228         0.354         0.686         0.402
 COG052         0.000         0.242         0.277         0.273         0.343
 COG053         0.133         0.909         0.188         0.242         0.266
 COG054         0.087         0.218         0.249         0.289         0.335
 COG055         0.269         0.326         0.628         0.411         0.713
 COG056         0.229         0.086         0.904         0.311         0.723
 COG057         0.124         0.174         0.272         0.113         0.245
 COG058         0.226         0.151         0.564         0.276         0.897
 COG060         0.256         0.178         0.711         0.352         0.682
 COG061         0.284         0.079         0.489         0.317         0.534
 COG062         0.361         0.137         0.469         0.253         0.466
 COG063         0.302         0.129         0.550         0.371         0.397
 COG064         0.248         0.371         0.423         0.323         0.483
 COG066         0.386         0.230         0.697         0.302         0.652
 BAYMOT         0.132         0.235         0.353         0.352         0.408


           CORRELATION MATRIX (WITH VARIANCES ON THE DIAGONAL)
              COG052        COG053        COG054        COG055        COG056
              ________      ________      ________      ________      ________
 COG053         0.260
 COG054         0.380         0.211
 COG055         0.474         0.307         0.405
 COG056         0.281         0.168         0.223         0.688
 COG057         0.210         0.136         0.252         0.460         0.249
 COG058         0.231         0.082         0.310         0.732         0.791
 COG060         0.320         0.156         0.345         0.619         0.899
 COG061         0.354         0.140         0.340         0.662         0.641
 COG062         0.284         0.167         0.198         0.624         0.461
 COG063         0.347         0.206         0.293         0.572         0.650
 COG064         0.372         0.362         0.440         0.658         0.633
 COG066         0.320         0.201         0.431         0.654         0.805
 BAYMOT         0.193         0.296         0.293         0.555         0.294


           CORRELATION MATRIX (WITH VARIANCES ON THE DIAGONAL)
              COG057        COG058        COG060        COG061        COG062
              ________      ________      ________      ________      ________
 COG058         0.332
 COG060         0.332         0.800
 COG061         0.392         0.609         0.647
 COG062         0.280         0.503         0.504         0.563
 COG063         0.344         0.644         0.701         0.838         0.536
 COG064         0.337         0.590         0.636         0.615         0.521
 COG066         0.328         0.886         0.838         0.822         0.680
 BAYMOT         0.184         0.335         0.300         0.205         0.216


           CORRELATION MATRIX (WITH VARIANCES ON THE DIAGONAL)
              COG063        COG064        COG066        BAYMOT
              ________      ________      ________      ________
 COG064         0.620
 COG066         0.754         0.757
 BAYMOT         0.224         0.326         0.254         1.000


UNIVARIATE SAMPLE STATISTICS


     UNIVARIATE HIGHER-ORDER MOMENT DESCRIPTIVE STATISTICS

         Variable/         Mean/     Skewness/   Minimum/ % with                Percentiles
        Sample Size      Variance    Kurtosis    Maximum  Min/Max      20%/60%    40%/80%    Median

     BAYMOT                0.000      -0.663      -4.920    0.14%      -0.751     -0.155      0.143
             739.000       1.000       1.495       3.121    0.14%       0.143      0.838


     THIS ANALYSIS MAY HAVE MULTIPLE SOLUTIONS.  EXPLORE THIS USING RANDOM STARTS,
     FOR EXAMPLE, STARTS = 20.  USE A LARGE ENOUGH NUMBER OF STARTS SO THAT THE
     BEST FIT FUNCTION VALUE IS REPLICATED SEVERAL TIMES.


THE MODEL ESTIMATION TERMINATED NORMALLY



MODEL FIT INFORMATION

Number of Free Parameters                       49

Chi-Square Test of Model Fit

          Value                           1285.589*
          Degrees of Freedom                   252
          P-Value                           0.0000

*   The chi-square value for MLM, MLMV, MLR, ULSMV, WLSM and WLSMV cannot be used
    for chi-square difference testing in the regular way.  MLM, MLR and WLSM
    chi-square difference testing is described on the Mplus website.  MLMV, WLSMV,
    and ULSMV difference testing is done using the DIFFTEST option.

RMSEA (Root Mean Square Error Of Approximation)

          Estimate                           0.074
          90 Percent C.I.                    0.070  0.079
          Probability RMSEA <= .05           0.000

CFI/TLI

          CFI                                0.879
          TLI                                0.868

Chi-Square Test of Model Fit for the Baseline Model

          Value                           8851.737
          Degrees of Freedom                   276
          P-Value                           0.0000

SRMR (Standardized Root Mean Square Residual)

          Value                              0.112

Optimum Function Value for Weighted Least-Squares Estimator

          Value                     0.89561268D+00



MODEL RESULTS

                                                    Two-Tailed
                    Estimate       S.E.  Est./S.E.    P-Value

 COG      BY
    COG040             1.000      0.000    999.000    999.000
    COG045             1.197      0.204      5.878      0.000
    COG050             1.458      0.248      5.886      0.000
    COG064             2.201      0.376      5.856      0.000
    COG041             1.026      0.211      4.861      0.000
    COG043             1.445      0.288      5.024      0.000
    COG044             1.294      0.247      5.231      0.000
    COG046             0.961      0.198      4.859      0.000
    COG048             1.619      0.296      5.468      0.000
    COG052             1.313      0.244      5.370      0.000
    COG053             1.387      0.257      5.388      0.000
    COG057             1.138      0.234      4.872      0.000
    COG049             2.372      0.405      5.861      0.000
    COG051             2.293      0.396      5.798      0.000
    COG054             1.289      0.240      5.365      0.000
    COG055             2.491      0.423      5.886      0.000
    COG056             2.689      0.454      5.928      0.000
    COG058             2.341      0.401      5.833      0.000
    COG060             2.644      0.447      5.920      0.000
    COG061             2.342      0.404      5.792      0.000
    COG062             1.866      0.328      5.694      0.000
    COG063             2.399      0.411      5.831      0.000
    COG066             2.729      0.463      5.893      0.000

 BAYMOT   WITH
    COG                0.153      0.030      5.136      0.000

 Means
    BAYMOT             0.000      0.039      0.000      1.000

 Thresholds
    COG040$1          -1.140      0.059    -19.376      0.000
    COG041$1          -0.583      0.049    -11.873      0.000
    COG043$1          -1.065      0.057    -18.689      0.000
    COG044$1          -1.214      0.061    -19.954      0.000
    COG045$1          -0.326      0.047     -6.940      0.000
    COG046$1           0.032      0.046      0.699      0.485
    COG048$1          -1.236      0.061    -20.100      0.000
    COG049$1          -1.013      0.056    -18.143      0.000
    COG050$1          -0.603      0.049    -12.231      0.000
    COG051$1          -1.173      0.060    -19.646      0.000
    COG052$1          -0.477      0.048     -9.927      0.000
    COG053$1          -0.428      0.048     -8.983      0.000
    COG054$1          -0.436      0.048     -9.128      0.000
    COG055$1          -1.166      0.060    -19.593      0.000
    COG056$1          -0.148      0.046     -3.199      0.001
    COG057$1           0.900      0.054     16.800      0.000
    COG058$1          -0.165      0.046     -3.567      0.000
    COG060$1           0.284      0.047      6.062      0.000
    COG061$1           0.704      0.050     13.931      0.000
    COG062$1           1.036      0.056     18.388      0.000
    COG063$1           1.207      0.061     19.904      0.000
    COG064$1           0.717      0.051     14.141      0.000
    COG066$1           0.931      0.054     17.192      0.000

 Variances
    BAYMOT             1.000      0.042     23.758      0.000
    COG                0.116      0.039      2.961      0.003


QUALITY OF NUMERICAL RESULTS

     Condition Number for the Information Matrix              0.255E-05
       (ratio of smallest to largest eigenvalue)


STANDARDIZED MODEL RESULTS


STDYX Standardization

                                                    Two-Tailed
                    Estimate       S.E.  Est./S.E.    P-Value

 COG      BY
    COG040             0.340      0.057      5.922      0.000
    COG045             0.407      0.041      9.843      0.000
    COG050             0.496      0.041     12.099      0.000
    COG064             0.749      0.029     25.752      0.000
    COG041             0.349      0.045      7.676      0.000
    COG043             0.492      0.052      9.404      0.000
    COG044             0.440      0.057      7.711      0.000
    COG046             0.327      0.043      7.622      0.000
    COG048             0.551      0.055     10.061      0.000
    COG052             0.447      0.041     10.946      0.000
    COG053             0.472      0.038     12.279      0.000
    COG057             0.387      0.049      7.957      0.000
    COG049             0.807      0.030     26.584      0.000
    COG051             0.780      0.040     19.337      0.000
    COG054             0.439      0.042     10.462      0.000
    COG055             0.848      0.035     24.286      0.000
    COG056             0.915      0.015     60.775      0.000
    COG058             0.796      0.022     36.657      0.000
    COG060             0.899      0.015     59.338      0.000
    COG061             0.797      0.025     31.686      0.000
    COG062             0.635      0.041     15.528      0.000
    COG063             0.816      0.031     26.499      0.000
    COG066             0.928      0.019     49.031      0.000

 BAYMOT   WITH
    COG                0.451      0.029     15.462      0.000

 Means
    BAYMOT             0.000      0.039      0.000      1.000

 Thresholds
    COG040$1          -1.140      0.059    -19.376      0.000
    COG041$1          -0.583      0.049    -11.873      0.000
    COG043$1          -1.065      0.057    -18.689      0.000
    COG044$1          -1.214      0.061    -19.954      0.000
    COG045$1          -0.326      0.047     -6.940      0.000
    COG046$1           0.032      0.046      0.699      0.485
    COG048$1          -1.236      0.061    -20.100      0.000
    COG049$1          -1.013      0.056    -18.143      0.000
    COG050$1          -0.603      0.049    -12.231      0.000
    COG051$1          -1.173      0.060    -19.646      0.000
    COG052$1          -0.477      0.048     -9.927      0.000
    COG053$1          -0.428      0.048     -8.983      0.000
    COG054$1          -0.436      0.048     -9.128      0.000
    COG055$1          -1.166      0.060    -19.593      0.000
    COG056$1          -0.148      0.046     -3.199      0.001
    COG057$1           0.900      0.054     16.800      0.000
    COG058$1          -0.165      0.046     -3.567      0.000
    COG060$1           0.284      0.047      6.062      0.000
    COG061$1           0.704      0.050     13.931      0.000
    COG062$1           1.036      0.056     18.388      0.000
    COG063$1           1.207      0.061     19.904      0.000
    COG064$1           0.717      0.051     14.141      0.000
    COG066$1           0.931      0.054     17.192      0.000

 Variances
    BAYMOT             1.000      0.000    999.000    999.000
    COG                1.000      0.000    999.000    999.000


STDY Standardization

                                                    Two-Tailed
                    Estimate       S.E.  Est./S.E.    P-Value

 COG      BY
    COG040             0.340      0.057      5.922      0.000
    COG045             0.407      0.041      9.843      0.000
    COG050             0.496      0.041     12.099      0.000
    COG064             0.749      0.029     25.752      0.000
    COG041             0.349      0.045      7.676      0.000
    COG043             0.492      0.052      9.404      0.000
    COG044             0.440      0.057      7.711      0.000
    COG046             0.327      0.043      7.622      0.000
    COG048             0.551      0.055     10.061      0.000
    COG052             0.447      0.041     10.946      0.000
    COG053             0.472      0.038     12.279      0.000
    COG057             0.387      0.049      7.957      0.000
    COG049             0.807      0.030     26.584      0.000
    COG051             0.780      0.040     19.337      0.000
    COG054             0.439      0.042     10.462      0.000
    COG055             0.848      0.035     24.286      0.000
    COG056             0.915      0.015     60.775      0.000
    COG058             0.796      0.022     36.657      0.000
    COG060             0.899      0.015     59.338      0.000
    COG061             0.797      0.025     31.686      0.000
    COG062             0.635      0.041     15.528      0.000
    COG063             0.816      0.031     26.499      0.000
    COG066             0.928      0.019     49.031      0.000

 BAYMOT   WITH
    COG                0.451      0.029     15.462      0.000

 Means
    BAYMOT             0.000      0.039      0.000      1.000

 Thresholds
    COG040$1          -1.140      0.059    -19.376      0.000
    COG041$1          -0.583      0.049    -11.873      0.000
    COG043$1          -1.065      0.057    -18.689      0.000
    COG044$1          -1.214      0.061    -19.954      0.000
    COG045$1          -0.326      0.047     -6.940      0.000
    COG046$1           0.032      0.046      0.699      0.485
    COG048$1          -1.236      0.061    -20.100      0.000
    COG049$1          -1.013      0.056    -18.143      0.000
    COG050$1          -0.603      0.049    -12.231      0.000
    COG051$1          -1.173      0.060    -19.646      0.000
    COG052$1          -0.477      0.048     -9.927      0.000
    COG053$1          -0.428      0.048     -8.983      0.000
    COG054$1          -0.436      0.048     -9.128      0.000
    COG055$1          -1.166      0.060    -19.593      0.000
    COG056$1          -0.148      0.046     -3.199      0.001
    COG057$1           0.900      0.054     16.800      0.000
    COG058$1          -0.165      0.046     -3.567      0.000
    COG060$1           0.284      0.047      6.062      0.000
    COG061$1           0.704      0.050     13.931      0.000
    COG062$1           1.036      0.056     18.388      0.000
    COG063$1           1.207      0.061     19.904      0.000
    COG064$1           0.717      0.051     14.141      0.000
    COG066$1           0.931      0.054     17.192      0.000

 Variances
    BAYMOT             1.000      0.000    999.000    999.000
    COG                1.000      0.000    999.000    999.000


STD Standardization

                                                    Two-Tailed
                    Estimate       S.E.  Est./S.E.    P-Value

 COG      BY
    COG040             0.340      0.057      5.922      0.000
    COG045             0.407      0.041      9.843      0.000
    COG050             0.496      0.041     12.099      0.000
    COG064             0.749      0.029     25.752      0.000
    COG041             0.349      0.045      7.676      0.000
    COG043             0.492      0.052      9.404      0.000
    COG044             0.440      0.057      7.711      0.000
    COG046             0.327      0.043      7.622      0.000
    COG048             0.551      0.055     10.061      0.000
    COG052             0.447      0.041     10.946      0.000
    COG053             0.472      0.038     12.279      0.000
    COG057             0.387      0.049      7.957      0.000
    COG049             0.807      0.030     26.584      0.000
    COG051             0.780      0.040     19.337      0.000
    COG054             0.439      0.042     10.462      0.000
    COG055             0.848      0.035     24.286      0.000
    COG056             0.915      0.015     60.775      0.000
    COG058             0.796      0.022     36.657      0.000
    COG060             0.899      0.015     59.338      0.000
    COG061             0.797      0.025     31.686      0.000
    COG062             0.635      0.041     15.528      0.000
    COG063             0.816      0.031     26.499      0.000
    COG066             0.928      0.019     49.031      0.000

 BAYMOT   WITH
    COG                0.451      0.033     13.789      0.000

 Means
    BAYMOT             0.000      0.039      0.000      1.000

 Thresholds
    COG040$1          -1.140      0.059    -19.376      0.000
    COG041$1          -0.583      0.049    -11.873      0.000
    COG043$1          -1.065      0.057    -18.689      0.000
    COG044$1          -1.214      0.061    -19.954      0.000
    COG045$1          -0.326      0.047     -6.940      0.000
    COG046$1           0.032      0.046      0.699      0.485
    COG048$1          -1.236      0.061    -20.100      0.000
    COG049$1          -1.013      0.056    -18.143      0.000
    COG050$1          -0.603      0.049    -12.231      0.000
    COG051$1          -1.173      0.060    -19.646      0.000
    COG052$1          -0.477      0.048     -9.927      0.000
    COG053$1          -0.428      0.048     -8.983      0.000
    COG054$1          -0.436      0.048     -9.128      0.000
    COG055$1          -1.166      0.060    -19.593      0.000
    COG056$1          -0.148      0.046     -3.199      0.001
    COG057$1           0.900      0.054     16.800      0.000
    COG058$1          -0.165      0.046     -3.567      0.000
    COG060$1           0.284      0.047      6.062      0.000
    COG061$1           0.704      0.050     13.931      0.000
    COG062$1           1.036      0.056     18.388      0.000
    COG063$1           1.207      0.061     19.904      0.000
    COG064$1           0.717      0.051     14.141      0.000
    COG066$1           0.931      0.054     17.192      0.000

 Variances
    BAYMOT             1.000      0.042     23.758      0.000
    COG                1.000      0.000    999.000    999.000


R-SQUARE

    Observed                                        Two-Tailed   Residual
    Variable        Estimate       S.E.  Est./S.E.    P-Value    Variance

    COG040             0.116      0.039      2.961      0.003      0.884
    COG041             0.122      0.032      3.838      0.000      0.878
    COG043             0.242      0.051      4.702      0.000      0.758
    COG044             0.194      0.050      3.856      0.000      0.806
    COG045             0.166      0.034      4.922      0.000      0.834
    COG046             0.107      0.028      3.811      0.000      0.893
    COG048             0.303      0.060      5.031      0.000      0.697
    COG049             0.651      0.049     13.292      0.000      0.349
    COG050             0.246      0.041      6.049      0.000      0.754
    COG051             0.609      0.063      9.668      0.000      0.391
    COG052             0.200      0.036      5.473      0.000      0.800
    COG053             0.223      0.036      6.140      0.000      0.777
    COG054             0.192      0.037      5.231      0.000      0.808
    COG055             0.718      0.059     12.143      0.000      0.282
    COG056             0.837      0.028     30.387      0.000      0.163
    COG057             0.150      0.038      3.979      0.000      0.850
    COG058             0.634      0.035     18.328      0.000      0.366
    COG060             0.809      0.027     29.669      0.000      0.191
    COG061             0.635      0.040     15.843      0.000      0.365
    COG062             0.403      0.052      7.764      0.000      0.597
    COG063             0.666      0.050     13.250      0.000      0.334
    COG064             0.561      0.044     12.876      0.000      0.439
    COG066             0.862      0.035     24.516      0.000      0.138


CONFIDENCE INTERVALS OF MODEL RESULTS

                  Lower .5%  Lower 2.5%    Lower 5%    Estimate    Upper 5%  Upper 2.5%   Upper .5%

 COG      BY
    COG040           1.000       1.000       1.000       1.000       1.000       1.000       1.000
    COG045           0.673       0.798       0.862       1.197       1.533       1.597       1.722
    COG050           0.820       0.972       1.050       1.458       1.865       1.943       2.096
    COG064           1.233       1.464       1.583       2.201       2.819       2.938       3.169
    COG041           0.483       0.612       0.679       1.026       1.374       1.440       1.570
    COG043           0.704       0.882       0.972       1.445       1.919       2.009       2.186
    COG044           0.657       0.809       0.887       1.294       1.700       1.778       1.931
    COG046           0.452       0.574       0.636       0.961       1.287       1.349       1.471
    COG048           0.856       1.038       1.132       1.619       2.105       2.199       2.381
    COG052           0.683       0.834       0.911       1.313       1.715       1.792       1.943
    COG053           0.724       0.882       0.963       1.387       1.810       1.891       2.050
    COG057           0.536       0.680       0.754       1.138       1.522       1.596       1.740
    COG049           1.329       1.579       1.706       2.372       3.037       3.165       3.414
    COG051           1.274       1.518       1.642       2.293       2.944       3.068       3.312
    COG054           0.670       0.818       0.894       1.289       1.684       1.760       1.908
    COG055           1.401       1.662       1.795       2.491       3.188       3.321       3.582
    COG056           1.521       1.800       1.943       2.689       3.435       3.578       3.857
    COG058           1.307       1.554       1.681       2.341       3.001       3.128       3.375
    COG060           1.493       1.768       1.909       2.644       3.378       3.519       3.794
    COG061           1.301       1.550       1.677       2.342       3.007       3.135       3.384
    COG062           1.022       1.223       1.327       1.866       2.405       2.508       2.709
    COG063           1.339       1.593       1.722       2.399       3.076       3.205       3.459
    COG066           1.536       1.821       1.967       2.729       3.490       3.636       3.921

 BAYMOT   WITH
    COG              0.076       0.095       0.104       0.153       0.202       0.212       0.230

 Means
    BAYMOT          -0.101      -0.077      -0.065       0.000       0.065       0.077       0.101

 Thresholds
    COG040$1        -1.291      -1.255      -1.236      -1.140      -1.043      -1.024      -0.988
    COG041$1        -0.709      -0.679      -0.663      -0.583      -0.502      -0.486      -0.456
    COG043$1        -1.212      -1.177      -1.159      -1.065      -0.971      -0.953      -0.918
    COG044$1        -1.371      -1.334      -1.314      -1.214      -1.114      -1.095      -1.058
    COG045$1        -0.447      -0.418      -0.404      -0.326      -0.249      -0.234      -0.205
    COG046$1        -0.087      -0.058      -0.044       0.032       0.108       0.123       0.151
    COG048$1        -1.394      -1.356      -1.337      -1.236      -1.135      -1.115      -1.077
    COG049$1        -1.156      -1.122      -1.104      -1.013      -0.921      -0.903      -0.869
    COG050$1        -0.730      -0.699      -0.684      -0.603      -0.522      -0.506      -0.476
    COG051$1        -1.327      -1.290      -1.271      -1.173      -1.075      -1.056      -1.019
    COG052$1        -0.601      -0.571      -0.556      -0.477      -0.398      -0.383      -0.353
    COG053$1        -0.551      -0.522      -0.507      -0.428      -0.350      -0.335      -0.305
    COG054$1        -0.559      -0.529      -0.514      -0.436      -0.357      -0.342      -0.313
    COG055$1        -1.319      -1.283      -1.264      -1.166      -1.068      -1.049      -1.013
    COG056$1        -0.267      -0.239      -0.224      -0.148      -0.072      -0.057      -0.029
    COG057$1         0.762       0.795       0.812       0.900       0.988       1.005       1.038
    COG058$1        -0.285      -0.256      -0.241      -0.165      -0.089      -0.074      -0.046
    COG060$1         0.163       0.192       0.207       0.284       0.361       0.375       0.404
    COG061$1         0.573       0.605       0.620       0.704       0.787       0.802       0.834
    COG062$1         0.891       0.925       0.943       1.036       1.128       1.146       1.181
    COG063$1         1.051       1.088       1.107       1.207       1.307       1.326       1.363
    COG064$1         0.586       0.617       0.633       0.717       0.800       0.816       0.847
    COG066$1         0.792       0.825       0.842       0.931       1.020       1.037       1.071

 Variances
    BAYMOT           0.892       0.917       0.931       1.000       1.069       1.082       1.108
    COG              0.015       0.039       0.051       0.116       0.180       0.192       0.216


CONFIDENCE INTERVALS OF STANDARDIZED MODEL RESULTS


STDYX Standardization

                  Lower .5%  Lower 2.5%    Lower 5%    Estimate    Upper 5%  Upper 2.5%   Upper .5%

 COG      BY
    COG040           0.192       0.228       0.246       0.340       0.435       0.453       0.488
    COG045           0.301       0.326       0.339       0.407       0.475       0.488       0.514
    COG050           0.390       0.416       0.429       0.496       0.563       0.576       0.602
    COG064           0.674       0.692       0.701       0.749       0.797       0.806       0.824
    COG041           0.232       0.260       0.274       0.349       0.424       0.438       0.466
    COG043           0.357       0.389       0.406       0.492       0.578       0.594       0.626
    COG044           0.293       0.328       0.346       0.440       0.534       0.552       0.587
    COG046           0.217       0.243       0.256       0.327       0.398       0.411       0.438
    COG048           0.410       0.443       0.461       0.551       0.641       0.658       0.692
    COG052           0.342       0.367       0.380       0.447       0.514       0.527       0.552
    COG053           0.373       0.396       0.409       0.472       0.535       0.547       0.571
    COG057           0.262       0.292       0.307       0.387       0.467       0.483       0.512
    COG049           0.729       0.747       0.757       0.807       0.857       0.866       0.885
    COG051           0.676       0.701       0.714       0.780       0.846       0.859       0.884
    COG054           0.331       0.356       0.370       0.439       0.508       0.521       0.547
    COG055           0.758       0.779       0.790       0.848       0.905       0.916       0.937
    COG056           0.876       0.885       0.890       0.915       0.940       0.944       0.954
    COG058           0.740       0.754       0.761       0.796       0.832       0.839       0.852
    COG060           0.860       0.870       0.875       0.899       0.924       0.929       0.939
    COG061           0.732       0.748       0.756       0.797       0.838       0.846       0.862
    COG062           0.529       0.555       0.567       0.635       0.702       0.715       0.740
    COG063           0.737       0.756       0.766       0.816       0.867       0.877       0.896
    COG066           0.880       0.891       0.897       0.928       0.960       0.965       0.977

 BAYMOT   WITH
    COG              0.376       0.394       0.403       0.451       0.499       0.508       0.526

 Means
    BAYMOT          -0.101      -0.077      -0.065       0.000       0.065       0.077       0.101

 Thresholds
    COG040$1        -1.291      -1.255      -1.236      -1.140      -1.043      -1.024      -0.988
    COG041$1        -0.709      -0.679      -0.663      -0.583      -0.502      -0.486      -0.456
    COG043$1        -1.212      -1.177      -1.159      -1.065      -0.971      -0.953      -0.918
    COG044$1        -1.371      -1.334      -1.314      -1.214      -1.114      -1.095      -1.058
    COG045$1        -0.447      -0.418      -0.404      -0.326      -0.249      -0.234      -0.205
    COG046$1        -0.087      -0.058      -0.044       0.032       0.108       0.123       0.151
    COG048$1        -1.394      -1.356      -1.337      -1.236      -1.135      -1.115      -1.077
    COG049$1        -1.156      -1.122      -1.104      -1.013      -0.921      -0.903      -0.869
    COG050$1        -0.730      -0.699      -0.684      -0.603      -0.522      -0.506      -0.476
    COG051$1        -1.327      -1.290      -1.271      -1.173      -1.075      -1.056      -1.019
    COG052$1        -0.601      -0.571      -0.556      -0.477      -0.398      -0.383      -0.353
    COG053$1        -0.551      -0.522      -0.507      -0.428      -0.350      -0.335      -0.305
    COG054$1        -0.559      -0.529      -0.514      -0.436      -0.357      -0.342      -0.313
    COG055$1        -1.319      -1.283      -1.264      -1.166      -1.068      -1.049      -1.013
    COG056$1        -0.267      -0.239      -0.224      -0.148      -0.072      -0.057      -0.029
    COG057$1         0.762       0.795       0.812       0.900       0.988       1.005       1.038
    COG058$1        -0.285      -0.256      -0.241      -0.165      -0.089      -0.074      -0.046
    COG060$1         0.163       0.192       0.207       0.284       0.361       0.375       0.404
    COG061$1         0.573       0.605       0.620       0.704       0.787       0.802       0.834
    COG062$1         0.891       0.925       0.943       1.036       1.128       1.146       1.181
    COG063$1         1.051       1.088       1.107       1.207       1.307       1.326       1.363
    COG064$1         0.586       0.617       0.633       0.717       0.800       0.816       0.847
    COG066$1         0.792       0.825       0.842       0.931       1.020       1.037       1.071

 Variances
    BAYMOT           1.000       1.000       1.000       1.000       1.000       1.000       1.000
    COG              1.000       1.000       1.000       1.000       1.000       1.000       1.000


STDY Standardization

                  Lower .5%  Lower 2.5%    Lower 5%    Estimate    Upper 5%  Upper 2.5%   Upper .5%

 COG      BY
    COG040           0.192       0.228       0.246       0.340       0.435       0.453       0.488
    COG045           0.301       0.326       0.339       0.407       0.475       0.488       0.514
    COG050           0.390       0.416       0.429       0.496       0.563       0.576       0.602
    COG064           0.674       0.692       0.701       0.749       0.797       0.806       0.824
    COG041           0.232       0.260       0.274       0.349       0.424       0.438       0.466
    COG043           0.357       0.389       0.406       0.492       0.578       0.594       0.626
    COG044           0.293       0.328       0.346       0.440       0.534       0.552       0.587
    COG046           0.217       0.243       0.256       0.327       0.398       0.411       0.438
    COG048           0.410       0.443       0.461       0.551       0.641       0.658       0.692
    COG052           0.342       0.367       0.380       0.447       0.514       0.527       0.552
    COG053           0.373       0.396       0.409       0.472       0.535       0.547       0.571
    COG057           0.262       0.292       0.307       0.387       0.467       0.483       0.512
    COG049           0.729       0.747       0.757       0.807       0.857       0.866       0.885
    COG051           0.676       0.701       0.714       0.780       0.846       0.859       0.884
    COG054           0.331       0.356       0.370       0.439       0.508       0.521       0.547
    COG055           0.758       0.779       0.790       0.848       0.905       0.916       0.937
    COG056           0.876       0.885       0.890       0.915       0.940       0.944       0.954
    COG058           0.740       0.754       0.761       0.796       0.832       0.839       0.852
    COG060           0.860       0.870       0.875       0.899       0.924       0.929       0.939
    COG061           0.732       0.748       0.756       0.797       0.838       0.846       0.862
    COG062           0.529       0.555       0.567       0.635       0.702       0.715       0.740
    COG063           0.737       0.756       0.766       0.816       0.867       0.877       0.896
    COG066           0.880       0.891       0.897       0.928       0.960       0.965       0.977

 BAYMOT   WITH
    COG              0.376       0.394       0.403       0.451       0.499       0.508       0.526

 Means
    BAYMOT          -0.101      -0.077      -0.065       0.000       0.065       0.077       0.101

 Thresholds
    COG040$1        -1.291      -1.255      -1.236      -1.140      -1.043      -1.024      -0.988
    COG041$1        -0.709      -0.679      -0.663      -0.583      -0.502      -0.486      -0.456
    COG043$1        -1.212      -1.177      -1.159      -1.065      -0.971      -0.953      -0.918
    COG044$1        -1.371      -1.334      -1.314      -1.214      -1.114      -1.095      -1.058
    COG045$1        -0.447      -0.418      -0.404      -0.326      -0.249      -0.234      -0.205
    COG046$1        -0.087      -0.058      -0.044       0.032       0.108       0.123       0.151
    COG048$1        -1.394      -1.356      -1.337      -1.236      -1.135      -1.115      -1.077
    COG049$1        -1.156      -1.122      -1.104      -1.013      -0.921      -0.903      -0.869
    COG050$1        -0.730      -0.699      -0.684      -0.603      -0.522      -0.506      -0.476
    COG051$1        -1.327      -1.290      -1.271      -1.173      -1.075      -1.056      -1.019
    COG052$1        -0.601      -0.571      -0.556      -0.477      -0.398      -0.383      -0.353
    COG053$1        -0.551      -0.522      -0.507      -0.428      -0.350      -0.335      -0.305
    COG054$1        -0.559      -0.529      -0.514      -0.436      -0.357      -0.342      -0.313
    COG055$1        -1.319      -1.283      -1.264      -1.166      -1.068      -1.049      -1.013
    COG056$1        -0.267      -0.239      -0.224      -0.148      -0.072      -0.057      -0.029
    COG057$1         0.762       0.795       0.812       0.900       0.988       1.005       1.038
    COG058$1        -0.285      -0.256      -0.241      -0.165      -0.089      -0.074      -0.046
    COG060$1         0.163       0.192       0.207       0.284       0.361       0.375       0.404
    COG061$1         0.573       0.605       0.620       0.704       0.787       0.802       0.834
    COG062$1         0.891       0.925       0.943       1.036       1.128       1.146       1.181
    COG063$1         1.051       1.088       1.107       1.207       1.307       1.326       1.363
    COG064$1         0.586       0.617       0.633       0.717       0.800       0.816       0.847
    COG066$1         0.792       0.825       0.842       0.931       1.020       1.037       1.071

 Variances
    BAYMOT           1.000       1.000       1.000       1.000       1.000       1.000       1.000
    COG              1.000       1.000       1.000       1.000       1.000       1.000       1.000


STD Standardization

                  Lower .5%  Lower 2.5%    Lower 5%    Estimate    Upper 5%  Upper 2.5%   Upper .5%

 COG      BY
    COG040           0.192       0.228       0.246       0.340       0.435       0.453       0.488
    COG045           0.301       0.326       0.339       0.407       0.475       0.488       0.514
    COG050           0.390       0.416       0.429       0.496       0.563       0.576       0.602
    COG064           0.674       0.692       0.701       0.749       0.797       0.806       0.824
    COG041           0.232       0.260       0.274       0.349       0.424       0.438       0.466
    COG043           0.357       0.389       0.406       0.492       0.578       0.594       0.626
    COG044           0.293       0.328       0.346       0.440       0.534       0.552       0.587
    COG046           0.217       0.243       0.256       0.327       0.398       0.411       0.438
    COG048           0.410       0.443       0.461       0.551       0.641       0.658       0.692
    COG052           0.342       0.367       0.380       0.447       0.514       0.527       0.552
    COG053           0.373       0.396       0.409       0.472       0.535       0.547       0.571
    COG057           0.262       0.292       0.307       0.387       0.467       0.483       0.512
    COG049           0.729       0.747       0.757       0.807       0.857       0.866       0.885
    COG051           0.676       0.701       0.714       0.780       0.846       0.859       0.884
    COG054           0.331       0.356       0.370       0.439       0.508       0.521       0.547
    COG055           0.758       0.779       0.790       0.848       0.905       0.916       0.937
    COG056           0.876       0.885       0.890       0.915       0.940       0.944       0.954
    COG058           0.740       0.754       0.761       0.796       0.832       0.839       0.852
    COG060           0.860       0.870       0.875       0.899       0.924       0.929       0.939
    COG061           0.732       0.748       0.756       0.797       0.838       0.846       0.862
    COG062           0.529       0.555       0.567       0.635       0.702       0.715       0.740
    COG063           0.737       0.756       0.766       0.816       0.867       0.877       0.896
    COG066           0.880       0.891       0.897       0.928       0.960       0.965       0.977

 BAYMOT   WITH
    COG              0.367       0.387       0.397       0.451       0.505       0.515       0.535

 Means
    BAYMOT          -0.101      -0.077      -0.065       0.000       0.065       0.077       0.101

 Thresholds
    COG040$1        -1.291      -1.255      -1.236      -1.140      -1.043      -1.024      -0.988
    COG041$1        -0.709      -0.679      -0.663      -0.583      -0.502      -0.486      -0.456
    COG043$1        -1.212      -1.177      -1.159      -1.065      -0.971      -0.953      -0.918
    COG044$1        -1.371      -1.334      -1.314      -1.214      -1.114      -1.095      -1.058
    COG045$1        -0.447      -0.418      -0.404      -0.326      -0.249      -0.234      -0.205
    COG046$1        -0.087      -0.058      -0.044       0.032       0.108       0.123       0.151
    COG048$1        -1.394      -1.356      -1.337      -1.236      -1.135      -1.115      -1.077
    COG049$1        -1.156      -1.122      -1.104      -1.013      -0.921      -0.903      -0.869
    COG050$1        -0.730      -0.699      -0.684      -0.603      -0.522      -0.506      -0.476
    COG051$1        -1.327      -1.290      -1.271      -1.173      -1.075      -1.056      -1.019
    COG052$1        -0.601      -0.571      -0.556      -0.477      -0.398      -0.383      -0.353
    COG053$1        -0.551      -0.522      -0.507      -0.428      -0.350      -0.335      -0.305
    COG054$1        -0.559      -0.529      -0.514      -0.436      -0.357      -0.342      -0.313
    COG055$1        -1.319      -1.283      -1.264      -1.166      -1.068      -1.049      -1.013
    COG056$1        -0.267      -0.239      -0.224      -0.148      -0.072      -0.057      -0.029
    COG057$1         0.762       0.795       0.812       0.900       0.988       1.005       1.038
    COG058$1        -0.285      -0.256      -0.241      -0.165      -0.089      -0.074      -0.046
    COG060$1         0.163       0.192       0.207       0.284       0.361       0.375       0.404
    COG061$1         0.573       0.605       0.620       0.704       0.787       0.802       0.834
    COG062$1         0.891       0.925       0.943       1.036       1.128       1.146       1.181
    COG063$1         1.051       1.088       1.107       1.207       1.307       1.326       1.363
    COG064$1         0.586       0.617       0.633       0.717       0.800       0.816       0.847
    COG066$1         0.792       0.825       0.842       0.931       1.020       1.037       1.071

 Variances
    BAYMOT           0.892       0.917       0.931       1.000       1.069       1.082       1.108
    COG              1.000       1.000       1.000       1.000       1.000       1.000       1.000


RESIDUAL OUTPUT


     ESTIMATED MODEL AND RESIDUALS (OBSERVED - ESTIMATED)


           Model Estimated Means/Intercepts/Thresholds
              COG040$1      COG041$1      COG043$1      COG044$1      COG045$1
              ________      ________      ________      ________      ________
               -1.140        -0.583        -1.065        -1.214        -0.326


           Model Estimated Means/Intercepts/Thresholds
              COG046$1      COG048$1      COG049$1      COG050$1      COG051$1
              ________      ________      ________      ________      ________
                0.032        -1.236        -1.013        -0.603        -1.173


           Model Estimated Means/Intercepts/Thresholds
              COG052$1      COG053$1      COG054$1      COG055$1      COG056$1
              ________      ________      ________      ________      ________
               -0.477        -0.428        -0.436        -1.166        -0.148


           Model Estimated Means/Intercepts/Thresholds
              COG057$1      COG058$1      COG060$1      COG061$1      COG062$1
              ________      ________      ________      ________      ________
                0.900        -0.165         0.284         0.704         1.036


           Model Estimated Means/Intercepts/Thresholds
              COG063$1      COG064$1      COG066$1      BAYMOT
              ________      ________      ________      ________
                1.207         0.717         0.931         0.000


           Residuals for Means/Intercepts/Thresholds
              COG040$1      COG041$1      COG043$1      COG044$1      COG045$1
              ________      ________      ________      ________      ________
                0.000         0.000         0.000         0.000         0.000


           Residuals for Means/Intercepts/Thresholds
              COG046$1      COG048$1      COG049$1      COG050$1      COG051$1
              ________      ________      ________      ________      ________
                0.000         0.000         0.000         0.000         0.000


           Residuals for Means/Intercepts/Thresholds
              COG052$1      COG053$1      COG054$1      COG055$1      COG056$1
              ________      ________      ________      ________      ________
                0.000         0.000         0.000         0.000         0.000


           Residuals for Means/Intercepts/Thresholds
              COG057$1      COG058$1      COG060$1      COG061$1      COG062$1
              ________      ________      ________      ________      ________
                0.000         0.000         0.000         0.000         0.000


           Residuals for Means/Intercepts/Thresholds
              COG063$1      COG064$1      COG066$1      BAYMOT
              ________      ________      ________      ________
                0.000         0.000         0.000         0.000


           Model Estimated Covariances/Correlations/Residual Correlations
              COG040        COG041        COG043        COG044        COG045
              ________      ________      ________      ________      ________
 COG040
 COG041         0.119
 COG043         0.167         0.172
 COG044         0.150         0.154         0.216
 COG045         0.139         0.142         0.200         0.179
 COG046         0.111         0.114         0.161         0.144         0.133
 COG048         0.187         0.192         0.271         0.242         0.224
 COG049         0.275         0.282         0.397         0.355         0.329
 COG050         0.169         0.173         0.244         0.218         0.202
 COG051         0.265         0.272         0.384         0.343         0.318
 COG052         0.152         0.156         0.220         0.197         0.182
 COG053         0.160         0.165         0.232         0.208         0.192
 COG054         0.149         0.153         0.216         0.193         0.179
 COG055         0.288         0.296         0.417         0.373         0.345
 COG056         0.311         0.319         0.450         0.403         0.373
 COG057         0.132         0.135         0.190         0.170         0.158
 COG058         0.271         0.278         0.392         0.351         0.324
 COG060         0.306         0.314         0.442         0.396         0.366
 COG061         0.271         0.278         0.392         0.351         0.325
 COG062         0.216         0.222         0.312         0.279         0.259
 COG063         0.278         0.285         0.401         0.359         0.332
 COG064         0.255         0.261         0.368         0.330         0.305
 COG066         0.316         0.324         0.456         0.409         0.378
 BAYMOT         0.153         0.157         0.222         0.198         0.184


           Model Estimated Covariances/Correlations/Residual Correlations
              COG046        COG048        COG049        COG050        COG051
              ________      ________      ________      ________      ________
 COG048         0.180
 COG049         0.264         0.444
 COG050         0.162         0.273         0.400
 COG051         0.255         0.430         0.629         0.387
 COG052         0.146         0.246         0.360         0.222         0.348
 COG053         0.154         0.260         0.381         0.234         0.368
 COG054         0.143         0.241         0.354         0.218         0.342
 COG055         0.277         0.467         0.684         0.420         0.661
 COG056         0.299         0.504         0.738         0.454         0.714
 COG057         0.127         0.213         0.312         0.192         0.302
 COG058         0.260         0.439         0.643         0.395         0.621
 COG060         0.294         0.495         0.726         0.446         0.702
 COG061         0.261         0.439         0.643         0.395         0.622
 COG062         0.208         0.349         0.512         0.315         0.495
 COG063         0.267         0.449         0.659         0.405         0.637
 COG064         0.245         0.412         0.604         0.371         0.584
 COG066         0.304         0.511         0.749         0.460         0.724
 BAYMOT         0.147         0.248         0.364         0.224         0.352


           Model Estimated Covariances/Correlations/Residual Correlations
              COG052        COG053        COG054        COG055        COG056
              ________      ________      ________      ________      ________
 COG053         0.211
 COG054         0.196         0.207
 COG055         0.379         0.400         0.372
 COG056         0.409         0.432         0.401         0.775
 COG057         0.173         0.183         0.170         0.328         0.354
 COG058         0.356         0.376         0.349         0.675         0.729
 COG060         0.402         0.424         0.394         0.762         0.823
 COG061         0.356         0.376         0.349         0.675         0.729
 COG062         0.284         0.299         0.278         0.538         0.581
 COG063         0.365         0.385         0.358         0.692         0.747
 COG064         0.334         0.353         0.328         0.635         0.685
 COG066         0.415         0.438         0.407         0.787         0.849
 BAYMOT         0.201         0.213         0.198         0.382         0.412


           Model Estimated Covariances/Correlations/Residual Correlations
              COG057        COG058        COG060        COG061        COG062
              ________      ________      ________      ________      ________
 COG058         0.308
 COG060         0.348         0.716
 COG061         0.309         0.635         0.717
 COG062         0.246         0.505         0.571         0.506
 COG063         0.316         0.650         0.734         0.650         0.518
 COG064         0.290         0.596         0.674         0.597         0.475
 COG066         0.359         0.739         0.835         0.740         0.589
 BAYMOT         0.175         0.359         0.405         0.359         0.286


           Model Estimated Covariances/Correlations/Residual Correlations
              COG063        COG064        COG066        BAYMOT
              ________      ________      ________      ________
 COG064         0.611
 COG066         0.758         0.695
 BAYMOT         0.368         0.338         0.418         1.000


           Model Estimated Correlations/Residual Correlations
              COG040        COG041        COG043        COG044        COG045
              ________      ________      ________      ________      ________
 COG040
 COG041         0.119
 COG043         0.167         0.172
 COG044         0.150         0.154         0.216
 COG045         0.139         0.142         0.200         0.179
 COG046         0.111         0.114         0.161         0.144         0.133
 COG048         0.187         0.192         0.271         0.242         0.224
 COG049         0.275         0.282         0.397         0.355         0.329
 COG050         0.169         0.173         0.244         0.218         0.202
 COG051         0.265         0.272         0.384         0.343         0.318
 COG052         0.152         0.156         0.220         0.197         0.182
 COG053         0.160         0.165         0.232         0.208         0.192
 COG054         0.149         0.153         0.216         0.193         0.179
 COG055         0.288         0.296         0.417         0.373         0.345
 COG056         0.311         0.319         0.450         0.403         0.373
 COG057         0.132         0.135         0.190         0.170         0.158
 COG058         0.271         0.278         0.392         0.351         0.324
 COG060         0.306         0.314         0.442         0.396         0.366
 COG061         0.271         0.278         0.392         0.351         0.325
 COG062         0.216         0.222         0.312         0.279         0.259
 COG063         0.278         0.285         0.401         0.359         0.332
 COG064         0.255         0.261         0.368         0.330         0.305
 COG066         0.316         0.324         0.456         0.409         0.378
 BAYMOT         0.153         0.157         0.222         0.198         0.184


           Model Estimated Correlations/Residual Correlations
              COG046        COG048        COG049        COG050        COG051
              ________      ________      ________      ________      ________
 COG048         0.180
 COG049         0.264         0.444
 COG050         0.162         0.273         0.400
 COG051         0.255         0.430         0.629         0.387
 COG052         0.146         0.246         0.360         0.222         0.348
 COG053         0.154         0.260         0.381         0.234         0.368
 COG054         0.143         0.241         0.354         0.218         0.342
 COG055         0.277         0.467         0.684         0.420         0.661
 COG056         0.299         0.504         0.738         0.454         0.714
 COG057         0.127         0.213         0.312         0.192         0.302
 COG058         0.260         0.439         0.643         0.395         0.621
 COG060         0.294         0.495         0.726         0.446         0.702
 COG061         0.261         0.439         0.643         0.395         0.622
 COG062         0.208         0.349         0.512         0.315         0.495
 COG063         0.267         0.449         0.659         0.405         0.637
 COG064         0.245         0.412         0.604         0.371         0.584
 COG066         0.304         0.511         0.749         0.460         0.724
 BAYMOT         0.147         0.248         0.364         0.224         0.352


           Model Estimated Correlations/Residual Correlations
              COG052        COG053        COG054        COG055        COG056
              ________      ________      ________      ________      ________
 COG053         0.211
 COG054         0.196         0.207
 COG055         0.379         0.400         0.372
 COG056         0.409         0.432         0.401         0.775
 COG057         0.173         0.183         0.170         0.328         0.354
 COG058         0.356         0.376         0.349         0.675         0.729
 COG060         0.402         0.424         0.394         0.762         0.823
 COG061         0.356         0.376         0.349         0.675         0.729
 COG062         0.284         0.299         0.278         0.538         0.581
 COG063         0.365         0.385         0.358         0.692         0.747
 COG064         0.334         0.353         0.328         0.635         0.685
 COG066         0.415         0.438         0.407         0.787         0.849
 BAYMOT         0.201         0.213         0.198         0.382         0.412


           Model Estimated Correlations/Residual Correlations
              COG057        COG058        COG060        COG061        COG062
              ________      ________      ________      ________      ________
 COG058         0.308
 COG060         0.348         0.716
 COG061         0.309         0.635         0.717
 COG062         0.246         0.505         0.571         0.506
 COG063         0.316         0.650         0.734         0.650         0.518
 COG064         0.290         0.596         0.674         0.597         0.475
 COG066         0.359         0.739         0.835         0.740         0.589
 BAYMOT         0.175         0.359         0.405         0.359         0.286


           Model Estimated Correlations/Residual Correlations
              COG063        COG064        COG066        BAYMOT
              ________      ________      ________      ________
 COG064         0.611
 COG066         0.758         0.695
 BAYMOT         0.368         0.338         0.418         1.000


           Residuals for Covariances/Correlations/Residual Correlations
              COG040        COG041        COG043        COG044        COG045
              ________      ________      ________      ________      ________
 COG040
 COG041        -0.031
 COG043        -0.072         0.049
 COG044         0.190         0.164         0.075
 COG045         0.396         0.075         0.065         0.125
 COG046         0.082         0.065        -0.001         0.097         0.081
 COG048        -0.064         0.021        -0.010         0.115        -0.070
 COG049         0.033        -0.094        -0.087        -0.054        -0.013
 COG050         0.318         0.073         0.066         0.111         0.371
 COG051         0.000         0.021        -0.100        -0.004         0.017
 COG052        -0.024         0.046         0.352         0.076         0.024
 COG053        -0.080        -0.005        -0.080         0.121         0.039
 COG054         0.020         0.013         0.104         0.037         0.013
 COG055        -0.101         0.023         0.021        -0.039        -0.083
 COG056        -0.076        -0.151        -0.164        -0.079        -0.125
 COG057        -0.048         0.180        -0.084        -0.108        -0.054
 COG058        -0.138        -0.086        -0.125        -0.104        -0.087
 COG060        -0.104        -0.065        -0.091        -0.074        -0.069
 COG061        -0.215        -0.022         0.010        -0.123        -0.170
 COG062         0.014         0.130         0.135        -0.049         0.055
 COG063        -0.097         0.037        -0.137        -0.116        -0.154
 COG064         0.070         0.015         0.027        -0.017        -0.005
 COG066        -0.165         0.009        -0.058        -0.037        -0.143
 BAYMOT         0.106        -0.008         0.128         0.046         0.056


           Residuals for Covariances/Correlations/Residual Correlations
              COG046        COG048        COG049        COG050        COG051
              ________      ________      ________      ________      ________
 COG048         0.040
 COG049        -0.035        -0.241
 COG050        -0.036        -0.011         0.000
 COG051        -0.027        -0.076         0.057         0.015
 COG052        -0.146        -0.004        -0.084         0.052        -0.005
 COG053        -0.021         0.649        -0.193         0.008        -0.102
 COG054        -0.056        -0.023        -0.104         0.072        -0.007
 COG055        -0.009        -0.141        -0.056        -0.010         0.052
 COG056        -0.071        -0.417         0.166        -0.143         0.009
 COG057        -0.003        -0.040        -0.040        -0.079        -0.057
 COG058        -0.035        -0.288        -0.079        -0.119         0.276
 COG060        -0.039        -0.317        -0.015        -0.095        -0.020
 COG061         0.023        -0.360        -0.154        -0.079        -0.088
 COG062         0.154        -0.212        -0.043        -0.062        -0.029
 COG063         0.035        -0.320        -0.108        -0.033        -0.240
 COG064         0.003        -0.041        -0.181        -0.048        -0.101
 COG066         0.082        -0.281        -0.052        -0.158        -0.072
 BAYMOT        -0.015        -0.013        -0.011         0.129         0.057


           Residuals for Covariances/Correlations/Residual Correlations
              COG052        COG053        COG054        COG055        COG056
              ________      ________      ________      ________      ________
 COG053         0.049
 COG054         0.184         0.004
 COG055         0.095        -0.093         0.034
 COG056        -0.128        -0.263        -0.178        -0.087
 COG057         0.037        -0.047         0.082         0.132        -0.106
 COG058        -0.124        -0.294        -0.039         0.057         0.062
 COG060        -0.082        -0.269        -0.050        -0.144         0.077
 COG061        -0.002        -0.236        -0.010        -0.013        -0.088
 COG062         0.000        -0.132        -0.081         0.086        -0.120
 COG063        -0.018        -0.179        -0.065        -0.120        -0.097
 COG064         0.038         0.009         0.111         0.023        -0.052
 COG066        -0.095        -0.236         0.024        -0.133        -0.044
 BAYMOT        -0.008         0.083         0.095         0.173        -0.119


           Residuals for Covariances/Correlations/Residual Correlations
              COG057        COG058        COG060        COG061        COG062
              ________      ________      ________      ________      ________
 COG058         0.023
 COG060        -0.017         0.083
 COG061         0.083        -0.025        -0.070
 COG062         0.034        -0.003        -0.067         0.057
 COG063         0.028        -0.006        -0.033         0.188         0.018
 COG064         0.047        -0.006        -0.037         0.018         0.046
 COG066        -0.032         0.147         0.003         0.083         0.091
 BAYMOT         0.010        -0.024        -0.105        -0.154        -0.070


           Residuals for Covariances/Correlations/Residual Correlations
              COG063        COG064        COG066        BAYMOT
              ________      ________      ________      ________
 COG064         0.009
 COG066        -0.004         0.061
 BAYMOT        -0.144        -0.011        -0.164         0.000


           Residuals for Correlations/Residual Correlations
              COG040        COG041        COG043        COG044        COG045
              ________      ________      ________      ________      ________
 COG040
 COG041        -0.031
 COG043        -0.072         0.049
 COG044         0.190         0.164         0.075
 COG045         0.396         0.075         0.065         0.125
 COG046         0.082         0.065        -0.001         0.097         0.081
 COG048        -0.064         0.021        -0.010         0.115        -0.070
 COG049         0.033        -0.094        -0.087        -0.054        -0.013
 COG050         0.318         0.073         0.066         0.111         0.371
 COG051         0.000         0.021        -0.100        -0.004         0.017
 COG052        -0.024         0.046         0.352         0.076         0.024
 COG053        -0.080        -0.005        -0.080         0.121         0.039
 COG054         0.020         0.013         0.104         0.037         0.013
 COG055        -0.101         0.023         0.021        -0.039        -0.083
 COG056        -0.076        -0.151        -0.164        -0.079        -0.125
 COG057        -0.048         0.180        -0.084        -0.108        -0.054
 COG058        -0.138        -0.086        -0.125        -0.104        -0.087
 COG060        -0.104        -0.065        -0.091        -0.074        -0.069
 COG061        -0.215        -0.022         0.010        -0.123        -0.170
 COG062         0.014         0.130         0.135        -0.049         0.055
 COG063        -0.097         0.037        -0.137        -0.116        -0.154
 COG064         0.070         0.015         0.027        -0.017        -0.005
 COG066        -0.165         0.009        -0.058        -0.037        -0.143
 BAYMOT         0.106        -0.008         0.128         0.046         0.056


           Residuals for Correlations/Residual Correlations
              COG046        COG048        COG049        COG050        COG051
              ________      ________      ________      ________      ________
 COG048         0.040
 COG049        -0.035        -0.241
 COG050        -0.036        -0.011         0.000
 COG051        -0.027        -0.076         0.057         0.015
 COG052        -0.146        -0.004        -0.084         0.052        -0.005
 COG053        -0.021         0.649        -0.193         0.008        -0.102
 COG054        -0.056        -0.023        -0.104         0.072        -0.007
 COG055        -0.009        -0.141        -0.056        -0.010         0.052
 COG056        -0.071        -0.417         0.166        -0.143         0.009
 COG057        -0.003        -0.040        -0.040        -0.079        -0.057
 COG058        -0.035        -0.288        -0.079        -0.119         0.276
 COG060        -0.039        -0.317        -0.015        -0.095        -0.020
 COG061         0.023        -0.360        -0.154        -0.079        -0.088
 COG062         0.154        -0.212        -0.043        -0.062        -0.029
 COG063         0.035        -0.320        -0.108        -0.033        -0.240
 COG064         0.003        -0.041        -0.181        -0.048        -0.101
 COG066         0.082        -0.281        -0.052        -0.158        -0.072
 BAYMOT        -0.015        -0.013        -0.011         0.129         0.057


           Residuals for Correlations/Residual Correlations
              COG052        COG053        COG054        COG055        COG056
              ________      ________      ________      ________      ________
 COG053         0.049
 COG054         0.184         0.004
 COG055         0.095        -0.093         0.034
 COG056        -0.128        -0.263        -0.178        -0.087
 COG057         0.037        -0.047         0.082         0.132        -0.106
 COG058        -0.124        -0.294        -0.039         0.057         0.062
 COG060        -0.082        -0.269        -0.050        -0.144         0.077
 COG061        -0.002        -0.236        -0.010        -0.013        -0.088
 COG062         0.000        -0.132        -0.081         0.086        -0.120
 COG063        -0.018        -0.179        -0.065        -0.120        -0.097
 COG064         0.038         0.009         0.111         0.023        -0.052
 COG066        -0.095        -0.236         0.024        -0.133        -0.044
 BAYMOT        -0.008         0.083         0.095         0.173        -0.119


           Residuals for Correlations/Residual Correlations
              COG057        COG058        COG060        COG061        COG062
              ________      ________      ________      ________      ________
 COG058         0.023
 COG060        -0.017         0.083
 COG061         0.083        -0.025        -0.070
 COG062         0.034        -0.003        -0.067         0.057
 COG063         0.028        -0.006        -0.033         0.188         0.018
 COG064         0.047        -0.006        -0.037         0.018         0.046
 COG066        -0.032         0.147         0.003         0.083         0.091
 BAYMOT         0.010        -0.024        -0.105        -0.154        -0.070


           Residuals for Correlations/Residual Correlations
              COG063        COG064        COG066        BAYMOT
              ________      ________      ________      ________
 COG064         0.009
 COG066        -0.004         0.061
 BAYMOT        -0.144        -0.011        -0.164         0.000


     UNIVARIATE PROPORTIONS FOR CATEGORICAL VARIABLES

     Variable          Observed      Estimated      Residual (Obs.-Est.)    Stand. Residual
     COG040
       Category  1       0.127          0.127                  0.000                0.000
       Category  2       0.873          0.873                  0.000                0.000
     COG041
       Category  1       0.280          0.280                  0.000                0.000
       Category  2       0.720          0.720                  0.000                0.000
     COG043
       Category  1       0.143          0.143                  0.000                0.000
       Category  2       0.857          0.857                  0.000                0.000
     COG044
       Category  1       0.112          0.112                  0.000                0.000
       Category  2       0.888          0.888                  0.000                0.000
     COG045
       Category  1       0.372          0.372                  0.000                0.000
       Category  2       0.628          0.628                  0.000                0.000
     COG046
       Category  1       0.513          0.513                  0.000                0.000
       Category  2       0.487          0.487                  0.000                0.000
     COG048
       Category  1       0.108          0.108                  0.000                0.000
       Category  2       0.892          0.892                  0.000                0.000
     COG049
       Category  1       0.156          0.156                  0.000                0.000
       Category  2       0.844          0.844                  0.000                0.000
     COG050
       Category  1       0.273          0.273                  0.000                0.000
       Category  2       0.727          0.727                  0.000                0.000
     COG051
       Category  1       0.120          0.120                  0.000                0.000
       Category  2       0.880          0.880                  0.000                0.000
     COG052
       Category  1       0.317          0.317                  0.000                0.000
       Category  2       0.683          0.683                  0.000                0.000
     COG053
       Category  1       0.334          0.334                  0.000                0.000
       Category  2       0.666          0.666                  0.000                0.000
     COG054
       Category  1       0.332          0.332                  0.000                0.000
       Category  2       0.668          0.668                  0.000                0.000
     COG055
       Category  1       0.122          0.122                  0.000                0.000
       Category  2       0.878          0.878                  0.000                0.000
     COG056
       Category  1       0.441          0.441                  0.000                0.000
       Category  2       0.559          0.559                  0.000                0.000
     COG057
       Category  1       0.816          0.816                  0.000                0.000
       Category  2       0.184          0.184                  0.000                0.000
     COG058
       Category  1       0.434          0.434                  0.000                0.000
       Category  2       0.566          0.566                  0.000                0.000
     COG060
       Category  1       0.612          0.612                  0.000                0.000
       Category  2       0.388          0.388                  0.000                0.000
     COG061
       Category  1       0.759          0.759                  0.000                0.000
       Category  2       0.241          0.241                  0.000                0.000
     COG062
       Category  1       0.850          0.850                  0.000                0.000
       Category  2       0.150          0.150                  0.000                0.000
     COG063
       Category  1       0.886          0.886                  0.000                0.000
       Category  2       0.114          0.114                  0.000                0.000
     COG064
       Category  1       0.763          0.763                  0.000                0.000
       Category  2       0.237          0.237                  0.000                0.000
     COG066
       Category  1       0.824          0.824                  0.000                0.000
       Category  2       0.176          0.176                  0.000                0.000


     BIVARIATE PROPORTIONS FOR CATEGORICAL VARIABLES

     Variable       Variable          Observed     Estimated    Residual (Obs.-Est.)  Stand. Residual
     COG040         COG041
       Category 1     Category 1        0.042       0.044            -0.002           -0.309
       Category 1     Category 2        0.085       0.083             0.002            0.231
       Category 2     Category 1        0.238       0.236             0.002            0.150
       Category 2     Category 2        0.635       0.637            -0.002           -0.132
     COG040         COG043
       Category 1     Category 1        0.023       0.027            -0.004           -0.661
       Category 1     Category 2        0.104       0.100             0.004            0.356
       Category 2     Category 1        0.120       0.116             0.004            0.334
       Category 2     Category 2        0.752       0.756            -0.004           -0.249
     COG040         COG044
       Category 1     Category 1        0.031       0.021             0.010            1.951
       Category 1     Category 2        0.096       0.106            -0.010           -0.905
       Category 2     Category 1        0.081       0.091            -0.010           -0.968
       Category 2     Category 2        0.792       0.781             0.010            0.675
     COG040         COG045
       Category 1     Category 1        0.093       0.059             0.035            4.034
       Category 1     Category 2        0.034       0.069            -0.035           -3.745
       Category 2     Category 1        0.279       0.314            -0.035           -2.041
       Category 2     Category 2        0.594       0.559             0.035            1.908
     COG040         COG046
       Category 1     Category 1        0.081       0.074             0.007            0.697
       Category 1     Category 2        0.046       0.053            -0.007           -0.819
       Category 2     Category 1        0.432       0.438            -0.007           -0.369
       Category 2     Category 2        0.441       0.434             0.007            0.369
     COG040         COG048
       Category 1     Category 1        0.019       0.022            -0.003           -0.566
       Category 1     Category 2        0.108       0.105             0.003            0.271
       Category 2     Category 1        0.089       0.086             0.003            0.296
       Category 2     Category 2        0.783       0.787            -0.003           -0.203
     COG040         COG049
       Category 1     Category 1        0.038       0.036             0.002            0.324
       Category 1     Category 2        0.089       0.092            -0.002           -0.208
       Category 2     Category 1        0.118       0.120            -0.002           -0.185
       Category 2     Category 2        0.755       0.753             0.002            0.139
     COG040         COG050
       Category 1     Category 1        0.074       0.047             0.027            3.500
       Category 1     Category 2        0.053       0.080            -0.027           -2.733
       Category 2     Category 1        0.199       0.226            -0.027           -1.773
       Category 2     Category 2        0.674       0.647             0.027            1.552
     COG040         COG051
       Category 1     Category 1        0.028       0.028             0.000           -0.002
       Category 1     Category 2        0.099       0.099             0.000            0.001
       Category 2     Category 1        0.092       0.092             0.000            0.001
       Category 2     Category 2        0.781       0.781             0.000           -0.001
     COG040         COG052
       Category 1     Category 1        0.050       0.052            -0.002           -0.238
       Category 1     Category 2        0.077       0.075             0.002            0.200
       Category 2     Category 1        0.267       0.265             0.002            0.120
       Category 2     Category 2        0.606       0.608            -0.002           -0.108
     COG040         COG053
       Category 1     Category 1        0.049       0.055            -0.006           -0.767
       Category 1     Category 2        0.078       0.072             0.006            0.677
       Category 2     Category 1        0.286       0.279             0.006            0.390
       Category 2     Category 2        0.587       0.594            -0.006           -0.356
     COG040         COG054
       Category 1     Category 1        0.055       0.054             0.002            0.195
       Category 1     Category 2        0.072       0.073            -0.002           -0.169
       Category 2     Category 1        0.276       0.278            -0.002           -0.098
       Category 2     Category 2        0.597       0.595             0.002            0.090
     COG040         COG055
       Category 1     Category 1        0.024       0.030            -0.006           -0.904
       Category 1     Category 2        0.103       0.097             0.006            0.521
       Category 2     Category 1        0.097       0.092             0.006            0.535
       Category 2     Category 2        0.775       0.781            -0.006           -0.373
     COG040         COG056
       Category 1     Category 1        0.076       0.082            -0.006           -0.641
       Category 1     Category 2        0.051       0.045             0.006            0.851
       Category 2     Category 1        0.365       0.359             0.006            0.367
       Category 2     Category 2        0.507       0.514            -0.006           -0.353
     COG040         COG057
       Category 1     Category 1        0.108       0.111            -0.002           -0.203
       Category 1     Category 2        0.019       0.017             0.002            0.498
       Category 2     Category 1        0.708       0.705             0.002            0.140
       Category 2     Category 2        0.165       0.167            -0.002           -0.170
     COG040         COG058
       Category 1     Category 1        0.066       0.078            -0.012           -1.182
       Category 1     Category 2        0.061       0.049             0.012            1.465
       Category 2     Category 1        0.368       0.356             0.012            0.662
       Category 2     Category 2        0.505       0.516            -0.012           -0.634
     COG040         COG060
       Category 1     Category 1        0.093       0.101            -0.007           -0.676
       Category 1     Category 2        0.034       0.026             0.007            1.271
       Category 2     Category 1        0.518       0.511             0.007            0.407
       Category 2     Category 2        0.355       0.362            -0.007           -0.424
     COG040         COG061
       Category 1     Category 1        0.100       0.112            -0.012           -1.036
       Category 1     Category 2        0.027       0.015             0.012            2.686
       Category 2     Category 1        0.659       0.647             0.012            0.684
       Category 2     Category 2        0.214       0.226            -0.012           -0.782
     COG040         COG062
       Category 1     Category 1        0.118       0.117             0.000            0.041
       Category 1     Category 2        0.009       0.010             0.000           -0.133
       Category 2     Category 1        0.732       0.733             0.000           -0.030
       Category 2     Category 2        0.141       0.140             0.000            0.038
     COG040         COG063
       Category 1     Category 1        0.119       0.122            -0.003           -0.221
       Category 1     Category 2        0.008       0.005             0.003            0.982
       Category 2     Category 1        0.767       0.765             0.003            0.170
       Category 2     Category 2        0.106       0.108            -0.003           -0.233
     COG040         COG064
       Category 1     Category 1        0.115       0.112             0.003            0.288
       Category 1     Category 2        0.012       0.016            -0.003           -0.733
       Category 2     Category 1        0.648       0.652            -0.003           -0.190
       Category 2     Category 2        0.225       0.221             0.003            0.218
     COG040         COG066
       Category 1     Category 1        0.112       0.119            -0.007           -0.553
       Category 1     Category 2        0.015       0.008             0.007            1.973
       Category 2     Category 1        0.712       0.705             0.007            0.393
       Category 2     Category 2        0.161       0.168            -0.007           -0.479
     COG041         COG043
       Category 1     Category 1        0.058       0.054             0.004            0.509
       Category 1     Category 2        0.222       0.226            -0.004           -0.275
       Category 2     Category 1        0.085       0.089            -0.004           -0.403
       Category 2     Category 2        0.635       0.630             0.004            0.238
     COG041         COG044
       Category 1     Category 1        0.054       0.042             0.012            1.665
       Category 1     Category 2        0.226       0.238            -0.012           -0.783
       Category 2     Category 1        0.058       0.070            -0.012           -1.303
       Category 2     Category 2        0.662       0.649             0.012            0.699
     COG041         COG045
       Category 1     Category 1        0.133       0.123             0.010            0.827
       Category 1     Category 2        0.147       0.157            -0.010           -0.745
       Category 2     Category 1        0.240       0.249            -0.010           -0.627
       Category 2     Category 2        0.480       0.470             0.010            0.543
     COG041         COG046
       Category 1     Category 1        0.168       0.159             0.009            0.654
       Category 1     Category 2        0.112       0.121            -0.009           -0.733
       Category 2     Category 1        0.345       0.354            -0.009           -0.500
       Category 2     Category 2        0.375       0.366             0.009            0.497
     COG041         COG048
       Category 1     Category 1        0.045       0.043             0.001            0.198
       Category 1     Category 2        0.235       0.237            -0.001           -0.095
       Category 2     Category 1        0.064       0.065            -0.001           -0.163
       Category 2     Category 2        0.656       0.655             0.001            0.085
     COG041         COG049
       Category 1     Category 1        0.060       0.068            -0.009           -0.933
       Category 1     Category 2        0.221       0.212             0.009            0.576
       Category 2     Category 1        0.096       0.087             0.009            0.833
       Category 2     Category 2        0.624       0.632            -0.009           -0.488
     COG041         COG050
       Category 1     Category 1        0.106       0.097             0.009            0.823
       Category 1     Category 2        0.175       0.184            -0.009           -0.628
       Category 2     Category 1        0.168       0.177            -0.009           -0.637
       Category 2     Category 2        0.552       0.543             0.009            0.488
     COG041         COG051
       Category 1     Category 1        0.055       0.054             0.002            0.200
       Category 1     Category 2        0.225       0.226            -0.002           -0.108
       Category 2     Category 1        0.065       0.067            -0.002           -0.181
       Category 2     Category 2        0.655       0.653             0.002            0.095
     COG041         COG052
       Category 1     Category 1        0.114       0.108             0.006            0.511
       Category 1     Category 2        0.166       0.172            -0.006           -0.420
       Category 2     Category 1        0.203       0.209            -0.006           -0.390
       Category 2     Category 2        0.517       0.511             0.006            0.317
     COG041         COG053
       Category 1     Category 1        0.114       0.114            -0.001           -0.052
       Category 1     Category 2        0.166       0.166             0.001            0.045
       Category 2     Category 1        0.221       0.220             0.001            0.040
       Category 2     Category 2        0.499       0.500            -0.001           -0.033
     COG041         COG054
       Category 1     Category 1        0.114       0.112             0.002            0.146
       Category 1     Category 2        0.166       0.168            -0.002           -0.123
       Category 2     Category 1        0.218       0.220            -0.002           -0.111
       Category 2     Category 2        0.502       0.500             0.002            0.092
     COG041         COG055
       Category 1     Category 1        0.058       0.056             0.002            0.226
       Category 1     Category 2        0.222       0.224            -0.002           -0.125
       Category 2     Category 1        0.064       0.066            -0.002           -0.211
       Category 2     Category 2        0.656       0.654             0.002            0.110
     COG041         COG056
       Category 1     Category 1        0.146       0.167            -0.021           -1.527
       Category 1     Category 2        0.134       0.113             0.021            1.800
       Category 2     Category 1        0.295       0.274             0.021            1.277
       Category 2     Category 2        0.425       0.446            -0.021           -1.146
     COG041         COG057
       Category 1     Category 1        0.254       0.240             0.014            0.901
       Category 1     Category 2        0.026       0.040            -0.014           -1.967
       Category 2     Category 1        0.562       0.576            -0.014           -0.779
       Category 2     Category 2        0.158       0.144             0.014            1.096
     COG041         COG058
       Category 1     Category 1        0.147       0.159            -0.012           -0.880
       Category 1     Category 2        0.133       0.121             0.012            0.988
       Category 2     Category 1        0.287       0.275             0.012            0.721
       Category 2     Category 2        0.433       0.445            -0.012           -0.648
     COG041         COG060
       Category 1     Category 1        0.203       0.211            -0.008           -0.543
       Category 1     Category 2        0.077       0.069             0.008            0.875
       Category 2     Category 1        0.409       0.401             0.008            0.453
       Category 2     Category 2        0.311       0.319            -0.008           -0.476
     COG041         COG061
       Category 1     Category 1        0.238       0.240            -0.002           -0.130
       Category 1     Category 2        0.042       0.040             0.002            0.284
       Category 2     Category 1        0.521       0.519             0.002            0.111
       Category 2     Category 2        0.199       0.201            -0.002           -0.139
     COG041         COG062
       Category 1     Category 1        0.263       0.254             0.008            0.516
       Category 1     Category 2        0.018       0.026            -0.008           -1.416
       Category 2     Category 1        0.587       0.596            -0.008           -0.458
       Category 2     Category 2        0.133       0.124             0.008            0.681
     COG041         COG063
       Category 1     Category 1        0.267       0.265             0.002            0.112
       Category 1     Category 2        0.014       0.015            -0.002           -0.403
       Category 2     Category 1        0.620       0.622            -0.002           -0.102
       Category 2     Category 2        0.100       0.098             0.002            0.166
     COG041         COG064
       Category 1     Category 1        0.241       0.239             0.001            0.087
       Category 1     Category 2        0.039       0.041            -0.001           -0.188
       Category 2     Category 1        0.522       0.524            -0.001           -0.074
       Category 2     Category 2        0.198       0.196             0.001            0.094
     COG041         COG066
       Category 1     Category 1        0.257       0.256             0.001            0.038
       Category 1     Category 2        0.023       0.024            -0.001           -0.111
       Category 2     Category 1        0.567       0.568            -0.001           -0.034
       Category 2     Category 2        0.153       0.152             0.001            0.047
     COG043         COG044
       Category 1     Category 1        0.031       0.027             0.004            0.731
       Category 1     Category 2        0.112       0.117            -0.004           -0.367
       Category 2     Category 1        0.081       0.086            -0.004           -0.422
       Category 2     Category 2        0.775       0.771             0.004            0.281
     COG043         COG045
       Category 1     Category 1        0.077       0.071             0.006            0.637
       Category 1     Category 2        0.066       0.072            -0.006           -0.632
       Category 2     Category 1        0.295       0.301            -0.006           -0.357
       Category 2     Category 2        0.562       0.556             0.006            0.329
     COG043         COG046
       Category 1     Category 1        0.088       0.088             0.000           -0.006
       Category 1     Category 2        0.055       0.055             0.000            0.008
       Category 2     Category 1        0.425       0.425             0.000            0.004
       Category 2     Category 2        0.432       0.432             0.000           -0.004
     COG043         COG048
       Category 1     Category 1        0.028       0.029            -0.001           -0.094
       Category 1     Category 2        0.115       0.114             0.001            0.049
       Category 2     Category 1        0.080       0.079             0.001            0.058
       Category 2     Category 2        0.777       0.777            -0.001           -0.038
     COG043         COG049
       Category 1     Category 1        0.042       0.049            -0.007           -0.843
       Category 1     Category 2        0.101       0.095             0.007            0.619
       Category 2     Category 1        0.114       0.107             0.007            0.587
       Category 2     Category 2        0.743       0.750            -0.007           -0.419
     COG043         COG050
       Category 1     Category 1        0.065       0.059             0.006            0.684
       Category 1     Category 2        0.078       0.084            -0.006           -0.580
       Category 2     Category 1        0.208       0.214            -0.006           -0.393
       Category 2     Category 2        0.648       0.642             0.006            0.336
     COG043         COG051
       Category 1     Category 1        0.032       0.039            -0.007           -0.924
       Category 1     Category 2        0.111       0.104             0.007            0.586
       Category 2     Category 1        0.088       0.081             0.007            0.655
       Category 2     Category 2        0.769       0.775            -0.007           -0.429
     COG043         COG052
       Category 1     Category 1        0.099       0.064             0.035            3.849
       Category 1     Category 2        0.045       0.079            -0.035           -3.488
       Category 2     Category 1        0.218       0.253            -0.035           -2.170
       Category 2     Category 2        0.639       0.604             0.035            1.928
     COG043         COG053
       Category 1     Category 1        0.061       0.068            -0.007           -0.774
       Category 1     Category 2        0.083       0.075             0.007            0.738
       Category 2     Category 1        0.273       0.266             0.007            0.441
       Category 2     Category 2        0.583       0.590            -0.007           -0.396
     COG043         COG054
       Category 1     Category 1        0.076       0.066             0.010            1.054
       Category 1     Category 2        0.068       0.077            -0.010           -0.981
       Category 2     Category 1        0.256       0.265            -0.010           -0.593
       Category 2     Category 2        0.601       0.591             0.010            0.533
     COG043         COG055
       Category 1     Category 1        0.043       0.042             0.002            0.209
       Category 1     Category 2        0.100       0.102            -0.002           -0.139
       Category 2     Category 1        0.078       0.080            -0.002           -0.154
       Category 2     Category 2        0.778       0.777             0.002            0.100
     COG043         COG056
       Category 1     Category 1        0.089       0.105            -0.015           -1.367
       Category 1     Category 2        0.054       0.039             0.015            2.170
       Category 2     Category 1        0.352       0.336             0.015            0.886
       Category 2     Category 2        0.505       0.520            -0.015           -0.838
     COG043         COG057
       Category 1     Category 1        0.123       0.127            -0.004           -0.351
       Category 1     Category 2        0.020       0.016             0.004            0.932
       Category 2     Category 1        0.693       0.689             0.004            0.252
       Category 2     Category 2        0.164       0.168            -0.004           -0.313
     COG043         COG058
       Category 1     Category 1        0.087       0.098            -0.012           -1.068
       Category 1     Category 2        0.057       0.045             0.012            1.531
       Category 2     Category 1        0.348       0.336             0.012            0.673
       Category 2     Category 2        0.509       0.520            -0.012           -0.636
     COG043         COG060
       Category 1     Category 1        0.116       0.123            -0.007           -0.551
       Category 1     Category 2        0.027       0.020             0.007            1.279
       Category 2     Category 1        0.495       0.489             0.007            0.362
       Category 2     Category 2        0.361       0.368            -0.007           -0.375
     COG043         COG061
       Category 1     Category 1        0.133       0.132             0.000            0.038
       Category 1     Category 2        0.011       0.011             0.000           -0.120
       Category 2     Category 1        0.627       0.627             0.000           -0.026
       Category 2     Category 2        0.230       0.230             0.000            0.030
     COG043         COG062
       Category 1     Category 1        0.139       0.135             0.004            0.311
       Category 1     Category 2        0.004       0.008            -0.004           -1.197
       Category 2     Category 1        0.710       0.714            -0.004           -0.236
       Category 2     Category 2        0.146       0.142             0.004            0.305
     COG043         COG063
       Category 1     Category 1        0.137       0.140            -0.003           -0.260
       Category 1     Category 2        0.007       0.003             0.003            1.542
       Category 2     Category 1        0.750       0.746             0.003            0.208
       Category 2     Category 2        0.107       0.110            -0.003           -0.288
     COG043         COG064
       Category 1     Category 1        0.133       0.131             0.001            0.103
       Category 1     Category 2        0.011       0.012            -0.001           -0.319
       Category 2     Category 1        0.631       0.632            -0.001           -0.072
       Category 2     Category 2        0.226       0.225             0.001            0.083
     COG043         COG066
       Category 1     Category 1        0.137       0.138            -0.002           -0.141
       Category 1     Category 2        0.007       0.005             0.002            0.691
       Category 2     Category 1        0.687       0.686             0.002            0.105
       Category 2     Category 2        0.169       0.171            -0.002           -0.129
     COG044         COG045
       Category 1     Category 1        0.065       0.055             0.010            1.164
       Category 1     Category 2        0.047       0.057            -0.010           -1.145
       Category 2     Category 1        0.307       0.317            -0.010           -0.571
       Category 2     Category 2        0.581       0.571             0.010            0.537
     COG044         COG046
       Category 1     Category 1        0.076       0.069             0.007            0.783
       Category 1     Category 2        0.037       0.044            -0.007           -0.966
       Category 2     Category 1        0.437       0.444            -0.007           -0.398
       Category 2     Category 2        0.451       0.443             0.007            0.398
     COG044         COG048
       Category 1     Category 1        0.028       0.022             0.006            1.113
       Category 1     Category 2        0.084       0.090            -0.006           -0.575
       Category 2     Category 1        0.080       0.086            -0.006           -0.587
       Category 2     Category 2        0.808       0.802             0.006            0.413
     COG044         COG049
       Category 1     Category 1        0.034       0.037            -0.004           -0.504
       Category 1     Category 2        0.078       0.075             0.004            0.363
       Category 2     Category 1        0.122       0.118             0.004            0.296
       Category 2     Category 2        0.766       0.769            -0.004           -0.227
     COG044         COG050
       Category 1     Category 1        0.054       0.046             0.008            1.104
       Category 1     Category 2        0.058       0.067            -0.008           -0.924
       Category 2     Category 1        0.219       0.228            -0.008           -0.549
       Category 2     Category 2        0.668       0.660             0.008            0.486
     COG044         COG051
       Category 1     Category 1        0.030       0.030             0.000           -0.041
       Category 1     Category 2        0.083       0.082             0.000            0.025
       Category 2     Category 1        0.091       0.090             0.000            0.024
       Category 2     Category 2        0.797       0.797             0.000           -0.017
     COG044         COG052
       Category 1     Category 1        0.055       0.050             0.006            0.728
       Category 1     Category 2        0.057       0.063            -0.006           -0.653
       Category 2     Category 1        0.261       0.267            -0.006           -0.358
       Category 2     Category 2        0.627       0.621             0.006            0.326
     COG044         COG053
       Category 1     Category 1        0.062       0.053             0.010            1.160
       Category 1     Category 2        0.050       0.060            -0.010           -1.095
       Category 2     Category 1        0.272       0.282            -0.010           -0.576
       Category 2     Category 2        0.616       0.606             0.010            0.531
     COG044         COG054
       Category 1     Category 1        0.054       0.051             0.003            0.354
       Category 1     Category 2        0.058       0.061            -0.003           -0.326
       Category 2     Category 1        0.277       0.280            -0.003           -0.174
       Category 2     Category 2        0.610       0.607             0.003            0.160
     COG044         COG055
       Category 1     Category 1        0.030       0.032            -0.002           -0.355
       Category 1     Category 2        0.083       0.080             0.002            0.230
       Category 2     Category 1        0.092       0.090             0.002            0.219
       Category 2     Category 2        0.796       0.798            -0.002           -0.156
     COG044         COG056
       Category 1     Category 1        0.074       0.081            -0.006           -0.614
       Category 1     Category 2        0.038       0.032             0.006            0.954
       Category 2     Category 1        0.367       0.361             0.006            0.348
       Category 2     Category 2        0.521       0.527            -0.006           -0.335
     COG044         COG057
       Category 1     Category 1        0.095       0.099            -0.005           -0.432
       Category 1     Category 2        0.018       0.013             0.005            1.149
       Category 2     Category 1        0.721       0.716             0.005            0.287
       Category 2     Category 2        0.166       0.171            -0.005           -0.343
     COG044         COG058
       Category 1     Category 1        0.068       0.076            -0.008           -0.836
       Category 1     Category 2        0.045       0.037             0.008            1.179
       Category 2     Category 1        0.367       0.359             0.008            0.461
       Category 2     Category 2        0.521       0.529            -0.008           -0.443
     COG044         COG060
       Category 1     Category 1        0.091       0.095            -0.005           -0.417
       Category 1     Category 2        0.022       0.017             0.005            0.943
       Category 2     Category 1        0.521       0.516             0.005            0.245
       Category 2     Category 2        0.367       0.371            -0.005           -0.253
     COG044         COG061
       Category 1     Category 1        0.097       0.103            -0.005           -0.477
       Category 1     Category 2        0.015       0.010             0.005            1.489
       Category 2     Category 1        0.662       0.656             0.005            0.305
       Category 2     Category 2        0.226       0.231            -0.005           -0.344
     COG044         COG062
       Category 1     Category 1        0.104       0.106            -0.001           -0.130
       Category 1     Category 2        0.008       0.007             0.001            0.493
       Category 2     Category 1        0.746       0.744             0.001            0.092
       Category 2     Category 2        0.142       0.144            -0.001           -0.114
     COG044         COG063
       Category 1     Category 1        0.107       0.109            -0.002           -0.206
       Category 1     Category 2        0.005       0.003             0.002            1.169
       Category 2     Category 1        0.779       0.777             0.002            0.155
       Category 2     Category 2        0.108       0.111            -0.002           -0.205
     COG044         COG064
       Category 1     Category 1        0.101       0.102            -0.001           -0.061
       Category 1     Category 2        0.011       0.010             0.001            0.183
       Category 2     Category 1        0.662       0.661             0.001            0.039
       Category 2     Category 2        0.226       0.227            -0.001           -0.044
     COG044         COG066
       Category 1     Category 1        0.107       0.108            -0.001           -0.083
       Category 1     Category 2        0.005       0.004             0.001            0.385
       Category 2     Category 1        0.717       0.716             0.001            0.057
       Category 2     Category 2        0.171       0.171            -0.001           -0.068
     COG045         COG046
       Category 1     Category 1        0.223       0.211             0.012            0.819
       Category 1     Category 2        0.149       0.161            -0.012           -0.909
       Category 2     Category 1        0.290       0.302            -0.012           -0.728
       Category 2     Category 2        0.338       0.326             0.012            0.713
     COG045         COG048
       Category 1     Category 1        0.051       0.057            -0.005           -0.623
       Category 1     Category 2        0.321       0.315             0.005            0.310
       Category 2     Category 1        0.057       0.052             0.005            0.651
       Category 2     Category 2        0.571       0.576            -0.005           -0.291
     COG045         COG049
       Category 1     Category 1        0.088       0.089            -0.001           -0.127
       Category 1     Category 2        0.284       0.283             0.001            0.080
       Category 2     Category 1        0.068       0.066             0.001            0.145
       Category 2     Category 2        0.560       0.562            -0.001           -0.073
     COG045         COG050
       Category 1     Category 1        0.181       0.128             0.054            4.362
       Category 1     Category 2        0.191       0.244            -0.054           -3.389
       Category 2     Category 1        0.092       0.146            -0.054           -4.129
       Category 2     Category 2        0.536       0.482             0.054            2.914
     COG045         COG051
       Category 1     Category 1        0.072       0.070             0.001            0.151
       Category 1     Category 2        0.300       0.302            -0.001           -0.084
       Category 2     Category 1        0.049       0.050            -0.001           -0.177
       Category 2     Category 2        0.579       0.578             0.001            0.078
     COG045         COG052
       Category 1     Category 1        0.146       0.143             0.003            0.261
       Category 1     Category 2        0.226       0.229            -0.003           -0.217
       Category 2     Category 1        0.171       0.174            -0.003           -0.241
       Category 2     Category 2        0.457       0.454             0.003            0.183
     COG045         COG053
       Category 1     Category 1        0.157       0.151             0.006            0.428
       Category 1     Category 2        0.215       0.221            -0.006           -0.370
       Category 2     Category 1        0.177       0.183            -0.006           -0.397
       Category 2     Category 2        0.451       0.445             0.006            0.309
     COG045         COG054
       Category 1     Category 1        0.150       0.148             0.002            0.145
       Category 1     Category 2        0.222       0.224            -0.002           -0.124
       Category 2     Category 1        0.181       0.183            -0.002           -0.134
       Category 2     Category 2        0.447       0.445             0.002            0.104
     COG045         COG055
       Category 1     Category 1        0.066       0.073            -0.007           -0.734
       Category 1     Category 2        0.306       0.299             0.007            0.418
       Category 2     Category 1        0.055       0.048             0.007            0.891
       Category 2     Category 2        0.572       0.579            -0.007           -0.387
     COG045         COG056
       Category 1     Category 1        0.202       0.222            -0.020           -1.303
       Category 1     Category 2        0.171       0.151             0.020            1.513
       Category 2     Category 1        0.240       0.220             0.020            1.307
       Category 2     Category 2        0.388       0.408            -0.020           -1.101
     COG045         COG057
       Category 1     Category 1        0.314       0.319            -0.005           -0.304
       Category 1     Category 2        0.058       0.053             0.005            0.633
       Category 2     Category 1        0.502       0.497             0.005            0.284
       Category 2     Category 2        0.126       0.131            -0.005           -0.420
     COG045         COG058
       Category 1     Category 1        0.198       0.211            -0.014           -0.906
       Category 1     Category 2        0.175       0.161             0.014            1.006
       Category 2     Category 1        0.237       0.223             0.014            0.888
       Category 2     Category 2        0.391       0.405            -0.014           -0.753
     COG045         COG060
       Category 1     Category 1        0.271       0.281            -0.010           -0.612
       Category 1     Category 2        0.101       0.091             0.010            0.955
       Category 2     Category 1        0.341       0.331             0.010            0.585
       Category 2     Category 2        0.287       0.297            -0.010           -0.602
     COG045         COG061
       Category 1     Category 1        0.300       0.320            -0.019           -1.115
       Category 1     Category 2        0.072       0.053             0.019            2.328
       Category 2     Category 1        0.459       0.440             0.019            1.047
       Category 2     Category 2        0.169       0.188            -0.019           -1.329
     COG045         COG062
       Category 1     Category 1        0.342       0.338             0.004            0.250
       Category 1     Category 2        0.030       0.034            -0.004           -0.651
       Category 2     Category 1        0.507       0.512            -0.004           -0.237
       Category 2     Category 2        0.120       0.116             0.004            0.369
     COG045         COG063
       Category 1     Category 1        0.342       0.352            -0.010           -0.559
       Category 1     Category 2        0.030       0.020             0.010            1.910
       Category 2     Category 1        0.544       0.534             0.010            0.535
       Category 2     Category 2        0.084       0.094            -0.010           -0.916
     COG045         COG064
       Category 1     Category 1        0.318       0.319            -0.001           -0.030
       Category 1     Category 2        0.054       0.054             0.001            0.062
       Category 2     Category 1        0.445       0.445             0.001            0.028
       Category 2     Category 2        0.183       0.183            -0.001           -0.036
     COG045         COG066
       Category 1     Category 1        0.329       0.341            -0.013           -0.724
       Category 1     Category 2        0.043       0.031             0.013            1.990
       Category 2     Category 1        0.495       0.483             0.013            0.687
       Category 2     Category 2        0.133       0.145            -0.013           -0.974
     COG046         COG048
       Category 1     Category 1        0.072       0.069             0.003            0.316
       Category 1     Category 2        0.441       0.444            -0.003           -0.161
       Category 2     Category 1        0.037       0.039            -0.003           -0.410
       Category 2     Category 2        0.451       0.448             0.003            0.161
     COG046         COG049
       Category 1     Category 1        0.101       0.105            -0.003           -0.296
       Category 1     Category 2        0.411       0.408             0.003            0.185
       Category 2     Category 1        0.054       0.051             0.003            0.413
       Category 2     Category 2        0.433       0.436            -0.003           -0.183
     COG046         COG050
       Category 1     Category 1        0.157       0.162            -0.005           -0.352
       Category 1     Category 2        0.356       0.351             0.005            0.271
       Category 2     Category 1        0.116       0.112             0.005            0.411
       Category 2     Category 2        0.371       0.376            -0.005           -0.267
     COG046         COG051
       Category 1     Category 1        0.080       0.082            -0.002           -0.212
       Category 1     Category 2        0.433       0.431             0.002            0.117
       Category 2     Category 1        0.041       0.038             0.002            0.302
       Category 2     Category 2        0.447       0.449            -0.002           -0.117
     COG046         COG052
       Category 1     Category 1        0.162       0.183            -0.021           -1.461
       Category 1     Category 2        0.350       0.330             0.021            1.202
       Category 2     Category 1        0.154       0.133             0.021            1.662
       Category 2     Category 2        0.333       0.354            -0.021           -1.182
     COG046         COG053
       Category 1     Category 1        0.191       0.194            -0.003           -0.210
       Category 1     Category 2        0.322       0.319             0.003            0.178
       Category 2     Category 1        0.143       0.140             0.003            0.239
       Category 2     Category 2        0.344       0.347            -0.003           -0.175
     COG046         COG054
       Category 1     Category 1        0.183       0.191            -0.008           -0.563
       Category 1     Category 2        0.330       0.322             0.008            0.473
       Category 2     Category 1        0.149       0.141             0.008            0.636
       Category 2     Category 2        0.338       0.346            -0.008           -0.465
     COG046         COG055
       Category 1     Category 1        0.084       0.085            -0.001           -0.065
       Category 1     Category 2        0.429       0.428             0.001            0.037
       Category 2     Category 1        0.038       0.037             0.001            0.096
       Category 2     Category 2        0.449       0.450            -0.001           -0.037
     COG046         COG056
       Category 1     Category 1        0.263       0.274            -0.011           -0.700
       Category 1     Category 2        0.250       0.239             0.011            0.732
       Category 2     Category 1        0.179       0.167             0.011            0.836
       Category 2     Category 2        0.309       0.320            -0.011           -0.669
     COG046         COG057
       Category 1     Category 1        0.432       0.432             0.000           -0.015
       Category 1     Category 2        0.081       0.081             0.000            0.027
       Category 2     Category 1        0.384       0.384             0.000            0.015
       Category 2     Category 2        0.103       0.103             0.000           -0.025
     COG046         COG058
       Category 1     Category 1        0.258       0.264            -0.006           -0.347
       Category 1     Category 2        0.254       0.249             0.006            0.353
       Category 2     Category 1        0.176       0.170             0.006            0.407
       Category 2     Category 2        0.311       0.317            -0.006           -0.328
     COG046         COG060
       Category 1     Category 1        0.353       0.359            -0.006           -0.348
       Category 1     Category 2        0.160       0.154             0.006            0.463
       Category 2     Category 1        0.258       0.252             0.006            0.384
       Category 2     Category 2        0.229       0.235            -0.006           -0.394
     COG046         COG061
       Category 1     Category 1        0.425       0.422             0.003            0.160
       Category 1     Category 2        0.088       0.091            -0.003           -0.276
       Category 2     Category 1        0.334       0.337            -0.003           -0.168
       Category 2     Category 2        0.153       0.150             0.003            0.222
     COG046         COG062
       Category 1     Category 1        0.470       0.455             0.014            0.784
       Category 1     Category 2        0.043       0.058            -0.014           -1.674
       Category 2     Category 1        0.380       0.395            -0.014           -0.799
       Category 2     Category 2        0.107       0.093             0.014            1.347
     COG046         COG063
       Category 1     Category 1        0.478       0.475             0.003            0.143
       Category 1     Category 2        0.035       0.038            -0.003           -0.375
       Category 2     Category 1        0.409       0.411            -0.003           -0.145
       Category 2     Category 2        0.078       0.076             0.003            0.270
     COG046         COG064
       Category 1     Category 1        0.422       0.422             0.000            0.023
       Category 1     Category 2        0.091       0.091             0.000           -0.039
       Category 2     Category 1        0.341       0.341             0.000           -0.024
       Category 2     Category 2        0.146       0.146             0.000            0.032
     COG046         COG066
       Category 1     Category 1        0.463       0.454             0.009            0.471
       Category 1     Category 2        0.050       0.059            -0.009           -0.998
       Category 2     Category 1        0.361       0.370            -0.009           -0.486
       Category 2     Category 2        0.126       0.117             0.009            0.730
     COG048         COG049
       Category 1     Category 1        0.027       0.042            -0.015           -2.070
       Category 1     Category 2        0.081       0.066             0.015            1.682
       Category 2     Category 1        0.129       0.113             0.015            1.316
       Category 2     Category 2        0.763       0.779            -0.015           -1.005
     COG048         COG050
       Category 1     Category 1        0.047       0.048            -0.001           -0.102
       Category 1     Category 2        0.061       0.060             0.001            0.092
       Category 2     Category 1        0.226       0.225             0.001            0.052
       Category 2     Category 2        0.666       0.667            -0.001           -0.046
     COG048         COG051
       Category 1     Category 1        0.030       0.034            -0.005           -0.689
       Category 1     Category 2        0.078       0.074             0.005            0.480
       Category 2     Category 1        0.091       0.086             0.005            0.448
       Category 2     Category 2        0.801       0.806            -0.005           -0.317
     COG048         COG052
       Category 1     Category 1        0.051       0.052             0.000           -0.033
       Category 1     Category 2        0.057       0.057             0.000            0.032
       Category 2     Category 1        0.265       0.265             0.000            0.017
       Category 2     Category 2        0.627       0.627             0.000           -0.015
     COG048         COG053
       Category 1     Category 1        0.107       0.055             0.052            6.205
       Category 1     Category 2        0.001       0.053            -0.052           -6.290
       Category 2     Category 1        0.227       0.279            -0.052           -3.150
       Category 2     Category 2        0.664       0.612             0.052            2.901
     COG048         COG054
       Category 1     Category 1        0.051       0.053            -0.002           -0.214
       Category 1     Category 2        0.057       0.055             0.002            0.210
       Category 2     Category 1        0.280       0.278             0.002            0.107
       Category 2     Category 2        0.612       0.613            -0.002           -0.099
     COG048         COG055
       Category 1     Category 1        0.028       0.037            -0.009           -1.250
       Category 1     Category 2        0.080       0.071             0.009            0.919
       Category 2     Category 1        0.093       0.085             0.009            0.849
       Category 2     Category 2        0.798       0.807            -0.009           -0.599
     COG048         COG056
       Category 1     Category 1        0.054       0.086            -0.031           -3.050
       Category 1     Category 2        0.054       0.023             0.031            5.720
       Category 2     Category 1        0.387       0.356             0.031            1.782
       Category 2     Category 2        0.505       0.536            -0.031           -1.710
     COG048         COG057
       Category 1     Category 1        0.096       0.098            -0.002           -0.140
       Category 1     Category 2        0.012       0.011             0.002            0.404
       Category 2     Category 1        0.720       0.718             0.002            0.092
       Category 2     Category 2        0.172       0.173            -0.002           -0.110
     COG048         COG058
       Category 1     Category 1        0.058       0.080            -0.022           -2.185
       Category 1     Category 2        0.050       0.028             0.022            3.577
       Category 2     Category 1        0.376       0.354             0.022            1.239
       Category 2     Category 2        0.516       0.537            -0.022           -1.189
     COG048         COG060
       Category 1     Category 1        0.078       0.097            -0.019           -1.722
       Category 1     Category 2        0.030       0.011             0.019            4.890
       Category 2     Category 1        0.533       0.514             0.019            1.021
       Category 2     Category 2        0.359       0.377            -0.019           -1.052
     COG048         COG061
       Category 1     Category 1        0.087       0.102            -0.016           -1.402
       Category 1     Category 2        0.022       0.006             0.016            5.483
       Category 2     Category 1        0.673       0.657             0.016            0.894
       Category 2     Category 2        0.219       0.235            -0.016           -1.002
     COG048         COG062
       Category 1     Category 1        0.097       0.104            -0.006           -0.559
       Category 1     Category 2        0.011       0.005             0.006            2.529
       Category 2     Category 1        0.752       0.746             0.006            0.391
       Category 2     Category 2        0.139       0.146            -0.006           -0.483
     COG048         COG063
       Category 1     Category 1        0.100       0.107            -0.007           -0.574
       Category 1     Category 2        0.008       0.002             0.007            4.426
       Category 2     Category 1        0.786       0.780             0.007            0.427
       Category 2     Category 2        0.106       0.112            -0.007           -0.561
     COG048         COG064
       Category 1     Category 1        0.100       0.102            -0.001           -0.127
       Category 1     Category 2        0.008       0.007             0.001            0.471
       Category 2     Category 1        0.663       0.662             0.001            0.081
       Category 2     Category 2        0.229       0.230            -0.001           -0.091
     COG048         COG066
       Category 1     Category 1        0.099       0.106            -0.007           -0.644
       Category 1     Category 2        0.009       0.002             0.007            4.262
       Category 2     Category 1        0.725       0.718             0.007            0.441
       Category 2     Category 2        0.166       0.174            -0.007           -0.524
     COG049         COG050
       Category 1     Category 1        0.078       0.078             0.000           -0.001
       Category 1     Category 2        0.077       0.077             0.000            0.001
       Category 2     Category 1        0.195       0.195             0.000            0.001
       Category 2     Category 2        0.650       0.650             0.000           -0.001
     COG049         COG051
       Category 1     Category 1        0.068       0.062             0.006            0.645
       Category 1     Category 2        0.088       0.094            -0.006           -0.534
       Category 2     Category 1        0.053       0.058            -0.006           -0.663
       Category 2     Category 2        0.792       0.786             0.006            0.379
     COG049         COG052
       Category 1     Category 1        0.074       0.083            -0.008           -0.821
       Category 1     Category 2        0.081       0.073             0.008            0.870
       Category 2     Category 1        0.242       0.234             0.008            0.534
       Category 2     Category 2        0.602       0.610            -0.008           -0.464
     COG049         COG053
       Category 1     Category 1        0.069       0.088            -0.019           -1.822
       Category 1     Category 2        0.087       0.068             0.019            2.056
       Category 2     Category 1        0.265       0.246             0.019            1.198
       Category 2     Category 2        0.579       0.598            -0.019           -1.053
     COG049         COG054
       Category 1     Category 1        0.074       0.085            -0.010           -1.010
       Category 1     Category 2        0.081       0.071             0.010            1.097
       Category 2     Category 1        0.257       0.247             0.010            0.653
       Category 2     Category 2        0.587       0.598            -0.010           -0.574
     COG049         COG055
       Category 1     Category 1        0.062       0.068            -0.006           -0.616
       Category 1     Category 2        0.093       0.088             0.006            0.548
       Category 2     Category 1        0.060       0.054             0.006            0.687
       Category 2     Category 2        0.785       0.791            -0.006           -0.381
     COG049         COG056
       Category 1     Category 1        0.154       0.141             0.013            1.007
       Category 1     Category 2        0.001       0.014            -0.013           -2.959
       Category 2     Category 1        0.287       0.300            -0.013           -0.766
       Category 2     Category 2        0.558       0.545             0.013            0.704
     COG049         COG057
       Category 1     Category 1        0.142       0.144            -0.002           -0.141
       Category 1     Category 2        0.014       0.012             0.002            0.461
       Category 2     Category 1        0.674       0.672             0.002            0.106
       Category 2     Category 2        0.171       0.172            -0.002           -0.131
     COG049         COG058
       Category 1     Category 1        0.123       0.131            -0.008           -0.647
       Category 1     Category 2        0.032       0.024             0.008            1.415
       Category 2     Category 1        0.311       0.303             0.008            0.475
       Category 2     Category 2        0.533       0.541            -0.008           -0.439
     COG049         COG060
       Category 1     Category 1        0.150       0.151            -0.001           -0.055
       Category 1     Category 2        0.005       0.005             0.001            0.290
       Category 2     Category 1        0.461       0.461             0.001            0.040
       Category 2     Category 2        0.383       0.384            -0.001           -0.041
     COG049         COG061
       Category 1     Category 1        0.147       0.153            -0.005           -0.402
       Category 1     Category 2        0.008       0.003             0.005            2.734
       Category 2     Category 1        0.612       0.606             0.005            0.296
       Category 2     Category 2        0.233       0.238            -0.005           -0.339
     COG049         COG062
       Category 1     Category 1        0.152       0.153            -0.001           -0.076
       Category 1     Category 2        0.004       0.003             0.001            0.494
       Category 2     Category 1        0.698       0.697             0.001            0.059
       Category 2     Category 2        0.146       0.147            -0.001           -0.077
     COG049         COG063
       Category 1     Category 1        0.154       0.155            -0.001           -0.072
       Category 1     Category 2        0.001       0.000             0.001            1.317
       Category 2     Category 1        0.732       0.731             0.001            0.059
       Category 2     Category 2        0.112       0.113            -0.001           -0.082
     COG049         COG064
       Category 1     Category 1        0.145       0.152            -0.007           -0.535
       Category 1     Category 2        0.011       0.004             0.007            3.138
       Category 2     Category 1        0.618       0.611             0.007            0.394
       Category 2     Category 2        0.226       0.233            -0.007           -0.454
     COG049         COG066
       Category 1     Category 1        0.156       0.155             0.000            0.021
       Category 1     Category 2        0.000       0.000             0.000           -0.450
       Category 2     Category 1        0.668       0.669             0.000           -0.016
       Category 2     Category 2        0.176       0.176             0.000            0.020
     COG050         COG051
       Category 1     Category 1        0.064       0.062             0.001            0.147
       Category 1     Category 2        0.210       0.211            -0.001           -0.087
       Category 2     Category 1        0.057       0.058            -0.001           -0.152
       Category 2     Category 2        0.670       0.669             0.001            0.076
     COG050         COG052
       Category 1     Category 1        0.120       0.114             0.007            0.571
       Category 1     Category 2        0.153       0.160            -0.007           -0.495
       Category 2     Category 1        0.196       0.203            -0.007           -0.451
       Category 2     Category 2        0.530       0.524             0.007            0.363
     COG050         COG053
       Category 1     Category 1        0.122       0.121             0.001            0.089
       Category 1     Category 2        0.152       0.153            -0.001           -0.081
       Category 2     Category 1        0.212       0.214            -0.001           -0.071
       Category 2     Category 2        0.514       0.513             0.001            0.058
     COG050         COG054
       Category 1     Category 1        0.127       0.118             0.009            0.796
       Category 1     Category 2        0.146       0.156            -0.009           -0.708
       Category 2     Category 1        0.204       0.214            -0.009           -0.626
       Category 2     Category 2        0.522       0.513             0.009            0.514
     COG050         COG055
       Category 1     Category 1        0.065       0.066            -0.001           -0.093
       Category 1     Category 2        0.208       0.208             0.001            0.057
       Category 2     Category 1        0.057       0.056             0.001            0.100
       Category 2     Category 2        0.670       0.671            -0.001           -0.049
     COG050         COG056
       Category 1     Category 1        0.162       0.183            -0.020           -1.441
       Category 1     Category 2        0.111       0.090             0.020            1.942
       Category 2     Category 1        0.279       0.258             0.020            1.272
       Category 2     Category 2        0.448       0.468            -0.020           -1.116
     COG050         COG057
       Category 1     Category 1        0.233       0.239            -0.006           -0.408
       Category 1     Category 2        0.041       0.034             0.006            0.957
       Category 2     Category 1        0.583       0.577             0.006            0.352
       Category 2     Category 2        0.143       0.150            -0.006           -0.487
     COG050         COG058
       Category 1     Category 1        0.156       0.172            -0.017           -1.211
       Category 1     Category 2        0.118       0.101             0.017            1.519
       Category 2     Category 1        0.279       0.262             0.017            1.040
       Category 2     Category 2        0.448       0.465            -0.017           -0.917
     COG050         COG060
       Category 1     Category 1        0.211       0.223            -0.012           -0.760
       Category 1     Category 2        0.062       0.051             0.012            1.442
       Category 2     Category 1        0.401       0.389             0.012            0.648
       Category 2     Category 2        0.326       0.338            -0.012           -0.668
     COG050         COG061
       Category 1     Category 1        0.238       0.245            -0.007           -0.435
       Category 1     Category 2        0.035       0.028             0.007            1.129
       Category 2     Category 1        0.521       0.514             0.007            0.375
       Category 2     Category 2        0.206       0.213            -0.007           -0.458
     COG050         COG062
       Category 1     Category 1        0.250       0.254            -0.004           -0.241
       Category 1     Category 2        0.023       0.019             0.004            0.765
       Category 2     Category 1        0.599       0.596             0.004            0.214
       Category 2     Category 2        0.127       0.131            -0.004           -0.311
     COG050         COG063
       Category 1     Category 1        0.263       0.264            -0.001           -0.087
       Category 1     Category 2        0.011       0.009             0.001            0.399
       Category 2     Category 1        0.624       0.622             0.001            0.079
       Category 2     Category 2        0.103       0.104            -0.001           -0.126
     COG050         COG064
       Category 1     Category 1        0.240       0.244            -0.004           -0.265
       Category 1     Category 2        0.034       0.030             0.004            0.672
       Category 2     Category 1        0.524       0.519             0.004            0.228
       Category 2     Category 2        0.203       0.207            -0.004           -0.281
     COG050         COG066
       Category 1     Category 1        0.249       0.259            -0.010           -0.639
       Category 1     Category 2        0.024       0.014             0.010            2.380
       Category 2     Category 1        0.575       0.565             0.010            0.565
       Category 2     Category 2        0.152       0.162            -0.010           -0.761
     COG051         COG052
       Category 1     Category 1        0.065       0.065             0.000           -0.048
       Category 1     Category 2        0.055       0.055             0.000            0.052
       Category 2     Category 1        0.252       0.251             0.000            0.027
       Category 2     Category 2        0.628       0.628             0.000           -0.025
     COG051         COG053
       Category 1     Category 1        0.061       0.070            -0.009           -0.922
       Category 1     Category 2        0.060       0.051             0.009            1.067
       Category 2     Category 1        0.273       0.265             0.009            0.531
       Category 2     Category 2        0.606       0.615            -0.009           -0.482
     COG051         COG054
       Category 1     Category 1        0.066       0.067            -0.001           -0.068
       Category 1     Category 2        0.054       0.054             0.001            0.075
       Category 2     Category 1        0.265       0.265             0.001            0.038
       Category 2     Category 2        0.614       0.615            -0.001           -0.035
     COG051         COG055
       Category 1     Category 1        0.061       0.056             0.005            0.597
       Category 1     Category 2        0.060       0.065            -0.005           -0.557
       Category 2     Category 1        0.061       0.066            -0.005           -0.552
       Category 2     Category 2        0.819       0.814             0.005            0.352
     COG051         COG056
       Category 1     Category 1        0.111       0.110             0.001            0.057
       Category 1     Category 2        0.009       0.010            -0.001           -0.178
       Category 2     Category 1        0.330       0.331            -0.001           -0.038
       Category 2     Category 2        0.549       0.549             0.001            0.036
     COG051         COG057
       Category 1     Category 1        0.110       0.112            -0.002           -0.183
       Category 1     Category 2        0.011       0.009             0.002            0.622
       Category 2     Category 1        0.706       0.704             0.002            0.127
       Category 2     Category 2        0.173       0.175            -0.002           -0.152
     COG051         COG058
       Category 1     Category 1        0.120       0.103             0.018            1.573
       Category 1     Category 2        0.000       0.018            -0.018           -3.636
       Category 2     Category 1        0.314       0.332            -0.018           -1.015
       Category 2     Category 2        0.566       0.548             0.018            0.960
     COG051         COG060
       Category 1     Category 1        0.116       0.117            -0.001           -0.059
       Category 1     Category 2        0.004       0.003             0.001            0.327
       Category 2     Category 1        0.495       0.495             0.001            0.038
       Category 2     Category 2        0.384       0.385            -0.001           -0.039
     COG051         COG061
       Category 1     Category 1        0.116       0.118            -0.002           -0.172
       Category 1     Category 2        0.004       0.002             0.002            1.240
       Category 2     Category 1        0.643       0.641             0.002            0.116
       Category 2     Category 2        0.237       0.239            -0.002           -0.130
     COG051         COG062
       Category 1     Category 1        0.118       0.118            -0.001           -0.042
       Category 1     Category 2        0.003       0.002             0.001            0.291
       Category 2     Category 1        0.732       0.732             0.001            0.031
       Category 2     Category 2        0.147       0.148            -0.001           -0.038
     COG051         COG063
       Category 1     Category 1        0.118       0.120            -0.002           -0.202
       Category 1     Category 2        0.003       0.000             0.002            3.865
       Category 2     Category 1        0.769       0.766             0.002            0.155
       Category 2     Category 2        0.111       0.113            -0.002           -0.207
     COG051         COG064
       Category 1     Category 1        0.115       0.118            -0.003           -0.229
       Category 1     Category 2        0.005       0.003             0.003            1.422
       Category 2     Category 1        0.648       0.645             0.003            0.154
       Category 2     Category 2        0.231       0.234            -0.003           -0.174
     COG051         COG066
       Category 1     Category 1        0.120       0.120             0.000            0.018
       Category 1     Category 2        0.000       0.000             0.000           -0.397
       Category 2     Category 1        0.704       0.704             0.000           -0.013
       Category 2     Category 2        0.176       0.176             0.000            0.015
     COG052         COG053
       Category 1     Category 1        0.141       0.134             0.007            0.547
       Category 1     Category 2        0.176       0.183            -0.007           -0.482
       Category 2     Category 1        0.194       0.200            -0.007           -0.466
       Category 2     Category 2        0.490       0.483             0.007            0.373
     COG052         COG054
       Category 1     Category 1        0.157       0.131             0.026            2.100
       Category 1     Category 2        0.160       0.186            -0.026           -1.821
       Category 2     Category 1        0.175       0.201            -0.026           -1.769
       Category 2     Category 2        0.509       0.483             0.026            1.418
     COG052         COG055
       Category 1     Category 1        0.077       0.069             0.009            0.914
       Category 1     Category 2        0.240       0.248            -0.009           -0.535
       Category 2     Category 1        0.045       0.053            -0.009           -1.030
       Category 2     Category 2        0.639       0.630             0.009            0.479
     COG052         COG056
       Category 1     Category 1        0.180       0.199            -0.019           -1.315
       Category 1     Category 2        0.137       0.117             0.019            1.633
       Category 2     Category 1        0.261       0.242             0.019            1.227
       Category 2     Category 2        0.422       0.442            -0.019           -1.058
     COG052         COG057
       Category 1     Category 1        0.277       0.274             0.003            0.198
       Category 1     Category 2        0.039       0.042            -0.003           -0.439
       Category 2     Category 1        0.539       0.542            -0.003           -0.178
       Category 2     Category 2        0.145       0.142             0.003            0.254
     COG052         COG058
       Category 1     Category 1        0.171       0.189            -0.018           -1.283
       Category 1     Category 2        0.146       0.128             0.018            1.505
       Category 2     Category 1        0.264       0.245             0.018            1.167
       Category 2     Category 2        0.419       0.438            -0.018           -1.012
     COG052         COG060
       Category 1     Category 1        0.237       0.248            -0.011           -0.699
       Category 1     Category 2        0.080       0.069             0.011            1.194
       Category 2     Category 1        0.375       0.364             0.011            0.628
       Category 2     Category 2        0.309       0.320            -0.011           -0.648
     COG052         COG061
       Category 1     Category 1        0.277       0.278             0.000           -0.014
       Category 1     Category 2        0.039       0.039             0.000            0.032
       Category 2     Category 1        0.482       0.482             0.000            0.012
       Category 2     Category 2        0.202       0.202             0.000           -0.016
     COG052         COG062
       Category 1     Category 1        0.291       0.291             0.000            0.002
       Category 1     Category 2        0.026       0.026             0.000           -0.005
       Category 2     Category 1        0.559       0.559             0.000           -0.002
       Category 2     Category 2        0.124       0.124             0.000            0.002
     COG052         COG063
       Category 1     Category 1        0.302       0.303            -0.001           -0.054
       Category 1     Category 2        0.015       0.014             0.001            0.210
       Category 2     Category 1        0.585       0.584             0.001            0.050
       Category 2     Category 2        0.099       0.100            -0.001           -0.082
     COG052         COG064
       Category 1     Category 1        0.280       0.276             0.004            0.224
       Category 1     Category 2        0.037       0.040            -0.004           -0.510
       Category 2     Category 1        0.483       0.487            -0.004           -0.200
       Category 2     Category 2        0.200       0.197             0.004            0.252
     COG052         COG066
       Category 1     Category 1        0.288       0.295            -0.007           -0.426
       Category 1     Category 2        0.028       0.021             0.007            1.345
       Category 2     Category 1        0.536       0.529             0.007            0.389
       Category 2     Category 2        0.147       0.155            -0.007           -0.537
     COG053         COG054
       Category 1     Category 1        0.139       0.139             0.001            0.045
       Category 1     Category 2        0.195       0.195            -0.001           -0.039
       Category 2     Category 1        0.192       0.193            -0.001           -0.040
       Category 2     Category 2        0.474       0.473             0.001            0.031
     COG053         COG055
       Category 1     Category 1        0.065       0.073            -0.008           -0.838
       Category 1     Category 2        0.269       0.261             0.008            0.496
       Category 2     Category 1        0.057       0.049             0.008            1.012
       Category 2     Category 2        0.609       0.617            -0.008           -0.449
     COG053         COG056
       Category 1     Category 1        0.172       0.212            -0.040           -2.673
       Category 1     Category 2        0.162       0.122             0.040            3.336
       Category 2     Category 1        0.269       0.229             0.040            2.600
       Category 2     Category 2        0.396       0.437            -0.040           -2.203
     COG053         COG057
       Category 1     Category 1        0.286       0.290            -0.004           -0.256
       Category 1     Category 2        0.049       0.044             0.004            0.564
       Category 2     Category 1        0.530       0.526             0.004            0.233
       Category 2     Category 2        0.135       0.140            -0.004           -0.335
     COG053         COG058
       Category 1     Category 1        0.157       0.201            -0.044           -2.977
       Category 1     Category 2        0.177       0.133             0.044            3.509
       Category 2     Category 1        0.277       0.234             0.044            2.820
       Category 2     Category 2        0.388       0.432            -0.044           -2.408
     COG053         COG060
       Category 1     Category 1        0.226       0.263            -0.037           -2.303
       Category 1     Category 2        0.108       0.071             0.037            3.951
       Category 2     Category 1        0.386       0.348             0.037            2.129
       Category 2     Category 2        0.280       0.317            -0.037           -2.179
     COG053         COG061
       Category 1     Category 1        0.269       0.294            -0.025           -1.483
       Category 1     Category 2        0.065       0.040             0.025            3.443
       Category 2     Category 1        0.490       0.465             0.025            1.354
       Category 2     Category 2        0.176       0.201            -0.025           -1.686
     COG053         COG062
       Category 1     Category 1        0.298       0.308            -0.010           -0.588
       Category 1     Category 2        0.037       0.027             0.010            1.686
       Category 2     Category 1        0.552       0.542             0.010            0.544
       Category 2     Category 2        0.114       0.124            -0.010           -0.824
     COG053         COG063
       Category 1     Category 1        0.310       0.320            -0.010           -0.596
       Category 1     Category 2        0.024       0.014             0.010            2.354
       Category 2     Category 1        0.576       0.566             0.010            0.561
       Category 2     Category 2        0.089       0.100            -0.010           -0.928
     COG053         COG064
       Category 1     Category 1        0.294       0.293             0.001            0.052
       Category 1     Category 2        0.041       0.041            -0.001           -0.118
       Category 2     Category 1        0.470       0.470            -0.001           -0.047
       Category 2     Category 2        0.196       0.195             0.001            0.060
     COG053         COG066
       Category 1     Category 1        0.294       0.313            -0.019           -1.122
       Category 1     Category 2        0.041       0.021             0.019            3.592
       Category 2     Category 1        0.530       0.511             0.019            1.041
       Category 2     Category 2        0.135       0.154            -0.019           -1.440
     COG054         COG055
       Category 1     Category 1        0.073       0.070             0.003            0.312
       Category 1     Category 2        0.258       0.261            -0.003           -0.181
       Category 2     Category 1        0.049       0.052            -0.003           -0.360
       Category 2     Category 2        0.620       0.617             0.003            0.164
     COG054         COG056
       Category 1     Category 1        0.179       0.206            -0.027           -1.829
       Category 1     Category 2        0.153       0.126             0.027            2.230
       Category 2     Category 1        0.263       0.235             0.027            1.743
       Category 2     Category 2        0.406       0.433            -0.027           -1.492
     COG054         COG057
       Category 1     Category 1        0.294       0.286             0.007            0.438
       Category 1     Category 2        0.038       0.045            -0.007           -0.952
       Category 2     Category 1        0.522       0.530            -0.007           -0.396
       Category 2     Category 2        0.146       0.139             0.007            0.572
     COG054         COG058
       Category 1     Category 1        0.189       0.195            -0.006           -0.408
       Category 1     Category 2        0.142       0.136             0.006            0.472
       Category 2     Category 1        0.245       0.239             0.006            0.379
       Category 2     Category 2        0.424       0.429            -0.006           -0.327
     COG054         COG060
       Category 1     Category 1        0.250       0.257            -0.007           -0.429
       Category 1     Category 2        0.081       0.074             0.007            0.715
       Category 2     Category 1        0.361       0.354             0.007            0.392
       Category 2     Category 2        0.307       0.314            -0.007           -0.404
     COG054         COG061
       Category 1     Category 1        0.288       0.289            -0.001           -0.060
       Category 1     Category 2        0.043       0.042             0.001            0.134
       Category 2     Category 1        0.471       0.470             0.001            0.054
       Category 2     Category 2        0.198       0.199            -0.001           -0.068
     COG054         COG062
       Category 1     Category 1        0.298       0.304            -0.006           -0.357
       Category 1     Category 2        0.034       0.028             0.006            1.000
       Category 2     Category 1        0.552       0.546             0.006            0.330
       Category 2     Category 2        0.116       0.122            -0.006           -0.501
     COG054         COG063
       Category 1     Category 1        0.313       0.316            -0.004           -0.209
       Category 1     Category 2        0.019       0.015             0.004            0.789
       Category 2     Category 1        0.574       0.570             0.004            0.196
       Category 2     Category 2        0.095       0.098            -0.004           -0.326
     COG054         COG064
       Category 1     Category 1        0.299       0.288             0.011            0.661
       Category 1     Category 2        0.032       0.043            -0.011           -1.468
       Category 2     Category 1        0.464       0.475            -0.011           -0.600
       Category 2     Category 2        0.204       0.193             0.011            0.758
     COG054         COG066
       Category 1     Category 1        0.310       0.308             0.002            0.107
       Category 1     Category 2        0.022       0.023            -0.002           -0.327
       Category 2     Category 1        0.514       0.516            -0.002           -0.099
       Category 2     Category 2        0.154       0.152             0.002            0.138
     COG055         COG056
       Category 1     Category 1        0.110       0.116            -0.006           -0.509
       Category 1     Category 2        0.012       0.006             0.006            2.073
       Category 2     Category 1        0.332       0.326             0.006            0.347
       Category 2     Category 2        0.547       0.553            -0.006           -0.327
     COG055         COG057
       Category 1     Category 1        0.118       0.114             0.004            0.330
       Category 1     Category 2        0.004       0.008            -0.004           -1.184
       Category 2     Category 1        0.698       0.702            -0.004           -0.229
       Category 2     Category 2        0.180       0.176             0.004            0.275
     COG055         COG058
       Category 1     Category 1        0.112       0.108             0.004            0.369
       Category 1     Category 2        0.009       0.014            -0.004           -0.987
       Category 2     Category 1        0.322       0.326            -0.004           -0.245
       Category 2     Category 2        0.556       0.552             0.004            0.231
     COG055         COG060
       Category 1     Category 1        0.115       0.120            -0.005           -0.426
       Category 1     Category 2        0.007       0.002             0.005            3.398
       Category 2     Category 1        0.497       0.492             0.005            0.277
       Category 2     Category 2        0.382       0.387            -0.005           -0.285
     COG055         COG061
       Category 1     Category 1        0.120       0.121             0.000           -0.017
       Category 1     Category 2        0.001       0.001             0.000            0.159
       Category 2     Category 1        0.639       0.639             0.000            0.011
       Category 2     Category 2        0.240       0.240             0.000           -0.013
     COG055         COG062
       Category 1     Category 1        0.122       0.120             0.002            0.134
       Category 1     Category 2        0.000       0.002            -0.002           -1.088
       Category 2     Category 1        0.728       0.730            -0.002           -0.098
       Category 2     Category 2        0.150       0.149             0.002            0.122
     COG055         COG063
       Category 1     Category 1        0.122       0.122             0.000            0.010
       Category 1     Category 2        0.000       0.000             0.000           -0.296
       Category 2     Category 1        0.765       0.765             0.000           -0.008
       Category 2     Category 2        0.114       0.114             0.000            0.010
     COG055         COG064
       Category 1     Category 1        0.120       0.120             0.000            0.032
       Category 1     Category 2        0.001       0.002             0.000           -0.253
       Category 2     Category 1        0.643       0.643             0.000           -0.022
       Category 2     Category 2        0.235       0.235             0.000            0.025
     COG055         COG066
       Category 1     Category 1        0.122       0.122             0.000            0.004
       Category 1     Category 2        0.000       0.000             0.000           -0.189
       Category 2     Category 1        0.702       0.702             0.000           -0.003
       Category 2     Category 2        0.176       0.176             0.000            0.003
     COG056         COG057
       Category 1     Category 1        0.386       0.396            -0.011           -0.592
       Category 1     Category 2        0.055       0.045             0.011            1.401
       Category 2     Category 1        0.430       0.420             0.011            0.587
       Category 2     Category 2        0.129       0.139            -0.011           -0.837
     COG056         COG058
       Category 1     Category 1        0.334       0.319             0.015            0.879
       Category 1     Category 2        0.107       0.122            -0.015           -1.252
       Category 2     Category 1        0.100       0.115            -0.015           -1.283
       Category 2     Category 2        0.459       0.444             0.015            0.825
     COG056         COG060
       Category 1     Category 1        0.425       0.408             0.017            0.944
       Category 1     Category 2        0.016       0.033            -0.017           -2.585
       Category 2     Category 1        0.187       0.204            -0.017           -1.151
       Category 2     Category 2        0.372       0.355             0.017            0.969
     COG056         COG061
       Category 1     Category 1        0.413       0.423            -0.010           -0.568
       Category 1     Category 2        0.028       0.018             0.010            2.106
       Category 2     Category 1        0.346       0.336             0.010            0.594
       Category 2     Category 2        0.212       0.223            -0.010           -0.675
     COG056         COG062
       Category 1     Category 1        0.415       0.425            -0.009           -0.517
       Category 1     Category 2        0.026       0.016             0.009            2.020
       Category 2     Category 1        0.434       0.425             0.009            0.517
       Category 2     Category 2        0.124       0.134            -0.009           -0.751
     COG056         COG063
       Category 1     Category 1        0.434       0.438            -0.004           -0.217
       Category 1     Category 2        0.007       0.003             0.004            2.039
       Category 2     Category 1        0.452       0.448             0.004            0.217
       Category 2     Category 2        0.107       0.111            -0.004           -0.343
     COG056         COG064
       Category 1     Category 1        0.413       0.419            -0.006           -0.331
       Category 1     Category 2        0.028       0.022             0.006            1.104
       Category 2     Category 1        0.350       0.344             0.006            0.344
       Category 2     Category 2        0.208       0.214            -0.006           -0.398
     COG056         COG066
       Category 1     Category 1        0.437       0.439            -0.002           -0.116
       Category 1     Category 2        0.004       0.002             0.002            1.310
       Category 2     Category 1        0.387       0.385             0.002            0.118
       Category 2     Category 2        0.172       0.174            -0.002           -0.152
     COG057         COG058
       Category 1     Category 1        0.388       0.386             0.002            0.131
       Category 1     Category 2        0.428       0.430            -0.002           -0.129
       Category 2     Category 1        0.046       0.048            -0.002           -0.297
       Category 2     Category 2        0.138       0.136             0.002            0.186
     COG057         COG060
       Category 1     Category 1        0.535       0.536            -0.002           -0.102
       Category 1     Category 2        0.281       0.280             0.002            0.113
       Category 2     Category 1        0.077       0.075             0.002            0.193
       Category 2     Category 2        0.107       0.109            -0.002           -0.163
     COG057         COG061
       Category 1     Category 1        0.656       0.648             0.009            0.492
       Category 1     Category 2        0.160       0.168            -0.009           -0.628
       Category 2     Category 1        0.103       0.111            -0.009           -0.747
       Category 2     Category 2        0.081       0.073             0.009            0.906
     COG057         COG062
       Category 1     Category 1        0.713       0.710             0.003            0.161
       Category 1     Category 2        0.103       0.106            -0.003           -0.237
       Category 2     Category 1        0.137       0.139            -0.003           -0.210
       Category 2     Category 2        0.047       0.045             0.003            0.352
     COG057         COG063
       Category 1     Category 1        0.744       0.742             0.002            0.125
       Category 1     Category 2        0.072       0.074            -0.002           -0.209
       Category 2     Category 1        0.142       0.144            -0.002           -0.155
       Category 2     Category 2        0.042       0.040             0.002            0.278
     COG057         COG064
       Category 1     Category 1        0.654       0.649             0.005            0.268
       Category 1     Category 2        0.162       0.167            -0.005           -0.342
       Category 2     Category 1        0.110       0.114            -0.005           -0.401
       Category 2     Category 2        0.074       0.070             0.005            0.502
     COG057         COG066
       Category 1     Category 1        0.698       0.701            -0.003           -0.170
       Category 1     Category 2        0.118       0.115             0.003            0.244
       Category 2     Category 1        0.126       0.123             0.003            0.237
       Category 2     Category 2        0.058       0.061            -0.003           -0.325
     COG058         COG060
       Category 1     Category 1        0.398       0.381             0.016            0.922
       Category 1     Category 2        0.037       0.053            -0.016           -1.999
       Category 2     Category 1        0.214       0.230            -0.016           -1.064
       Category 2     Category 2        0.352       0.335             0.016            0.949
     COG058         COG061
       Category 1     Category 1        0.403       0.406            -0.003           -0.165
       Category 1     Category 2        0.031       0.028             0.003            0.490
       Category 2     Category 1        0.356       0.353             0.003            0.170
       Category 2     Category 2        0.210       0.213            -0.003           -0.198
     COG058         COG062
       Category 1     Category 1        0.413       0.413             0.000           -0.011
       Category 1     Category 2        0.022       0.021             0.000            0.037
       Category 2     Category 1        0.437       0.437             0.000            0.011
       Category 2     Category 2        0.129       0.129             0.000           -0.016
     COG058         COG063
       Category 1     Category 1        0.428       0.428             0.000           -0.017
       Category 1     Category 2        0.007       0.006             0.000            0.102
       Category 2     Category 1        0.459       0.458             0.000            0.016
       Category 2     Category 2        0.107       0.107             0.000           -0.027
     COG058         COG064
       Category 1     Category 1        0.402       0.403            -0.001           -0.041
       Category 1     Category 2        0.032       0.032             0.001            0.116
       Category 2     Category 1        0.361       0.361             0.001            0.042
       Category 2     Category 2        0.204       0.205            -0.001           -0.050
     COG058         COG066
       Category 1     Category 1        0.434       0.427             0.008            0.431
       Category 1     Category 2        0.000       0.008            -0.008           -2.417
       Category 2     Category 1        0.390       0.398            -0.008           -0.436
       Category 2     Category 2        0.176       0.168             0.008            0.570
     COG060         COG061
       Category 1     Category 1        0.551       0.562            -0.011           -0.629
       Category 1     Category 2        0.061       0.049             0.011            1.441
       Category 2     Category 1        0.208       0.197             0.011            0.785
       Category 2     Category 2        0.180       0.191            -0.011           -0.793
     COG060         COG062
       Category 1     Category 1        0.568       0.575            -0.007           -0.384
       Category 1     Category 2        0.043       0.036             0.007            1.016
       Category 2     Category 1        0.281       0.274             0.007            0.426
       Category 2     Category 2        0.107       0.114            -0.007           -0.598
     COG060         COG063
       Category 1     Category 1        0.598       0.601            -0.003           -0.142
       Category 1     Category 2        0.014       0.011             0.003            0.666
       Category 2     Category 1        0.288       0.286             0.003            0.154
       Category 2     Category 2        0.100       0.103            -0.003           -0.228
     COG060         COG064
       Category 1     Category 1        0.551       0.557            -0.006           -0.324
       Category 1     Category 2        0.061       0.055             0.006            0.705
       Category 2     Category 1        0.212       0.207             0.006            0.397
       Category 2     Category 2        0.176       0.182            -0.006           -0.417
     COG060         COG066
       Category 1     Category 1        0.599       0.599             0.000            0.024
       Category 1     Category 2        0.012       0.013             0.000           -0.105
       Category 2     Category 1        0.225       0.225             0.000           -0.028
       Category 2     Category 2        0.164       0.163             0.000            0.032
     COG061         COG062
       Category 1     Category 1        0.696       0.689             0.006            0.363
       Category 1     Category 2        0.064       0.070            -0.006           -0.659
       Category 2     Category 1        0.154       0.160            -0.006           -0.457
       Category 2     Category 2        0.087       0.080             0.006            0.617
     COG061         COG063
       Category 1     Category 1        0.744       0.724             0.021            1.257
       Category 1     Category 2        0.015       0.036            -0.021           -3.035
       Category 2     Category 1        0.142       0.163            -0.021           -1.522
       Category 2     Category 2        0.099       0.078             0.021            2.094
     COG061         COG064
       Category 1     Category 1        0.651       0.648             0.003            0.152
       Category 1     Category 2        0.108       0.111            -0.003           -0.232
       Category 2     Category 1        0.112       0.115            -0.003           -0.228
       Category 2     Category 2        0.129       0.126             0.003            0.219
     COG061         COG066
       Category 1     Category 1        0.719       0.705             0.014            0.815
       Category 1     Category 2        0.041       0.054            -0.014           -1.641
       Category 2     Category 1        0.106       0.119            -0.014           -1.147
       Category 2     Category 2        0.135       0.122             0.014            1.138
     COG062         COG063
       Category 1     Category 1        0.786       0.785             0.001            0.098
       Category 1     Category 2        0.064       0.065            -0.001           -0.163
       Category 2     Category 1        0.100       0.102            -0.001           -0.133
       Category 2     Category 2        0.050       0.049             0.001            0.187
     COG062         COG064
       Category 1     Category 1        0.694       0.689             0.005            0.283
       Category 1     Category 2        0.156       0.160            -0.005           -0.356
       Category 2     Category 1        0.069       0.074            -0.005           -0.500
       Category 2     Category 2        0.081       0.076             0.005            0.492
     COG062         COG066
       Category 1     Category 1        0.758       0.748             0.010            0.643
       Category 1     Category 2        0.092       0.102            -0.010           -0.921
       Category 2     Category 1        0.066       0.077            -0.010           -1.050
       Category 2     Category 2        0.084       0.074             0.010            1.069
     COG063         COG064
       Category 1     Category 1        0.724       0.723             0.001            0.052
       Category 1     Category 2        0.162       0.163            -0.001           -0.063
       Category 2     Category 1        0.039       0.040            -0.001           -0.119
       Category 2     Category 2        0.074       0.074             0.001            0.089
     COG063         COG066
       Category 1     Category 1        0.788       0.788             0.000           -0.029
       Category 1     Category 2        0.099       0.098             0.000            0.040
       Category 2     Category 1        0.037       0.036             0.000            0.063
       Category 2     Category 2        0.077       0.078             0.000           -0.044
     COG064         COG066
       Category 1     Category 1        0.710       0.701             0.009            0.547
       Category 1     Category 2        0.053       0.062            -0.009           -1.038
       Category 2     Category 1        0.114       0.123            -0.009           -0.763
       Category 2     Category 2        0.123       0.114             0.009            0.788


MODEL MODIFICATION INDICES

NOTE:  Modification indices for direct effects of observed dependent variables
regressed on covariates and residual covariances among observed dependent
variables may not be included.  To include these, request MODINDICES (ALL).

Minimum M.I. value for printing the modification index    10.000

                                   M.I.     E.P.C.  Std E.P.C.  StdYX E.P.C.

WITH Statements

COG045   WITH COG040              42.722     0.414      0.414        0.482
COG050   WITH COG040              25.030     0.336      0.336        0.412
COG050   WITH COG045              61.144     0.401      0.401        0.505
COG052   WITH COG043              40.355     0.379      0.379        0.486
COG053   WITH COG048             521.521     0.854      0.854        1.160
COG054   WITH COG052              10.660     0.194      0.194        0.242
COG056   WITH COG048              29.903    -0.464     -0.464       -1.377
COG056   WITH COG049              44.673     0.283      0.283        1.186
COG056   WITH COG053              20.546    -0.296     -0.296       -0.830
COG058   WITH COG048              14.270    -0.314     -0.314       -0.623
COG058   WITH COG053              24.123    -0.322     -0.322       -0.604
COG060   WITH COG048              16.585    -0.350     -0.350       -0.960
COG060   WITH COG053              20.443    -0.300     -0.300       -0.778
COG060   WITH COG056              34.443     0.187      0.187        1.061
COG060   WITH COG058              11.103     0.128      0.128        0.486
COG061   WITH COG048              17.231    -0.385     -0.385       -0.764
COG061   WITH COG053              12.870    -0.255     -0.255       -0.479
COG063   WITH COG061              42.522     0.286      0.286        0.820
COG066   WITH COG053              11.446    -0.259     -0.259       -0.789
COG066   WITH COG061              10.197     0.134      0.134        0.599


TECHNICAL 1 OUTPUT


     PARAMETER SPECIFICATION


           TAU
              COG040$1      COG041$1      COG043$1      COG044$1      COG045$1
              ________      ________      ________      ________      ________
                  1             2             3             4             5


           TAU
              COG046$1      COG048$1      COG049$1      COG050$1      COG051$1
              ________      ________      ________      ________      ________
                  6             7             8             9            10


           TAU
              COG052$1      COG053$1      COG054$1      COG055$1      COG056$1
              ________      ________      ________      ________      ________
                 11            12            13            14            15


           TAU
              COG057$1      COG058$1      COG060$1      COG061$1      COG062$1
              ________      ________      ________      ________      ________
                 16            17            18            19            20


           TAU
              COG063$1      COG064$1      COG066$1
              ________      ________      ________
                 21            22            23


           NU
              COG040        COG041        COG043        COG044        COG045
              ________      ________      ________      ________      ________
                  0             0             0             0             0


           NU
              COG046        COG048        COG049        COG050        COG051
              ________      ________      ________      ________      ________
                  0             0             0             0             0


           NU
              COG052        COG053        COG054        COG055        COG056
              ________      ________      ________      ________      ________
                  0             0             0             0             0


           NU
              COG057        COG058        COG060        COG061        COG062
              ________      ________      ________      ________      ________
                  0             0             0             0             0


           NU
              COG063        COG064        COG066        BAYMOT
              ________      ________      ________      ________
                  0             0             0             0


           LAMBDA
              COG           BAYMOT
              ________      ________
 COG040             0             0
 COG041            24             0
 COG043            25             0
 COG044            26             0
 COG045            27             0
 COG046            28             0
 COG048            29             0
 COG049            30             0
 COG050            31             0
 COG051            32             0
 COG052            33             0
 COG053            34             0
 COG054            35             0
 COG055            36             0
 COG056            37             0
 COG057            38             0
 COG058            39             0
 COG060            40             0
 COG061            41             0
 COG062            42             0
 COG063            43             0
 COG064            44             0
 COG066            45             0
 BAYMOT             0             0


           THETA
              COG040        COG041        COG043        COG044        COG045
              ________      ________      ________      ________      ________
 COG040             0
 COG041             0             0
 COG043             0             0             0
 COG044             0             0             0             0
 COG045             0             0             0             0             0
 COG046             0             0             0             0             0
 COG048             0             0             0             0             0
 COG049             0             0             0             0             0
 COG050             0             0             0             0             0
 COG051             0             0             0             0             0
 COG052             0             0             0             0             0
 COG053             0             0             0             0             0
 COG054             0             0             0             0             0
 COG055             0             0             0             0             0
 COG056             0             0             0             0             0
 COG057             0             0             0             0             0
 COG058             0             0             0             0             0
 COG060             0             0             0             0             0
 COG061             0             0             0             0             0
 COG062             0             0             0             0             0
 COG063             0             0             0             0             0
 COG064             0             0             0             0             0
 COG066             0             0             0             0             0
 BAYMOT             0             0             0             0             0


           THETA
              COG046        COG048        COG049        COG050        COG051
              ________      ________      ________      ________      ________
 COG046             0
 COG048             0             0
 COG049             0             0             0
 COG050             0             0             0             0
 COG051             0             0             0             0             0
 COG052             0             0             0             0             0
 COG053             0             0             0             0             0
 COG054             0             0             0             0             0
 COG055             0             0             0             0             0
 COG056             0             0             0             0             0
 COG057             0             0             0             0             0
 COG058             0             0             0             0             0
 COG060             0             0             0             0             0
 COG061             0             0             0             0             0
 COG062             0             0             0             0             0
 COG063             0             0             0             0             0
 COG064             0             0             0             0             0
 COG066             0             0             0             0             0
 BAYMOT             0             0             0             0             0


           THETA
              COG052        COG053        COG054        COG055        COG056
              ________      ________      ________      ________      ________
 COG052             0
 COG053             0             0
 COG054             0             0             0
 COG055             0             0             0             0
 COG056             0             0             0             0             0
 COG057             0             0             0             0             0
 COG058             0             0             0             0             0
 COG060             0             0             0             0             0
 COG061             0             0             0             0             0
 COG062             0             0             0             0             0
 COG063             0             0             0             0             0
 COG064             0             0             0             0             0
 COG066             0             0             0             0             0
 BAYMOT             0             0             0             0             0


           THETA
              COG057        COG058        COG060        COG061        COG062
              ________      ________      ________      ________      ________
 COG057             0
 COG058             0             0
 COG060             0             0             0
 COG061             0             0             0             0
 COG062             0             0             0             0             0
 COG063             0             0             0             0             0
 COG064             0             0             0             0             0
 COG066             0             0             0             0             0
 BAYMOT             0             0             0             0             0


           THETA
              COG063        COG064        COG066        BAYMOT
              ________      ________      ________      ________
 COG063             0
 COG064             0             0
 COG066             0             0             0
 BAYMOT             0             0             0             0


           ALPHA
              COG           BAYMOT
              ________      ________
                  0            46


           BETA
              COG           BAYMOT
              ________      ________
 COG                0             0
 BAYMOT             0             0


           PSI
              COG           BAYMOT
              ________      ________
 COG               47
 BAYMOT            48            49


     STARTING VALUES


           TAU
              COG040$1      COG041$1      COG043$1      COG044$1      COG045$1
              ________      ________      ________      ________      ________
               -1.140        -0.583        -1.065        -1.214        -0.326


           TAU
              COG046$1      COG048$1      COG049$1      COG050$1      COG051$1
              ________      ________      ________      ________      ________
                0.032        -1.236        -1.013        -0.603        -1.173


           TAU
              COG052$1      COG053$1      COG054$1      COG055$1      COG056$1
              ________      ________      ________      ________      ________
               -0.477        -0.428        -0.436        -1.166        -0.148


           TAU
              COG057$1      COG058$1      COG060$1      COG061$1      COG062$1
              ________      ________      ________      ________      ________
                0.900        -0.165         0.284         0.704         1.036


           TAU
              COG063$1      COG064$1      COG066$1
              ________      ________      ________
                1.207         0.717         0.931


           NU
              COG040        COG041        COG043        COG044        COG045
              ________      ________      ________      ________      ________
                0.000         0.000         0.000         0.000         0.000


           NU
              COG046        COG048        COG049        COG050        COG051
              ________      ________      ________      ________      ________
                0.000         0.000         0.000         0.000         0.000


           NU
              COG052        COG053        COG054        COG055        COG056
              ________      ________      ________      ________      ________
                0.000         0.000         0.000         0.000         0.000


           NU
              COG057        COG058        COG060        COG061        COG062
              ________      ________      ________      ________      ________
                0.000         0.000         0.000         0.000         0.000


           NU
              COG063        COG064        COG066        BAYMOT
              ________      ________      ________      ________
                0.000         0.000         0.000         0.000


           LAMBDA
              COG           BAYMOT
              ________      ________
 COG040         1.000         0.000
 COG041         1.000         0.000
 COG043         1.000         0.000
 COG044         1.000         0.000
 COG045         1.000         0.000
 COG046         1.000         0.000
 COG048         1.000         0.000
 COG049         1.000         0.000
 COG050         1.000         0.000
 COG051         1.000         0.000
 COG052         1.000         0.000
 COG053         1.000         0.000
 COG054         1.000         0.000
 COG055         1.000         0.000
 COG056         1.000         0.000
 COG057         1.000         0.000
 COG058         1.000         0.000
 COG060         1.000         0.000
 COG061         1.000         0.000
 COG062         1.000         0.000
 COG063         1.000         0.000
 COG064         1.000         0.000
 COG066         1.000         0.000
 BAYMOT         0.000         1.000


           THETA
              COG040        COG041        COG043        COG044        COG045
              ________      ________      ________      ________      ________
 COG040         1.000
 COG041         0.000         1.000
 COG043         0.000         0.000         1.000
 COG044         0.000         0.000         0.000         1.000
 COG045         0.000         0.000         0.000         0.000         1.000
 COG046         0.000         0.000         0.000         0.000         0.000
 COG048         0.000         0.000         0.000         0.000         0.000
 COG049         0.000         0.000         0.000         0.000         0.000
 COG050         0.000         0.000         0.000         0.000         0.000
 COG051         0.000         0.000         0.000         0.000         0.000
 COG052         0.000         0.000         0.000         0.000         0.000
 COG053         0.000         0.000         0.000         0.000         0.000
 COG054         0.000         0.000         0.000         0.000         0.000
 COG055         0.000         0.000         0.000         0.000         0.000
 COG056         0.000         0.000         0.000         0.000         0.000
 COG057         0.000         0.000         0.000         0.000         0.000
 COG058         0.000         0.000         0.000         0.000         0.000
 COG060         0.000         0.000         0.000         0.000         0.000
 COG061         0.000         0.000         0.000         0.000         0.000
 COG062         0.000         0.000         0.000         0.000         0.000
 COG063         0.000         0.000         0.000         0.000         0.000
 COG064         0.000         0.000         0.000         0.000         0.000
 COG066         0.000         0.000         0.000         0.000         0.000
 BAYMOT         0.000         0.000         0.000         0.000         0.000


           THETA
              COG046        COG048        COG049        COG050        COG051
              ________      ________      ________      ________      ________
 COG046         1.000
 COG048         0.000         1.000
 COG049         0.000         0.000         1.000
 COG050         0.000         0.000         0.000         1.000
 COG051         0.000         0.000         0.000         0.000         1.000
 COG052         0.000         0.000         0.000         0.000         0.000
 COG053         0.000         0.000         0.000         0.000         0.000
 COG054         0.000         0.000         0.000         0.000         0.000
 COG055         0.000         0.000         0.000         0.000         0.000
 COG056         0.000         0.000         0.000         0.000         0.000
 COG057         0.000         0.000         0.000         0.000         0.000
 COG058         0.000         0.000         0.000         0.000         0.000
 COG060         0.000         0.000         0.000         0.000         0.000
 COG061         0.000         0.000         0.000         0.000         0.000
 COG062         0.000         0.000         0.000         0.000         0.000
 COG063         0.000         0.000         0.000         0.000         0.000
 COG064         0.000         0.000         0.000         0.000         0.000
 COG066         0.000         0.000         0.000         0.000         0.000
 BAYMOT         0.000         0.000         0.000         0.000         0.000


           THETA
              COG052        COG053        COG054        COG055        COG056
              ________      ________      ________      ________      ________
 COG052         1.000
 COG053         0.000         1.000
 COG054         0.000         0.000         1.000
 COG055         0.000         0.000         0.000         1.000
 COG056         0.000         0.000         0.000         0.000         1.000
 COG057         0.000         0.000         0.000         0.000         0.000
 COG058         0.000         0.000         0.000         0.000         0.000
 COG060         0.000         0.000         0.000         0.000         0.000
 COG061         0.000         0.000         0.000         0.000         0.000
 COG062         0.000         0.000         0.000         0.000         0.000
 COG063         0.000         0.000         0.000         0.000         0.000
 COG064         0.000         0.000         0.000         0.000         0.000
 COG066         0.000         0.000         0.000         0.000         0.000
 BAYMOT         0.000         0.000         0.000         0.000         0.000


           THETA
              COG057        COG058        COG060        COG061        COG062
              ________      ________      ________      ________      ________
 COG057         1.000
 COG058         0.000         1.000
 COG060         0.000         0.000         1.000
 COG061         0.000         0.000         0.000         1.000
 COG062         0.000         0.000         0.000         0.000         1.000
 COG063         0.000         0.000         0.000         0.000         0.000
 COG064         0.000         0.000         0.000         0.000         0.000
 COG066         0.000         0.000         0.000         0.000         0.000
 BAYMOT         0.000         0.000         0.000         0.000         0.000


           THETA
              COG063        COG064        COG066        BAYMOT
              ________      ________      ________      ________
 COG063         1.000
 COG064         0.000         1.000
 COG066         0.000         0.000         1.000
 BAYMOT         0.000         0.000         0.000         0.000


           ALPHA
              COG           BAYMOT
              ________      ________
                0.000         0.000


           BETA
              COG           BAYMOT
              ________      ________
 COG            0.000         0.000
 BAYMOT         0.000         0.000


           PSI
              COG           BAYMOT
              ________      ________
 COG            0.050
 BAYMOT         0.000         0.500


TECHNICAL 4 OUTPUT


     ESTIMATES DERIVED FROM THE MODEL


           ESTIMATED MEANS FOR THE LATENT VARIABLES
              COG           BAYMOT
              ________      ________
                0.000         0.000


           ESTIMATED COVARIANCE MATRIX FOR THE LATENT VARIABLES
              COG           BAYMOT
              ________      ________
 COG            0.116
 BAYMOT         0.153         1.000


           ESTIMATED CORRELATION MATRIX FOR THE LATENT VARIABLES
              COG           BAYMOT
              ________      ________
 COG            1.000
 BAYMOT         0.451         1.000


     ESTIMATES DERIVED FROM THE MODEL


           S.E. FOR ESTIMATED MEANS FOR THE LATENT VARIABLES
              COG           BAYMOT
              ________      ________
                0.000         0.039


           EST./S.E. FOR ESTIMATED MEANS FOR THE LATENT VARIABLES
              COG           BAYMOT
              ________      ________
                0.000         0.000


           TWO-TAILED P-VALUE FOR ESTIMATED MEANS FOR THE LATENT VARIABLES
              COG           BAYMOT
              ________      ________
                1.000         1.000


           S.E. FOR ESTIMATED COVARIANCE MATRIX FOR THE LATENT VARIABLES
              COG           BAYMOT
              ________      ________
 COG            0.039
 BAYMOT         0.030         0.042


           EST./S.E. FOR ESTIMATED COVARIANCE MATRIX FOR THE LATENT VARIABLES
              COG           BAYMOT
              ________      ________
 COG            2.961
 BAYMOT         5.136        23.758


           TWO-TAILED P-VALUE FOR ESTIMATED COVARIANCE MATRIX FOR THE LATENT VARIABLES
              COG           BAYMOT
              ________      ________
 COG            0.003
 BAYMOT         0.000         0.000


           S.E. FOR ESTIMATED CORRELATION MATRIX FOR THE LATENT VARIABLES
              COG           BAYMOT
              ________      ________
 COG            0.000
 BAYMOT         0.029         0.000


           EST./S.E. FOR ESTIMATED CORRELATION MATRIX FOR THE LATENT VARIABLES
              COG           BAYMOT
              ________      ________
 COG          999.000
 BAYMOT        15.462       999.000


           TWO-TAILED P-VALUE FOR ESTIMATED CORRELATION MATRIX FOR THE LATENT VARIABLES
              COG           BAYMOT
              ________      ________
 COG            0.000
 BAYMOT         0.000         0.000


SAMPLE STATISTICS FOR ESTIMATED FACTOR SCORES


     SAMPLE STATISTICS


           Means
              COG           COG_SE
              ________      ________
                0.001         0.113


           Covariances
              COG           COG_SE
              ________      ________
 COG            0.098
 COG_SE        -0.001         0.000


           Correlations
              COG           COG_SE
              ________      ________
 COG            1.000
 COG_SE        -0.134         1.000


SAVEDATA INFORMATION


  Save file
    ../../fscores_structural.dat

  Order and format of variables

    COG040         F10.3
    COG041         F10.3
    COG043         F10.3
    COG044         F10.3
    COG045         F10.3
    COG046         F10.3
    COG048         F10.3
    COG049         F10.3
    COG050         F10.3
    COG051         F10.3
    COG052         F10.3
    COG053         F10.3
    COG054         F10.3
    COG055         F10.3
    COG056         F10.3
    COG057         F10.3
    COG058         F10.3
    COG060         F10.3
    COG061         F10.3
    COG062         F10.3
    COG063         F10.3
    COG064         F10.3
    COG066         F10.3
    BAYMOT         F10.3
    COG            F10.3
    COG_SE         F10.3

  Save file format
    26F10.3

  Save file record length    10000

  Save missing symbol        *


     Beginning Time:  14:45:33
        Ending Time:  14:45:33
       Elapsed Time:  00:00:00



MUTHEN & MUTHEN
3463 Stoner Ave.
Los Angeles, CA  90066

Tel: (310) 391-9971
Fax: (310) 391-8971
Web: www.StatModel.com
Support: Support@StatModel.com

Copyright (c) 1998-2021 Muthen & Muthen
