Mplus VERSION 8.6
MUTHEN & MUTHEN
06/04/2026   2:45 PM

INPUT INSTRUCTIONS

  TITLE:
    Structural model - UNIDIM - CBWth outcome ~ COG
    WLSMV estimator; items treated as categorical (binary)
    Single factor: COG (all items load on one factor)

  DATA:
    FILE = "../../combined.dat";

  VARIABLE:
    NAMES ARE
      COG034 COG035 COG036 COG037 COG038 COG039 COG040 COG041
      COG042 COG043 COG044 COG045 COG046 COG047 COG048 COG049 COG050
      COG051 COG052 COG053 COG054 COG055 COG056 COG057 COG058
      COG060 COG061 COG062 COG063 COG064 COG065 COG066 COG067 COG068
      GA BirthWt Sex HdCirc IUGR GDiab PrEcl AntCor_P AntCor_C
      MomAge MomEdu DadEdu EthSAsian EthBlack EthMixed EthOther
      MomEng EPDSTot StimEnv PrLax PrOvr PrVrb PrSty
      CBInt CBExt CBTot CBAnx CBWth CBSom CBSlp CBAtt CBAgg
      ECSur ECNeg ECEff BayMot BayLan QchatTot;

    USEVARIABLES ARE
      COG040 COG041
      COG043 COG044 COG045 COG046 COG048 COG049 COG050
      COG051 COG052 COG053 COG054 COG055 COG056 COG057 COG058
      COG060 COG061 COG062 COG063 COG064 COG066
      CBWth;

    CATEGORICAL ARE
      COG040 COG041
      COG043 COG044 COG045 COG046 COG048 COG049 COG050
      COG051 COG052 COG053 COG054 COG055 COG056 COG057 COG058
      COG060 COG061 COG062 COG063 COG064 COG066;

    MISSING ARE ALL (-999);

  DEFINE:
    STANDARDIZE CBWth;

  ANALYSIS:
    ESTIMATOR = WLSMV;

  MODEL:
    COG BY
      COG040 COG045 COG050 COG064
      COG041 COG043 COG044 COG046
      COG048 COG052 COG053 COG057
      COG049 COG051 COG054 COG055 COG056
      COG058 COG060 COG061 COG062 COG063 COG066;

    CBWth WITH COG;

  OUTPUT:
    STANDARDIZED;
    MODINDICES(10);
    RESIDUAL;
    SAMPSTAT;
    TECH1;
    TECH4;
    CINTERVAL;

  SAVEDATA:
    FILE = "../../fscores_structural.dat";
    SAVE = FSCORES;



INPUT READING TERMINATED NORMALLY




Structural model - UNIDIM - CBWth outcome ~ COG
WLSMV estimator; items treated as categorical (binary)
Single factor: COG (all items load on one factor)

SUMMARY OF ANALYSIS

Number of groups                                                 1
Number of observations                                         739

Number of dependent variables                                   24
Number of independent variables                                  0
Number of continuous latent variables                            1

Observed dependent variables

  Continuous
   CBWTH

  Binary and ordered categorical (ordinal)
   COG040      COG041      COG043      COG044      COG045      COG046
   COG048      COG049      COG050      COG051      COG052      COG053
   COG054      COG055      COG056      COG057      COG058      COG060
   COG061      COG062      COG063      COG064      COG066

Continuous latent variables
   COG


Estimator                                                    WLSMV
Maximum number of iterations                                  1000
Convergence criterion                                    0.500D-04
Maximum number of steepest descent iterations                   20
Maximum number of iterations for H1                           2000
Convergence criterion for H1                             0.100D-03
Parameterization                                             DELTA
Link                                                        PROBIT

Input data file(s)
  ../../combined.dat

Input data format  FREE


SUMMARY OF DATA

     Number of missing data patterns             2


COVARIANCE COVERAGE OF DATA

Minimum covariance coverage value   0.100


     PROPORTION OF DATA PRESENT


           Covariance Coverage
              COG040        COG041        COG043        COG044        COG045
              ________      ________      ________      ________      ________
 COG040         1.000
 COG041         1.000         1.000
 COG043         1.000         1.000         1.000
 COG044         1.000         1.000         1.000         1.000
 COG045         1.000         1.000         1.000         1.000         1.000
 COG046         1.000         1.000         1.000         1.000         1.000
 COG048         1.000         1.000         1.000         1.000         1.000
 COG049         1.000         1.000         1.000         1.000         1.000
 COG050         1.000         1.000         1.000         1.000         1.000
 COG051         1.000         1.000         1.000         1.000         1.000
 COG052         1.000         1.000         1.000         1.000         1.000
 COG053         1.000         1.000         1.000         1.000         1.000
 COG054         1.000         1.000         1.000         1.000         1.000
 COG055         1.000         1.000         1.000         1.000         1.000
 COG056         1.000         1.000         1.000         1.000         1.000
 COG057         1.000         1.000         1.000         1.000         1.000
 COG058         1.000         1.000         1.000         1.000         1.000
 COG060         1.000         1.000         1.000         1.000         1.000
 COG061         1.000         1.000         1.000         1.000         1.000
 COG062         1.000         1.000         1.000         1.000         1.000
 COG063         1.000         1.000         1.000         1.000         1.000
 COG064         1.000         1.000         1.000         1.000         1.000
 COG066         1.000         1.000         1.000         1.000         1.000
 CBWTH          0.978         0.978         0.978         0.978         0.978


           Covariance Coverage
              COG046        COG048        COG049        COG050        COG051
              ________      ________      ________      ________      ________
 COG046         1.000
 COG048         1.000         1.000
 COG049         1.000         1.000         1.000
 COG050         1.000         1.000         1.000         1.000
 COG051         1.000         1.000         1.000         1.000         1.000
 COG052         1.000         1.000         1.000         1.000         1.000
 COG053         1.000         1.000         1.000         1.000         1.000
 COG054         1.000         1.000         1.000         1.000         1.000
 COG055         1.000         1.000         1.000         1.000         1.000
 COG056         1.000         1.000         1.000         1.000         1.000
 COG057         1.000         1.000         1.000         1.000         1.000
 COG058         1.000         1.000         1.000         1.000         1.000
 COG060         1.000         1.000         1.000         1.000         1.000
 COG061         1.000         1.000         1.000         1.000         1.000
 COG062         1.000         1.000         1.000         1.000         1.000
 COG063         1.000         1.000         1.000         1.000         1.000
 COG064         1.000         1.000         1.000         1.000         1.000
 COG066         1.000         1.000         1.000         1.000         1.000
 CBWTH          0.978         0.978         0.978         0.978         0.978


           Covariance Coverage
              COG052        COG053        COG054        COG055        COG056
              ________      ________      ________      ________      ________
 COG052         1.000
 COG053         1.000         1.000
 COG054         1.000         1.000         1.000
 COG055         1.000         1.000         1.000         1.000
 COG056         1.000         1.000         1.000         1.000         1.000
 COG057         1.000         1.000         1.000         1.000         1.000
 COG058         1.000         1.000         1.000         1.000         1.000
 COG060         1.000         1.000         1.000         1.000         1.000
 COG061         1.000         1.000         1.000         1.000         1.000
 COG062         1.000         1.000         1.000         1.000         1.000
 COG063         1.000         1.000         1.000         1.000         1.000
 COG064         1.000         1.000         1.000         1.000         1.000
 COG066         1.000         1.000         1.000         1.000         1.000
 CBWTH          0.978         0.978         0.978         0.978         0.978


           Covariance Coverage
              COG057        COG058        COG060        COG061        COG062
              ________      ________      ________      ________      ________
 COG057         1.000
 COG058         1.000         1.000
 COG060         1.000         1.000         1.000
 COG061         1.000         1.000         1.000         1.000
 COG062         1.000         1.000         1.000         1.000         1.000
 COG063         1.000         1.000         1.000         1.000         1.000
 COG064         1.000         1.000         1.000         1.000         1.000
 COG066         1.000         1.000         1.000         1.000         1.000
 CBWTH          0.978         0.978         0.978         0.978         0.978


           Covariance Coverage
              COG063        COG064        COG066        CBWTH
              ________      ________      ________      ________
 COG063         1.000
 COG064         1.000         1.000
 COG066         1.000         1.000         1.000
 CBWTH          0.978         0.978         0.978         0.978


UNIVARIATE PROPORTIONS AND COUNTS FOR CATEGORICAL VARIABLES

    COG040
      Category 1    0.127           94.000
      Category 2    0.873          645.000
    COG041
      Category 1    0.280          207.000
      Category 2    0.720          532.000
    COG043
      Category 1    0.143          106.000
      Category 2    0.857          633.000
    COG044
      Category 1    0.112           83.000
      Category 2    0.888          656.000
    COG045
      Category 1    0.372          275.000
      Category 2    0.628          464.000
    COG046
      Category 1    0.513          379.000
      Category 2    0.487          360.000
    COG048
      Category 1    0.108           80.000
      Category 2    0.892          659.000
    COG049
      Category 1    0.156          115.000
      Category 2    0.844          624.000
    COG050
      Category 1    0.273          202.000
      Category 2    0.727          537.000
    COG051
      Category 1    0.120           89.000
      Category 2    0.880          650.000
    COG052
      Category 1    0.317          234.000
      Category 2    0.683          505.000
    COG053
      Category 1    0.334          247.000
      Category 2    0.666          492.000
    COG054
      Category 1    0.332          245.000
      Category 2    0.668          494.000
    COG055
      Category 1    0.122           90.000
      Category 2    0.878          649.000
    COG056
      Category 1    0.441          326.000
      Category 2    0.559          413.000
    COG057
      Category 1    0.816          603.000
      Category 2    0.184          136.000
    COG058
      Category 1    0.434          321.000
      Category 2    0.566          418.000
    COG060
      Category 1    0.612          452.000
      Category 2    0.388          287.000
    COG061
      Category 1    0.759          561.000
      Category 2    0.241          178.000
    COG062
      Category 1    0.850          628.000
      Category 2    0.150          111.000
    COG063
      Category 1    0.886          655.000
      Category 2    0.114           84.000
    COG064
      Category 1    0.763          564.000
      Category 2    0.237          175.000
    COG066
      Category 1    0.824          609.000
      Category 2    0.176          130.000


SAMPLE STATISTICS


     ESTIMATED SAMPLE STATISTICS


           MEANS/INTERCEPTS/THRESHOLDS
              COG040$1      COG041$1      COG043$1      COG044$1      COG045$1
              ________      ________      ________      ________      ________
               -1.140        -0.583        -1.065        -1.214        -0.326


           MEANS/INTERCEPTS/THRESHOLDS
              COG046$1      COG048$1      COG049$1      COG050$1      COG051$1
              ________      ________      ________      ________      ________
                0.032        -1.236        -1.013        -0.603        -1.173


           MEANS/INTERCEPTS/THRESHOLDS
              COG052$1      COG053$1      COG054$1      COG055$1      COG056$1
              ________      ________      ________      ________      ________
               -0.477        -0.428        -0.436        -1.166        -0.148


           MEANS/INTERCEPTS/THRESHOLDS
              COG057$1      COG058$1      COG060$1      COG061$1      COG062$1
              ________      ________      ________      ________      ________
                0.900        -0.165         0.284         0.704         1.036


           MEANS/INTERCEPTS/THRESHOLDS
              COG063$1      COG064$1      COG066$1      CBWTH
              ________      ________      ________      ________
                1.207         0.717         0.931         0.000


           CORRELATION MATRIX (WITH VARIANCES ON THE DIAGONAL)
              COG040        COG041        COG043        COG044        COG045
              ________      ________      ________      ________      ________
 COG040
 COG041         0.088
 COG043         0.095         0.221
 COG044         0.340         0.318         0.291
 COG045         0.534         0.217         0.265         0.304
 COG046         0.193         0.179         0.160         0.241         0.214
 COG048         0.123         0.213         0.261         0.357         0.154
 COG049         0.307         0.188         0.310         0.301         0.315
 COG050         0.487         0.247         0.310         0.330         0.573
 COG051         0.265         0.293         0.283         0.339         0.335
 COG052         0.128         0.202         0.572         0.272         0.206
 COG053         0.080         0.160         0.152         0.329         0.231
 COG054         0.169         0.166         0.320         0.230         0.192
 COG055         0.187         0.319         0.438         0.334         0.262
 COG056         0.235         0.168         0.286         0.324         0.247
 COG057         0.084         0.315         0.107         0.063         0.104
 COG058         0.133         0.192         0.267         0.246         0.238
 COG060         0.202         0.249         0.351         0.322         0.297
 COG061         0.056         0.256         0.402         0.228         0.155
 COG062         0.230         0.351         0.447         0.230         0.314
 COG063         0.180         0.322         0.264         0.244         0.179
 COG064         0.325         0.276         0.396         0.313         0.300
 COG066         0.151         0.333         0.398         0.372         0.235
 CBWTH         -0.198        -0.070        -0.177        -0.120        -0.128


           CORRELATION MATRIX (WITH VARIANCES ON THE DIAGONAL)
              COG046        COG048        COG049        COG050        COG051
              ________      ________      ________      ________      ________
 COG048         0.221
 COG049         0.229         0.204
 COG050         0.126         0.262         0.400
 COG051         0.228         0.354         0.686         0.402
 COG052         0.000         0.242         0.277         0.273         0.343
 COG053         0.133         0.909         0.188         0.242         0.266
 COG054         0.087         0.218         0.249         0.289         0.335
 COG055         0.269         0.326         0.628         0.411         0.713
 COG056         0.229         0.086         0.904         0.311         0.723
 COG057         0.124         0.174         0.272         0.113         0.245
 COG058         0.226         0.151         0.564         0.276         0.897
 COG060         0.256         0.178         0.711         0.352         0.682
 COG061         0.284         0.079         0.489         0.317         0.534
 COG062         0.361         0.137         0.469         0.253         0.466
 COG063         0.302         0.129         0.550         0.371         0.397
 COG064         0.248         0.371         0.423         0.323         0.483
 COG066         0.386         0.230         0.697         0.302         0.652
 CBWTH         -0.055        -0.213        -0.118        -0.185        -0.130


           CORRELATION MATRIX (WITH VARIANCES ON THE DIAGONAL)
              COG052        COG053        COG054        COG055        COG056
              ________      ________      ________      ________      ________
 COG053         0.260
 COG054         0.380         0.211
 COG055         0.474         0.307         0.405
 COG056         0.281         0.168         0.223         0.688
 COG057         0.210         0.136         0.252         0.460         0.249
 COG058         0.231         0.082         0.310         0.732         0.791
 COG060         0.320         0.156         0.345         0.619         0.899
 COG061         0.354         0.140         0.340         0.662         0.641
 COG062         0.284         0.167         0.198         0.624         0.461
 COG063         0.347         0.206         0.293         0.572         0.650
 COG064         0.372         0.362         0.440         0.658         0.633
 COG066         0.320         0.201         0.431         0.654         0.805
 CBWTH         -0.150        -0.216        -0.067        -0.204        -0.076


           CORRELATION MATRIX (WITH VARIANCES ON THE DIAGONAL)
              COG057        COG058        COG060        COG061        COG062
              ________      ________      ________      ________      ________
 COG058         0.332
 COG060         0.332         0.800
 COG061         0.392         0.609         0.647
 COG062         0.280         0.503         0.504         0.563
 COG063         0.344         0.644         0.701         0.838         0.536
 COG064         0.337         0.590         0.636         0.615         0.521
 COG066         0.328         0.886         0.838         0.822         0.680
 CBWTH         -0.003        -0.057        -0.057        -0.056        -0.003


           CORRELATION MATRIX (WITH VARIANCES ON THE DIAGONAL)
              COG063        COG064        COG066        CBWTH
              ________      ________      ________      ________
 COG064         0.620
 COG066         0.754         0.757
 CBWTH         -0.109        -0.173        -0.045         1.000


UNIVARIATE SAMPLE STATISTICS


     UNIVARIATE HIGHER-ORDER MOMENT DESCRIPTIVE STATISTICS

         Variable/         Mean/     Skewness/   Minimum/ % with                Percentiles
        Sample Size      Variance    Kurtosis    Maximum  Min/Max      20%/60%    40%/80%    Median

     CBWTH                 0.000       2.035      -0.713   47.44%      -0.713     -0.713     -0.054
             723.000       1.000       4.910       5.882    0.14%      -0.054      0.606


     THIS ANALYSIS MAY HAVE MULTIPLE SOLUTIONS.  EXPLORE THIS USING RANDOM STARTS,
     FOR EXAMPLE, STARTS = 20.  USE A LARGE ENOUGH NUMBER OF STARTS SO THAT THE
     BEST FIT FUNCTION VALUE IS REPLICATED SEVERAL TIMES.


THE MODEL ESTIMATION TERMINATED NORMALLY



MODEL FIT INFORMATION

Number of Free Parameters                       49

Chi-Square Test of Model Fit

          Value                           1256.241*
          Degrees of Freedom                   252
          P-Value                           0.0000

*   The chi-square value for MLM, MLMV, MLR, ULSMV, WLSM and WLSMV cannot be used
    for chi-square difference testing in the regular way.  MLM, MLR and WLSM
    chi-square difference testing is described on the Mplus website.  MLMV, WLSMV,
    and ULSMV difference testing is done using the DIFFTEST option.

RMSEA (Root Mean Square Error Of Approximation)

          Estimate                           0.073
          90 Percent C.I.                    0.069  0.078
          Probability RMSEA <= .05           0.000

CFI/TLI

          CFI                                0.879
          TLI                                0.867

Chi-Square Test of Model Fit for the Baseline Model

          Value                           8567.374
          Degrees of Freedom                   276
          P-Value                           0.0000

SRMR (Standardized Root Mean Square Residual)

          Value                              0.111

Optimum Function Value for Weighted Least-Squares Estimator

          Value                     0.87502213D+00



MODEL RESULTS

                                                    Two-Tailed
                    Estimate       S.E.  Est./S.E.    P-Value

 COG      BY
    COG040             1.000      0.000    999.000    999.000
    COG045             1.204      0.207      5.816      0.000
    COG050             1.453      0.251      5.792      0.000
    COG064             2.239      0.390      5.739      0.000
    COG041             1.047      0.217      4.818      0.000
    COG043             1.429      0.290      4.927      0.000
    COG044             1.306      0.256      5.101      0.000
    COG046             0.982      0.202      4.848      0.000
    COG048             1.666      0.308      5.415      0.000
    COG052             1.343      0.254      5.286      0.000
    COG053             1.406      0.264      5.319      0.000
    COG057             1.148      0.240      4.786      0.000
    COG049             2.415      0.420      5.755      0.000
    COG051             2.314      0.408      5.675      0.000
    COG054             1.281      0.245      5.226      0.000
    COG055             2.451      0.426      5.750      0.000
    COG056             2.744      0.473      5.801      0.000
    COG058             2.379      0.416      5.718      0.000
    COG060             2.689      0.463      5.807      0.000
    COG061             2.394      0.420      5.694      0.000
    COG062             1.896      0.339      5.598      0.000
    COG063             2.454      0.429      5.723      0.000
    COG066             2.778      0.481      5.778      0.000

 CBWTH    WITH
    COG               -0.056      0.019     -2.913      0.004

 Means
    CBWTH              0.000      0.059      0.000      1.000

 Thresholds
    COG040$1          -1.140      0.059    -19.376      0.000
    COG041$1          -0.583      0.049    -11.873      0.000
    COG043$1          -1.065      0.057    -18.689      0.000
    COG044$1          -1.214      0.061    -19.954      0.000
    COG045$1          -0.326      0.047     -6.940      0.000
    COG046$1           0.032      0.046      0.699      0.485
    COG048$1          -1.236      0.061    -20.100      0.000
    COG049$1          -1.013      0.056    -18.143      0.000
    COG050$1          -0.603      0.049    -12.231      0.000
    COG051$1          -1.173      0.060    -19.646      0.000
    COG052$1          -0.477      0.048     -9.927      0.000
    COG053$1          -0.428      0.048     -8.983      0.000
    COG054$1          -0.436      0.048     -9.128      0.000
    COG055$1          -1.166      0.060    -19.593      0.000
    COG056$1          -0.148      0.046     -3.199      0.001
    COG057$1           0.900      0.054     16.800      0.000
    COG058$1          -0.165      0.046     -3.567      0.000
    COG060$1           0.284      0.047      6.062      0.000
    COG061$1           0.704      0.050     13.931      0.000
    COG062$1           1.036      0.056     18.388      0.000
    COG063$1           1.207      0.061     19.904      0.000
    COG064$1           0.717      0.051     14.141      0.000
    COG066$1           0.931      0.054     17.192      0.000

 Variances
    CBWTH              1.000      0.045     22.364      0.000
    COG                0.112      0.039      2.902      0.004


QUALITY OF NUMERICAL RESULTS

     Condition Number for the Information Matrix              0.220E-05
       (ratio of smallest to largest eigenvalue)


STANDARDIZED MODEL RESULTS


STDYX Standardization

                                                    Two-Tailed
                    Estimate       S.E.  Est./S.E.    P-Value

 COG      BY
    COG040             0.335      0.058      5.804      0.000
    COG045             0.403      0.042      9.718      0.000
    COG050             0.487      0.041     11.778      0.000
    COG064             0.750      0.029     25.715      0.000
    COG041             0.351      0.045      7.769      0.000
    COG043             0.479      0.053      9.080      0.000
    COG044             0.438      0.058      7.584      0.000
    COG046             0.329      0.043      7.680      0.000
    COG048             0.558      0.054     10.287      0.000
    COG052             0.450      0.041     11.026      0.000
    COG053             0.471      0.038     12.237      0.000
    COG057             0.385      0.049      7.779      0.000
    COG049             0.809      0.030     26.714      0.000
    COG051             0.775      0.041     18.982      0.000
    COG054             0.429      0.042     10.189      0.000
    COG055             0.821      0.036     22.554      0.000
    COG056             0.919      0.015     61.552      0.000
    COG058             0.797      0.022     36.379      0.000
    COG060             0.901      0.015     59.739      0.000
    COG061             0.802      0.025     32.190      0.000
    COG062             0.635      0.041     15.497      0.000
    COG063             0.822      0.031     26.718      0.000
    COG066             0.931      0.019     49.614      0.000

 CBWTH    WITH
    COG               -0.167      0.042     -3.961      0.000

 Means
    CBWTH              0.000      0.059      0.000      1.000

 Thresholds
    COG040$1          -1.140      0.059    -19.376      0.000
    COG041$1          -0.583      0.049    -11.873      0.000
    COG043$1          -1.065      0.057    -18.689      0.000
    COG044$1          -1.214      0.061    -19.954      0.000
    COG045$1          -0.326      0.047     -6.940      0.000
    COG046$1           0.032      0.046      0.699      0.485
    COG048$1          -1.236      0.061    -20.100      0.000
    COG049$1          -1.013      0.056    -18.143      0.000
    COG050$1          -0.603      0.049    -12.231      0.000
    COG051$1          -1.173      0.060    -19.646      0.000
    COG052$1          -0.477      0.048     -9.927      0.000
    COG053$1          -0.428      0.048     -8.983      0.000
    COG054$1          -0.436      0.048     -9.128      0.000
    COG055$1          -1.166      0.060    -19.593      0.000
    COG056$1          -0.148      0.046     -3.199      0.001
    COG057$1           0.900      0.054     16.800      0.000
    COG058$1          -0.165      0.046     -3.567      0.000
    COG060$1           0.284      0.047      6.062      0.000
    COG061$1           0.704      0.050     13.931      0.000
    COG062$1           1.036      0.056     18.388      0.000
    COG063$1           1.207      0.061     19.904      0.000
    COG064$1           0.717      0.051     14.141      0.000
    COG066$1           0.931      0.054     17.192      0.000

 Variances
    CBWTH              1.000      0.000    999.000    999.000
    COG                1.000      0.000    999.000    999.000


STDY Standardization

                                                    Two-Tailed
                    Estimate       S.E.  Est./S.E.    P-Value

 COG      BY
    COG040             0.335      0.058      5.804      0.000
    COG045             0.403      0.042      9.718      0.000
    COG050             0.487      0.041     11.778      0.000
    COG064             0.750      0.029     25.715      0.000
    COG041             0.351      0.045      7.769      0.000
    COG043             0.479      0.053      9.080      0.000
    COG044             0.438      0.058      7.584      0.000
    COG046             0.329      0.043      7.680      0.000
    COG048             0.558      0.054     10.287      0.000
    COG052             0.450      0.041     11.026      0.000
    COG053             0.471      0.038     12.237      0.000
    COG057             0.385      0.049      7.779      0.000
    COG049             0.809      0.030     26.714      0.000
    COG051             0.775      0.041     18.982      0.000
    COG054             0.429      0.042     10.189      0.000
    COG055             0.821      0.036     22.554      0.000
    COG056             0.919      0.015     61.552      0.000
    COG058             0.797      0.022     36.379      0.000
    COG060             0.901      0.015     59.739      0.000
    COG061             0.802      0.025     32.190      0.000
    COG062             0.635      0.041     15.497      0.000
    COG063             0.822      0.031     26.718      0.000
    COG066             0.931      0.019     49.614      0.000

 CBWTH    WITH
    COG               -0.167      0.042     -3.961      0.000

 Means
    CBWTH              0.000      0.059      0.000      1.000

 Thresholds
    COG040$1          -1.140      0.059    -19.376      0.000
    COG041$1          -0.583      0.049    -11.873      0.000
    COG043$1          -1.065      0.057    -18.689      0.000
    COG044$1          -1.214      0.061    -19.954      0.000
    COG045$1          -0.326      0.047     -6.940      0.000
    COG046$1           0.032      0.046      0.699      0.485
    COG048$1          -1.236      0.061    -20.100      0.000
    COG049$1          -1.013      0.056    -18.143      0.000
    COG050$1          -0.603      0.049    -12.231      0.000
    COG051$1          -1.173      0.060    -19.646      0.000
    COG052$1          -0.477      0.048     -9.927      0.000
    COG053$1          -0.428      0.048     -8.983      0.000
    COG054$1          -0.436      0.048     -9.128      0.000
    COG055$1          -1.166      0.060    -19.593      0.000
    COG056$1          -0.148      0.046     -3.199      0.001
    COG057$1           0.900      0.054     16.800      0.000
    COG058$1          -0.165      0.046     -3.567      0.000
    COG060$1           0.284      0.047      6.062      0.000
    COG061$1           0.704      0.050     13.931      0.000
    COG062$1           1.036      0.056     18.388      0.000
    COG063$1           1.207      0.061     19.904      0.000
    COG064$1           0.717      0.051     14.141      0.000
    COG066$1           0.931      0.054     17.192      0.000

 Variances
    CBWTH              1.000      0.000    999.000    999.000
    COG                1.000      0.000    999.000    999.000


STD Standardization

                                                    Two-Tailed
                    Estimate       S.E.  Est./S.E.    P-Value

 COG      BY
    COG040             0.335      0.058      5.804      0.000
    COG045             0.403      0.042      9.718      0.000
    COG050             0.487      0.041     11.778      0.000
    COG064             0.750      0.029     25.715      0.000
    COG041             0.351      0.045      7.769      0.000
    COG043             0.479      0.053      9.080      0.000
    COG044             0.438      0.058      7.584      0.000
    COG046             0.329      0.043      7.680      0.000
    COG048             0.558      0.054     10.287      0.000
    COG052             0.450      0.041     11.026      0.000
    COG053             0.471      0.038     12.237      0.000
    COG057             0.385      0.049      7.779      0.000
    COG049             0.809      0.030     26.714      0.000
    COG051             0.775      0.041     18.982      0.000
    COG054             0.429      0.042     10.189      0.000
    COG055             0.821      0.036     22.554      0.000
    COG056             0.919      0.015     61.552      0.000
    COG058             0.797      0.022     36.379      0.000
    COG060             0.901      0.015     59.739      0.000
    COG061             0.802      0.025     32.190      0.000
    COG062             0.635      0.041     15.497      0.000
    COG063             0.822      0.031     26.718      0.000
    COG066             0.931      0.019     49.614      0.000

 CBWTH    WITH
    COG               -0.167      0.043     -3.916      0.000

 Means
    CBWTH              0.000      0.059      0.000      1.000

 Thresholds
    COG040$1          -1.140      0.059    -19.376      0.000
    COG041$1          -0.583      0.049    -11.873      0.000
    COG043$1          -1.065      0.057    -18.689      0.000
    COG044$1          -1.214      0.061    -19.954      0.000
    COG045$1          -0.326      0.047     -6.940      0.000
    COG046$1           0.032      0.046      0.699      0.485
    COG048$1          -1.236      0.061    -20.100      0.000
    COG049$1          -1.013      0.056    -18.143      0.000
    COG050$1          -0.603      0.049    -12.231      0.000
    COG051$1          -1.173      0.060    -19.646      0.000
    COG052$1          -0.477      0.048     -9.927      0.000
    COG053$1          -0.428      0.048     -8.983      0.000
    COG054$1          -0.436      0.048     -9.128      0.000
    COG055$1          -1.166      0.060    -19.593      0.000
    COG056$1          -0.148      0.046     -3.199      0.001
    COG057$1           0.900      0.054     16.800      0.000
    COG058$1          -0.165      0.046     -3.567      0.000
    COG060$1           0.284      0.047      6.062      0.000
    COG061$1           0.704      0.050     13.931      0.000
    COG062$1           1.036      0.056     18.388      0.000
    COG063$1           1.207      0.061     19.904      0.000
    COG064$1           0.717      0.051     14.141      0.000
    COG066$1           0.931      0.054     17.192      0.000

 Variances
    CBWTH              1.000      0.045     22.364      0.000
    COG                1.000      0.000    999.000    999.000


R-SQUARE

    Observed                                        Two-Tailed   Residual
    Variable        Estimate       S.E.  Est./S.E.    P-Value    Variance

    COG040             0.112      0.039      2.902      0.004      0.888
    COG041             0.123      0.032      3.885      0.000      0.877
    COG043             0.229      0.050      4.540      0.000      0.771
    COG044             0.191      0.050      3.792      0.000      0.809
    COG045             0.163      0.034      4.859      0.000      0.837
    COG046             0.108      0.028      3.840      0.000      0.892
    COG048             0.312      0.061      5.144      0.000      0.688
    COG049             0.655      0.049     13.357      0.000      0.345
    COG050             0.237      0.040      5.889      0.000      0.763
    COG051             0.601      0.063      9.491      0.000      0.399
    COG052             0.202      0.037      5.513      0.000      0.798
    COG053             0.222      0.036      6.119      0.000      0.778
    COG054             0.184      0.036      5.095      0.000      0.816
    COG055             0.674      0.060     11.277      0.000      0.326
    COG056             0.845      0.027     30.776      0.000      0.155
    COG057             0.148      0.038      3.889      0.000      0.852
    COG058             0.635      0.035     18.189      0.000      0.365
    COG060             0.812      0.027     29.870      0.000      0.188
    COG061             0.643      0.040     16.095      0.000      0.357
    COG062             0.404      0.052      7.748      0.000      0.596
    COG063             0.676      0.051     13.359      0.000      0.324
    COG064             0.563      0.044     12.857      0.000      0.437
    COG066             0.866      0.035     24.807      0.000      0.134


CONFIDENCE INTERVALS OF MODEL RESULTS

                  Lower .5%  Lower 2.5%    Lower 5%    Estimate    Upper 5%  Upper 2.5%   Upper .5%

 COG      BY
    COG040           1.000       1.000       1.000       1.000       1.000       1.000       1.000
    COG045           0.671       0.798       0.864       1.204       1.545       1.610       1.738
    COG050           0.807       0.962       1.041       1.453       1.866       1.945       2.100
    COG064           1.234       1.474       1.597       2.239       2.881       3.004       3.244
    COG041           0.487       0.621       0.689       1.047       1.404       1.472       1.606
    COG043           0.682       0.860       0.952       1.429       1.906       1.997       2.176
    COG044           0.647       0.804       0.885       1.306       1.727       1.808       1.966
    COG046           0.460       0.585       0.648       0.982       1.315       1.378       1.503
    COG048           0.874       1.063       1.160       1.666       2.173       2.270       2.459
    COG052           0.688       0.845       0.925       1.343       1.760       1.840       1.997
    COG053           0.725       0.888       0.971       1.406       1.841       1.924       2.087
    COG057           0.530       0.678       0.753       1.148       1.542       1.618       1.766
    COG049           1.334       1.593       1.725       2.415       3.106       3.238       3.496
    COG051           1.264       1.515       1.643       2.314       2.985       3.113       3.364
    COG054           0.650       0.801       0.878       1.281       1.684       1.761       1.912
    COG055           1.353       1.615       1.750       2.451       3.152       3.286       3.549
    COG056           1.526       1.817       1.966       2.744       3.522       3.671       3.962
    COG058           1.307       1.563       1.694       2.379       3.063       3.194       3.450
    COG060           1.496       1.781       1.927       2.689       3.451       3.597       3.882
    COG061           1.311       1.570       1.702       2.394       3.085       3.218       3.477
    COG062           1.024       1.232       1.339       1.896       2.454       2.561       2.769
    COG063           1.349       1.613       1.748       2.454       3.159       3.294       3.558
    COG066           1.539       1.835       1.987       2.778       3.568       3.720       4.016

 CBWTH    WITH
    COG             -0.105      -0.093      -0.087      -0.056      -0.024      -0.018      -0.006

 Means
    CBWTH           -0.151      -0.115      -0.097       0.000       0.097       0.115       0.151

 Thresholds
    COG040$1        -1.291      -1.255      -1.236      -1.140      -1.043      -1.024      -0.988
    COG041$1        -0.709      -0.679      -0.663      -0.583      -0.502      -0.486      -0.456
    COG043$1        -1.212      -1.177      -1.159      -1.065      -0.971      -0.953      -0.918
    COG044$1        -1.371      -1.334      -1.314      -1.214      -1.114      -1.095      -1.058
    COG045$1        -0.447      -0.418      -0.404      -0.326      -0.249      -0.234      -0.205
    COG046$1        -0.087      -0.058      -0.044       0.032       0.108       0.123       0.151
    COG048$1        -1.394      -1.356      -1.337      -1.236      -1.135      -1.115      -1.077
    COG049$1        -1.156      -1.122      -1.104      -1.013      -0.921      -0.903      -0.869
    COG050$1        -0.730      -0.699      -0.684      -0.603      -0.522      -0.506      -0.476
    COG051$1        -1.327      -1.290      -1.271      -1.173      -1.075      -1.056      -1.019
    COG052$1        -0.601      -0.571      -0.556      -0.477      -0.398      -0.383      -0.353
    COG053$1        -0.551      -0.522      -0.507      -0.428      -0.350      -0.335      -0.305
    COG054$1        -0.559      -0.529      -0.514      -0.436      -0.357      -0.342      -0.313
    COG055$1        -1.319      -1.283      -1.264      -1.166      -1.068      -1.049      -1.013
    COG056$1        -0.267      -0.239      -0.224      -0.148      -0.072      -0.057      -0.029
    COG057$1         0.762       0.795       0.812       0.900       0.988       1.005       1.038
    COG058$1        -0.285      -0.256      -0.241      -0.165      -0.089      -0.074      -0.046
    COG060$1         0.163       0.192       0.207       0.284       0.361       0.375       0.404
    COG061$1         0.573       0.605       0.620       0.704       0.787       0.802       0.834
    COG062$1         0.891       0.925       0.943       1.036       1.128       1.146       1.181
    COG063$1         1.051       1.088       1.107       1.207       1.307       1.326       1.363
    COG064$1         0.586       0.617       0.633       0.717       0.800       0.816       0.847
    COG066$1         0.792       0.825       0.842       0.931       1.020       1.037       1.071

 Variances
    CBWTH            0.885       0.912       0.926       1.000       1.074       1.088       1.115
    COG              0.013       0.036       0.049       0.112       0.176       0.188       0.212


CONFIDENCE INTERVALS OF STANDARDIZED MODEL RESULTS


STDYX Standardization

                  Lower .5%  Lower 2.5%    Lower 5%    Estimate    Upper 5%  Upper 2.5%   Upper .5%

 COG      BY
    COG040           0.186       0.222       0.240       0.335       0.430       0.448       0.484
    COG045           0.297       0.322       0.335       0.403       0.472       0.485       0.510
    COG050           0.380       0.406       0.419       0.487       0.555       0.568       0.593
    COG064           0.675       0.693       0.702       0.750       0.798       0.807       0.825
    COG041           0.234       0.262       0.276       0.351       0.425       0.439       0.467
    COG043           0.343       0.375       0.392       0.479       0.565       0.582       0.614
    COG044           0.289       0.325       0.343       0.438       0.533       0.551       0.586
    COG046           0.219       0.245       0.258       0.329       0.399       0.413       0.439
    COG048           0.419       0.452       0.469       0.558       0.648       0.665       0.698
    COG052           0.345       0.370       0.383       0.450       0.517       0.530       0.555
    COG053           0.372       0.396       0.408       0.471       0.534       0.546       0.570
    COG057           0.257       0.288       0.303       0.385       0.466       0.481       0.512
    COG049           0.731       0.750       0.759       0.809       0.859       0.869       0.887
    COG051           0.670       0.695       0.708       0.775       0.842       0.855       0.880
    COG054           0.321       0.347       0.360       0.429       0.498       0.512       0.538
    COG055           0.727       0.750       0.761       0.821       0.881       0.893       0.915
    COG056           0.881       0.890       0.895       0.919       0.944       0.949       0.958
    COG058           0.740       0.754       0.761       0.797       0.833       0.840       0.853
    COG060           0.862       0.871       0.876       0.901       0.926       0.931       0.940
    COG061           0.738       0.753       0.761       0.802       0.843       0.851       0.866
    COG062           0.530       0.555       0.568       0.635       0.703       0.716       0.741
    COG063           0.743       0.762       0.771       0.822       0.873       0.882       0.901
    COG066           0.882       0.894       0.900       0.931       0.961       0.967       0.979

 CBWTH    WITH
    COG             -0.275      -0.249      -0.236      -0.167      -0.097      -0.084      -0.058

 Means
    CBWTH           -0.151      -0.115      -0.097       0.000       0.097       0.115       0.151

 Thresholds
    COG040$1        -1.291      -1.255      -1.236      -1.140      -1.043      -1.024      -0.988
    COG041$1        -0.709      -0.679      -0.663      -0.583      -0.502      -0.486      -0.456
    COG043$1        -1.212      -1.177      -1.159      -1.065      -0.971      -0.953      -0.918
    COG044$1        -1.371      -1.334      -1.314      -1.214      -1.114      -1.095      -1.058
    COG045$1        -0.447      -0.418      -0.404      -0.326      -0.249      -0.234      -0.205
    COG046$1        -0.087      -0.058      -0.044       0.032       0.108       0.123       0.151
    COG048$1        -1.394      -1.356      -1.337      -1.236      -1.135      -1.115      -1.077
    COG049$1        -1.156      -1.122      -1.104      -1.013      -0.921      -0.903      -0.869
    COG050$1        -0.730      -0.699      -0.684      -0.603      -0.522      -0.506      -0.476
    COG051$1        -1.327      -1.290      -1.271      -1.173      -1.075      -1.056      -1.019
    COG052$1        -0.601      -0.571      -0.556      -0.477      -0.398      -0.383      -0.353
    COG053$1        -0.551      -0.522      -0.507      -0.428      -0.350      -0.335      -0.305
    COG054$1        -0.559      -0.529      -0.514      -0.436      -0.357      -0.342      -0.313
    COG055$1        -1.319      -1.283      -1.264      -1.166      -1.068      -1.049      -1.013
    COG056$1        -0.267      -0.239      -0.224      -0.148      -0.072      -0.057      -0.029
    COG057$1         0.762       0.795       0.812       0.900       0.988       1.005       1.038
    COG058$1        -0.285      -0.256      -0.241      -0.165      -0.089      -0.074      -0.046
    COG060$1         0.163       0.192       0.207       0.284       0.361       0.375       0.404
    COG061$1         0.573       0.605       0.620       0.704       0.787       0.802       0.834
    COG062$1         0.891       0.925       0.943       1.036       1.128       1.146       1.181
    COG063$1         1.051       1.088       1.107       1.207       1.307       1.326       1.363
    COG064$1         0.586       0.617       0.633       0.717       0.800       0.816       0.847
    COG066$1         0.792       0.825       0.842       0.931       1.020       1.037       1.071

 Variances
    CBWTH            1.000       1.000       1.000       1.000       1.000       1.000       1.000
    COG              1.000       1.000       1.000       1.000       1.000       1.000       1.000


STDY Standardization

                  Lower .5%  Lower 2.5%    Lower 5%    Estimate    Upper 5%  Upper 2.5%   Upper .5%

 COG      BY
    COG040           0.186       0.222       0.240       0.335       0.430       0.448       0.484
    COG045           0.297       0.322       0.335       0.403       0.472       0.485       0.510
    COG050           0.380       0.406       0.419       0.487       0.555       0.568       0.593
    COG064           0.675       0.693       0.702       0.750       0.798       0.807       0.825
    COG041           0.234       0.262       0.276       0.351       0.425       0.439       0.467
    COG043           0.343       0.375       0.392       0.479       0.565       0.582       0.614
    COG044           0.289       0.325       0.343       0.438       0.533       0.551       0.586
    COG046           0.219       0.245       0.258       0.329       0.399       0.413       0.439
    COG048           0.419       0.452       0.469       0.558       0.648       0.665       0.698
    COG052           0.345       0.370       0.383       0.450       0.517       0.530       0.555
    COG053           0.372       0.396       0.408       0.471       0.534       0.546       0.570
    COG057           0.257       0.288       0.303       0.385       0.466       0.481       0.512
    COG049           0.731       0.750       0.759       0.809       0.859       0.869       0.887
    COG051           0.670       0.695       0.708       0.775       0.842       0.855       0.880
    COG054           0.321       0.347       0.360       0.429       0.498       0.512       0.538
    COG055           0.727       0.750       0.761       0.821       0.881       0.893       0.915
    COG056           0.881       0.890       0.895       0.919       0.944       0.949       0.958
    COG058           0.740       0.754       0.761       0.797       0.833       0.840       0.853
    COG060           0.862       0.871       0.876       0.901       0.926       0.931       0.940
    COG061           0.738       0.753       0.761       0.802       0.843       0.851       0.866
    COG062           0.530       0.555       0.568       0.635       0.703       0.716       0.741
    COG063           0.743       0.762       0.771       0.822       0.873       0.882       0.901
    COG066           0.882       0.894       0.900       0.931       0.961       0.967       0.979

 CBWTH    WITH
    COG             -0.275      -0.249      -0.236      -0.167      -0.097      -0.084      -0.058

 Means
    CBWTH           -0.151      -0.115      -0.097       0.000       0.097       0.115       0.151

 Thresholds
    COG040$1        -1.291      -1.255      -1.236      -1.140      -1.043      -1.024      -0.988
    COG041$1        -0.709      -0.679      -0.663      -0.583      -0.502      -0.486      -0.456
    COG043$1        -1.212      -1.177      -1.159      -1.065      -0.971      -0.953      -0.918
    COG044$1        -1.371      -1.334      -1.314      -1.214      -1.114      -1.095      -1.058
    COG045$1        -0.447      -0.418      -0.404      -0.326      -0.249      -0.234      -0.205
    COG046$1        -0.087      -0.058      -0.044       0.032       0.108       0.123       0.151
    COG048$1        -1.394      -1.356      -1.337      -1.236      -1.135      -1.115      -1.077
    COG049$1        -1.156      -1.122      -1.104      -1.013      -0.921      -0.903      -0.869
    COG050$1        -0.730      -0.699      -0.684      -0.603      -0.522      -0.506      -0.476
    COG051$1        -1.327      -1.290      -1.271      -1.173      -1.075      -1.056      -1.019
    COG052$1        -0.601      -0.571      -0.556      -0.477      -0.398      -0.383      -0.353
    COG053$1        -0.551      -0.522      -0.507      -0.428      -0.350      -0.335      -0.305
    COG054$1        -0.559      -0.529      -0.514      -0.436      -0.357      -0.342      -0.313
    COG055$1        -1.319      -1.283      -1.264      -1.166      -1.068      -1.049      -1.013
    COG056$1        -0.267      -0.239      -0.224      -0.148      -0.072      -0.057      -0.029
    COG057$1         0.762       0.795       0.812       0.900       0.988       1.005       1.038
    COG058$1        -0.285      -0.256      -0.241      -0.165      -0.089      -0.074      -0.046
    COG060$1         0.163       0.192       0.207       0.284       0.361       0.375       0.404
    COG061$1         0.573       0.605       0.620       0.704       0.787       0.802       0.834
    COG062$1         0.891       0.925       0.943       1.036       1.128       1.146       1.181
    COG063$1         1.051       1.088       1.107       1.207       1.307       1.326       1.363
    COG064$1         0.586       0.617       0.633       0.717       0.800       0.816       0.847
    COG066$1         0.792       0.825       0.842       0.931       1.020       1.037       1.071

 Variances
    CBWTH            1.000       1.000       1.000       1.000       1.000       1.000       1.000
    COG              1.000       1.000       1.000       1.000       1.000       1.000       1.000


STD Standardization

                  Lower .5%  Lower 2.5%    Lower 5%    Estimate    Upper 5%  Upper 2.5%   Upper .5%

 COG      BY
    COG040           0.186       0.222       0.240       0.335       0.430       0.448       0.484
    COG045           0.297       0.322       0.335       0.403       0.472       0.485       0.510
    COG050           0.380       0.406       0.419       0.487       0.555       0.568       0.593
    COG064           0.675       0.693       0.702       0.750       0.798       0.807       0.825
    COG041           0.234       0.262       0.276       0.351       0.425       0.439       0.467
    COG043           0.343       0.375       0.392       0.479       0.565       0.582       0.614
    COG044           0.289       0.325       0.343       0.438       0.533       0.551       0.586
    COG046           0.219       0.245       0.258       0.329       0.399       0.413       0.439
    COG048           0.419       0.452       0.469       0.558       0.648       0.665       0.698
    COG052           0.345       0.370       0.383       0.450       0.517       0.530       0.555
    COG053           0.372       0.396       0.408       0.471       0.534       0.546       0.570
    COG057           0.257       0.288       0.303       0.385       0.466       0.481       0.512
    COG049           0.731       0.750       0.759       0.809       0.859       0.869       0.887
    COG051           0.670       0.695       0.708       0.775       0.842       0.855       0.880
    COG054           0.321       0.347       0.360       0.429       0.498       0.512       0.538
    COG055           0.727       0.750       0.761       0.821       0.881       0.893       0.915
    COG056           0.881       0.890       0.895       0.919       0.944       0.949       0.958
    COG058           0.740       0.754       0.761       0.797       0.833       0.840       0.853
    COG060           0.862       0.871       0.876       0.901       0.926       0.931       0.940
    COG061           0.738       0.753       0.761       0.802       0.843       0.851       0.866
    COG062           0.530       0.555       0.568       0.635       0.703       0.716       0.741
    COG063           0.743       0.762       0.771       0.822       0.873       0.882       0.901
    COG066           0.882       0.894       0.900       0.931       0.961       0.967       0.979

 CBWTH    WITH
    COG             -0.276      -0.250      -0.236      -0.167      -0.097      -0.083      -0.057

 Means
    CBWTH           -0.151      -0.115      -0.097       0.000       0.097       0.115       0.151

 Thresholds
    COG040$1        -1.291      -1.255      -1.236      -1.140      -1.043      -1.024      -0.988
    COG041$1        -0.709      -0.679      -0.663      -0.583      -0.502      -0.486      -0.456
    COG043$1        -1.212      -1.177      -1.159      -1.065      -0.971      -0.953      -0.918
    COG044$1        -1.371      -1.334      -1.314      -1.214      -1.114      -1.095      -1.058
    COG045$1        -0.447      -0.418      -0.404      -0.326      -0.249      -0.234      -0.205
    COG046$1        -0.087      -0.058      -0.044       0.032       0.108       0.123       0.151
    COG048$1        -1.394      -1.356      -1.337      -1.236      -1.135      -1.115      -1.077
    COG049$1        -1.156      -1.122      -1.104      -1.013      -0.921      -0.903      -0.869
    COG050$1        -0.730      -0.699      -0.684      -0.603      -0.522      -0.506      -0.476
    COG051$1        -1.327      -1.290      -1.271      -1.173      -1.075      -1.056      -1.019
    COG052$1        -0.601      -0.571      -0.556      -0.477      -0.398      -0.383      -0.353
    COG053$1        -0.551      -0.522      -0.507      -0.428      -0.350      -0.335      -0.305
    COG054$1        -0.559      -0.529      -0.514      -0.436      -0.357      -0.342      -0.313
    COG055$1        -1.319      -1.283      -1.264      -1.166      -1.068      -1.049      -1.013
    COG056$1        -0.267      -0.239      -0.224      -0.148      -0.072      -0.057      -0.029
    COG057$1         0.762       0.795       0.812       0.900       0.988       1.005       1.038
    COG058$1        -0.285      -0.256      -0.241      -0.165      -0.089      -0.074      -0.046
    COG060$1         0.163       0.192       0.207       0.284       0.361       0.375       0.404
    COG061$1         0.573       0.605       0.620       0.704       0.787       0.802       0.834
    COG062$1         0.891       0.925       0.943       1.036       1.128       1.146       1.181
    COG063$1         1.051       1.088       1.107       1.207       1.307       1.326       1.363
    COG064$1         0.586       0.617       0.633       0.717       0.800       0.816       0.847
    COG066$1         0.792       0.825       0.842       0.931       1.020       1.037       1.071

 Variances
    CBWTH            0.885       0.912       0.926       1.000       1.074       1.088       1.115
    COG              1.000       1.000       1.000       1.000       1.000       1.000       1.000


RESIDUAL OUTPUT


     ESTIMATED MODEL AND RESIDUALS (OBSERVED - ESTIMATED)


           Model Estimated Means/Intercepts/Thresholds
              COG040$1      COG041$1      COG043$1      COG044$1      COG045$1
              ________      ________      ________      ________      ________
               -1.140        -0.583        -1.065        -1.214        -0.326


           Model Estimated Means/Intercepts/Thresholds
              COG046$1      COG048$1      COG049$1      COG050$1      COG051$1
              ________      ________      ________      ________      ________
                0.032        -1.236        -1.013        -0.603        -1.173


           Model Estimated Means/Intercepts/Thresholds
              COG052$1      COG053$1      COG054$1      COG055$1      COG056$1
              ________      ________      ________      ________      ________
               -0.477        -0.428        -0.436        -1.166        -0.148


           Model Estimated Means/Intercepts/Thresholds
              COG057$1      COG058$1      COG060$1      COG061$1      COG062$1
              ________      ________      ________      ________      ________
                0.900        -0.165         0.284         0.704         1.036


           Model Estimated Means/Intercepts/Thresholds
              COG063$1      COG064$1      COG066$1      CBWTH
              ________      ________      ________      ________
                1.207         0.717         0.931         0.000


           Residuals for Means/Intercepts/Thresholds
              COG040$1      COG041$1      COG043$1      COG044$1      COG045$1
              ________      ________      ________      ________      ________
                0.000         0.000         0.000         0.000         0.000


           Residuals for Means/Intercepts/Thresholds
              COG046$1      COG048$1      COG049$1      COG050$1      COG051$1
              ________      ________      ________      ________      ________
                0.000         0.000         0.000         0.000         0.000


           Residuals for Means/Intercepts/Thresholds
              COG052$1      COG053$1      COG054$1      COG055$1      COG056$1
              ________      ________      ________      ________      ________
                0.000         0.000         0.000         0.000         0.000


           Residuals for Means/Intercepts/Thresholds
              COG057$1      COG058$1      COG060$1      COG061$1      COG062$1
              ________      ________      ________      ________      ________
                0.000         0.000         0.000         0.000         0.000


           Residuals for Means/Intercepts/Thresholds
              COG063$1      COG064$1      COG066$1      CBWTH
              ________      ________      ________      ________
                0.000         0.000         0.000         0.000


           Model Estimated Covariances/Correlations/Residual Correlations
              COG040        COG041        COG043        COG044        COG045
              ________      ________      ________      ________      ________
 COG040
 COG041         0.117
 COG043         0.160         0.168
 COG044         0.147         0.153         0.209
 COG045         0.135         0.141         0.193         0.177
 COG046         0.110         0.115         0.157         0.144         0.133
 COG048         0.187         0.196         0.267         0.244         0.225
 COG049         0.271         0.284         0.387         0.354         0.326
 COG050         0.163         0.171         0.233         0.213         0.196
 COG051         0.260         0.272         0.371         0.339         0.313
 COG052         0.151         0.158         0.215         0.197         0.181
 COG053         0.158         0.165         0.225         0.206         0.190
 COG054         0.144         0.150         0.205         0.188         0.173
 COG055         0.275         0.288         0.393         0.359         0.331
 COG056         0.308         0.322         0.440         0.402         0.371
 COG057         0.129         0.135         0.184         0.168         0.155
 COG058         0.267         0.279         0.381         0.349         0.322
 COG060         0.302         0.316         0.431         0.394         0.364
 COG061         0.269         0.281         0.384         0.351         0.324
 COG062         0.213         0.223         0.304         0.278         0.256
 COG063         0.275         0.288         0.393         0.360         0.332
 COG064         0.251         0.263         0.359         0.328         0.303
 COG066         0.312         0.326         0.445         0.407         0.375
 CBWTH         -0.056        -0.058        -0.080        -0.073        -0.067


           Model Estimated Covariances/Correlations/Residual Correlations
              COG046        COG048        COG049        COG050        COG051
              ________      ________      ________      ________      ________
 COG048         0.184
 COG049         0.266         0.452
 COG050         0.160         0.272         0.394
 COG051         0.255         0.433         0.627         0.378
 COG052         0.148         0.251         0.364         0.219         0.349
 COG053         0.155         0.263         0.381         0.229         0.365
 COG054         0.141         0.240         0.347         0.209         0.333
 COG055         0.270         0.458         0.664         0.400         0.637
 COG056         0.302         0.513         0.744         0.448         0.713
 COG057         0.126         0.215         0.311         0.187         0.298
 COG058         0.262         0.445         0.645         0.388         0.618
 COG060         0.296         0.503         0.729         0.439         0.698
 COG061         0.264         0.448         0.649         0.391         0.622
 COG062         0.209         0.355         0.514         0.309         0.493
 COG063         0.270         0.459         0.665         0.400         0.637
 COG064         0.247         0.419         0.607         0.365         0.582
 COG066         0.306         0.520         0.753         0.453         0.721
 CBWTH         -0.055        -0.093        -0.135        -0.081        -0.129


           Model Estimated Covariances/Correlations/Residual Correlations
              COG052        COG053        COG054        COG055        COG056
              ________      ________      ________      ________      ________
 COG053         0.212
 COG054         0.193         0.202
 COG055         0.369         0.387         0.352
 COG056         0.414         0.433         0.395         0.755
 COG057         0.173         0.181         0.165         0.316         0.354
 COG058         0.358         0.375         0.342         0.654         0.733
 COG060         0.405         0.424         0.387         0.740         0.828
 COG061         0.361         0.378         0.344         0.659         0.737
 COG062         0.286         0.299         0.273         0.522         0.584
 COG063         0.370         0.387         0.353         0.675         0.756
 COG064         0.337         0.353         0.322         0.616         0.690
 COG066         0.419         0.438         0.399         0.764         0.855
 CBWTH         -0.075        -0.078        -0.071        -0.137        -0.153


           Model Estimated Covariances/Correlations/Residual Correlations
              COG057        COG058        COG060        COG061        COG062
              ________      ________      ________      ________      ________
 COG058         0.306
 COG060         0.346         0.718
 COG061         0.308         0.639         0.723
 COG062         0.244         0.506         0.572         0.510
 COG063         0.316         0.655         0.741         0.659         0.522
 COG064         0.288         0.598         0.676         0.602         0.477
 COG066         0.358         0.742         0.838         0.746         0.591
 CBWTH         -0.064        -0.133        -0.150        -0.134        -0.106


           Model Estimated Covariances/Correlations/Residual Correlations
              COG063        COG064        COG066        CBWTH
              ________      ________      ________      ________
 COG064         0.617
 COG066         0.765         0.698
 CBWTH         -0.137        -0.125        -0.155         1.000


           Model Estimated Correlations/Residual Correlations
              COG040        COG041        COG043        COG044        COG045
              ________      ________      ________      ________      ________
 COG040
 COG041         0.117
 COG043         0.160         0.168
 COG044         0.147         0.153         0.209
 COG045         0.135         0.141         0.193         0.177
 COG046         0.110         0.115         0.157         0.144         0.133
 COG048         0.187         0.196         0.267         0.244         0.225
 COG049         0.271         0.284         0.387         0.354         0.326
 COG050         0.163         0.171         0.233         0.213         0.196
 COG051         0.260         0.272         0.371         0.339         0.313
 COG052         0.151         0.158         0.215         0.197         0.181
 COG053         0.158         0.165         0.225         0.206         0.190
 COG054         0.144         0.150         0.205         0.188         0.173
 COG055         0.275         0.288         0.393         0.359         0.331
 COG056         0.308         0.322         0.440         0.402         0.371
 COG057         0.129         0.135         0.184         0.168         0.155
 COG058         0.267         0.279         0.381         0.349         0.322
 COG060         0.302         0.316         0.431         0.394         0.364
 COG061         0.269         0.281         0.384         0.351         0.324
 COG062         0.213         0.223         0.304         0.278         0.256
 COG063         0.275         0.288         0.393         0.360         0.332
 COG064         0.251         0.263         0.359         0.328         0.303
 COG066         0.312         0.326         0.445         0.407         0.375
 CBWTH         -0.056        -0.058        -0.080        -0.073        -0.067


           Model Estimated Correlations/Residual Correlations
              COG046        COG048        COG049        COG050        COG051
              ________      ________      ________      ________      ________
 COG048         0.184
 COG049         0.266         0.452
 COG050         0.160         0.272         0.394
 COG051         0.255         0.433         0.627         0.378
 COG052         0.148         0.251         0.364         0.219         0.349
 COG053         0.155         0.263         0.381         0.229         0.365
 COG054         0.141         0.240         0.347         0.209         0.333
 COG055         0.270         0.458         0.664         0.400         0.637
 COG056         0.302         0.513         0.744         0.448         0.713
 COG057         0.126         0.215         0.311         0.187         0.298
 COG058         0.262         0.445         0.645         0.388         0.618
 COG060         0.296         0.503         0.729         0.439         0.698
 COG061         0.264         0.448         0.649         0.391         0.622
 COG062         0.209         0.355         0.514         0.309         0.493
 COG063         0.270         0.459         0.665         0.400         0.637
 COG064         0.247         0.419         0.607         0.365         0.582
 COG066         0.306         0.520         0.753         0.453         0.721
 CBWTH         -0.055        -0.093        -0.135        -0.081        -0.129


           Model Estimated Correlations/Residual Correlations
              COG052        COG053        COG054        COG055        COG056
              ________      ________      ________      ________      ________
 COG053         0.212
 COG054         0.193         0.202
 COG055         0.369         0.387         0.352
 COG056         0.414         0.433         0.395         0.755
 COG057         0.173         0.181         0.165         0.316         0.354
 COG058         0.358         0.375         0.342         0.654         0.733
 COG060         0.405         0.424         0.387         0.740         0.828
 COG061         0.361         0.378         0.344         0.659         0.737
 COG062         0.286         0.299         0.273         0.522         0.584
 COG063         0.370         0.387         0.353         0.675         0.756
 COG064         0.337         0.353         0.322         0.616         0.690
 COG066         0.419         0.438         0.399         0.764         0.855
 CBWTH         -0.075        -0.078        -0.071        -0.137        -0.153


           Model Estimated Correlations/Residual Correlations
              COG057        COG058        COG060        COG061        COG062
              ________      ________      ________      ________      ________
 COG058         0.306
 COG060         0.346         0.718
 COG061         0.308         0.639         0.723
 COG062         0.244         0.506         0.572         0.510
 COG063         0.316         0.655         0.741         0.659         0.522
 COG064         0.288         0.598         0.676         0.602         0.477
 COG066         0.358         0.742         0.838         0.746         0.591
 CBWTH         -0.064        -0.133        -0.150        -0.134        -0.106


           Model Estimated Correlations/Residual Correlations
              COG063        COG064        COG066        CBWTH
              ________      ________      ________      ________
 COG064         0.617
 COG066         0.765         0.698
 CBWTH         -0.137        -0.125        -0.155         1.000


           Residuals for Covariances/Correlations/Residual Correlations
              COG040        COG041        COG043        COG044        COG045
              ________      ________      ________      ________      ________
 COG040
 COG041        -0.030
 COG043        -0.065         0.053
 COG044         0.193         0.164         0.082
 COG045         0.399         0.076         0.072         0.127
 COG046         0.083         0.064         0.003         0.097         0.081
 COG048        -0.064         0.017        -0.007         0.113        -0.071
 COG049         0.036        -0.096        -0.078        -0.053        -0.011
 COG050         0.324         0.076         0.077         0.117         0.376
 COG051         0.005         0.021        -0.088         0.000         0.022
 COG052        -0.023         0.044         0.357         0.076         0.024
 COG053        -0.078        -0.005        -0.073         0.123         0.041
 COG054         0.025         0.016         0.114         0.043         0.019
 COG055        -0.088         0.031         0.045        -0.025        -0.069
 COG056        -0.073        -0.154        -0.154        -0.079        -0.124
 COG057        -0.045         0.180        -0.077        -0.106        -0.051
 COG058        -0.134        -0.087        -0.115        -0.102        -0.084
 COG060        -0.100        -0.067        -0.080        -0.073        -0.066
 COG061        -0.212        -0.025         0.018        -0.123        -0.169
 COG062         0.017         0.129         0.143        -0.048         0.058
 COG063        -0.095         0.034        -0.129        -0.116        -0.153
 COG064         0.073         0.013         0.037        -0.015        -0.002
 COG066        -0.161         0.007        -0.047        -0.035        -0.141
 CBWTH         -0.142        -0.012        -0.097        -0.047        -0.060


           Residuals for Covariances/Correlations/Residual Correlations
              COG046        COG048        COG049        COG050        COG051
              ________      ________      ________      ________      ________
 COG048         0.037
 COG049        -0.038        -0.248
 COG050        -0.034        -0.010         0.006
 COG051        -0.027        -0.079         0.059         0.025
 COG052        -0.148        -0.009        -0.087         0.054        -0.005
 COG053        -0.022         0.646        -0.193         0.013        -0.100
 COG054        -0.054        -0.022        -0.098         0.080         0.002
 COG055        -0.001        -0.133        -0.037         0.011         0.076
 COG056        -0.074        -0.427         0.160        -0.137         0.010
 COG057        -0.002        -0.041        -0.039        -0.074        -0.053
 COG058        -0.036        -0.294        -0.081        -0.112         0.279
 COG060        -0.041        -0.325        -0.019        -0.087        -0.017
 COG061         0.020        -0.369        -0.160        -0.074        -0.088
 COG062         0.152        -0.217        -0.045        -0.056        -0.026
 COG063         0.031        -0.330        -0.115        -0.029        -0.241
 COG064         0.002        -0.048        -0.184        -0.042        -0.099
 COG066         0.080        -0.289        -0.056        -0.151        -0.070
 CBWTH          0.000        -0.120         0.017        -0.104        -0.001


           Residuals for Covariances/Correlations/Residual Correlations
              COG052        COG053        COG054        COG055        COG056
              ________      ________      ________      ________      ________
 COG053         0.048
 COG054         0.187         0.009
 COG055         0.105        -0.080         0.053
 COG056        -0.133        -0.265        -0.172        -0.066
 COG057         0.037        -0.046         0.087         0.144        -0.105
 COG058        -0.127        -0.293        -0.032         0.078         0.058
 COG060        -0.086        -0.269        -0.042        -0.121         0.071
 COG061        -0.007        -0.238        -0.004         0.003        -0.096
 COG062        -0.002        -0.132        -0.075         0.102        -0.123
 COG063        -0.023        -0.181        -0.059        -0.103        -0.106
 COG064         0.035         0.008         0.118         0.042        -0.056
 COG066        -0.099        -0.237         0.032        -0.110        -0.050
 CBWTH         -0.075        -0.138         0.005        -0.067         0.077


           Residuals for Covariances/Correlations/Residual Correlations
              COG057        COG058        COG060        COG061        COG062
              ________      ________      ________      ________      ________
 COG058         0.025
 COG060        -0.015         0.082
 COG061         0.083        -0.030        -0.076
 COG062         0.036        -0.003        -0.068         0.053
 COG063         0.028        -0.012        -0.039         0.179         0.014
 COG064         0.048        -0.008        -0.040         0.013         0.045
 COG066        -0.030         0.144         0.000         0.076         0.089
 CBWTH          0.061         0.075         0.093         0.078         0.103


           Residuals for Covariances/Correlations/Residual Correlations
              COG063        COG064        COG066        CBWTH
              ________      ________      ________      ________
 COG064         0.003
 COG066        -0.011         0.058
 CBWTH          0.028        -0.048         0.110         0.000


           Residuals for Correlations/Residual Correlations
              COG040        COG041        COG043        COG044        COG045
              ________      ________      ________      ________      ________
 COG040
 COG041        -0.030
 COG043        -0.065         0.053
 COG044         0.193         0.164         0.082
 COG045         0.399         0.076         0.072         0.127
 COG046         0.083         0.064         0.003         0.097         0.081
 COG048        -0.064         0.017        -0.007         0.113        -0.071
 COG049         0.036        -0.096        -0.078        -0.053        -0.011
 COG050         0.324         0.076         0.077         0.117         0.376
 COG051         0.005         0.021        -0.088         0.000         0.022
 COG052        -0.023         0.044         0.357         0.076         0.024
 COG053        -0.078        -0.005        -0.073         0.123         0.041
 COG054         0.025         0.016         0.114         0.043         0.019
 COG055        -0.088         0.031         0.045        -0.025        -0.069
 COG056        -0.073        -0.154        -0.154        -0.079        -0.124
 COG057        -0.045         0.180        -0.077        -0.106        -0.051
 COG058        -0.134        -0.087        -0.115        -0.102        -0.084
 COG060        -0.100        -0.067        -0.080        -0.073        -0.066
 COG061        -0.212        -0.025         0.018        -0.123        -0.169
 COG062         0.017         0.129         0.143        -0.048         0.058
 COG063        -0.095         0.034        -0.129        -0.116        -0.153
 COG064         0.073         0.013         0.037        -0.015        -0.002
 COG066        -0.161         0.007        -0.047        -0.035        -0.141
 CBWTH         -0.142        -0.012        -0.097        -0.047        -0.060


           Residuals for Correlations/Residual Correlations
              COG046        COG048        COG049        COG050        COG051
              ________      ________      ________      ________      ________
 COG048         0.037
 COG049        -0.038        -0.248
 COG050        -0.034        -0.010         0.006
 COG051        -0.027        -0.079         0.059         0.025
 COG052        -0.148        -0.009        -0.087         0.054        -0.005
 COG053        -0.022         0.646        -0.193         0.013        -0.100
 COG054        -0.054        -0.022        -0.098         0.080         0.002
 COG055        -0.001        -0.133        -0.037         0.011         0.076
 COG056        -0.074        -0.427         0.160        -0.137         0.010
 COG057        -0.002        -0.041        -0.039        -0.074        -0.053
 COG058        -0.036        -0.294        -0.081        -0.112         0.279
 COG060        -0.041        -0.325        -0.019        -0.087        -0.017
 COG061         0.020        -0.369        -0.160        -0.074        -0.088
 COG062         0.152        -0.217        -0.045        -0.056        -0.026
 COG063         0.031        -0.330        -0.115        -0.029        -0.241
 COG064         0.002        -0.048        -0.184        -0.042        -0.099
 COG066         0.080        -0.289        -0.056        -0.151        -0.070
 CBWTH          0.000        -0.120         0.017        -0.104        -0.001


           Residuals for Correlations/Residual Correlations
              COG052        COG053        COG054        COG055        COG056
              ________      ________      ________      ________      ________
 COG053         0.048
 COG054         0.187         0.009
 COG055         0.105        -0.080         0.053
 COG056        -0.133        -0.265        -0.172        -0.066
 COG057         0.037        -0.046         0.087         0.144        -0.105
 COG058        -0.127        -0.293        -0.032         0.078         0.058
 COG060        -0.086        -0.269        -0.042        -0.121         0.071
 COG061        -0.007        -0.238        -0.004         0.003        -0.096
 COG062        -0.002        -0.132        -0.075         0.102        -0.123
 COG063        -0.023        -0.181        -0.059        -0.103        -0.106
 COG064         0.035         0.008         0.118         0.042        -0.056
 COG066        -0.099        -0.237         0.032        -0.110        -0.050
 CBWTH         -0.075        -0.138         0.005        -0.067         0.077


           Residuals for Correlations/Residual Correlations
              COG057        COG058        COG060        COG061        COG062
              ________      ________      ________      ________      ________
 COG058         0.025
 COG060        -0.015         0.082
 COG061         0.083        -0.030        -0.076
 COG062         0.036        -0.003        -0.068         0.053
 COG063         0.028        -0.012        -0.039         0.179         0.014
 COG064         0.048        -0.008        -0.040         0.013         0.045
 COG066        -0.030         0.144         0.000         0.076         0.089
 CBWTH          0.061         0.075         0.093         0.078         0.103


           Residuals for Correlations/Residual Correlations
              COG063        COG064        COG066        CBWTH
              ________      ________      ________      ________
 COG064         0.003
 COG066        -0.011         0.058
 CBWTH          0.028        -0.048         0.110         0.000


     UNIVARIATE PROPORTIONS FOR CATEGORICAL VARIABLES

     Variable          Observed      Estimated      Residual (Obs.-Est.)    Stand. Residual
     COG040
       Category  1       0.127          0.127                  0.000                0.000
       Category  2       0.873          0.873                  0.000                0.000
     COG041
       Category  1       0.280          0.280                  0.000                0.000
       Category  2       0.720          0.720                  0.000                0.000
     COG043
       Category  1       0.143          0.143                  0.000                0.000
       Category  2       0.857          0.857                  0.000                0.000
     COG044
       Category  1       0.112          0.112                  0.000                0.000
       Category  2       0.888          0.888                  0.000                0.000
     COG045
       Category  1       0.372          0.372                  0.000                0.000
       Category  2       0.628          0.628                  0.000                0.000
     COG046
       Category  1       0.513          0.513                  0.000                0.000
       Category  2       0.487          0.487                  0.000                0.000
     COG048
       Category  1       0.108          0.108                  0.000                0.000
       Category  2       0.892          0.892                  0.000                0.000
     COG049
       Category  1       0.156          0.156                  0.000                0.000
       Category  2       0.844          0.844                  0.000                0.000
     COG050
       Category  1       0.273          0.273                  0.000                0.000
       Category  2       0.727          0.727                  0.000                0.000
     COG051
       Category  1       0.120          0.120                  0.000                0.000
       Category  2       0.880          0.880                  0.000                0.000
     COG052
       Category  1       0.317          0.317                  0.000                0.000
       Category  2       0.683          0.683                  0.000                0.000
     COG053
       Category  1       0.334          0.334                  0.000                0.000
       Category  2       0.666          0.666                  0.000                0.000
     COG054
       Category  1       0.332          0.332                  0.000                0.000
       Category  2       0.668          0.668                  0.000                0.000
     COG055
       Category  1       0.122          0.122                  0.000                0.000
       Category  2       0.878          0.878                  0.000                0.000
     COG056
       Category  1       0.441          0.441                  0.000                0.000
       Category  2       0.559          0.559                  0.000                0.000
     COG057
       Category  1       0.816          0.816                  0.000                0.000
       Category  2       0.184          0.184                  0.000                0.000
     COG058
       Category  1       0.434          0.434                  0.000                0.000
       Category  2       0.566          0.566                  0.000                0.000
     COG060
       Category  1       0.612          0.612                  0.000                0.000
       Category  2       0.388          0.388                  0.000                0.000
     COG061
       Category  1       0.759          0.759                  0.000                0.000
       Category  2       0.241          0.241                  0.000                0.000
     COG062
       Category  1       0.850          0.850                  0.000                0.000
       Category  2       0.150          0.150                  0.000                0.000
     COG063
       Category  1       0.886          0.886                  0.000                0.000
       Category  2       0.114          0.114                  0.000                0.000
     COG064
       Category  1       0.763          0.763                  0.000                0.000
       Category  2       0.237          0.237                  0.000                0.000
     COG066
       Category  1       0.824          0.824                  0.000                0.000
       Category  2       0.176          0.176                  0.000                0.000


     BIVARIATE PROPORTIONS FOR CATEGORICAL VARIABLES

     Variable       Variable          Observed     Estimated    Residual (Obs.-Est.)  Stand. Residual
     COG040         COG041
       Category 1     Category 1        0.042       0.044            -0.002           -0.297
       Category 1     Category 2        0.085       0.083             0.002            0.221
       Category 2     Category 1        0.238       0.236             0.002            0.144
       Category 2     Category 2        0.635       0.637            -0.002           -0.127
     COG040         COG043
       Category 1     Category 1        0.023       0.027            -0.004           -0.599
       Category 1     Category 2        0.104       0.101             0.004            0.320
       Category 2     Category 1        0.120       0.117             0.004            0.300
       Category 2     Category 2        0.752       0.756            -0.004           -0.224
     COG040         COG044
       Category 1     Category 1        0.031       0.021             0.010            1.987
       Category 1     Category 2        0.096       0.106            -0.010           -0.917
       Category 2     Category 1        0.081       0.092            -0.010           -0.981
       Category 2     Category 2        0.792       0.781             0.010            0.684
     COG040         COG045
       Category 1     Category 1        0.093       0.058             0.035            4.076
       Category 1     Category 2        0.034       0.069            -0.035           -3.768
       Category 2     Category 1        0.279       0.314            -0.035           -2.057
       Category 2     Category 2        0.594       0.559             0.035            1.923
     COG040         COG046
       Category 1     Category 1        0.081       0.074             0.007            0.707
       Category 1     Category 2        0.046       0.053            -0.007           -0.830
       Category 2     Category 1        0.432       0.438            -0.007           -0.374
       Category 2     Category 2        0.441       0.434             0.007            0.374
     COG040         COG048
       Category 1     Category 1        0.019       0.022            -0.003           -0.563
       Category 1     Category 2        0.108       0.105             0.003            0.269
       Category 2     Category 1        0.089       0.086             0.003            0.294
       Category 2     Category 2        0.783       0.787            -0.003           -0.202
     COG040         COG049
       Category 1     Category 1        0.038       0.035             0.002            0.358
       Category 1     Category 2        0.089       0.092            -0.002           -0.229
       Category 2     Category 1        0.118       0.120            -0.002           -0.204
       Category 2     Category 2        0.755       0.753             0.002            0.154
     COG040         COG050
       Category 1     Category 1        0.074       0.047             0.028            3.571
       Category 1     Category 2        0.053       0.080            -0.028           -2.770
       Category 2     Category 1        0.199       0.227            -0.028           -1.800
       Category 2     Category 2        0.674       0.646             0.028            1.576
     COG040         COG051
       Category 1     Category 1        0.028       0.028             0.000            0.051
       Category 1     Category 2        0.099       0.099             0.000           -0.028
       Category 2     Category 1        0.092       0.092             0.000           -0.029
       Category 2     Category 2        0.781       0.780             0.000            0.020
     COG040         COG052
       Category 1     Category 1        0.050       0.052            -0.002           -0.226
       Category 1     Category 2        0.077       0.075             0.002            0.190
       Category 2     Category 1        0.267       0.265             0.002            0.113
       Category 2     Category 2        0.606       0.608            -0.002           -0.103
     COG040         COG053
       Category 1     Category 1        0.049       0.055            -0.006           -0.742
       Category 1     Category 2        0.078       0.072             0.006            0.653
       Category 2     Category 1        0.286       0.279             0.006            0.377
       Category 2     Category 2        0.587       0.594            -0.006           -0.344
     COG040         COG054
       Category 1     Category 1        0.055       0.053             0.002            0.249
       Category 1     Category 2        0.072       0.074            -0.002           -0.214
       Category 2     Category 1        0.276       0.278            -0.002           -0.125
       Category 2     Category 2        0.597       0.595             0.002            0.114
     COG040         COG055
       Category 1     Category 1        0.024       0.029            -0.005           -0.790
       Category 1     Category 2        0.103       0.098             0.005            0.448
       Category 2     Category 1        0.097       0.093             0.005            0.460
       Category 2     Category 2        0.775       0.780            -0.005           -0.322
     COG040         COG056
       Category 1     Category 1        0.076       0.082            -0.006           -0.615
       Category 1     Category 2        0.051       0.045             0.006            0.812
       Category 2     Category 1        0.365       0.359             0.006            0.352
       Category 2     Category 2        0.507       0.514            -0.006           -0.338
     COG040         COG057
       Category 1     Category 1        0.108       0.110            -0.002           -0.191
       Category 1     Category 2        0.019       0.017             0.002            0.467
       Category 2     Category 1        0.708       0.706             0.002            0.131
       Category 2     Category 2        0.165       0.167            -0.002           -0.160
     COG040         COG058
       Category 1     Category 1        0.066       0.078            -0.011           -1.150
       Category 1     Category 2        0.061       0.050             0.011            1.418
       Category 2     Category 1        0.368       0.357             0.011            0.643
       Category 2     Category 2        0.505       0.516            -0.011           -0.616
     COG040         COG060
       Category 1     Category 1        0.093       0.101            -0.007           -0.651
       Category 1     Category 2        0.034       0.027             0.007            1.215
       Category 2     Category 1        0.518       0.511             0.007            0.391
       Category 2     Category 2        0.355       0.362            -0.007           -0.407
     COG040         COG061
       Category 1     Category 1        0.100       0.112            -0.012           -1.026
       Category 1     Category 2        0.027       0.015             0.012            2.649
       Category 2     Category 1        0.659       0.647             0.012            0.677
       Category 2     Category 2        0.214       0.226            -0.012           -0.774
     COG040         COG062
       Category 1     Category 1        0.118       0.117             0.001            0.050
       Category 1     Category 2        0.009       0.010            -0.001           -0.162
       Category 2     Category 1        0.732       0.733            -0.001           -0.037
       Category 2     Category 2        0.141       0.140             0.001            0.047
     COG040         COG063
       Category 1     Category 1        0.119       0.122            -0.003           -0.217
       Category 1     Category 2        0.008       0.006             0.003            0.956
       Category 2     Category 1        0.767       0.765             0.003            0.167
       Category 2     Category 2        0.106       0.108            -0.003           -0.228
     COG040         COG064
       Category 1     Category 1        0.115       0.112             0.004            0.303
       Category 1     Category 2        0.012       0.016            -0.004           -0.767
       Category 2     Category 1        0.648       0.652            -0.004           -0.200
       Category 2     Category 2        0.225       0.221             0.004            0.229
     COG040         COG066
       Category 1     Category 1        0.112       0.119            -0.006           -0.542
       Category 1     Category 2        0.015       0.008             0.006            1.915
       Category 2     Category 1        0.712       0.705             0.006            0.384
       Category 2     Category 2        0.161       0.167            -0.006           -0.469
     COG041         COG043
       Category 1     Category 1        0.058       0.054             0.005            0.550
       Category 1     Category 2        0.222       0.226            -0.005           -0.296
       Category 2     Category 1        0.085       0.090            -0.005           -0.433
       Category 2     Category 2        0.635       0.630             0.005            0.256
     COG041         COG044
       Category 1     Category 1        0.054       0.042             0.012            1.667
       Category 1     Category 2        0.226       0.238            -0.012           -0.784
       Category 2     Category 1        0.058       0.070            -0.012           -1.304
       Category 2     Category 2        0.662       0.649             0.012            0.700
     COG041         COG045
       Category 1     Category 1        0.133       0.123             0.010            0.836
       Category 1     Category 2        0.147       0.158            -0.010           -0.752
       Category 2     Category 1        0.240       0.250            -0.010           -0.633
       Category 2     Category 2        0.480       0.470             0.010            0.549
     COG041         COG046
       Category 1     Category 1        0.168       0.159             0.009            0.643
       Category 1     Category 2        0.112       0.121            -0.009           -0.721
       Category 2     Category 1        0.345       0.354            -0.009           -0.492
       Category 2     Category 2        0.375       0.366             0.009            0.488
     COG041         COG048
       Category 1     Category 1        0.045       0.043             0.001            0.165
       Category 1     Category 2        0.235       0.237            -0.001           -0.079
       Category 2     Category 1        0.064       0.065            -0.001           -0.136
       Category 2     Category 2        0.656       0.655             0.001            0.071
     COG041         COG049
       Category 1     Category 1        0.060       0.068            -0.009           -0.952
       Category 1     Category 2        0.221       0.212             0.009            0.588
       Category 2     Category 1        0.096       0.087             0.009            0.852
       Category 2     Category 2        0.624       0.633            -0.009           -0.499
     COG041         COG050
       Category 1     Category 1        0.106       0.096             0.009            0.851
       Category 1     Category 2        0.175       0.184            -0.009           -0.648
       Category 2     Category 1        0.168       0.177            -0.009           -0.658
       Category 2     Category 2        0.552       0.543             0.009            0.504
     COG041         COG051
       Category 1     Category 1        0.055       0.054             0.002            0.205
       Category 1     Category 2        0.225       0.226            -0.002           -0.110
       Category 2     Category 1        0.065       0.067            -0.002           -0.185
       Category 2     Category 2        0.655       0.653             0.002            0.097
     COG041         COG052
       Category 1     Category 1        0.114       0.108             0.006            0.491
       Category 1     Category 2        0.166       0.172            -0.006           -0.404
       Category 2     Category 1        0.203       0.209            -0.006           -0.375
       Category 2     Category 2        0.517       0.511             0.006            0.305
     COG041         COG053
       Category 1     Category 1        0.114       0.114            -0.001           -0.057
       Category 1     Category 2        0.166       0.166             0.001            0.049
       Category 2     Category 1        0.221       0.220             0.001            0.044
       Category 2     Category 2        0.499       0.500            -0.001           -0.036
     COG041         COG054
       Category 1     Category 1        0.114       0.112             0.002            0.175
       Category 1     Category 2        0.166       0.168            -0.002           -0.147
       Category 2     Category 1        0.218       0.220            -0.002           -0.133
       Category 2     Category 2        0.502       0.500             0.002            0.110
     COG041         COG055
       Category 1     Category 1        0.058       0.056             0.003            0.305
       Category 1     Category 2        0.222       0.224            -0.003           -0.168
       Category 2     Category 1        0.064       0.066            -0.003           -0.281
       Category 2     Category 2        0.656       0.654             0.003            0.147
     COG041         COG056
       Category 1     Category 1        0.146       0.168            -0.021           -1.556
       Category 1     Category 2        0.134       0.113             0.021            1.838
       Category 2     Category 1        0.295       0.274             0.021            1.303
       Category 2     Category 2        0.425       0.446            -0.021           -1.169
     COG041         COG057
       Category 1     Category 1        0.254       0.240             0.014            0.903
       Category 1     Category 2        0.026       0.040            -0.014           -1.970
       Category 2     Category 1        0.562       0.576            -0.014           -0.780
       Category 2     Category 2        0.158       0.144             0.014            1.098
     COG041         COG058
       Category 1     Category 1        0.147       0.160            -0.012           -0.894
       Category 1     Category 2        0.133       0.121             0.012            1.005
       Category 2     Category 1        0.287       0.275             0.012            0.733
       Category 2     Category 2        0.433       0.445            -0.012           -0.658
     COG041         COG060
       Category 1     Category 1        0.203       0.211            -0.008           -0.559
       Category 1     Category 2        0.077       0.069             0.008            0.902
       Category 2     Category 1        0.409       0.400             0.008            0.466
       Category 2     Category 2        0.311       0.320            -0.008           -0.489
     COG041         COG061
       Category 1     Category 1        0.238       0.240            -0.002           -0.148
       Category 1     Category 2        0.042       0.040             0.002            0.324
       Category 2     Category 1        0.521       0.519             0.002            0.126
       Category 2     Category 2        0.199       0.201            -0.002           -0.158
     COG041         COG062
       Category 1     Category 1        0.263       0.254             0.008            0.511
       Category 1     Category 2        0.018       0.026            -0.008           -1.404
       Category 2     Category 1        0.587       0.595            -0.008           -0.453
       Category 2     Category 2        0.133       0.124             0.008            0.674
     COG041         COG063
       Category 1     Category 1        0.267       0.265             0.002            0.102
       Category 1     Category 2        0.014       0.015            -0.002           -0.368
       Category 2     Category 1        0.620       0.621            -0.002           -0.093
       Category 2     Category 2        0.100       0.098             0.002            0.151
     COG041         COG064
       Category 1     Category 1        0.241       0.240             0.001            0.078
       Category 1     Category 2        0.039       0.040            -0.001           -0.168
       Category 2     Category 1        0.522       0.524            -0.001           -0.066
       Category 2     Category 2        0.198       0.196             0.001            0.083
     COG041         COG066
       Category 1     Category 1        0.257       0.257             0.000            0.029
       Category 1     Category 2        0.023       0.023             0.000           -0.084
       Category 2     Category 1        0.567       0.567             0.000           -0.026
       Category 2     Category 2        0.153       0.152             0.000            0.035
     COG043         COG044
       Category 1     Category 1        0.031       0.026             0.005            0.801
       Category 1     Category 2        0.112       0.117            -0.005           -0.399
       Category 2     Category 1        0.081       0.086            -0.005           -0.458
       Category 2     Category 2        0.775       0.771             0.005            0.305
     COG043         COG045
       Category 1     Category 1        0.077       0.070             0.007            0.709
       Category 1     Category 2        0.066       0.073            -0.007           -0.698
       Category 2     Category 1        0.295       0.302            -0.007           -0.395
       Category 2     Category 2        0.562       0.555             0.007            0.365
     COG043         COG046
       Category 1     Category 1        0.088       0.088             0.000            0.023
       Category 1     Category 2        0.055       0.056             0.000           -0.028
       Category 2     Category 1        0.425       0.425             0.000           -0.013
       Category 2     Category 2        0.432       0.431             0.000            0.013
     COG043         COG048
       Category 1     Category 1        0.028       0.029             0.000           -0.061
       Category 1     Category 2        0.115       0.115             0.000            0.032
       Category 2     Category 1        0.080       0.079             0.000            0.038
       Category 2     Category 2        0.777       0.777             0.000           -0.024
     COG043         COG049
       Category 1     Category 1        0.042       0.048            -0.006           -0.754
       Category 1     Category 2        0.101       0.096             0.006            0.548
       Category 2     Category 1        0.114       0.108             0.006            0.519
       Category 2     Category 2        0.743       0.749            -0.006           -0.371
     COG043         COG050
       Category 1     Category 1        0.065       0.058             0.007            0.799
       Category 1     Category 2        0.078       0.085            -0.007           -0.669
       Category 2     Category 1        0.208       0.215            -0.007           -0.454
       Category 2     Category 2        0.648       0.641             0.007            0.389
     COG043         COG051
       Category 1     Category 1        0.032       0.038            -0.006           -0.812
       Category 1     Category 2        0.111       0.105             0.006            0.507
       Category 2     Category 1        0.088       0.082             0.006            0.567
       Category 2     Category 2        0.769       0.774            -0.006           -0.372
     COG043         COG052
       Category 1     Category 1        0.099       0.064             0.035            3.903
       Category 1     Category 2        0.045       0.080            -0.035           -3.519
       Category 2     Category 1        0.218       0.253            -0.035           -2.193
       Category 2     Category 2        0.639       0.604             0.035            1.949
     COG043         COG053
       Category 1     Category 1        0.061       0.067            -0.007           -0.713
       Category 1     Category 2        0.083       0.076             0.007            0.675
       Category 2     Category 1        0.273       0.267             0.007            0.404
       Category 2     Category 2        0.583       0.590            -0.007           -0.363
     COG043         COG054
       Category 1     Category 1        0.076       0.065             0.011            1.162
       Category 1     Category 2        0.068       0.078            -0.011           -1.069
       Category 2     Category 1        0.256       0.266            -0.011           -0.649
       Category 2     Category 2        0.601       0.590             0.011            0.583
     COG043         COG055
       Category 1     Category 1        0.043       0.040             0.003            0.448
       Category 1     Category 2        0.100       0.103            -0.003           -0.289
       Category 2     Category 1        0.078       0.082            -0.003           -0.321
       Category 2     Category 2        0.778       0.775             0.003            0.210
     COG043         COG056
       Category 1     Category 1        0.089       0.104            -0.014           -1.290
       Category 1     Category 2        0.054       0.040             0.014            2.017
       Category 2     Category 1        0.352       0.337             0.014            0.832
       Category 2     Category 2        0.505       0.519            -0.014           -0.788
     COG043         COG057
       Category 1     Category 1        0.123       0.127            -0.004           -0.326
       Category 1     Category 2        0.020       0.016             0.004            0.857
       Category 2     Category 1        0.693       0.689             0.004            0.234
       Category 2     Category 2        0.164       0.168            -0.004           -0.290
     COG043         COG058
       Category 1     Category 1        0.087       0.097            -0.011           -0.984
       Category 1     Category 2        0.057       0.046             0.011            1.391
       Category 2     Category 1        0.348       0.337             0.011            0.617
       Category 2     Category 2        0.509       0.520            -0.011           -0.584
     COG043         COG060
       Category 1     Category 1        0.116       0.122            -0.006           -0.487
       Category 1     Category 2        0.027       0.021             0.006            1.108
       Category 2     Category 1        0.495       0.489             0.006            0.319
       Category 2     Category 2        0.361       0.367            -0.006           -0.331
     COG043         COG061
       Category 1     Category 1        0.133       0.132             0.001            0.068
       Category 1     Category 2        0.011       0.012            -0.001           -0.213
       Category 2     Category 1        0.627       0.627            -0.001           -0.047
       Category 2     Category 2        0.230       0.229             0.001            0.054
     COG043         COG062
       Category 1     Category 1        0.139       0.135             0.004            0.333
       Category 1     Category 2        0.004       0.008            -0.004           -1.258
       Category 2     Category 1        0.710       0.715            -0.004           -0.252
       Category 2     Category 2        0.146       0.142             0.004            0.326
     COG043         COG063
       Category 1     Category 1        0.137       0.140            -0.003           -0.248
       Category 1     Category 2        0.007       0.004             0.003            1.436
       Category 2     Category 1        0.750       0.746             0.003            0.198
       Category 2     Category 2        0.107       0.110            -0.003           -0.275
     COG043         COG064
       Category 1     Category 1        0.133       0.131             0.002            0.139
       Category 1     Category 2        0.011       0.013            -0.002           -0.420
       Category 2     Category 1        0.631       0.632            -0.002           -0.097
       Category 2     Category 2        0.226       0.224             0.002            0.112
     COG043         COG066
       Category 1     Category 1        0.137       0.138            -0.001           -0.116
       Category 1     Category 2        0.007       0.005             0.001            0.551
       Category 2     Category 1        0.687       0.686             0.001            0.086
       Category 2     Category 2        0.169       0.171            -0.001           -0.106
     COG044         COG045
       Category 1     Category 1        0.065       0.055             0.010            1.192
       Category 1     Category 2        0.047       0.057            -0.010           -1.168
       Category 2     Category 1        0.307       0.317            -0.010           -0.584
       Category 2     Category 2        0.581       0.571             0.010            0.549
     COG044         COG046
       Category 1     Category 1        0.076       0.069             0.007            0.783
       Category 1     Category 2        0.037       0.044            -0.007           -0.966
       Category 2     Category 1        0.437       0.444            -0.007           -0.398
       Category 2     Category 2        0.451       0.443             0.007            0.398
     COG044         COG048
       Category 1     Category 1        0.028       0.022             0.006            1.093
       Category 1     Category 2        0.084       0.090            -0.006           -0.566
       Category 2     Category 1        0.080       0.086            -0.006           -0.578
       Category 2     Category 2        0.808       0.802             0.006            0.406
     COG044         COG049
       Category 1     Category 1        0.034       0.037            -0.003           -0.494
       Category 1     Category 2        0.078       0.075             0.003            0.356
       Category 2     Category 1        0.122       0.118             0.003            0.290
       Category 2     Category 2        0.766       0.769            -0.003           -0.222
     COG044         COG050
       Category 1     Category 1        0.054       0.045             0.009            1.158
       Category 1     Category 2        0.058       0.067            -0.009           -0.963
       Category 2     Category 1        0.219       0.228            -0.009           -0.574
       Category 2     Category 2        0.668       0.660             0.009            0.508
     COG044         COG051
       Category 1     Category 1        0.030       0.030             0.000           -0.003
       Category 1     Category 2        0.083       0.083             0.000            0.002
       Category 2     Category 1        0.091       0.091             0.000            0.002
       Category 2     Category 2        0.797       0.797             0.000           -0.001
     COG044         COG052
       Category 1     Category 1        0.055       0.050             0.006            0.726
       Category 1     Category 2        0.057       0.063            -0.006           -0.651
       Category 2     Category 1        0.261       0.267            -0.006           -0.356
       Category 2     Category 2        0.627       0.621             0.006            0.325
     COG044         COG053
       Category 1     Category 1        0.062       0.053             0.010            1.175
       Category 1     Category 2        0.050       0.060            -0.010           -1.107
       Category 2     Category 1        0.272       0.282            -0.010           -0.583
       Category 2     Category 2        0.616       0.606             0.010            0.537
     COG044         COG054
       Category 1     Category 1        0.054       0.051             0.003            0.404
       Category 1     Category 2        0.058       0.061            -0.003           -0.369
       Category 2     Category 1        0.277       0.281            -0.003           -0.197
       Category 2     Category 2        0.610       0.607             0.003            0.182
     COG044         COG055
       Category 1     Category 1        0.030       0.031            -0.001           -0.230
       Category 1     Category 2        0.083       0.081             0.001            0.146
       Category 2     Category 1        0.092       0.091             0.001            0.139
       Category 2     Category 2        0.796       0.797            -0.001           -0.099
     COG044         COG056
       Category 1     Category 1        0.074       0.081            -0.006           -0.612
       Category 1     Category 2        0.038       0.032             0.006            0.949
       Category 2     Category 1        0.367       0.361             0.006            0.347
       Category 2     Category 2        0.521       0.527            -0.006           -0.333
     COG044         COG057
       Category 1     Category 1        0.095       0.099            -0.005           -0.425
       Category 1     Category 2        0.018       0.013             0.005            1.125
       Category 2     Category 1        0.721       0.717             0.005            0.282
       Category 2     Category 2        0.166       0.171            -0.005           -0.337
     COG044         COG058
       Category 1     Category 1        0.068       0.076            -0.008           -0.822
       Category 1     Category 2        0.045       0.037             0.008            1.157
       Category 2     Category 1        0.367       0.359             0.008            0.453
       Category 2     Category 2        0.521       0.529            -0.008           -0.435
     COG044         COG060
       Category 1     Category 1        0.091       0.095            -0.004           -0.409
       Category 1     Category 2        0.022       0.017             0.004            0.921
       Category 2     Category 1        0.521       0.517             0.004            0.240
       Category 2     Category 2        0.367       0.371            -0.004           -0.248
     COG044         COG061
       Category 1     Category 1        0.097       0.103            -0.005           -0.478
       Category 1     Category 2        0.015       0.010             0.005            1.492
       Category 2     Category 1        0.662       0.656             0.005            0.306
       Category 2     Category 2        0.226       0.231            -0.005           -0.344
     COG044         COG062
       Category 1     Category 1        0.104       0.106            -0.001           -0.127
       Category 1     Category 2        0.008       0.007             0.001            0.480
       Category 2     Category 1        0.746       0.744             0.001            0.090
       Category 2     Category 2        0.142       0.144            -0.001           -0.111
     COG044         COG063
       Category 1     Category 1        0.107       0.109            -0.002           -0.207
       Category 1     Category 2        0.005       0.003             0.002            1.175
       Category 2     Category 1        0.779       0.777             0.002            0.155
       Category 2     Category 2        0.108       0.111            -0.002           -0.206
     COG044         COG064
       Category 1     Category 1        0.101       0.102            -0.001           -0.056
       Category 1     Category 2        0.011       0.010             0.001            0.169
       Category 2     Category 1        0.662       0.661             0.001            0.036
       Category 2     Category 2        0.226       0.227            -0.001           -0.041
     COG044         COG066
       Category 1     Category 1        0.107       0.108            -0.001           -0.080
       Category 1     Category 2        0.005       0.005             0.001            0.370
       Category 2     Category 1        0.717       0.716             0.001            0.055
       Category 2     Category 2        0.171       0.171            -0.001           -0.066
     COG045         COG046
       Category 1     Category 1        0.223       0.211             0.012            0.825
       Category 1     Category 2        0.149       0.161            -0.012           -0.915
       Category 2     Category 1        0.290       0.302            -0.012           -0.733
       Category 2     Category 2        0.338       0.326             0.012            0.718
     COG045         COG048
       Category 1     Category 1        0.051       0.057            -0.005           -0.630
       Category 1     Category 2        0.321       0.315             0.005            0.314
       Category 2     Category 1        0.057       0.051             0.005            0.660
       Category 2     Category 2        0.571       0.576            -0.005           -0.295
     COG045         COG049
       Category 1     Category 1        0.088       0.089            -0.001           -0.105
       Category 1     Category 2        0.284       0.283             0.001            0.067
       Category 2     Category 1        0.068       0.067             0.001            0.121
       Category 2     Category 2        0.560       0.561            -0.001           -0.061
     COG045         COG050
       Category 1     Category 1        0.181       0.127             0.054            4.433
       Category 1     Category 2        0.191       0.245            -0.054           -3.432
       Category 2     Category 1        0.092       0.146            -0.054           -4.177
       Category 2     Category 2        0.536       0.482             0.054            2.955
     COG045         COG051
       Category 1     Category 1        0.072       0.070             0.002            0.197
       Category 1     Category 2        0.300       0.302            -0.002           -0.109
       Category 2     Category 1        0.049       0.051            -0.002           -0.229
       Category 2     Category 2        0.579       0.577             0.002            0.101
     COG045         COG052
       Category 1     Category 1        0.146       0.143             0.003            0.266
       Category 1     Category 2        0.226       0.229            -0.003           -0.221
       Category 2     Category 1        0.171       0.174            -0.003           -0.246
       Category 2     Category 2        0.457       0.454             0.003            0.187
     COG045         COG053
       Category 1     Category 1        0.157       0.151             0.006            0.452
       Category 1     Category 2        0.215       0.221            -0.006           -0.390
       Category 2     Category 1        0.177       0.183            -0.006           -0.418
       Category 2     Category 2        0.451       0.445             0.006            0.326
     COG045         COG054
       Category 1     Category 1        0.150       0.148             0.003            0.206
       Category 1     Category 2        0.222       0.225            -0.003           -0.175
       Category 2     Category 1        0.181       0.184            -0.003           -0.188
       Category 2     Category 2        0.447       0.444             0.003            0.147
     COG045         COG055
       Category 1     Category 1        0.066       0.072            -0.006           -0.614
       Category 1     Category 2        0.306       0.300             0.006            0.347
       Category 2     Category 1        0.055       0.050             0.006            0.731
       Category 2     Category 2        0.572       0.578            -0.006           -0.322
     COG045         COG056
       Category 1     Category 1        0.202       0.221            -0.020           -1.285
       Category 1     Category 2        0.171       0.151             0.020            1.490
       Category 2     Category 1        0.240       0.220             0.020            1.288
       Category 2     Category 2        0.388       0.408            -0.020           -1.085
     COG045         COG057
       Category 1     Category 1        0.314       0.319            -0.005           -0.290
       Category 1     Category 2        0.058       0.053             0.005            0.602
       Category 2     Category 1        0.502       0.497             0.005            0.270
       Category 2     Category 2        0.126       0.131            -0.005           -0.401
     COG045         COG058
       Category 1     Category 1        0.198       0.211            -0.013           -0.875
       Category 1     Category 2        0.175       0.161             0.013            0.970
       Category 2     Category 1        0.237       0.224             0.013            0.857
       Category 2     Category 2        0.391       0.404            -0.013           -0.727
     COG045         COG060
       Category 1     Category 1        0.271       0.280            -0.010           -0.586
       Category 1     Category 2        0.101       0.092             0.010            0.912
       Category 2     Category 1        0.341       0.331             0.010            0.559
       Category 2     Category 2        0.287       0.297            -0.010           -0.577
     COG045         COG061
       Category 1     Category 1        0.300       0.319            -0.019           -1.108
       Category 1     Category 2        0.072       0.053             0.019            2.312
       Category 2     Category 1        0.459       0.440             0.019            1.041
       Category 2     Category 2        0.169       0.188            -0.019           -1.322
     COG045         COG062
       Category 1     Category 1        0.342       0.338             0.005            0.260
       Category 1     Category 2        0.030       0.034            -0.005           -0.676
       Category 2     Category 1        0.507       0.512            -0.005           -0.246
       Category 2     Category 2        0.120       0.116             0.005            0.384
     COG045         COG063
       Category 1     Category 1        0.342       0.352            -0.010           -0.556
       Category 1     Category 2        0.030       0.020             0.010            1.898
       Category 2     Category 1        0.544       0.534             0.010            0.533
       Category 2     Category 2        0.084       0.094            -0.010           -0.912
     COG045         COG064
       Category 1     Category 1        0.318       0.318             0.000           -0.014
       Category 1     Category 2        0.054       0.054             0.000            0.030
       Category 2     Category 1        0.445       0.445             0.000            0.014
       Category 2     Category 2        0.183       0.183             0.000           -0.017
     COG045         COG066
       Category 1     Category 1        0.329       0.341            -0.012           -0.710
       Category 1     Category 2        0.043       0.031             0.012            1.946
       Category 2     Category 1        0.495       0.483             0.012            0.674
       Category 2     Category 2        0.133       0.145            -0.012           -0.957
     COG046         COG048
       Category 1     Category 1        0.072       0.069             0.003            0.288
       Category 1     Category 2        0.441       0.444            -0.003           -0.147
       Category 2     Category 1        0.037       0.039            -0.003           -0.376
       Category 2     Category 2        0.451       0.448             0.003            0.147
     COG046         COG049
       Category 1     Category 1        0.101       0.105            -0.004           -0.314
       Category 1     Category 2        0.411       0.408             0.004            0.196
       Category 2     Category 1        0.054       0.051             0.004            0.439
       Category 2     Category 2        0.433       0.437            -0.004           -0.194
     COG046         COG050
       Category 1     Category 1        0.157       0.161            -0.004           -0.331
       Category 1     Category 2        0.356       0.351             0.004            0.255
       Category 2     Category 1        0.116       0.112             0.004            0.387
       Category 2     Category 2        0.371       0.375            -0.004           -0.252
     COG046         COG051
       Category 1     Category 1        0.080       0.082            -0.002           -0.210
       Category 1     Category 2        0.433       0.431             0.002            0.117
       Category 2     Category 1        0.041       0.038             0.002            0.300
       Category 2     Category 2        0.447       0.449            -0.002           -0.116
     COG046         COG052
       Category 1     Category 1        0.162       0.183            -0.021           -1.478
       Category 1     Category 2        0.350       0.329             0.021            1.217
       Category 2     Category 1        0.154       0.133             0.021            1.684
       Category 2     Category 2        0.333       0.354            -0.021           -1.196
     COG046         COG053
       Category 1     Category 1        0.191       0.194            -0.003           -0.216
       Category 1     Category 2        0.322       0.319             0.003            0.184
       Category 2     Category 1        0.143       0.140             0.003            0.246
       Category 2     Category 2        0.344       0.347            -0.003           -0.180
     COG046         COG054
       Category 1     Category 1        0.183       0.190            -0.008           -0.540
       Category 1     Category 2        0.330       0.322             0.008            0.454
       Category 2     Category 1        0.149       0.141             0.008            0.609
       Category 2     Category 2        0.338       0.346            -0.008           -0.446
     COG046         COG055
       Category 1     Category 1        0.084       0.084             0.000           -0.010
       Category 1     Category 2        0.429       0.429             0.000            0.006
       Category 2     Category 1        0.038       0.038             0.000            0.015
       Category 2     Category 2        0.449       0.449             0.000           -0.006
     COG046         COG056
       Category 1     Category 1        0.263       0.275            -0.012           -0.730
       Category 1     Category 2        0.250       0.238             0.012            0.765
       Category 2     Category 1        0.179       0.167             0.012            0.875
       Category 2     Category 2        0.309       0.321            -0.012           -0.698
     COG046         COG057
       Category 1     Category 1        0.432       0.432             0.000           -0.014
       Category 1     Category 2        0.081       0.081             0.000            0.026
       Category 2     Category 1        0.384       0.384             0.000            0.014
       Category 2     Category 2        0.103       0.103             0.000           -0.023
     COG046         COG058
       Category 1     Category 1        0.258       0.264            -0.006           -0.362
       Category 1     Category 2        0.254       0.249             0.006            0.370
       Category 2     Category 1        0.176       0.170             0.006            0.425
       Category 2     Category 2        0.311       0.317            -0.006           -0.343
     COG046         COG060
       Category 1     Category 1        0.353       0.360            -0.006           -0.367
       Category 1     Category 2        0.160       0.153             0.006            0.489
       Category 2     Category 1        0.258       0.252             0.006            0.405
       Category 2     Category 2        0.229       0.235            -0.006           -0.415
     COG046         COG061
       Category 1     Category 1        0.425       0.422             0.003            0.139
       Category 1     Category 2        0.088       0.090            -0.003           -0.239
       Category 2     Category 1        0.334       0.337            -0.003           -0.145
       Category 2     Category 2        0.153       0.150             0.003            0.192
     COG046         COG062
       Category 1     Category 1        0.470       0.455             0.014            0.777
       Category 1     Category 2        0.043       0.058            -0.014           -1.661
       Category 2     Category 1        0.380       0.394            -0.014           -0.791
       Category 2     Category 2        0.107       0.093             0.014            1.334
     COG046         COG063
       Category 1     Category 1        0.478       0.475             0.002            0.129
       Category 1     Category 2        0.035       0.038            -0.002           -0.340
       Category 2     Category 1        0.409       0.411            -0.002           -0.131
       Category 2     Category 2        0.078       0.076             0.002            0.244
     COG046         COG064
       Category 1     Category 1        0.422       0.422             0.000            0.010
       Category 1     Category 2        0.091       0.091             0.000           -0.018
       Category 2     Category 1        0.341       0.341             0.000           -0.011
       Category 2     Category 2        0.146       0.146             0.000            0.015
     COG046         COG066
       Category 1     Category 1        0.463       0.454             0.008            0.458
       Category 1     Category 2        0.050       0.058            -0.008           -0.971
       Category 2     Category 1        0.361       0.370            -0.008           -0.472
       Category 2     Category 2        0.126       0.117             0.008            0.708
     COG048         COG049
       Category 1     Category 1        0.027       0.043            -0.016           -2.130
       Category 1     Category 2        0.081       0.065             0.016            1.748
       Category 2     Category 1        0.129       0.113             0.016            1.366
       Category 2     Category 2        0.763       0.779            -0.016           -1.041
     COG048         COG050
       Category 1     Category 1        0.047       0.048            -0.001           -0.091
       Category 1     Category 2        0.061       0.060             0.001            0.081
       Category 2     Category 1        0.226       0.225             0.001            0.046
       Category 2     Category 2        0.666       0.666            -0.001           -0.041
     COG048         COG051
       Category 1     Category 1        0.030       0.035            -0.005           -0.718
       Category 1     Category 2        0.078       0.074             0.005            0.502
       Category 2     Category 1        0.091       0.086             0.005            0.469
       Category 2     Category 2        0.801       0.806            -0.005           -0.332
     COG048         COG052
       Category 1     Category 1        0.051       0.052            -0.001           -0.081
       Category 1     Category 2        0.057       0.056             0.001            0.078
       Category 2     Category 1        0.265       0.265             0.001            0.041
       Category 2     Category 2        0.627       0.627            -0.001           -0.037
     COG048         COG053
       Category 1     Category 1        0.107       0.055             0.052            6.163
       Category 1     Category 2        0.001       0.053            -0.052           -6.274
       Category 2     Category 1        0.227       0.279            -0.052           -3.136
       Category 2     Category 2        0.664       0.613             0.052            2.888
     COG048         COG054
       Category 1     Category 1        0.051       0.053            -0.002           -0.197
       Category 1     Category 2        0.057       0.055             0.002            0.193
       Category 2     Category 1        0.280       0.278             0.002            0.098
       Category 2     Category 2        0.612       0.613            -0.002           -0.091
     COG048         COG055
       Category 1     Category 1        0.028       0.037            -0.008           -1.179
       Category 1     Category 2        0.080       0.072             0.008            0.858
       Category 2     Category 1        0.093       0.085             0.008            0.792
       Category 2     Category 2        0.798       0.807            -0.008           -0.560
     COG048         COG056
       Category 1     Category 1        0.054       0.086            -0.032           -3.107
       Category 1     Category 2        0.054       0.022             0.032            5.938
       Category 2     Category 1        0.387       0.355             0.032            1.822
       Category 2     Category 2        0.505       0.537            -0.032           -1.749
     COG048         COG057
       Category 1     Category 1        0.096       0.098            -0.002           -0.145
       Category 1     Category 2        0.012       0.011             0.002            0.421
       Category 2     Category 1        0.720       0.718             0.002            0.096
       Category 2     Category 2        0.172       0.173            -0.002           -0.114
     COG048         COG058
       Category 1     Category 1        0.058       0.080            -0.022           -2.227
       Category 1     Category 2        0.050       0.028             0.022            3.687
       Category 2     Category 1        0.376       0.354             0.022            1.267
       Category 2     Category 2        0.516       0.538            -0.022           -1.215
     COG048         COG060
       Category 1     Category 1        0.078       0.098            -0.019           -1.754
       Category 1     Category 2        0.030       0.011             0.019            5.079
       Category 2     Category 1        0.533       0.514             0.019            1.042
       Category 2     Category 2        0.359       0.378            -0.019           -1.074
     COG048         COG061
       Category 1     Category 1        0.087       0.103            -0.016           -1.425
       Category 1     Category 2        0.022       0.006             0.016            5.715
       Category 2     Category 1        0.673       0.657             0.016            0.910
       Category 2     Category 2        0.219       0.235            -0.016           -1.019
     COG048         COG062
       Category 1     Category 1        0.097       0.104            -0.006           -0.569
       Category 1     Category 2        0.011       0.004             0.006            2.612
       Category 2     Category 1        0.752       0.746             0.006            0.399
       Category 2     Category 2        0.139       0.146            -0.006           -0.492
     COG048         COG063
       Category 1     Category 1        0.100       0.107            -0.007           -0.583
       Category 1     Category 2        0.008       0.001             0.007            4.663
       Category 2     Category 1        0.786       0.780             0.007            0.434
       Category 2     Category 2        0.106       0.112            -0.007           -0.571
     COG048         COG064
       Category 1     Category 1        0.100       0.102            -0.002           -0.146
       Category 1     Category 2        0.008       0.006             0.002            0.550
       Category 2     Category 1        0.663       0.661             0.002            0.093
       Category 2     Category 2        0.229       0.230            -0.002           -0.105
     COG048         COG066
       Category 1     Category 1        0.099       0.106            -0.007           -0.656
       Category 1     Category 2        0.009       0.002             0.007            4.482
       Category 2     Category 1        0.725       0.718             0.007            0.449
       Category 2     Category 2        0.166       0.174            -0.007           -0.533
     COG049         COG050
       Category 1     Category 1        0.078       0.078             0.001            0.063
       Category 1     Category 2        0.077       0.078            -0.001           -0.063
       Category 2     Category 1        0.195       0.195            -0.001           -0.042
       Category 2     Category 2        0.650       0.649             0.001            0.035
     COG049         COG051
       Category 1     Category 1        0.068       0.062             0.006            0.669
       Category 1     Category 2        0.088       0.094            -0.006           -0.552
       Category 2     Category 1        0.053       0.059            -0.006           -0.685
       Category 2     Category 2        0.792       0.786             0.006            0.393
     COG049         COG052
       Category 1     Category 1        0.074       0.083            -0.009           -0.855
       Category 1     Category 2        0.081       0.073             0.009            0.910
       Category 2     Category 1        0.242       0.234             0.009            0.558
       Category 2     Category 2        0.602       0.611            -0.009           -0.484
     COG049         COG053
       Category 1     Category 1        0.069       0.088            -0.019           -1.827
       Category 1     Category 2        0.087       0.068             0.019            2.062
       Category 2     Category 1        0.265       0.246             0.019            1.202
       Category 2     Category 2        0.579       0.598            -0.019           -1.056
     COG049         COG054
       Category 1     Category 1        0.074       0.084            -0.010           -0.948
       Category 1     Category 2        0.081       0.072             0.010            1.022
       Category 2     Category 1        0.257       0.247             0.010            0.610
       Category 2     Category 2        0.587       0.597            -0.010           -0.537
     COG049         COG055
       Category 1     Category 1        0.062       0.066            -0.004           -0.403
       Category 1     Category 2        0.093       0.090             0.004            0.350
       Category 2     Category 1        0.060       0.056             0.004            0.435
       Category 2     Category 2        0.785       0.789            -0.004           -0.245
     COG049         COG056
       Category 1     Category 1        0.154       0.142             0.012            0.963
       Category 1     Category 2        0.001       0.014            -0.012           -2.889
       Category 2     Category 1        0.287       0.299            -0.012           -0.734
       Category 2     Category 2        0.558       0.545             0.012            0.675
     COG049         COG057
       Category 1     Category 1        0.142       0.144            -0.002           -0.137
       Category 1     Category 2        0.014       0.012             0.002            0.447
       Category 2     Category 1        0.674       0.672             0.002            0.103
       Category 2     Category 2        0.171       0.172            -0.002           -0.128
     COG049         COG058
       Category 1     Category 1        0.123       0.131            -0.008           -0.665
       Category 1     Category 2        0.032       0.024             0.008            1.461
       Category 2     Category 1        0.311       0.303             0.008            0.489
       Category 2     Category 2        0.533       0.541            -0.008           -0.451
     COG049         COG060
       Category 1     Category 1        0.150       0.151            -0.001           -0.067
       Category 1     Category 2        0.005       0.005             0.001            0.356
       Category 2     Category 1        0.461       0.461             0.001            0.048
       Category 2     Category 2        0.383       0.384            -0.001           -0.049
     COG049         COG061
       Category 1     Category 1        0.147       0.153            -0.005           -0.413
       Category 1     Category 2        0.008       0.003             0.005            2.893
       Category 2     Category 1        0.612       0.606             0.005            0.304
       Category 2     Category 2        0.233       0.238            -0.005           -0.349
     COG049         COG062
       Category 1     Category 1        0.152       0.153            -0.001           -0.079
       Category 1     Category 2        0.004       0.003             0.001            0.520
       Category 2     Category 1        0.698       0.697             0.001            0.062
       Category 2     Category 2        0.146       0.147            -0.001           -0.080
     COG049         COG063
       Category 1     Category 1        0.154       0.155            -0.001           -0.075
       Category 1     Category 2        0.001       0.000             0.001            1.435
       Category 2     Category 1        0.732       0.731             0.001            0.061
       Category 2     Category 2        0.112       0.113            -0.001           -0.085
     COG049         COG064
       Category 1     Category 1        0.145       0.152            -0.007           -0.541
       Category 1     Category 2        0.011       0.004             0.007            3.211
       Category 2     Category 1        0.618       0.611             0.007            0.399
       Category 2     Category 2        0.226       0.233            -0.007           -0.460
     COG049         COG066
       Category 1     Category 1        0.156       0.155             0.000            0.019
       Category 1     Category 2        0.000       0.000             0.000           -0.432
       Category 2     Category 1        0.668       0.669             0.000           -0.015
       Category 2     Category 2        0.176       0.176             0.000            0.018
     COG050         COG051
       Category 1     Category 1        0.064       0.061             0.002            0.239
       Category 1     Category 2        0.210       0.212            -0.002           -0.140
       Category 2     Category 1        0.057       0.059            -0.002           -0.244
       Category 2     Category 2        0.670       0.668             0.002            0.122
     COG050         COG052
       Category 1     Category 1        0.120       0.113             0.007            0.599
       Category 1     Category 2        0.153       0.160            -0.007           -0.519
       Category 2     Category 1        0.196       0.203            -0.007           -0.472
       Category 2     Category 2        0.530       0.523             0.007            0.381
     COG050         COG053
       Category 1     Category 1        0.122       0.120             0.002            0.140
       Category 1     Category 2        0.152       0.153            -0.002           -0.126
       Category 2     Category 1        0.212       0.214            -0.002           -0.111
       Category 2     Category 2        0.514       0.513             0.002            0.091
     COG050         COG054
       Category 1     Category 1        0.127       0.117             0.011            0.893
       Category 1     Category 2        0.146       0.157            -0.011           -0.789
       Category 2     Category 1        0.204       0.215            -0.011           -0.698
       Category 2     Category 2        0.522       0.512             0.011            0.574
     COG050         COG055
       Category 1     Category 1        0.065       0.064             0.001            0.106
       Category 1     Category 2        0.208       0.209            -0.001           -0.064
       Category 2     Category 1        0.057       0.058            -0.001           -0.111
       Category 2     Category 2        0.670       0.669             0.001            0.055
     COG050         COG056
       Category 1     Category 1        0.162       0.182            -0.020           -1.380
       Category 1     Category 2        0.111       0.091             0.020            1.849
       Category 2     Category 1        0.279       0.259             0.020            1.216
       Category 2     Category 2        0.448       0.467            -0.020           -1.067
     COG050         COG057
       Category 1     Category 1        0.233       0.239            -0.006           -0.384
       Category 1     Category 2        0.041       0.035             0.006            0.896
       Category 2     Category 1        0.583       0.577             0.006            0.331
       Category 2     Category 2        0.143       0.149            -0.006           -0.459
     COG050         COG058
       Category 1     Category 1        0.156       0.171            -0.016           -1.141
       Category 1     Category 2        0.118       0.102             0.016            1.422
       Category 2     Category 1        0.279       0.263             0.016            0.977
       Category 2     Category 2        0.448       0.464            -0.016           -0.863
     COG050         COG060
       Category 1     Category 1        0.211       0.222            -0.011           -0.701
       Category 1     Category 2        0.062       0.052             0.011            1.318
       Category 2     Category 1        0.401       0.390             0.011            0.597
       Category 2     Category 2        0.326       0.337            -0.011           -0.616
     COG050         COG061
       Category 1     Category 1        0.238       0.245            -0.006           -0.410
       Category 1     Category 2        0.035       0.029             0.006            1.056
       Category 2     Category 1        0.521       0.514             0.006            0.353
       Category 2     Category 2        0.206       0.212            -0.006           -0.431
     COG050         COG062
       Category 1     Category 1        0.250       0.254            -0.004           -0.220
       Category 1     Category 2        0.023       0.019             0.004            0.694
       Category 2     Category 1        0.599       0.596             0.004            0.196
       Category 2     Category 2        0.127       0.131            -0.004           -0.285
     COG050         COG063
       Category 1     Category 1        0.263       0.264            -0.001           -0.076
       Category 1     Category 2        0.011       0.010             0.001            0.342
       Category 2     Category 1        0.624       0.623             0.001            0.069
       Category 2     Category 2        0.103       0.104            -0.001           -0.109
     COG050         COG064
       Category 1     Category 1        0.240       0.243            -0.004           -0.232
       Category 1     Category 2        0.034       0.030             0.004            0.583
       Category 2     Category 1        0.524       0.520             0.004            0.200
       Category 2     Category 2        0.203       0.207            -0.004           -0.246
     COG050         COG066
       Category 1     Category 1        0.249       0.259            -0.010           -0.613
       Category 1     Category 2        0.024       0.014             0.010            2.246
       Category 2     Category 1        0.575       0.565             0.010            0.541
       Category 2     Category 2        0.152       0.161            -0.010           -0.729
     COG051         COG052
       Category 1     Category 1        0.065       0.065             0.000           -0.051
       Category 1     Category 2        0.055       0.055             0.000            0.055
       Category 2     Category 1        0.252       0.251             0.000            0.029
       Category 2     Category 2        0.628       0.628             0.000           -0.026
     COG051         COG053
       Category 1     Category 1        0.061       0.069            -0.008           -0.897
       Category 1     Category 2        0.060       0.051             0.008            1.034
       Category 2     Category 1        0.273       0.265             0.008            0.516
       Category 2     Category 2        0.606       0.615            -0.008           -0.468
     COG051         COG054
       Category 1     Category 1        0.066       0.066             0.000            0.019
       Category 1     Category 2        0.054       0.054             0.000           -0.021
       Category 2     Category 1        0.265       0.265             0.000           -0.011
       Category 2     Category 2        0.614       0.614             0.000            0.010
     COG051         COG055
       Category 1     Category 1        0.061       0.054             0.007            0.879
       Category 1     Category 2        0.060       0.067            -0.007           -0.793
       Category 2     Category 1        0.061       0.068            -0.007           -0.785
       Category 2     Category 2        0.819       0.811             0.007            0.506
     COG051         COG056
       Category 1     Category 1        0.111       0.110             0.001            0.063
       Category 1     Category 2        0.009       0.010            -0.001           -0.195
       Category 2     Category 1        0.330       0.331            -0.001           -0.042
       Category 2     Category 2        0.549       0.549             0.001            0.039
     COG051         COG057
       Category 1     Category 1        0.110       0.112            -0.002           -0.172
       Category 1     Category 2        0.011       0.009             0.002            0.577
       Category 2     Category 1        0.706       0.704             0.002            0.118
       Category 2     Category 2        0.173       0.175            -0.002           -0.142
     COG051         COG058
       Category 1     Category 1        0.120       0.103             0.018            1.600
       Category 1     Category 2        0.000       0.018            -0.018           -3.665
       Category 2     Category 1        0.314       0.332            -0.018           -1.031
       Category 2     Category 2        0.566       0.548             0.018            0.975
     COG051         COG060
       Category 1     Category 1        0.116       0.117            -0.001           -0.050
       Category 1     Category 2        0.004       0.003             0.001            0.272
       Category 2     Category 1        0.495       0.495             0.001            0.032
       Category 2     Category 2        0.384       0.385            -0.001           -0.033
     COG051         COG061
       Category 1     Category 1        0.116       0.118            -0.002           -0.172
       Category 1     Category 2        0.004       0.002             0.002            1.243
       Category 2     Category 1        0.643       0.641             0.002            0.116
       Category 2     Category 2        0.237       0.239            -0.002           -0.131
     COG051         COG062
       Category 1     Category 1        0.118       0.118             0.000           -0.039
       Category 1     Category 2        0.003       0.002             0.000            0.264
       Category 2     Category 1        0.732       0.732             0.000            0.028
       Category 2     Category 2        0.147       0.148             0.000           -0.035
     COG051         COG063
       Category 1     Category 1        0.118       0.120            -0.002           -0.202
       Category 1     Category 2        0.003       0.000             0.002            3.885
       Category 2     Category 1        0.769       0.766             0.002            0.155
       Category 2     Category 2        0.111       0.113            -0.002           -0.207
     COG051         COG064
       Category 1     Category 1        0.115       0.118            -0.003           -0.224
       Category 1     Category 2        0.005       0.003             0.003            1.377
       Category 2     Category 1        0.648       0.646             0.003            0.151
       Category 2     Category 2        0.231       0.234            -0.003           -0.171
     COG051         COG066
       Category 1     Category 1        0.120       0.120             0.000            0.019
       Category 1     Category 2        0.000       0.000             0.000           -0.408
       Category 2     Category 1        0.704       0.704             0.000           -0.013
       Category 2     Category 2        0.176       0.176             0.000            0.016
     COG052         COG053
       Category 1     Category 1        0.141       0.134             0.007            0.534
       Category 1     Category 2        0.176       0.183            -0.007           -0.471
       Category 2     Category 1        0.194       0.200            -0.007           -0.455
       Category 2     Category 2        0.490       0.483             0.007            0.364
     COG052         COG054
       Category 1     Category 1        0.157       0.131             0.026            2.134
       Category 1     Category 2        0.160       0.186            -0.026           -1.847
       Category 2     Category 1        0.175       0.201            -0.026           -1.794
       Category 2     Category 2        0.509       0.482             0.026            1.439
     COG052         COG055
       Category 1     Category 1        0.077       0.068             0.009            1.006
       Category 1     Category 2        0.240       0.249            -0.009           -0.585
       Category 2     Category 1        0.045       0.054            -0.009           -1.119
       Category 2     Category 2        0.639       0.629             0.009            0.524
     COG052         COG056
       Category 1     Category 1        0.180       0.200            -0.020           -1.365
       Category 1     Category 2        0.137       0.117             0.020            1.702
       Category 2     Category 1        0.261       0.241             0.020            1.277
       Category 2     Category 2        0.422       0.442            -0.020           -1.100
     COG052         COG057
       Category 1     Category 1        0.277       0.274             0.003            0.198
       Category 1     Category 2        0.039       0.042            -0.003           -0.438
       Category 2     Category 1        0.539       0.542            -0.003           -0.177
       Category 2     Category 2        0.145       0.142             0.003            0.253
     COG052         COG058
       Category 1     Category 1        0.171       0.189            -0.019           -1.310
       Category 1     Category 2        0.146       0.127             0.019            1.541
       Category 2     Category 1        0.264       0.245             0.019            1.194
       Category 2     Category 2        0.419       0.438            -0.019           -1.035
     COG052         COG060
       Category 1     Category 1        0.237       0.248            -0.012           -0.729
       Category 1     Category 2        0.080       0.068             0.012            1.249
       Category 2     Category 1        0.375       0.363             0.012            0.655
       Category 2     Category 2        0.309       0.320            -0.012           -0.675
     COG052         COG061
       Category 1     Category 1        0.277       0.278            -0.001           -0.043
       Category 1     Category 2        0.039       0.039             0.001            0.099
       Category 2     Category 1        0.482       0.481             0.001            0.038
       Category 2     Category 2        0.202       0.202            -0.001           -0.047
     COG052         COG062
       Category 1     Category 1        0.291       0.291             0.000           -0.008
       Category 1     Category 2        0.026       0.026             0.000            0.023
       Category 2     Category 1        0.559       0.559             0.000            0.007
       Category 2     Category 2        0.124       0.125             0.000           -0.011
     COG052         COG063
       Category 1     Category 1        0.302       0.303            -0.001           -0.069
       Category 1     Category 2        0.015       0.014             0.001            0.274
       Category 2     Category 1        0.585       0.583             0.001            0.065
       Category 2     Category 2        0.099       0.100            -0.001           -0.106
     COG052         COG064
       Category 1     Category 1        0.280       0.277             0.003            0.206
       Category 1     Category 2        0.037       0.040            -0.003           -0.472
       Category 2     Category 1        0.483       0.486            -0.003           -0.185
       Category 2     Category 2        0.200       0.197             0.003            0.232
     COG052         COG066
       Category 1     Category 1        0.288       0.296            -0.007           -0.442
       Category 1     Category 2        0.028       0.021             0.007            1.408
       Category 2     Category 1        0.536       0.528             0.007            0.404
       Category 2     Category 2        0.147       0.155            -0.007           -0.558
     COG053         COG054
       Category 1     Category 1        0.139       0.138             0.001            0.097
       Category 1     Category 2        0.195       0.196            -0.001           -0.084
       Category 2     Category 1        0.192       0.193            -0.001           -0.085
       Category 2     Category 2        0.474       0.472             0.001            0.067
     COG053         COG055
       Category 1     Category 1        0.065       0.072            -0.007           -0.724
       Category 1     Category 2        0.269       0.262             0.007            0.425
       Category 2     Category 1        0.057       0.050             0.007            0.858
       Category 2     Category 2        0.609       0.616            -0.007           -0.384
     COG053         COG056
       Category 1     Category 1        0.172       0.212            -0.040           -2.688
       Category 1     Category 2        0.162       0.122             0.040            3.359
       Category 2     Category 1        0.269       0.229             0.040            2.616
       Category 2     Category 2        0.396       0.437            -0.040           -2.216
     COG053         COG057
       Category 1     Category 1        0.286       0.290            -0.004           -0.248
       Category 1     Category 2        0.049       0.045             0.004            0.545
       Category 2     Category 1        0.530       0.526             0.004            0.225
       Category 2     Category 2        0.135       0.139            -0.004           -0.325
     COG053         COG058
       Category 1     Category 1        0.157       0.201            -0.044           -2.974
       Category 1     Category 2        0.177       0.133             0.044            3.504
       Category 2     Category 1        0.277       0.234             0.044            2.816
       Category 2     Category 2        0.388       0.432            -0.044           -2.405
     COG053         COG060
       Category 1     Category 1        0.226       0.263            -0.037           -2.304
       Category 1     Category 2        0.108       0.071             0.037            3.952
       Category 2     Category 1        0.386       0.348             0.037            2.129
       Category 2     Category 2        0.280       0.317            -0.037           -2.180
     COG053         COG061
       Category 1     Category 1        0.269       0.294            -0.025           -1.494
       Category 1     Category 2        0.065       0.040             0.025            3.477
       Category 2     Category 1        0.490       0.465             0.025            1.365
       Category 2     Category 2        0.176       0.201            -0.025           -1.699
     COG053         COG062
       Category 1     Category 1        0.298       0.308            -0.010           -0.587
       Category 1     Category 2        0.037       0.027             0.010            1.685
       Category 2     Category 1        0.552       0.542             0.010            0.544
       Category 2     Category 2        0.114       0.124            -0.010           -0.823
     COG053         COG063
       Category 1     Category 1        0.310       0.320            -0.010           -0.602
       Category 1     Category 2        0.024       0.014             0.010            2.390
       Category 2     Category 1        0.576       0.566             0.010            0.567
       Category 2     Category 2        0.089       0.100            -0.010           -0.938
     COG053         COG064
       Category 1     Category 1        0.294       0.293             0.001            0.051
       Category 1     Category 2        0.041       0.041            -0.001           -0.117
       Category 2     Category 1        0.470       0.470            -0.001           -0.047
       Category 2     Category 2        0.196       0.195             0.001            0.059
     COG053         COG066
       Category 1     Category 1        0.294       0.313            -0.019           -1.124
       Category 1     Category 2        0.041       0.021             0.019            3.600
       Category 2     Category 1        0.530       0.511             0.019            1.043
       Category 2     Category 2        0.135       0.154            -0.019           -1.442
     COG054         COG055
       Category 1     Category 1        0.073       0.068             0.005            0.495
       Category 1     Category 2        0.258       0.263            -0.005           -0.284
       Category 2     Category 1        0.049       0.053            -0.005           -0.557
       Category 2     Category 2        0.620       0.615             0.005            0.257
     COG054         COG056
       Category 1     Category 1        0.179       0.205            -0.026           -1.761
       Category 1     Category 2        0.153       0.127             0.026            2.136
       Category 2     Category 1        0.263       0.236             0.026            1.673
       Category 2     Category 2        0.406       0.432            -0.026           -1.435
     COG054         COG057
       Category 1     Category 1        0.294       0.286             0.008            0.463
       Category 1     Category 2        0.038       0.046            -0.008           -1.004
       Category 2     Category 1        0.522       0.530            -0.008           -0.420
       Category 2     Category 2        0.146       0.138             0.008            0.606
     COG054         COG058
       Category 1     Category 1        0.189       0.194            -0.005           -0.332
       Category 1     Category 2        0.142       0.137             0.005            0.381
       Category 2     Category 1        0.245       0.240             0.005            0.307
       Category 2     Category 2        0.424       0.428            -0.005           -0.265
     COG054         COG060
       Category 1     Category 1        0.250       0.256            -0.006           -0.362
       Category 1     Category 2        0.081       0.075             0.006            0.599
       Category 2     Category 1        0.361       0.355             0.006            0.330
       Category 2     Category 2        0.307       0.313            -0.006           -0.341
     COG054         COG061
       Category 1     Category 1        0.288       0.289             0.000           -0.027
       Category 1     Category 2        0.043       0.043             0.000            0.061
       Category 2     Category 1        0.471       0.470             0.000            0.025
       Category 2     Category 2        0.198       0.198             0.000           -0.031
     COG054         COG062
       Category 1     Category 1        0.298       0.303            -0.006           -0.333
       Category 1     Category 2        0.034       0.028             0.006            0.925
       Category 2     Category 1        0.552       0.546             0.006            0.307
       Category 2     Category 2        0.116       0.122            -0.006           -0.468
     COG054         COG063
       Category 1     Category 1        0.313       0.316            -0.003           -0.193
       Category 1     Category 2        0.019       0.016             0.003            0.722
       Category 2     Category 1        0.574       0.570             0.003            0.181
       Category 2     Category 2        0.095       0.098            -0.003           -0.301
     COG054         COG064
       Category 1     Category 1        0.299       0.287             0.012            0.701
       Category 1     Category 2        0.032       0.044            -0.012           -1.544
       Category 2     Category 1        0.464       0.476            -0.012           -0.635
       Category 2     Category 2        0.204       0.193             0.012            0.804
     COG054         COG066
       Category 1     Category 1        0.310       0.307             0.002            0.142
       Category 1     Category 2        0.022       0.024            -0.002           -0.428
       Category 2     Category 1        0.514       0.517            -0.002           -0.131
       Category 2     Category 2        0.154       0.152             0.002            0.183
     COG055         COG056
       Category 1     Category 1        0.110       0.114            -0.005           -0.399
       Category 1     Category 2        0.012       0.008             0.005            1.470
       Category 2     Category 1        0.332       0.327             0.005            0.271
       Category 2     Category 2        0.547       0.551            -0.005           -0.255
     COG055         COG057
       Category 1     Category 1        0.118       0.113             0.004            0.367
       Category 1     Category 2        0.004       0.008            -0.004           -1.280
       Category 2     Category 1        0.698       0.703            -0.004           -0.255
       Category 2     Category 2        0.180       0.176             0.004            0.306
     COG055         COG058
       Category 1     Category 1        0.112       0.106             0.006            0.513
       Category 1     Category 2        0.009       0.015            -0.006           -1.289
       Category 2     Category 1        0.322       0.328            -0.006           -0.337
       Category 2     Category 2        0.556       0.550             0.006            0.318
     COG055         COG060
       Category 1     Category 1        0.115       0.120            -0.005           -0.378
       Category 1     Category 2        0.007       0.002             0.005            2.585
       Category 2     Category 1        0.497       0.492             0.005            0.245
       Category 2     Category 2        0.382       0.386            -0.005           -0.252
     COG055         COG061
       Category 1     Category 1        0.120       0.120             0.000            0.004
       Category 1     Category 2        0.001       0.001             0.000           -0.039
       Category 2     Category 1        0.639       0.639             0.000           -0.003
       Category 2     Category 2        0.240       0.239             0.000            0.003
     COG055         COG062
       Category 1     Category 1        0.122       0.120             0.002            0.153
       Category 1     Category 2        0.000       0.002            -0.002           -1.164
       Category 2     Category 1        0.728       0.730            -0.002           -0.112
       Category 2     Category 2        0.150       0.148             0.002            0.140
     COG055         COG063
       Category 1     Category 1        0.122       0.122             0.000            0.013
       Category 1     Category 2        0.000       0.000             0.000           -0.346
       Category 2     Category 1        0.765       0.765             0.000           -0.010
       Category 2     Category 2        0.114       0.114             0.000            0.014
     COG055         COG064
       Category 1     Category 1        0.120       0.120             0.001            0.061
       Category 1     Category 2        0.001       0.002            -0.001           -0.437
       Category 2     Category 1        0.643       0.643            -0.001           -0.042
       Category 2     Category 2        0.235       0.235             0.001            0.047
     COG055         COG066
       Category 1     Category 1        0.122       0.122             0.000            0.008
       Category 1     Category 2        0.000       0.000             0.000           -0.259
       Category 2     Category 1        0.702       0.702             0.000           -0.005
       Category 2     Category 2        0.176       0.176             0.000            0.006
     COG056         COG057
       Category 1     Category 1        0.386       0.396            -0.011           -0.589
       Category 1     Category 2        0.055       0.045             0.011            1.392
       Category 2     Category 1        0.430       0.420             0.011            0.584
       Category 2     Category 2        0.129       0.139            -0.011           -0.832
     COG056         COG058
       Category 1     Category 1        0.334       0.320             0.014            0.824
       Category 1     Category 2        0.107       0.121            -0.014           -1.179
       Category 2     Category 1        0.100       0.114            -0.014           -1.209
       Category 2     Category 2        0.459       0.445             0.014            0.774
     COG056         COG060
       Category 1     Category 1        0.425       0.409             0.016            0.878
       Category 1     Category 2        0.016       0.032            -0.016           -2.449
       Category 2     Category 1        0.187       0.203            -0.016           -1.074
       Category 2     Category 2        0.372       0.356             0.016            0.902
     COG056         COG061
       Category 1     Category 1        0.413       0.424            -0.011           -0.620
       Category 1     Category 2        0.028       0.017             0.011            2.360
       Category 2     Category 1        0.346       0.335             0.011            0.649
       Category 2     Category 2        0.212       0.224            -0.011           -0.735
     COG056         COG062
       Category 1     Category 1        0.415       0.425            -0.010           -0.532
       Category 1     Category 2        0.026       0.016             0.010            2.093
       Category 2     Category 1        0.434       0.425             0.010            0.532
       Category 2     Category 2        0.124       0.134            -0.010           -0.771
     COG056         COG063
       Category 1     Category 1        0.434       0.439            -0.004           -0.233
       Category 1     Category 2        0.007       0.003             0.004            2.314
       Category 2     Category 1        0.452       0.448             0.004            0.233
       Category 2     Category 2        0.107       0.111            -0.004           -0.368
     COG056         COG064
       Category 1     Category 1        0.413       0.419            -0.007           -0.360
       Category 1     Category 2        0.028       0.022             0.007            1.216
       Category 2     Category 1        0.350       0.344             0.007            0.374
       Category 2     Category 2        0.208       0.215            -0.007           -0.433
     COG056         COG066
       Category 1     Category 1        0.437       0.439            -0.002           -0.129
       Category 1     Category 2        0.004       0.002             0.002            1.562
       Category 2     Category 1        0.387       0.385             0.002            0.132
       Category 2     Category 2        0.172       0.174            -0.002           -0.169
     COG057         COG058
       Category 1     Category 1        0.388       0.386             0.003            0.141
       Category 1     Category 2        0.428       0.430            -0.003           -0.139
       Category 2     Category 1        0.046       0.049            -0.003           -0.320
       Category 2     Category 2        0.138       0.135             0.003            0.201
     COG057         COG060
       Category 1     Category 1        0.535       0.536            -0.002           -0.091
       Category 1     Category 2        0.281       0.280             0.002            0.102
       Category 2     Category 1        0.077       0.075             0.002            0.173
       Category 2     Category 2        0.107       0.109            -0.002           -0.147
     COG057         COG061
       Category 1     Category 1        0.656       0.648             0.009            0.492
       Category 1     Category 2        0.160       0.168            -0.009           -0.629
       Category 2     Category 1        0.103       0.111            -0.009           -0.747
       Category 2     Category 2        0.081       0.073             0.009            0.907
     COG057         COG062
       Category 1     Category 1        0.713       0.710             0.003            0.167
       Category 1     Category 2        0.103       0.106            -0.003           -0.246
       Category 2     Category 1        0.137       0.139            -0.003           -0.218
       Category 2     Category 2        0.047       0.045             0.003            0.366
     COG057         COG063
       Category 1     Category 1        0.744       0.742             0.002            0.124
       Category 1     Category 2        0.072       0.074            -0.002           -0.207
       Category 2     Category 1        0.142       0.144            -0.002           -0.154
       Category 2     Category 2        0.042       0.040             0.002            0.277
     COG057         COG064
       Category 1     Category 1        0.654       0.649             0.005            0.275
       Category 1     Category 2        0.162       0.167            -0.005           -0.352
       Category 2     Category 1        0.110       0.114            -0.005           -0.413
       Category 2     Category 2        0.074       0.070             0.005            0.517
     COG057         COG066
       Category 1     Category 1        0.698       0.701            -0.003           -0.162
       Category 1     Category 2        0.118       0.115             0.003            0.232
       Category 2     Category 1        0.126       0.123             0.003            0.225
       Category 2     Category 2        0.058       0.061            -0.003           -0.309
     COG058         COG060
       Category 1     Category 1        0.398       0.382             0.016            0.905
       Category 1     Category 2        0.037       0.053            -0.016           -1.967
       Category 2     Category 1        0.214       0.230            -0.016           -1.044
       Category 2     Category 2        0.352       0.336             0.016            0.931
     COG058         COG061
       Category 1     Category 1        0.403       0.407            -0.004           -0.194
       Category 1     Category 2        0.031       0.028             0.004            0.582
       Category 2     Category 1        0.356       0.352             0.004            0.200
       Category 2     Category 2        0.210       0.213            -0.004           -0.233
     COG058         COG062
       Category 1     Category 1        0.413       0.413             0.000           -0.015
       Category 1     Category 2        0.022       0.021             0.000            0.050
       Category 2     Category 1        0.437       0.437             0.000            0.015
       Category 2     Category 2        0.129       0.129             0.000           -0.022
     COG058         COG063
       Category 1     Category 1        0.428       0.428            -0.001           -0.029
       Category 1     Category 2        0.007       0.006             0.001            0.184
       Category 2     Category 1        0.459       0.458             0.001            0.029
       Category 2     Category 2        0.107       0.107            -0.001           -0.047
     COG058         COG064
       Category 1     Category 1        0.402       0.403            -0.001           -0.051
       Category 1     Category 2        0.032       0.032             0.001            0.142
       Category 2     Category 1        0.361       0.360             0.001            0.052
       Category 2     Category 2        0.204       0.205            -0.001           -0.062
     COG058         COG066
       Category 1     Category 1        0.434       0.427             0.008            0.423
       Category 1     Category 2        0.000       0.008            -0.008           -2.393
       Category 2     Category 1        0.390       0.397            -0.008           -0.427
       Category 2     Category 2        0.176       0.168             0.008            0.559
     COG060         COG061
       Category 1     Category 1        0.551       0.563            -0.012           -0.684
       Category 1     Category 2        0.061       0.048             0.012            1.580
       Category 2     Category 1        0.208       0.196             0.012            0.855
       Category 2     Category 2        0.180       0.192            -0.012           -0.860
     COG060         COG062
       Category 1     Category 1        0.568       0.575            -0.007           -0.394
       Category 1     Category 2        0.043       0.036             0.007            1.043
       Category 2     Category 1        0.281       0.274             0.007            0.436
       Category 2     Category 2        0.107       0.114            -0.007           -0.612
     COG060         COG063
       Category 1     Category 1        0.598       0.601            -0.003           -0.169
       Category 1     Category 2        0.014       0.010             0.003            0.813
       Category 2     Category 1        0.288       0.285             0.003            0.183
       Category 2     Category 2        0.100       0.103            -0.003           -0.272
     COG060         COG064
       Category 1     Category 1        0.551       0.557            -0.006           -0.344
       Category 1     Category 2        0.061       0.055             0.006            0.753
       Category 2     Category 1        0.212       0.206             0.006            0.423
       Category 2     Category 2        0.176       0.182            -0.006           -0.443
     COG060         COG066
       Category 1     Category 1        0.599       0.599             0.000            0.000
       Category 1     Category 2        0.012       0.012             0.000            0.000
       Category 2     Category 1        0.225       0.225             0.000            0.000
       Category 2     Category 2        0.164       0.164             0.000            0.000
     COG061         COG062
       Category 1     Category 1        0.696       0.690             0.006            0.339
       Category 1     Category 2        0.064       0.069            -0.006           -0.617
       Category 2     Category 1        0.154       0.160            -0.006           -0.428
       Category 2     Category 2        0.087       0.081             0.006            0.575
     COG061         COG063
       Category 1     Category 1        0.744       0.724             0.020            1.203
       Category 1     Category 2        0.015       0.035            -0.020           -2.939
       Category 2     Category 1        0.142       0.162            -0.020           -1.460
       Category 2     Category 2        0.099       0.079             0.020            1.993
     COG061         COG064
       Category 1     Category 1        0.651       0.649             0.002            0.112
       Category 1     Category 2        0.108       0.110            -0.002           -0.170
       Category 2     Category 1        0.112       0.114            -0.002           -0.168
       Category 2     Category 2        0.129       0.127             0.002            0.160
     COG061         COG066
       Category 1     Category 1        0.719       0.706             0.013            0.756
       Category 1     Category 2        0.041       0.053            -0.013           -1.533
       Category 2     Category 1        0.106       0.118            -0.013           -1.066
       Category 2     Category 2        0.135       0.123             0.013            1.049
     COG062         COG063
       Category 1     Category 1        0.786       0.785             0.001            0.075
       Category 1     Category 2        0.064       0.065            -0.001           -0.125
       Category 2     Category 1        0.100       0.101            -0.001           -0.102
       Category 2     Category 2        0.050       0.049             0.001            0.142
     COG062         COG064
       Category 1     Category 1        0.694       0.690             0.005            0.274
       Category 1     Category 2        0.156       0.160            -0.005           -0.346
       Category 2     Category 1        0.069       0.074            -0.005           -0.486
       Category 2     Category 2        0.081       0.077             0.005            0.477
     COG062         COG066
       Category 1     Category 1        0.758       0.748             0.010            0.629
       Category 1     Category 2        0.092       0.102            -0.010           -0.902
       Category 2     Category 1        0.066       0.076            -0.010           -1.029
       Category 2     Category 2        0.084       0.074             0.010            1.044
     COG063         COG064
       Category 1     Category 1        0.724       0.724             0.000            0.020
       Category 1     Category 2        0.162       0.163             0.000           -0.024
       Category 2     Category 1        0.039       0.040             0.000           -0.045
       Category 2     Category 2        0.074       0.074             0.000            0.034
     COG063         COG066
       Category 1     Category 1        0.788       0.789            -0.001           -0.086
       Category 1     Category 2        0.099       0.097             0.001            0.119
       Category 2     Category 1        0.037       0.035             0.001            0.191
       Category 2     Category 2        0.077       0.078            -0.001           -0.131
     COG064         COG066
       Category 1     Category 1        0.710       0.702             0.009            0.522
       Category 1     Category 2        0.053       0.062            -0.009           -0.994
       Category 2     Category 1        0.114       0.122            -0.009           -0.729
       Category 2     Category 2        0.123       0.114             0.009            0.751


MODEL MODIFICATION INDICES

NOTE:  Modification indices for direct effects of observed dependent variables
regressed on covariates and residual covariances among observed dependent
variables may not be included.  To include these, request MODINDICES (ALL).

Minimum M.I. value for printing the modification index    10.000

                                   M.I.     E.P.C.  Std E.P.C.  StdYX E.P.C.

WITH Statements

COG045   WITH COG040              43.456     0.418      0.418        0.484
COG050   WITH COG040              25.901     0.342      0.342        0.416
COG050   WITH COG045              62.990     0.407      0.407        0.510
COG052   WITH COG043              41.402     0.384      0.384        0.490
COG053   WITH COG048             523.774     0.863      0.863        1.179
COG054   WITH COG052              10.996     0.197      0.197        0.245
COG056   WITH COG048              31.463    -0.478     -0.478       -1.464
COG056   WITH COG049              42.712     0.280      0.280        1.213
COG056   WITH COG053              20.872    -0.299     -0.299       -0.861
COG058   WITH COG048              14.962    -0.323     -0.323       -0.644
COG058   WITH COG053              24.123    -0.323     -0.323       -0.605
COG060   WITH COG048              17.483    -0.361     -0.361       -1.002
COG060   WITH COG053              20.523    -0.301     -0.301       -0.787
COG060   WITH COG056              30.521     0.179      0.179        1.048
COG060   WITH COG058              10.805     0.128      0.128        0.487
COG061   WITH COG048              18.161    -0.397     -0.397       -0.801
COG061   WITH COG053              13.107    -0.258     -0.258       -0.490
COG063   WITH COG061              39.114     0.277      0.277        0.813
COG066   WITH COG053              11.513    -0.260     -0.260       -0.805


TECHNICAL 1 OUTPUT


     PARAMETER SPECIFICATION


           TAU
              COG040$1      COG041$1      COG043$1      COG044$1      COG045$1
              ________      ________      ________      ________      ________
                  1             2             3             4             5


           TAU
              COG046$1      COG048$1      COG049$1      COG050$1      COG051$1
              ________      ________      ________      ________      ________
                  6             7             8             9            10


           TAU
              COG052$1      COG053$1      COG054$1      COG055$1      COG056$1
              ________      ________      ________      ________      ________
                 11            12            13            14            15


           TAU
              COG057$1      COG058$1      COG060$1      COG061$1      COG062$1
              ________      ________      ________      ________      ________
                 16            17            18            19            20


           TAU
              COG063$1      COG064$1      COG066$1
              ________      ________      ________
                 21            22            23


           NU
              COG040        COG041        COG043        COG044        COG045
              ________      ________      ________      ________      ________
                  0             0             0             0             0


           NU
              COG046        COG048        COG049        COG050        COG051
              ________      ________      ________      ________      ________
                  0             0             0             0             0


           NU
              COG052        COG053        COG054        COG055        COG056
              ________      ________      ________      ________      ________
                  0             0             0             0             0


           NU
              COG057        COG058        COG060        COG061        COG062
              ________      ________      ________      ________      ________
                  0             0             0             0             0


           NU
              COG063        COG064        COG066        CBWTH
              ________      ________      ________      ________
                  0             0             0             0


           LAMBDA
              COG           CBWTH
              ________      ________
 COG040             0             0
 COG041            24             0
 COG043            25             0
 COG044            26             0
 COG045            27             0
 COG046            28             0
 COG048            29             0
 COG049            30             0
 COG050            31             0
 COG051            32             0
 COG052            33             0
 COG053            34             0
 COG054            35             0
 COG055            36             0
 COG056            37             0
 COG057            38             0
 COG058            39             0
 COG060            40             0
 COG061            41             0
 COG062            42             0
 COG063            43             0
 COG064            44             0
 COG066            45             0
 CBWTH              0             0


           THETA
              COG040        COG041        COG043        COG044        COG045
              ________      ________      ________      ________      ________
 COG040             0
 COG041             0             0
 COG043             0             0             0
 COG044             0             0             0             0
 COG045             0             0             0             0             0
 COG046             0             0             0             0             0
 COG048             0             0             0             0             0
 COG049             0             0             0             0             0
 COG050             0             0             0             0             0
 COG051             0             0             0             0             0
 COG052             0             0             0             0             0
 COG053             0             0             0             0             0
 COG054             0             0             0             0             0
 COG055             0             0             0             0             0
 COG056             0             0             0             0             0
 COG057             0             0             0             0             0
 COG058             0             0             0             0             0
 COG060             0             0             0             0             0
 COG061             0             0             0             0             0
 COG062             0             0             0             0             0
 COG063             0             0             0             0             0
 COG064             0             0             0             0             0
 COG066             0             0             0             0             0
 CBWTH              0             0             0             0             0


           THETA
              COG046        COG048        COG049        COG050        COG051
              ________      ________      ________      ________      ________
 COG046             0
 COG048             0             0
 COG049             0             0             0
 COG050             0             0             0             0
 COG051             0             0             0             0             0
 COG052             0             0             0             0             0
 COG053             0             0             0             0             0
 COG054             0             0             0             0             0
 COG055             0             0             0             0             0
 COG056             0             0             0             0             0
 COG057             0             0             0             0             0
 COG058             0             0             0             0             0
 COG060             0             0             0             0             0
 COG061             0             0             0             0             0
 COG062             0             0             0             0             0
 COG063             0             0             0             0             0
 COG064             0             0             0             0             0
 COG066             0             0             0             0             0
 CBWTH              0             0             0             0             0


           THETA
              COG052        COG053        COG054        COG055        COG056
              ________      ________      ________      ________      ________
 COG052             0
 COG053             0             0
 COG054             0             0             0
 COG055             0             0             0             0
 COG056             0             0             0             0             0
 COG057             0             0             0             0             0
 COG058             0             0             0             0             0
 COG060             0             0             0             0             0
 COG061             0             0             0             0             0
 COG062             0             0             0             0             0
 COG063             0             0             0             0             0
 COG064             0             0             0             0             0
 COG066             0             0             0             0             0
 CBWTH              0             0             0             0             0


           THETA
              COG057        COG058        COG060        COG061        COG062
              ________      ________      ________      ________      ________
 COG057             0
 COG058             0             0
 COG060             0             0             0
 COG061             0             0             0             0
 COG062             0             0             0             0             0
 COG063             0             0             0             0             0
 COG064             0             0             0             0             0
 COG066             0             0             0             0             0
 CBWTH              0             0             0             0             0


           THETA
              COG063        COG064        COG066        CBWTH
              ________      ________      ________      ________
 COG063             0
 COG064             0             0
 COG066             0             0             0
 CBWTH              0             0             0             0


           ALPHA
              COG           CBWTH
              ________      ________
                  0            46


           BETA
              COG           CBWTH
              ________      ________
 COG                0             0
 CBWTH              0             0


           PSI
              COG           CBWTH
              ________      ________
 COG               47
 CBWTH             48            49


     STARTING VALUES


           TAU
              COG040$1      COG041$1      COG043$1      COG044$1      COG045$1
              ________      ________      ________      ________      ________
               -1.140        -0.583        -1.065        -1.214        -0.326


           TAU
              COG046$1      COG048$1      COG049$1      COG050$1      COG051$1
              ________      ________      ________      ________      ________
                0.032        -1.236        -1.013        -0.603        -1.173


           TAU
              COG052$1      COG053$1      COG054$1      COG055$1      COG056$1
              ________      ________      ________      ________      ________
               -0.477        -0.428        -0.436        -1.166        -0.148


           TAU
              COG057$1      COG058$1      COG060$1      COG061$1      COG062$1
              ________      ________      ________      ________      ________
                0.900        -0.165         0.284         0.704         1.036


           TAU
              COG063$1      COG064$1      COG066$1
              ________      ________      ________
                1.207         0.717         0.931


           NU
              COG040        COG041        COG043        COG044        COG045
              ________      ________      ________      ________      ________
                0.000         0.000         0.000         0.000         0.000


           NU
              COG046        COG048        COG049        COG050        COG051
              ________      ________      ________      ________      ________
                0.000         0.000         0.000         0.000         0.000


           NU
              COG052        COG053        COG054        COG055        COG056
              ________      ________      ________      ________      ________
                0.000         0.000         0.000         0.000         0.000


           NU
              COG057        COG058        COG060        COG061        COG062
              ________      ________      ________      ________      ________
                0.000         0.000         0.000         0.000         0.000


           NU
              COG063        COG064        COG066        CBWTH
              ________      ________      ________      ________
                0.000         0.000         0.000         0.000


           LAMBDA
              COG           CBWTH
              ________      ________
 COG040         1.000         0.000
 COG041         1.000         0.000
 COG043         1.000         0.000
 COG044         1.000         0.000
 COG045         1.000         0.000
 COG046         1.000         0.000
 COG048         1.000         0.000
 COG049         1.000         0.000
 COG050         1.000         0.000
 COG051         1.000         0.000
 COG052         1.000         0.000
 COG053         1.000         0.000
 COG054         1.000         0.000
 COG055         1.000         0.000
 COG056         1.000         0.000
 COG057         1.000         0.000
 COG058         1.000         0.000
 COG060         1.000         0.000
 COG061         1.000         0.000
 COG062         1.000         0.000
 COG063         1.000         0.000
 COG064         1.000         0.000
 COG066         1.000         0.000
 CBWTH          0.000         1.000


           THETA
              COG040        COG041        COG043        COG044        COG045
              ________      ________      ________      ________      ________
 COG040         1.000
 COG041         0.000         1.000
 COG043         0.000         0.000         1.000
 COG044         0.000         0.000         0.000         1.000
 COG045         0.000         0.000         0.000         0.000         1.000
 COG046         0.000         0.000         0.000         0.000         0.000
 COG048         0.000         0.000         0.000         0.000         0.000
 COG049         0.000         0.000         0.000         0.000         0.000
 COG050         0.000         0.000         0.000         0.000         0.000
 COG051         0.000         0.000         0.000         0.000         0.000
 COG052         0.000         0.000         0.000         0.000         0.000
 COG053         0.000         0.000         0.000         0.000         0.000
 COG054         0.000         0.000         0.000         0.000         0.000
 COG055         0.000         0.000         0.000         0.000         0.000
 COG056         0.000         0.000         0.000         0.000         0.000
 COG057         0.000         0.000         0.000         0.000         0.000
 COG058         0.000         0.000         0.000         0.000         0.000
 COG060         0.000         0.000         0.000         0.000         0.000
 COG061         0.000         0.000         0.000         0.000         0.000
 COG062         0.000         0.000         0.000         0.000         0.000
 COG063         0.000         0.000         0.000         0.000         0.000
 COG064         0.000         0.000         0.000         0.000         0.000
 COG066         0.000         0.000         0.000         0.000         0.000
 CBWTH          0.000         0.000         0.000         0.000         0.000


           THETA
              COG046        COG048        COG049        COG050        COG051
              ________      ________      ________      ________      ________
 COG046         1.000
 COG048         0.000         1.000
 COG049         0.000         0.000         1.000
 COG050         0.000         0.000         0.000         1.000
 COG051         0.000         0.000         0.000         0.000         1.000
 COG052         0.000         0.000         0.000         0.000         0.000
 COG053         0.000         0.000         0.000         0.000         0.000
 COG054         0.000         0.000         0.000         0.000         0.000
 COG055         0.000         0.000         0.000         0.000         0.000
 COG056         0.000         0.000         0.000         0.000         0.000
 COG057         0.000         0.000         0.000         0.000         0.000
 COG058         0.000         0.000         0.000         0.000         0.000
 COG060         0.000         0.000         0.000         0.000         0.000
 COG061         0.000         0.000         0.000         0.000         0.000
 COG062         0.000         0.000         0.000         0.000         0.000
 COG063         0.000         0.000         0.000         0.000         0.000
 COG064         0.000         0.000         0.000         0.000         0.000
 COG066         0.000         0.000         0.000         0.000         0.000
 CBWTH          0.000         0.000         0.000         0.000         0.000


           THETA
              COG052        COG053        COG054        COG055        COG056
              ________      ________      ________      ________      ________
 COG052         1.000
 COG053         0.000         1.000
 COG054         0.000         0.000         1.000
 COG055         0.000         0.000         0.000         1.000
 COG056         0.000         0.000         0.000         0.000         1.000
 COG057         0.000         0.000         0.000         0.000         0.000
 COG058         0.000         0.000         0.000         0.000         0.000
 COG060         0.000         0.000         0.000         0.000         0.000
 COG061         0.000         0.000         0.000         0.000         0.000
 COG062         0.000         0.000         0.000         0.000         0.000
 COG063         0.000         0.000         0.000         0.000         0.000
 COG064         0.000         0.000         0.000         0.000         0.000
 COG066         0.000         0.000         0.000         0.000         0.000
 CBWTH          0.000         0.000         0.000         0.000         0.000


           THETA
              COG057        COG058        COG060        COG061        COG062
              ________      ________      ________      ________      ________
 COG057         1.000
 COG058         0.000         1.000
 COG060         0.000         0.000         1.000
 COG061         0.000         0.000         0.000         1.000
 COG062         0.000         0.000         0.000         0.000         1.000
 COG063         0.000         0.000         0.000         0.000         0.000
 COG064         0.000         0.000         0.000         0.000         0.000
 COG066         0.000         0.000         0.000         0.000         0.000
 CBWTH          0.000         0.000         0.000         0.000         0.000


           THETA
              COG063        COG064        COG066        CBWTH
              ________      ________      ________      ________
 COG063         1.000
 COG064         0.000         1.000
 COG066         0.000         0.000         1.000
 CBWTH          0.000         0.000         0.000         0.000


           ALPHA
              COG           CBWTH
              ________      ________
                0.000         0.000


           BETA
              COG           CBWTH
              ________      ________
 COG            0.000         0.000
 CBWTH          0.000         0.000


           PSI
              COG           CBWTH
              ________      ________
 COG            0.050
 CBWTH          0.000         0.500


TECHNICAL 4 OUTPUT


     ESTIMATES DERIVED FROM THE MODEL


           ESTIMATED MEANS FOR THE LATENT VARIABLES
              COG           CBWTH
              ________      ________
                0.000         0.000


           ESTIMATED COVARIANCE MATRIX FOR THE LATENT VARIABLES
              COG           CBWTH
              ________      ________
 COG            0.112
 CBWTH         -0.056         1.000


           ESTIMATED CORRELATION MATRIX FOR THE LATENT VARIABLES
              COG           CBWTH
              ________      ________
 COG            1.000
 CBWTH         -0.167         1.000


     ESTIMATES DERIVED FROM THE MODEL


           S.E. FOR ESTIMATED MEANS FOR THE LATENT VARIABLES
              COG           CBWTH
              ________      ________
                0.000         0.059


           EST./S.E. FOR ESTIMATED MEANS FOR THE LATENT VARIABLES
              COG           CBWTH
              ________      ________
                0.000         0.000


           TWO-TAILED P-VALUE FOR ESTIMATED MEANS FOR THE LATENT VARIABLES
              COG           CBWTH
              ________      ________
                1.000         1.000


           S.E. FOR ESTIMATED COVARIANCE MATRIX FOR THE LATENT VARIABLES
              COG           CBWTH
              ________      ________
 COG            0.039
 CBWTH          0.019         0.045


           EST./S.E. FOR ESTIMATED COVARIANCE MATRIX FOR THE LATENT VARIABLES
              COG           CBWTH
              ________      ________
 COG            2.902
 CBWTH         -2.913        22.364


           TWO-TAILED P-VALUE FOR ESTIMATED COVARIANCE MATRIX FOR THE LATENT VARIABLES
              COG           CBWTH
              ________      ________
 COG            0.004
 CBWTH          0.004         0.000


           S.E. FOR ESTIMATED CORRELATION MATRIX FOR THE LATENT VARIABLES
              COG           CBWTH
              ________      ________
 COG            0.000
 CBWTH          0.042         0.000


           EST./S.E. FOR ESTIMATED CORRELATION MATRIX FOR THE LATENT VARIABLES
              COG           CBWTH
              ________      ________
 COG          999.000
 CBWTH         -3.961       999.000


           TWO-TAILED P-VALUE FOR ESTIMATED CORRELATION MATRIX FOR THE LATENT VARIABLES
              COG           CBWTH
              ________      ________
 COG            0.000
 CBWTH          0.000         0.000


SAMPLE STATISTICS FOR ESTIMATED FACTOR SCORES


     SAMPLE STATISTICS


           Means
              COG           COG_SE
              ________      ________
                0.002         0.111


           Covariances
              COG           COG_SE
              ________      ________
 COG            0.095
 COG_SE        -0.001         0.000


           Correlations
              COG           COG_SE
              ________      ________
 COG            1.000
 COG_SE        -0.176         1.000


SAVEDATA INFORMATION


  Save file
    ../../fscores_structural.dat

  Order and format of variables

    COG040         F10.3
    COG041         F10.3
    COG043         F10.3
    COG044         F10.3
    COG045         F10.3
    COG046         F10.3
    COG048         F10.3
    COG049         F10.3
    COG050         F10.3
    COG051         F10.3
    COG052         F10.3
    COG053         F10.3
    COG054         F10.3
    COG055         F10.3
    COG056         F10.3
    COG057         F10.3
    COG058         F10.3
    COG060         F10.3
    COG061         F10.3
    COG062         F10.3
    COG063         F10.3
    COG064         F10.3
    COG066         F10.3
    CBWTH          F10.3
    COG            F10.3
    COG_SE         F10.3

  Save file format
    26F10.3

  Save file record length    10000

  Save missing symbol        *


     Beginning Time:  14:45:17
        Ending Time:  14:45:17
       Elapsed Time:  00:00:00



MUTHEN & MUTHEN
3463 Stoner Ave.
Los Angeles, CA  90066

Tel: (310) 391-9971
Fax: (310) 391-8971
Web: www.StatModel.com
Support: Support@StatModel.com

Copyright (c) 1998-2021 Muthen & Muthen
