Mplus VERSION 8.6
MUTHEN & MUTHEN
06/04/2026   2:45 PM

INPUT INSTRUCTIONS

  TITLE:
    Structural model - CBWth outcome ~ WM + GDP + FS
    WLSMV estimator; items treated as categorical (binary)
    Factors: WM, GDP, FS (same measurement model as model_measurement.inp)

  DATA:
    FILE = "../../combined.dat";

  VARIABLE:
    NAMES ARE
      COG034 COG035 COG036 COG037 COG038 COG039 COG040 COG041
      COG042 COG043 COG044 COG045 COG046 COG047 COG048 COG049 COG050
      COG051 COG052 COG053 COG054 COG055 COG056 COG057 COG058
      COG060 COG061 COG062 COG063 COG064 COG065 COG066 COG067 COG068
      GA BirthWt Sex HdCirc IUGR GDiab PrEcl AntCor_P AntCor_C
      MomAge MomEdu DadEdu EthSAsian EthBlack EthMixed EthOther
      MomEng EPDSTot StimEnv PrLax PrOvr PrVrb PrSty
      CBInt CBExt CBTot CBAnx CBWth CBSom CBSlp CBAtt CBAgg
      ECSur ECNeg ECEff BayMot BayLan QchatTot;

    USEVARIABLES ARE
      COG040 COG041
      COG043 COG044 COG045 COG046 COG048 COG049 COG050
      COG051 COG052 COG053 COG054 COG055 COG056 COG057 COG058
      COG060 COG061 COG062 COG063 COG064 COG066
      CBWth;

    CATEGORICAL ARE
      COG040 COG041
      COG043 COG044 COG045 COG046 COG048 COG049 COG050
      COG051 COG052 COG053 COG054 COG055 COG056 COG057 COG058
      COG060 COG061 COG062 COG063 COG064 COG066;

    MISSING ARE ALL (-999);

  DEFINE:
    STANDARDIZE CBWth;

  ANALYSIS:
    ESTIMATOR = WLSMV;

  MODEL:
    ! Factor 1: Working Memory
    WM BY
      COG040 COG045 COG050 COG064;

    ! Factor 2: Goal-Directed Problem Solving
    GDP BY
      COG041 COG043 COG044 COG046
      COG048 COG052 COG053 COG057;

    ! Factor 3: Flexibility / Shift
    FS BY
      COG049 COG051 COG054 COG055 COG056
      COG058 COG060 COG061 COG062 COG063 COG066;

    WM  WITH GDP FS;
    GDP WITH FS;

    CBWth WITH WM GDP FS;

  OUTPUT:
    STANDARDIZED;
    MODINDICES(10);
    RESIDUAL;
    SAMPSTAT;
    TECH1;
    TECH4;
    CINTERVAL;

  SAVEDATA:
    FILE = "../../fscores_structural.dat";
    SAVE = FSCORES;



INPUT READING TERMINATED NORMALLY




Structural model - CBWth outcome ~ WM + GDP + FS
WLSMV estimator; items treated as categorical (binary)
Factors: WM, GDP, FS (same measurement model as model_measurement.inp)

SUMMARY OF ANALYSIS

Number of groups                                                 1
Number of observations                                         739

Number of dependent variables                                   24
Number of independent variables                                  0
Number of continuous latent variables                            3

Observed dependent variables

  Continuous
   CBWTH

  Binary and ordered categorical (ordinal)
   COG040      COG041      COG043      COG044      COG045      COG046
   COG048      COG049      COG050      COG051      COG052      COG053
   COG054      COG055      COG056      COG057      COG058      COG060
   COG061      COG062      COG063      COG064      COG066

Continuous latent variables
   WM          GDP         FS


Estimator                                                    WLSMV
Maximum number of iterations                                  1000
Convergence criterion                                    0.500D-04
Maximum number of steepest descent iterations                   20
Maximum number of iterations for H1                           2000
Convergence criterion for H1                             0.100D-03
Parameterization                                             DELTA
Link                                                        PROBIT

Input data file(s)
  ../../combined.dat

Input data format  FREE


SUMMARY OF DATA

     Number of missing data patterns             2


COVARIANCE COVERAGE OF DATA

Minimum covariance coverage value   0.100


     PROPORTION OF DATA PRESENT


           Covariance Coverage
              COG040        COG041        COG043        COG044        COG045
              ________      ________      ________      ________      ________
 COG040         1.000
 COG041         1.000         1.000
 COG043         1.000         1.000         1.000
 COG044         1.000         1.000         1.000         1.000
 COG045         1.000         1.000         1.000         1.000         1.000
 COG046         1.000         1.000         1.000         1.000         1.000
 COG048         1.000         1.000         1.000         1.000         1.000
 COG049         1.000         1.000         1.000         1.000         1.000
 COG050         1.000         1.000         1.000         1.000         1.000
 COG051         1.000         1.000         1.000         1.000         1.000
 COG052         1.000         1.000         1.000         1.000         1.000
 COG053         1.000         1.000         1.000         1.000         1.000
 COG054         1.000         1.000         1.000         1.000         1.000
 COG055         1.000         1.000         1.000         1.000         1.000
 COG056         1.000         1.000         1.000         1.000         1.000
 COG057         1.000         1.000         1.000         1.000         1.000
 COG058         1.000         1.000         1.000         1.000         1.000
 COG060         1.000         1.000         1.000         1.000         1.000
 COG061         1.000         1.000         1.000         1.000         1.000
 COG062         1.000         1.000         1.000         1.000         1.000
 COG063         1.000         1.000         1.000         1.000         1.000
 COG064         1.000         1.000         1.000         1.000         1.000
 COG066         1.000         1.000         1.000         1.000         1.000
 CBWTH          0.978         0.978         0.978         0.978         0.978


           Covariance Coverage
              COG046        COG048        COG049        COG050        COG051
              ________      ________      ________      ________      ________
 COG046         1.000
 COG048         1.000         1.000
 COG049         1.000         1.000         1.000
 COG050         1.000         1.000         1.000         1.000
 COG051         1.000         1.000         1.000         1.000         1.000
 COG052         1.000         1.000         1.000         1.000         1.000
 COG053         1.000         1.000         1.000         1.000         1.000
 COG054         1.000         1.000         1.000         1.000         1.000
 COG055         1.000         1.000         1.000         1.000         1.000
 COG056         1.000         1.000         1.000         1.000         1.000
 COG057         1.000         1.000         1.000         1.000         1.000
 COG058         1.000         1.000         1.000         1.000         1.000
 COG060         1.000         1.000         1.000         1.000         1.000
 COG061         1.000         1.000         1.000         1.000         1.000
 COG062         1.000         1.000         1.000         1.000         1.000
 COG063         1.000         1.000         1.000         1.000         1.000
 COG064         1.000         1.000         1.000         1.000         1.000
 COG066         1.000         1.000         1.000         1.000         1.000
 CBWTH          0.978         0.978         0.978         0.978         0.978


           Covariance Coverage
              COG052        COG053        COG054        COG055        COG056
              ________      ________      ________      ________      ________
 COG052         1.000
 COG053         1.000         1.000
 COG054         1.000         1.000         1.000
 COG055         1.000         1.000         1.000         1.000
 COG056         1.000         1.000         1.000         1.000         1.000
 COG057         1.000         1.000         1.000         1.000         1.000
 COG058         1.000         1.000         1.000         1.000         1.000
 COG060         1.000         1.000         1.000         1.000         1.000
 COG061         1.000         1.000         1.000         1.000         1.000
 COG062         1.000         1.000         1.000         1.000         1.000
 COG063         1.000         1.000         1.000         1.000         1.000
 COG064         1.000         1.000         1.000         1.000         1.000
 COG066         1.000         1.000         1.000         1.000         1.000
 CBWTH          0.978         0.978         0.978         0.978         0.978


           Covariance Coverage
              COG057        COG058        COG060        COG061        COG062
              ________      ________      ________      ________      ________
 COG057         1.000
 COG058         1.000         1.000
 COG060         1.000         1.000         1.000
 COG061         1.000         1.000         1.000         1.000
 COG062         1.000         1.000         1.000         1.000         1.000
 COG063         1.000         1.000         1.000         1.000         1.000
 COG064         1.000         1.000         1.000         1.000         1.000
 COG066         1.000         1.000         1.000         1.000         1.000
 CBWTH          0.978         0.978         0.978         0.978         0.978


           Covariance Coverage
              COG063        COG064        COG066        CBWTH
              ________      ________      ________      ________
 COG063         1.000
 COG064         1.000         1.000
 COG066         1.000         1.000         1.000
 CBWTH          0.978         0.978         0.978         0.978


UNIVARIATE PROPORTIONS AND COUNTS FOR CATEGORICAL VARIABLES

    COG040
      Category 1    0.127           94.000
      Category 2    0.873          645.000
    COG041
      Category 1    0.280          207.000
      Category 2    0.720          532.000
    COG043
      Category 1    0.143          106.000
      Category 2    0.857          633.000
    COG044
      Category 1    0.112           83.000
      Category 2    0.888          656.000
    COG045
      Category 1    0.372          275.000
      Category 2    0.628          464.000
    COG046
      Category 1    0.513          379.000
      Category 2    0.487          360.000
    COG048
      Category 1    0.108           80.000
      Category 2    0.892          659.000
    COG049
      Category 1    0.156          115.000
      Category 2    0.844          624.000
    COG050
      Category 1    0.273          202.000
      Category 2    0.727          537.000
    COG051
      Category 1    0.120           89.000
      Category 2    0.880          650.000
    COG052
      Category 1    0.317          234.000
      Category 2    0.683          505.000
    COG053
      Category 1    0.334          247.000
      Category 2    0.666          492.000
    COG054
      Category 1    0.332          245.000
      Category 2    0.668          494.000
    COG055
      Category 1    0.122           90.000
      Category 2    0.878          649.000
    COG056
      Category 1    0.441          326.000
      Category 2    0.559          413.000
    COG057
      Category 1    0.816          603.000
      Category 2    0.184          136.000
    COG058
      Category 1    0.434          321.000
      Category 2    0.566          418.000
    COG060
      Category 1    0.612          452.000
      Category 2    0.388          287.000
    COG061
      Category 1    0.759          561.000
      Category 2    0.241          178.000
    COG062
      Category 1    0.850          628.000
      Category 2    0.150          111.000
    COG063
      Category 1    0.886          655.000
      Category 2    0.114           84.000
    COG064
      Category 1    0.763          564.000
      Category 2    0.237          175.000
    COG066
      Category 1    0.824          609.000
      Category 2    0.176          130.000


SAMPLE STATISTICS


     ESTIMATED SAMPLE STATISTICS


           MEANS/INTERCEPTS/THRESHOLDS
              COG040$1      COG041$1      COG043$1      COG044$1      COG045$1
              ________      ________      ________      ________      ________
               -1.140        -0.583        -1.065        -1.214        -0.326


           MEANS/INTERCEPTS/THRESHOLDS
              COG046$1      COG048$1      COG049$1      COG050$1      COG051$1
              ________      ________      ________      ________      ________
                0.032        -1.236        -1.013        -0.603        -1.173


           MEANS/INTERCEPTS/THRESHOLDS
              COG052$1      COG053$1      COG054$1      COG055$1      COG056$1
              ________      ________      ________      ________      ________
               -0.477        -0.428        -0.436        -1.166        -0.148


           MEANS/INTERCEPTS/THRESHOLDS
              COG057$1      COG058$1      COG060$1      COG061$1      COG062$1
              ________      ________      ________      ________      ________
                0.900        -0.165         0.284         0.704         1.036


           MEANS/INTERCEPTS/THRESHOLDS
              COG063$1      COG064$1      COG066$1      CBWTH
              ________      ________      ________      ________
                1.207         0.717         0.931         0.000


           CORRELATION MATRIX (WITH VARIANCES ON THE DIAGONAL)
              COG040        COG041        COG043        COG044        COG045
              ________      ________      ________      ________      ________
 COG040
 COG041         0.088
 COG043         0.095         0.221
 COG044         0.340         0.318         0.291
 COG045         0.534         0.217         0.265         0.304
 COG046         0.193         0.179         0.160         0.241         0.214
 COG048         0.123         0.213         0.261         0.357         0.154
 COG049         0.307         0.188         0.310         0.301         0.315
 COG050         0.487         0.247         0.310         0.330         0.573
 COG051         0.265         0.293         0.283         0.339         0.335
 COG052         0.128         0.202         0.572         0.272         0.206
 COG053         0.080         0.160         0.152         0.329         0.231
 COG054         0.169         0.166         0.320         0.230         0.192
 COG055         0.187         0.319         0.438         0.334         0.262
 COG056         0.235         0.168         0.286         0.324         0.247
 COG057         0.084         0.315         0.107         0.063         0.104
 COG058         0.133         0.192         0.267         0.246         0.238
 COG060         0.202         0.249         0.351         0.322         0.297
 COG061         0.056         0.256         0.402         0.228         0.155
 COG062         0.230         0.351         0.447         0.230         0.314
 COG063         0.180         0.322         0.264         0.244         0.179
 COG064         0.325         0.276         0.396         0.313         0.300
 COG066         0.151         0.333         0.398         0.372         0.235
 CBWTH         -0.198        -0.070        -0.177        -0.120        -0.128


           CORRELATION MATRIX (WITH VARIANCES ON THE DIAGONAL)
              COG046        COG048        COG049        COG050        COG051
              ________      ________      ________      ________      ________
 COG048         0.221
 COG049         0.229         0.204
 COG050         0.126         0.262         0.400
 COG051         0.228         0.354         0.686         0.402
 COG052         0.000         0.242         0.277         0.273         0.343
 COG053         0.133         0.909         0.188         0.242         0.266
 COG054         0.087         0.218         0.249         0.289         0.335
 COG055         0.269         0.326         0.628         0.411         0.713
 COG056         0.229         0.086         0.904         0.311         0.723
 COG057         0.124         0.174         0.272         0.113         0.245
 COG058         0.226         0.151         0.564         0.276         0.897
 COG060         0.256         0.178         0.711         0.352         0.682
 COG061         0.284         0.079         0.489         0.317         0.534
 COG062         0.361         0.137         0.469         0.253         0.466
 COG063         0.302         0.129         0.550         0.371         0.397
 COG064         0.248         0.371         0.423         0.323         0.483
 COG066         0.386         0.230         0.697         0.302         0.652
 CBWTH         -0.055        -0.213        -0.118        -0.185        -0.130


           CORRELATION MATRIX (WITH VARIANCES ON THE DIAGONAL)
              COG052        COG053        COG054        COG055        COG056
              ________      ________      ________      ________      ________
 COG053         0.260
 COG054         0.380         0.211
 COG055         0.474         0.307         0.405
 COG056         0.281         0.168         0.223         0.688
 COG057         0.210         0.136         0.252         0.460         0.249
 COG058         0.231         0.082         0.310         0.732         0.791
 COG060         0.320         0.156         0.345         0.619         0.899
 COG061         0.354         0.140         0.340         0.662         0.641
 COG062         0.284         0.167         0.198         0.624         0.461
 COG063         0.347         0.206         0.293         0.572         0.650
 COG064         0.372         0.362         0.440         0.658         0.633
 COG066         0.320         0.201         0.431         0.654         0.805
 CBWTH         -0.150        -0.216        -0.067        -0.204        -0.076


           CORRELATION MATRIX (WITH VARIANCES ON THE DIAGONAL)
              COG057        COG058        COG060        COG061        COG062
              ________      ________      ________      ________      ________
 COG058         0.332
 COG060         0.332         0.800
 COG061         0.392         0.609         0.647
 COG062         0.280         0.503         0.504         0.563
 COG063         0.344         0.644         0.701         0.838         0.536
 COG064         0.337         0.590         0.636         0.615         0.521
 COG066         0.328         0.886         0.838         0.822         0.680
 CBWTH         -0.003        -0.057        -0.057        -0.056        -0.003


           CORRELATION MATRIX (WITH VARIANCES ON THE DIAGONAL)
              COG063        COG064        COG066        CBWTH
              ________      ________      ________      ________
 COG064         0.620
 COG066         0.754         0.757
 CBWTH         -0.109        -0.173        -0.045         1.000


UNIVARIATE SAMPLE STATISTICS


     UNIVARIATE HIGHER-ORDER MOMENT DESCRIPTIVE STATISTICS

         Variable/         Mean/     Skewness/   Minimum/ % with                Percentiles
        Sample Size      Variance    Kurtosis    Maximum  Min/Max      20%/60%    40%/80%    Median

     CBWTH                 0.000       2.035      -0.713   47.44%      -0.713     -0.713     -0.054
             723.000       1.000       4.910       5.882    0.14%      -0.054      0.606


     THIS ANALYSIS MAY HAVE MULTIPLE SOLUTIONS.  EXPLORE THIS USING RANDOM STARTS,
     FOR EXAMPLE, STARTS = 20.  USE A LARGE ENOUGH NUMBER OF STARTS SO THAT THE
     BEST FIT FUNCTION VALUE IS REPLICATED SEVERAL TIMES.


THE MODEL ESTIMATION TERMINATED NORMALLY



MODEL FIT INFORMATION

Number of Free Parameters                       54

Chi-Square Test of Model Fit

          Value                            852.961*
          Degrees of Freedom                   247
          P-Value                           0.0000

*   The chi-square value for MLM, MLMV, MLR, ULSMV, WLSM and WLSMV cannot be used
    for chi-square difference testing in the regular way.  MLM, MLR and WLSM
    chi-square difference testing is described on the Mplus website.  MLMV, WLSMV,
    and ULSMV difference testing is done using the DIFFTEST option.

RMSEA (Root Mean Square Error Of Approximation)

          Estimate                           0.058
          90 Percent C.I.                    0.053  0.062
          Probability RMSEA <= .05           0.002

CFI/TLI

          CFI                                0.927
          TLI                                0.918

Chi-Square Test of Model Fit for the Baseline Model

          Value                           8567.374
          Degrees of Freedom                   276
          P-Value                           0.0000

SRMR (Standardized Root Mean Square Residual)

          Value                              0.105

Optimum Function Value for Weighted Least-Squares Estimator

          Value                     0.58546789D+00



MODEL RESULTS

                                                    Two-Tailed
                    Estimate       S.E.  Est./S.E.    P-Value

 WM       BY
    COG040             1.000      0.000    999.000    999.000
    COG045             1.163      0.178      6.537      0.000
    COG050             1.387      0.214      6.480      0.000
    COG064             2.181      0.345      6.318      0.000

 GDP      BY
    COG041             1.000      0.000    999.000    999.000
    COG043             1.365      0.205      6.672      0.000
    COG044             1.258      0.195      6.441      0.000
    COG046             0.888      0.152      5.851      0.000
    COG048             1.823      0.243      7.515      0.000
    COG052             1.302      0.178      7.309      0.000
    COG053             1.537      0.207      7.433      0.000
    COG057             1.039      0.176      5.893      0.000

 FS       BY
    COG049             1.000      0.000    999.000    999.000
    COG051             0.964      0.056     17.087      0.000
    COG054             0.523      0.055      9.497      0.000
    COG055             1.011      0.053     18.986      0.000
    COG056             1.121      0.046     24.575      0.000
    COG058             0.988      0.043     22.872      0.000
    COG060             1.095      0.043     25.505      0.000
    COG061             0.982      0.047     20.945      0.000
    COG062             0.781      0.059     13.244      0.000
    COG063             1.008      0.053     18.893      0.000
    COG066             1.148      0.049     23.300      0.000

 WM       WITH
    GDP                0.125      0.027      4.710      0.000
    FS                 0.260      0.044      5.977      0.000
    CBWTH             -0.108      0.028     -3.847      0.000

 GDP      WITH
    FS                 0.204      0.030      6.895      0.000
    CBWTH             -0.107      0.025     -4.262      0.000

 CBWTH    WITH
    FS                -0.084      0.034     -2.442      0.015

 Means
    CBWTH              0.000      0.059      0.000      1.000

 Thresholds
    COG040$1          -1.140      0.059    -19.376      0.000
    COG041$1          -0.583      0.049    -11.873      0.000
    COG043$1          -1.065      0.057    -18.689      0.000
    COG044$1          -1.214      0.061    -19.954      0.000
    COG045$1          -0.326      0.047     -6.940      0.000
    COG046$1           0.032      0.046      0.699      0.485
    COG048$1          -1.236      0.061    -20.100      0.000
    COG049$1          -1.013      0.056    -18.143      0.000
    COG050$1          -0.603      0.049    -12.231      0.000
    COG051$1          -1.173      0.060    -19.646      0.000
    COG052$1          -0.477      0.048     -9.927      0.000
    COG053$1          -0.428      0.048     -8.983      0.000
    COG054$1          -0.436      0.048     -9.128      0.000
    COG055$1          -1.166      0.060    -19.593      0.000
    COG056$1          -0.148      0.046     -3.199      0.001
    COG057$1           0.900      0.054     16.800      0.000
    COG058$1          -0.165      0.046     -3.567      0.000
    COG060$1           0.284      0.047      6.062      0.000
    COG061$1           0.704      0.050     13.931      0.000
    COG062$1           1.036      0.056     18.388      0.000
    COG063$1           1.207      0.061     19.904      0.000
    COG064$1           0.717      0.051     14.141      0.000
    COG066$1           0.931      0.054     17.192      0.000

 Variances
    CBWTH              1.000      0.045     22.364      0.000
    WM                 0.198      0.056      3.532      0.000
    GDP                0.209      0.049      4.272      0.000
    FS                 0.688      0.050     13.705      0.000


QUALITY OF NUMERICAL RESULTS

     Condition Number for the Information Matrix              0.596E-03
       (ratio of smallest to largest eigenvalue)


STANDARDIZED MODEL RESULTS


STDYX Standardization

                                                    Two-Tailed
                    Estimate       S.E.  Est./S.E.    P-Value

 WM       BY
    COG040             0.445      0.063      7.063      0.000
    COG045             0.518      0.044     11.738      0.000
    COG050             0.617      0.045     13.854      0.000
    COG064             0.971      0.049     19.614      0.000

 GDP      BY
    COG041             0.458      0.054      8.544      0.000
    COG043             0.625      0.062     10.151      0.000
    COG044             0.576      0.066      8.709      0.000
    COG046             0.406      0.052      7.863      0.000
    COG048             0.834      0.051     16.371      0.000
    COG052             0.596      0.046     13.007      0.000
    COG053             0.703      0.038     18.477      0.000
    COG057             0.475      0.062      7.654      0.000

 FS       BY
    COG049             0.829      0.030     27.411      0.000
    COG051             0.800      0.041     19.459      0.000
    COG054             0.434      0.044      9.942      0.000
    COG055             0.839      0.037     22.369      0.000
    COG056             0.930      0.015     62.371      0.000
    COG058             0.819      0.022     37.143      0.000
    COG060             0.909      0.015     59.835      0.000
    COG061             0.814      0.025     32.082      0.000
    COG062             0.647      0.042     15.427      0.000
    COG063             0.836      0.031     26.992      0.000
    COG066             0.952      0.019     50.208      0.000

 WM       WITH
    GDP                0.616      0.050     12.381      0.000
    FS                 0.706      0.041     17.351      0.000
    CBWTH             -0.243      0.046     -5.236      0.000

 GDP      WITH
    FS                 0.539      0.038     14.349      0.000
    CBWTH             -0.233      0.045     -5.236      0.000

 CBWTH    WITH
    FS                -0.101      0.041     -2.492      0.013

 Means
    CBWTH              0.000      0.059      0.000      1.000

 Thresholds
    COG040$1          -1.140      0.059    -19.376      0.000
    COG041$1          -0.583      0.049    -11.873      0.000
    COG043$1          -1.065      0.057    -18.689      0.000
    COG044$1          -1.214      0.061    -19.954      0.000
    COG045$1          -0.326      0.047     -6.940      0.000
    COG046$1           0.032      0.046      0.699      0.485
    COG048$1          -1.236      0.061    -20.100      0.000
    COG049$1          -1.013      0.056    -18.143      0.000
    COG050$1          -0.603      0.049    -12.231      0.000
    COG051$1          -1.173      0.060    -19.646      0.000
    COG052$1          -0.477      0.048     -9.927      0.000
    COG053$1          -0.428      0.048     -8.983      0.000
    COG054$1          -0.436      0.048     -9.128      0.000
    COG055$1          -1.166      0.060    -19.593      0.000
    COG056$1          -0.148      0.046     -3.199      0.001
    COG057$1           0.900      0.054     16.800      0.000
    COG058$1          -0.165      0.046     -3.567      0.000
    COG060$1           0.284      0.047      6.062      0.000
    COG061$1           0.704      0.050     13.931      0.000
    COG062$1           1.036      0.056     18.388      0.000
    COG063$1           1.207      0.061     19.904      0.000
    COG064$1           0.717      0.051     14.141      0.000
    COG066$1           0.931      0.054     17.192      0.000

 Variances
    CBWTH              1.000      0.000    999.000    999.000
    WM                 1.000      0.000    999.000    999.000
    GDP                1.000      0.000    999.000    999.000
    FS                 1.000      0.000    999.000    999.000


STDY Standardization

                                                    Two-Tailed
                    Estimate       S.E.  Est./S.E.    P-Value

 WM       BY
    COG040             0.445      0.063      7.063      0.000
    COG045             0.518      0.044     11.738      0.000
    COG050             0.617      0.045     13.854      0.000
    COG064             0.971      0.049     19.614      0.000

 GDP      BY
    COG041             0.458      0.054      8.544      0.000
    COG043             0.625      0.062     10.151      0.000
    COG044             0.576      0.066      8.709      0.000
    COG046             0.406      0.052      7.863      0.000
    COG048             0.834      0.051     16.371      0.000
    COG052             0.596      0.046     13.007      0.000
    COG053             0.703      0.038     18.477      0.000
    COG057             0.475      0.062      7.654      0.000

 FS       BY
    COG049             0.829      0.030     27.411      0.000
    COG051             0.800      0.041     19.459      0.000
    COG054             0.434      0.044      9.942      0.000
    COG055             0.839      0.037     22.369      0.000
    COG056             0.930      0.015     62.371      0.000
    COG058             0.819      0.022     37.143      0.000
    COG060             0.909      0.015     59.835      0.000
    COG061             0.814      0.025     32.082      0.000
    COG062             0.647      0.042     15.427      0.000
    COG063             0.836      0.031     26.992      0.000
    COG066             0.952      0.019     50.208      0.000

 WM       WITH
    GDP                0.616      0.050     12.381      0.000
    FS                 0.706      0.041     17.351      0.000
    CBWTH             -0.243      0.046     -5.236      0.000

 GDP      WITH
    FS                 0.539      0.038     14.349      0.000
    CBWTH             -0.233      0.045     -5.236      0.000

 CBWTH    WITH
    FS                -0.101      0.041     -2.492      0.013

 Means
    CBWTH              0.000      0.059      0.000      1.000

 Thresholds
    COG040$1          -1.140      0.059    -19.376      0.000
    COG041$1          -0.583      0.049    -11.873      0.000
    COG043$1          -1.065      0.057    -18.689      0.000
    COG044$1          -1.214      0.061    -19.954      0.000
    COG045$1          -0.326      0.047     -6.940      0.000
    COG046$1           0.032      0.046      0.699      0.485
    COG048$1          -1.236      0.061    -20.100      0.000
    COG049$1          -1.013      0.056    -18.143      0.000
    COG050$1          -0.603      0.049    -12.231      0.000
    COG051$1          -1.173      0.060    -19.646      0.000
    COG052$1          -0.477      0.048     -9.927      0.000
    COG053$1          -0.428      0.048     -8.983      0.000
    COG054$1          -0.436      0.048     -9.128      0.000
    COG055$1          -1.166      0.060    -19.593      0.000
    COG056$1          -0.148      0.046     -3.199      0.001
    COG057$1           0.900      0.054     16.800      0.000
    COG058$1          -0.165      0.046     -3.567      0.000
    COG060$1           0.284      0.047      6.062      0.000
    COG061$1           0.704      0.050     13.931      0.000
    COG062$1           1.036      0.056     18.388      0.000
    COG063$1           1.207      0.061     19.904      0.000
    COG064$1           0.717      0.051     14.141      0.000
    COG066$1           0.931      0.054     17.192      0.000

 Variances
    CBWTH              1.000      0.000    999.000    999.000
    WM                 1.000      0.000    999.000    999.000
    GDP                1.000      0.000    999.000    999.000
    FS                 1.000      0.000    999.000    999.000


STD Standardization

                                                    Two-Tailed
                    Estimate       S.E.  Est./S.E.    P-Value

 WM       BY
    COG040             0.445      0.063      7.063      0.000
    COG045             0.518      0.044     11.738      0.000
    COG050             0.617      0.045     13.854      0.000
    COG064             0.971      0.049     19.614      0.000

 GDP      BY
    COG041             0.458      0.054      8.544      0.000
    COG043             0.625      0.062     10.151      0.000
    COG044             0.576      0.066      8.709      0.000
    COG046             0.406      0.052      7.863      0.000
    COG048             0.834      0.051     16.371      0.000
    COG052             0.596      0.046     13.007      0.000
    COG053             0.703      0.038     18.477      0.000
    COG057             0.475      0.062      7.654      0.000

 FS       BY
    COG049             0.829      0.030     27.411      0.000
    COG051             0.800      0.041     19.459      0.000
    COG054             0.434      0.044      9.942      0.000
    COG055             0.839      0.037     22.369      0.000
    COG056             0.930      0.015     62.371      0.000
    COG058             0.819      0.022     37.143      0.000
    COG060             0.909      0.015     59.835      0.000
    COG061             0.814      0.025     32.082      0.000
    COG062             0.647      0.042     15.427      0.000
    COG063             0.836      0.031     26.992      0.000
    COG066             0.952      0.019     50.208      0.000

 WM       WITH
    GDP                0.616      0.050     12.381      0.000
    FS                 0.706      0.041     17.351      0.000
    CBWTH             -0.243      0.047     -5.130      0.000

 GDP      WITH
    FS                 0.539      0.038     14.349      0.000
    CBWTH             -0.233      0.045     -5.138      0.000

 CBWTH    WITH
    FS                -0.101      0.041     -2.480      0.013

 Means
    CBWTH              0.000      0.059      0.000      1.000

 Thresholds
    COG040$1          -1.140      0.059    -19.376      0.000
    COG041$1          -0.583      0.049    -11.873      0.000
    COG043$1          -1.065      0.057    -18.689      0.000
    COG044$1          -1.214      0.061    -19.954      0.000
    COG045$1          -0.326      0.047     -6.940      0.000
    COG046$1           0.032      0.046      0.699      0.485
    COG048$1          -1.236      0.061    -20.100      0.000
    COG049$1          -1.013      0.056    -18.143      0.000
    COG050$1          -0.603      0.049    -12.231      0.000
    COG051$1          -1.173      0.060    -19.646      0.000
    COG052$1          -0.477      0.048     -9.927      0.000
    COG053$1          -0.428      0.048     -8.983      0.000
    COG054$1          -0.436      0.048     -9.128      0.000
    COG055$1          -1.166      0.060    -19.593      0.000
    COG056$1          -0.148      0.046     -3.199      0.001
    COG057$1           0.900      0.054     16.800      0.000
    COG058$1          -0.165      0.046     -3.567      0.000
    COG060$1           0.284      0.047      6.062      0.000
    COG061$1           0.704      0.050     13.931      0.000
    COG062$1           1.036      0.056     18.388      0.000
    COG063$1           1.207      0.061     19.904      0.000
    COG064$1           0.717      0.051     14.141      0.000
    COG066$1           0.931      0.054     17.192      0.000

 Variances
    CBWTH              1.000      0.045     22.364      0.000
    WM                 1.000      0.000    999.000    999.000
    GDP                1.000      0.000    999.000    999.000
    FS                 1.000      0.000    999.000    999.000


R-SQUARE

    Observed                                        Two-Tailed   Residual
    Variable        Estimate       S.E.  Est./S.E.    P-Value    Variance

    COG040             0.198      0.056      3.532      0.000      0.802
    COG041             0.209      0.049      4.272      0.000      0.791
    COG043             0.390      0.077      5.075      0.000      0.610
    COG044             0.332      0.076      4.354      0.000      0.668
    COG045             0.268      0.046      5.869      0.000      0.732
    COG046             0.165      0.042      3.931      0.000      0.835
    COG048             0.696      0.085      8.186      0.000      0.304
    COG049             0.688      0.050     13.705      0.000      0.312
    COG050             0.381      0.055      6.927      0.000      0.619
    COG051             0.640      0.066      9.730      0.000      0.360
    COG052             0.355      0.055      6.503      0.000      0.645
    COG053             0.495      0.054      9.239      0.000      0.505
    COG054             0.188      0.038      4.971      0.000      0.812
    COG055             0.703      0.063     11.184      0.000      0.297
    COG056             0.865      0.028     31.185      0.000      0.135
    COG057             0.226      0.059      3.827      0.000      0.774
    COG058             0.671      0.036     18.572      0.000      0.329
    COG060             0.825      0.028     29.917      0.000      0.175
    COG061             0.663      0.041     16.041      0.000      0.337
    COG062             0.419      0.054      7.713      0.000      0.581
    COG063             0.698      0.052     13.496      0.000      0.302
    COG064             0.942      0.096      9.807      0.000      0.058
    COG066             0.906      0.036     25.104      0.000      0.094


CONFIDENCE INTERVALS OF MODEL RESULTS

                  Lower .5%  Lower 2.5%    Lower 5%    Estimate    Upper 5%  Upper 2.5%   Upper .5%

 WM       BY
    COG040           1.000       1.000       1.000       1.000       1.000       1.000       1.000
    COG045           0.705       0.815       0.871       1.163       1.456       1.512       1.622
    COG050           0.836       0.968       1.035       1.387       1.740       1.807       1.939
    COG064           1.292       1.504       1.613       2.181       2.749       2.858       3.070

 GDP      BY
    COG041           1.000       1.000       1.000       1.000       1.000       1.000       1.000
    COG043           0.838       0.964       1.029       1.365       1.702       1.766       1.892
    COG044           0.755       0.875       0.937       1.258       1.580       1.641       1.761
    COG046           0.497       0.590       0.638       0.888       1.138       1.185       1.279
    COG048           1.198       1.348       1.424       1.823       2.222       2.299       2.448
    COG052           0.843       0.953       1.009       1.302       1.595       1.651       1.761
    COG053           1.004       1.132       1.197       1.537       1.877       1.942       2.069
    COG057           0.585       0.693       0.749       1.039       1.328       1.384       1.493

 FS       BY
    COG049           1.000       1.000       1.000       1.000       1.000       1.000       1.000
    COG051           0.819       0.854       0.872       0.964       1.057       1.075       1.110
    COG054           0.381       0.415       0.432       0.523       0.613       0.631       0.665
    COG055           0.874       0.907       0.924       1.011       1.099       1.115       1.148
    COG056           1.004       1.032       1.046       1.121       1.196       1.211       1.239
    COG058           0.876       0.903       0.917       0.988       1.059       1.072       1.099
    COG060           0.985       1.011       1.025       1.095       1.166       1.180       1.206
    COG061           0.861       0.890       0.905       0.982       1.059       1.074       1.102
    COG062           0.629       0.665       0.684       0.781       0.878       0.896       0.933
    COG063           0.870       0.903       0.920       1.008       1.095       1.112       1.145
    COG066           1.021       1.051       1.067       1.148       1.229       1.244       1.275

 WM       WITH
    GDP              0.057       0.073       0.082       0.125       0.169       0.178       0.194
    FS               0.148       0.175       0.189       0.260       0.332       0.346       0.373
    CBWTH           -0.180      -0.163      -0.154      -0.108      -0.062      -0.053      -0.036

 GDP      WITH
    FS               0.128       0.146       0.156       0.204       0.253       0.263       0.281
    CBWTH           -0.171      -0.156      -0.148      -0.107      -0.065      -0.058      -0.042

 CBWTH    WITH
    FS              -0.172      -0.151      -0.140      -0.084      -0.027      -0.017       0.005

 Means
    CBWTH           -0.151      -0.115      -0.097       0.000       0.097       0.115       0.151

 Thresholds
    COG040$1        -1.291      -1.255      -1.236      -1.140      -1.043      -1.024      -0.988
    COG041$1        -0.709      -0.679      -0.663      -0.583      -0.502      -0.486      -0.456
    COG043$1        -1.212      -1.177      -1.159      -1.065      -0.971      -0.953      -0.918
    COG044$1        -1.371      -1.334      -1.314      -1.214      -1.114      -1.095      -1.058
    COG045$1        -0.447      -0.418      -0.404      -0.326      -0.249      -0.234      -0.205
    COG046$1        -0.087      -0.058      -0.044       0.032       0.108       0.123       0.151
    COG048$1        -1.394      -1.356      -1.337      -1.236      -1.135      -1.115      -1.077
    COG049$1        -1.156      -1.122      -1.104      -1.013      -0.921      -0.903      -0.869
    COG050$1        -0.730      -0.699      -0.684      -0.603      -0.522      -0.506      -0.476
    COG051$1        -1.327      -1.290      -1.271      -1.173      -1.075      -1.056      -1.019
    COG052$1        -0.601      -0.571      -0.556      -0.477      -0.398      -0.383      -0.353
    COG053$1        -0.551      -0.522      -0.507      -0.428      -0.350      -0.335      -0.305
    COG054$1        -0.559      -0.529      -0.514      -0.436      -0.357      -0.342      -0.313
    COG055$1        -1.319      -1.283      -1.264      -1.166      -1.068      -1.049      -1.013
    COG056$1        -0.267      -0.239      -0.224      -0.148      -0.072      -0.057      -0.029
    COG057$1         0.762       0.795       0.812       0.900       0.988       1.005       1.038
    COG058$1        -0.285      -0.256      -0.241      -0.165      -0.089      -0.074      -0.046
    COG060$1         0.163       0.192       0.207       0.284       0.361       0.375       0.404
    COG061$1         0.573       0.605       0.620       0.704       0.787       0.802       0.834
    COG062$1         0.891       0.925       0.943       1.036       1.128       1.146       1.181
    COG063$1         1.051       1.088       1.107       1.207       1.307       1.326       1.363
    COG064$1         0.586       0.617       0.633       0.717       0.800       0.816       0.847
    COG066$1         0.792       0.825       0.842       0.931       1.020       1.037       1.071

 Variances
    CBWTH            0.885       0.912       0.926       1.000       1.074       1.088       1.115
    WM               0.054       0.088       0.106       0.198       0.290       0.308       0.342
    GDP              0.083       0.113       0.129       0.209       0.290       0.305       0.336
    FS               0.559       0.589       0.605       0.688       0.770       0.786       0.817


CONFIDENCE INTERVALS OF STANDARDIZED MODEL RESULTS


STDYX Standardization

                  Lower .5%  Lower 2.5%    Lower 5%    Estimate    Upper 5%  Upper 2.5%   Upper .5%

 WM       BY
    COG040           0.283       0.322       0.341       0.445       0.549       0.568       0.607
    COG045           0.404       0.431       0.445       0.518       0.590       0.604       0.631
    COG050           0.503       0.530       0.544       0.617       0.691       0.705       0.732
    COG064           0.843       0.874       0.889       0.971       1.052       1.068       1.098

 GDP      BY
    COG041           0.320       0.353       0.370       0.458       0.546       0.563       0.596
    COG043           0.466       0.504       0.523       0.625       0.726       0.745       0.783
    COG044           0.405       0.446       0.467       0.576       0.685       0.705       0.746
    COG046           0.273       0.305       0.321       0.406       0.491       0.508       0.539
    COG048           0.703       0.734       0.750       0.834       0.918       0.934       0.965
    COG052           0.478       0.506       0.521       0.596       0.671       0.686       0.714
    COG053           0.605       0.629       0.641       0.703       0.766       0.778       0.801
    COG057           0.315       0.354       0.373       0.475       0.577       0.597       0.635

 FS       BY
    COG049           0.751       0.770       0.780       0.829       0.879       0.889       0.907
    COG051           0.694       0.719       0.732       0.800       0.867       0.880       0.906
    COG054           0.321       0.348       0.362       0.434       0.505       0.519       0.546
    COG055           0.742       0.765       0.777       0.839       0.900       0.912       0.935
    COG056           0.892       0.901       0.905       0.930       0.954       0.959       0.968
    COG058           0.762       0.776       0.783       0.819       0.855       0.862       0.876
    COG060           0.869       0.879       0.884       0.909       0.934       0.938       0.948
    COG061           0.749       0.764       0.772       0.814       0.856       0.864       0.880
    COG062           0.539       0.565       0.578       0.647       0.716       0.730       0.756
    COG063           0.756       0.775       0.785       0.836       0.887       0.896       0.915
    COG066           0.903       0.915       0.921       0.952       0.983       0.989       1.001

 WM       WITH
    GDP              0.488       0.518       0.534       0.616       0.697       0.713       0.744
    FS               0.601       0.626       0.639       0.706       0.773       0.785       0.810
    CBWTH           -0.362      -0.334      -0.319      -0.243      -0.166      -0.152      -0.123

 GDP      WITH
    FS               0.442       0.465       0.477       0.539       0.601       0.612       0.635
    CBWTH           -0.348      -0.320      -0.306      -0.233      -0.160      -0.146      -0.118

 CBWTH    WITH
    FS              -0.206      -0.181      -0.168      -0.101      -0.034      -0.022       0.003

 Means
    CBWTH           -0.151      -0.115      -0.097       0.000       0.097       0.115       0.151

 Thresholds
    COG040$1        -1.291      -1.255      -1.236      -1.140      -1.043      -1.024      -0.988
    COG041$1        -0.709      -0.679      -0.663      -0.583      -0.502      -0.486      -0.456
    COG043$1        -1.212      -1.177      -1.159      -1.065      -0.971      -0.953      -0.918
    COG044$1        -1.371      -1.334      -1.314      -1.214      -1.114      -1.095      -1.058
    COG045$1        -0.447      -0.418      -0.404      -0.326      -0.249      -0.234      -0.205
    COG046$1        -0.087      -0.058      -0.044       0.032       0.108       0.123       0.151
    COG048$1        -1.394      -1.356      -1.337      -1.236      -1.135      -1.115      -1.077
    COG049$1        -1.156      -1.122      -1.104      -1.013      -0.921      -0.903      -0.869
    COG050$1        -0.730      -0.699      -0.684      -0.603      -0.522      -0.506      -0.476
    COG051$1        -1.327      -1.290      -1.271      -1.173      -1.075      -1.056      -1.019
    COG052$1        -0.601      -0.571      -0.556      -0.477      -0.398      -0.383      -0.353
    COG053$1        -0.551      -0.522      -0.507      -0.428      -0.350      -0.335      -0.305
    COG054$1        -0.559      -0.529      -0.514      -0.436      -0.357      -0.342      -0.313
    COG055$1        -1.319      -1.283      -1.264      -1.166      -1.068      -1.049      -1.013
    COG056$1        -0.267      -0.239      -0.224      -0.148      -0.072      -0.057      -0.029
    COG057$1         0.762       0.795       0.812       0.900       0.988       1.005       1.038
    COG058$1        -0.285      -0.256      -0.241      -0.165      -0.089      -0.074      -0.046
    COG060$1         0.163       0.192       0.207       0.284       0.361       0.375       0.404
    COG061$1         0.573       0.605       0.620       0.704       0.787       0.802       0.834
    COG062$1         0.891       0.925       0.943       1.036       1.128       1.146       1.181
    COG063$1         1.051       1.088       1.107       1.207       1.307       1.326       1.363
    COG064$1         0.586       0.617       0.633       0.717       0.800       0.816       0.847
    COG066$1         0.792       0.825       0.842       0.931       1.020       1.037       1.071

 Variances
    CBWTH            1.000       1.000       1.000       1.000       1.000       1.000       1.000
    WM               1.000       1.000       1.000       1.000       1.000       1.000       1.000
    GDP              1.000       1.000       1.000       1.000       1.000       1.000       1.000
    FS               1.000       1.000       1.000       1.000       1.000       1.000       1.000


STDY Standardization

                  Lower .5%  Lower 2.5%    Lower 5%    Estimate    Upper 5%  Upper 2.5%   Upper .5%

 WM       BY
    COG040           0.283       0.322       0.341       0.445       0.549       0.568       0.607
    COG045           0.404       0.431       0.445       0.518       0.590       0.604       0.631
    COG050           0.503       0.530       0.544       0.617       0.691       0.705       0.732
    COG064           0.843       0.874       0.889       0.971       1.052       1.068       1.098

 GDP      BY
    COG041           0.320       0.353       0.370       0.458       0.546       0.563       0.596
    COG043           0.466       0.504       0.523       0.625       0.726       0.745       0.783
    COG044           0.405       0.446       0.467       0.576       0.685       0.705       0.746
    COG046           0.273       0.305       0.321       0.406       0.491       0.508       0.539
    COG048           0.703       0.734       0.750       0.834       0.918       0.934       0.965
    COG052           0.478       0.506       0.521       0.596       0.671       0.686       0.714
    COG053           0.605       0.629       0.641       0.703       0.766       0.778       0.801
    COG057           0.315       0.354       0.373       0.475       0.577       0.597       0.635

 FS       BY
    COG049           0.751       0.770       0.780       0.829       0.879       0.889       0.907
    COG051           0.694       0.719       0.732       0.800       0.867       0.880       0.906
    COG054           0.321       0.348       0.362       0.434       0.505       0.519       0.546
    COG055           0.742       0.765       0.777       0.839       0.900       0.912       0.935
    COG056           0.892       0.901       0.905       0.930       0.954       0.959       0.968
    COG058           0.762       0.776       0.783       0.819       0.855       0.862       0.876
    COG060           0.869       0.879       0.884       0.909       0.934       0.938       0.948
    COG061           0.749       0.764       0.772       0.814       0.856       0.864       0.880
    COG062           0.539       0.565       0.578       0.647       0.716       0.730       0.756
    COG063           0.756       0.775       0.785       0.836       0.887       0.896       0.915
    COG066           0.903       0.915       0.921       0.952       0.983       0.989       1.001

 WM       WITH
    GDP              0.488       0.518       0.534       0.616       0.697       0.713       0.744
    FS               0.601       0.626       0.639       0.706       0.773       0.785       0.810
    CBWTH           -0.362      -0.334      -0.319      -0.243      -0.166      -0.152      -0.123

 GDP      WITH
    FS               0.442       0.465       0.477       0.539       0.601       0.612       0.635
    CBWTH           -0.348      -0.320      -0.306      -0.233      -0.160      -0.146      -0.118

 CBWTH    WITH
    FS              -0.206      -0.181      -0.168      -0.101      -0.034      -0.022       0.003

 Means
    CBWTH           -0.151      -0.115      -0.097       0.000       0.097       0.115       0.151

 Thresholds
    COG040$1        -1.291      -1.255      -1.236      -1.140      -1.043      -1.024      -0.988
    COG041$1        -0.709      -0.679      -0.663      -0.583      -0.502      -0.486      -0.456
    COG043$1        -1.212      -1.177      -1.159      -1.065      -0.971      -0.953      -0.918
    COG044$1        -1.371      -1.334      -1.314      -1.214      -1.114      -1.095      -1.058
    COG045$1        -0.447      -0.418      -0.404      -0.326      -0.249      -0.234      -0.205
    COG046$1        -0.087      -0.058      -0.044       0.032       0.108       0.123       0.151
    COG048$1        -1.394      -1.356      -1.337      -1.236      -1.135      -1.115      -1.077
    COG049$1        -1.156      -1.122      -1.104      -1.013      -0.921      -0.903      -0.869
    COG050$1        -0.730      -0.699      -0.684      -0.603      -0.522      -0.506      -0.476
    COG051$1        -1.327      -1.290      -1.271      -1.173      -1.075      -1.056      -1.019
    COG052$1        -0.601      -0.571      -0.556      -0.477      -0.398      -0.383      -0.353
    COG053$1        -0.551      -0.522      -0.507      -0.428      -0.350      -0.335      -0.305
    COG054$1        -0.559      -0.529      -0.514      -0.436      -0.357      -0.342      -0.313
    COG055$1        -1.319      -1.283      -1.264      -1.166      -1.068      -1.049      -1.013
    COG056$1        -0.267      -0.239      -0.224      -0.148      -0.072      -0.057      -0.029
    COG057$1         0.762       0.795       0.812       0.900       0.988       1.005       1.038
    COG058$1        -0.285      -0.256      -0.241      -0.165      -0.089      -0.074      -0.046
    COG060$1         0.163       0.192       0.207       0.284       0.361       0.375       0.404
    COG061$1         0.573       0.605       0.620       0.704       0.787       0.802       0.834
    COG062$1         0.891       0.925       0.943       1.036       1.128       1.146       1.181
    COG063$1         1.051       1.088       1.107       1.207       1.307       1.326       1.363
    COG064$1         0.586       0.617       0.633       0.717       0.800       0.816       0.847
    COG066$1         0.792       0.825       0.842       0.931       1.020       1.037       1.071

 Variances
    CBWTH            1.000       1.000       1.000       1.000       1.000       1.000       1.000
    WM               1.000       1.000       1.000       1.000       1.000       1.000       1.000
    GDP              1.000       1.000       1.000       1.000       1.000       1.000       1.000
    FS               1.000       1.000       1.000       1.000       1.000       1.000       1.000


STD Standardization

                  Lower .5%  Lower 2.5%    Lower 5%    Estimate    Upper 5%  Upper 2.5%   Upper .5%

 WM       BY
    COG040           0.283       0.322       0.341       0.445       0.549       0.568       0.607
    COG045           0.404       0.431       0.445       0.518       0.590       0.604       0.631
    COG050           0.503       0.530       0.544       0.617       0.691       0.705       0.732
    COG064           0.843       0.874       0.889       0.971       1.052       1.068       1.098

 GDP      BY
    COG041           0.320       0.353       0.370       0.458       0.546       0.563       0.596
    COG043           0.466       0.504       0.523       0.625       0.726       0.745       0.783
    COG044           0.405       0.446       0.467       0.576       0.685       0.705       0.746
    COG046           0.273       0.305       0.321       0.406       0.491       0.508       0.539
    COG048           0.703       0.734       0.750       0.834       0.918       0.934       0.965
    COG052           0.478       0.506       0.521       0.596       0.671       0.686       0.714
    COG053           0.605       0.629       0.641       0.703       0.766       0.778       0.801
    COG057           0.315       0.354       0.373       0.475       0.577       0.597       0.635

 FS       BY
    COG049           0.751       0.770       0.780       0.829       0.879       0.889       0.907
    COG051           0.694       0.719       0.732       0.800       0.867       0.880       0.906
    COG054           0.321       0.348       0.362       0.434       0.505       0.519       0.546
    COG055           0.742       0.765       0.777       0.839       0.900       0.912       0.935
    COG056           0.892       0.901       0.905       0.930       0.954       0.959       0.968
    COG058           0.762       0.776       0.783       0.819       0.855       0.862       0.876
    COG060           0.869       0.879       0.884       0.909       0.934       0.938       0.948
    COG061           0.749       0.764       0.772       0.814       0.856       0.864       0.880
    COG062           0.539       0.565       0.578       0.647       0.716       0.730       0.756
    COG063           0.756       0.775       0.785       0.836       0.887       0.896       0.915
    COG066           0.903       0.915       0.921       0.952       0.983       0.989       1.001

 WM       WITH
    GDP              0.488       0.518       0.534       0.616       0.697       0.713       0.744
    FS               0.601       0.626       0.639       0.706       0.773       0.785       0.810
    CBWTH           -0.365      -0.335      -0.320      -0.243      -0.165      -0.150      -0.121

 GDP      WITH
    FS               0.442       0.465       0.477       0.539       0.601       0.612       0.635
    CBWTH           -0.350      -0.322      -0.308      -0.233      -0.158      -0.144      -0.116

 CBWTH    WITH
    FS              -0.206      -0.181      -0.168      -0.101      -0.034      -0.021       0.004

 Means
    CBWTH           -0.151      -0.115      -0.097       0.000       0.097       0.115       0.151

 Thresholds
    COG040$1        -1.291      -1.255      -1.236      -1.140      -1.043      -1.024      -0.988
    COG041$1        -0.709      -0.679      -0.663      -0.583      -0.502      -0.486      -0.456
    COG043$1        -1.212      -1.177      -1.159      -1.065      -0.971      -0.953      -0.918
    COG044$1        -1.371      -1.334      -1.314      -1.214      -1.114      -1.095      -1.058
    COG045$1        -0.447      -0.418      -0.404      -0.326      -0.249      -0.234      -0.205
    COG046$1        -0.087      -0.058      -0.044       0.032       0.108       0.123       0.151
    COG048$1        -1.394      -1.356      -1.337      -1.236      -1.135      -1.115      -1.077
    COG049$1        -1.156      -1.122      -1.104      -1.013      -0.921      -0.903      -0.869
    COG050$1        -0.730      -0.699      -0.684      -0.603      -0.522      -0.506      -0.476
    COG051$1        -1.327      -1.290      -1.271      -1.173      -1.075      -1.056      -1.019
    COG052$1        -0.601      -0.571      -0.556      -0.477      -0.398      -0.383      -0.353
    COG053$1        -0.551      -0.522      -0.507      -0.428      -0.350      -0.335      -0.305
    COG054$1        -0.559      -0.529      -0.514      -0.436      -0.357      -0.342      -0.313
    COG055$1        -1.319      -1.283      -1.264      -1.166      -1.068      -1.049      -1.013
    COG056$1        -0.267      -0.239      -0.224      -0.148      -0.072      -0.057      -0.029
    COG057$1         0.762       0.795       0.812       0.900       0.988       1.005       1.038
    COG058$1        -0.285      -0.256      -0.241      -0.165      -0.089      -0.074      -0.046
    COG060$1         0.163       0.192       0.207       0.284       0.361       0.375       0.404
    COG061$1         0.573       0.605       0.620       0.704       0.787       0.802       0.834
    COG062$1         0.891       0.925       0.943       1.036       1.128       1.146       1.181
    COG063$1         1.051       1.088       1.107       1.207       1.307       1.326       1.363
    COG064$1         0.586       0.617       0.633       0.717       0.800       0.816       0.847
    COG066$1         0.792       0.825       0.842       0.931       1.020       1.037       1.071

 Variances
    CBWTH            0.885       0.912       0.926       1.000       1.074       1.088       1.115
    WM               1.000       1.000       1.000       1.000       1.000       1.000       1.000
    GDP              1.000       1.000       1.000       1.000       1.000       1.000       1.000
    FS               1.000       1.000       1.000       1.000       1.000       1.000       1.000


RESIDUAL OUTPUT


     ESTIMATED MODEL AND RESIDUALS (OBSERVED - ESTIMATED)


           Model Estimated Means/Intercepts/Thresholds
              COG040$1      COG041$1      COG043$1      COG044$1      COG045$1
              ________      ________      ________      ________      ________
               -1.140        -0.583        -1.065        -1.214        -0.326


           Model Estimated Means/Intercepts/Thresholds
              COG046$1      COG048$1      COG049$1      COG050$1      COG051$1
              ________      ________      ________      ________      ________
                0.032        -1.236        -1.013        -0.603        -1.173


           Model Estimated Means/Intercepts/Thresholds
              COG052$1      COG053$1      COG054$1      COG055$1      COG056$1
              ________      ________      ________      ________      ________
               -0.477        -0.428        -0.436        -1.166        -0.148


           Model Estimated Means/Intercepts/Thresholds
              COG057$1      COG058$1      COG060$1      COG061$1      COG062$1
              ________      ________      ________      ________      ________
                0.900        -0.165         0.284         0.704         1.036


           Model Estimated Means/Intercepts/Thresholds
              COG063$1      COG064$1      COG066$1      CBWTH
              ________      ________      ________      ________
                1.207         0.717         0.931         0.000


           Residuals for Means/Intercepts/Thresholds
              COG040$1      COG041$1      COG043$1      COG044$1      COG045$1
              ________      ________      ________      ________      ________
                0.000         0.000         0.000         0.000         0.000


           Residuals for Means/Intercepts/Thresholds
              COG046$1      COG048$1      COG049$1      COG050$1      COG051$1
              ________      ________      ________      ________      ________
                0.000         0.000         0.000         0.000         0.000


           Residuals for Means/Intercepts/Thresholds
              COG052$1      COG053$1      COG054$1      COG055$1      COG056$1
              ________      ________      ________      ________      ________
                0.000         0.000         0.000         0.000         0.000


           Residuals for Means/Intercepts/Thresholds
              COG057$1      COG058$1      COG060$1      COG061$1      COG062$1
              ________      ________      ________      ________      ________
                0.000         0.000         0.000         0.000         0.000


           Residuals for Means/Intercepts/Thresholds
              COG063$1      COG064$1      COG066$1      CBWTH
              ________      ________      ________      ________
                0.000         0.000         0.000         0.000


           Model Estimated Covariances/Correlations/Residual Correlations
              COG040        COG041        COG043        COG044        COG045
              ________      ________      ________      ________      ________
 COG040
 COG041         0.125
 COG043         0.171         0.286
 COG044         0.158         0.263         0.360
 COG045         0.230         0.146         0.199         0.184
 COG046         0.111         0.186         0.254         0.234         0.130
 COG048         0.229         0.382         0.521         0.480         0.266
 COG049         0.260         0.204         0.279         0.257         0.303
 COG050         0.275         0.174         0.237         0.219         0.320
 COG051         0.251         0.197         0.269         0.248         0.292
 COG052         0.163         0.273         0.372         0.343         0.190
 COG053         0.193         0.322         0.439         0.405         0.224
 COG054         0.136         0.107         0.146         0.134         0.158
 COG055         0.263         0.207         0.282         0.260         0.306
 COG056         0.292         0.229         0.313         0.288         0.340
 COG057         0.130         0.217         0.297         0.274         0.151
 COG058         0.257         0.202         0.276         0.254         0.299
 COG060         0.285         0.224         0.306         0.282         0.332
 COG061         0.256         0.201         0.274         0.253         0.297
 COG062         0.203         0.160         0.218         0.201         0.237
 COG063         0.262         0.206         0.281         0.259         0.305
 COG064         0.432         0.273         0.373         0.344         0.502
 COG066         0.299         0.235         0.320         0.295         0.348
 CBWTH         -0.108        -0.107        -0.146        -0.134        -0.126


           Model Estimated Covariances/Correlations/Residual Correlations
              COG046        COG048        COG049        COG050        COG051
              ________      ________      ________      ________      ________
 COG048         0.339
 COG049         0.182         0.373
 COG050         0.154         0.317         0.361
 COG051         0.175         0.360         0.663         0.348
 COG052         0.242         0.497         0.266         0.227         0.257
 COG053         0.286         0.587         0.314         0.267         0.303
 COG054         0.095         0.195         0.360         0.189         0.347
 COG055         0.184         0.377         0.695         0.365         0.671
 COG056         0.204         0.418         0.771         0.405         0.744
 COG057         0.193         0.396         0.212         0.181         0.205
 COG058         0.179         0.368         0.679         0.357         0.655
 COG060         0.199         0.408         0.753         0.396         0.727
 COG061         0.178         0.366         0.675         0.355         0.651
 COG062         0.142         0.291         0.537         0.282         0.518
 COG063         0.183         0.376         0.693         0.364         0.668
 COG064         0.243         0.498         0.568         0.599         0.548
 COG066         0.208         0.428         0.790         0.415         0.761
 CBWTH         -0.095        -0.194        -0.084        -0.150        -0.081


           Model Estimated Covariances/Correlations/Residual Correlations
              COG052        COG053        COG054        COG055        COG056
              ________      ________      ________      ________      ________
 COG053         0.419
 COG054         0.139         0.164
 COG055         0.269         0.318         0.364
 COG056         0.299         0.352         0.403         0.780
 COG057         0.283         0.334         0.111         0.215         0.238
 COG058         0.263         0.310         0.355         0.687         0.762
 COG060         0.292         0.344         0.394         0.762         0.845
 COG061         0.261         0.308         0.353         0.683         0.757
 COG062         0.208         0.245         0.281         0.543         0.602
 COG063         0.268         0.317         0.362         0.701         0.777
 COG064         0.356         0.420         0.297         0.574         0.637
 COG066         0.306         0.361         0.413         0.798         0.885
 CBWTH         -0.139        -0.164        -0.044        -0.085        -0.094


           Model Estimated Covariances/Correlations/Residual Correlations
              COG057        COG058        COG060        COG061        COG062
              ________      ________      ________      ________      ________
 COG058         0.210
 COG060         0.233         0.744
 COG061         0.208         0.667         0.740
 COG062         0.166         0.530         0.588         0.527
 COG063         0.214         0.684         0.759         0.680         0.541
 COG064         0.284         0.561         0.622         0.558         0.443
 COG066         0.244         0.780         0.865         0.775         0.616
 CBWTH         -0.111        -0.083        -0.092        -0.082        -0.065


           Model Estimated Covariances/Correlations/Residual Correlations
              COG063        COG064        COG066        CBWTH
              ________      ________      ________      ________
 COG064         0.572
 COG066         0.796         0.652
 CBWTH         -0.084        -0.236        -0.096         1.000


           Model Estimated Correlations/Residual Correlations
              COG040        COG041        COG043        COG044        COG045
              ________      ________      ________      ________      ________
 COG040
 COG041         0.125
 COG043         0.171         0.286
 COG044         0.158         0.263         0.360
 COG045         0.230         0.146         0.199         0.184
 COG046         0.111         0.186         0.254         0.234         0.130
 COG048         0.229         0.382         0.521         0.480         0.266
 COG049         0.260         0.204         0.279         0.257         0.303
 COG050         0.275         0.174         0.237         0.219         0.320
 COG051         0.251         0.197         0.269         0.248         0.292
 COG052         0.163         0.273         0.372         0.343         0.190
 COG053         0.193         0.322         0.439         0.405         0.224
 COG054         0.136         0.107         0.146         0.134         0.158
 COG055         0.263         0.207         0.282         0.260         0.306
 COG056         0.292         0.229         0.313         0.288         0.340
 COG057         0.130         0.217         0.297         0.274         0.151
 COG058         0.257         0.202         0.276         0.254         0.299
 COG060         0.285         0.224         0.306         0.282         0.332
 COG061         0.256         0.201         0.274         0.253         0.297
 COG062         0.203         0.160         0.218         0.201         0.237
 COG063         0.262         0.206         0.281         0.259         0.305
 COG064         0.432         0.273         0.373         0.344         0.502
 COG066         0.299         0.235         0.320         0.295         0.348
 CBWTH         -0.108        -0.107        -0.146        -0.134        -0.126


           Model Estimated Correlations/Residual Correlations
              COG046        COG048        COG049        COG050        COG051
              ________      ________      ________      ________      ________
 COG048         0.339
 COG049         0.182         0.373
 COG050         0.154         0.317         0.361
 COG051         0.175         0.360         0.663         0.348
 COG052         0.242         0.497         0.266         0.227         0.257
 COG053         0.286         0.587         0.314         0.267         0.303
 COG054         0.095         0.195         0.360         0.189         0.347
 COG055         0.184         0.377         0.695         0.365         0.671
 COG056         0.204         0.418         0.771         0.405         0.744
 COG057         0.193         0.396         0.212         0.181         0.205
 COG058         0.179         0.368         0.679         0.357         0.655
 COG060         0.199         0.408         0.753         0.396         0.727
 COG061         0.178         0.366         0.675         0.355         0.651
 COG062         0.142         0.291         0.537         0.282         0.518
 COG063         0.183         0.376         0.693         0.364         0.668
 COG064         0.243         0.498         0.568         0.599         0.548
 COG066         0.208         0.428         0.790         0.415         0.761
 CBWTH         -0.095        -0.194        -0.084        -0.150        -0.081


           Model Estimated Correlations/Residual Correlations
              COG052        COG053        COG054        COG055        COG056
              ________      ________      ________      ________      ________
 COG053         0.419
 COG054         0.139         0.164
 COG055         0.269         0.318         0.364
 COG056         0.299         0.352         0.403         0.780
 COG057         0.283         0.334         0.111         0.215         0.238
 COG058         0.263         0.310         0.355         0.687         0.762
 COG060         0.292         0.344         0.394         0.762         0.845
 COG061         0.261         0.308         0.353         0.683         0.757
 COG062         0.208         0.245         0.281         0.543         0.602
 COG063         0.268         0.317         0.362         0.701         0.777
 COG064         0.356         0.420         0.297         0.574         0.637
 COG066         0.306         0.361         0.413         0.798         0.885
 CBWTH         -0.139        -0.164        -0.044        -0.085        -0.094


           Model Estimated Correlations/Residual Correlations
              COG057        COG058        COG060        COG061        COG062
              ________      ________      ________      ________      ________
 COG058         0.210
 COG060         0.233         0.744
 COG061         0.208         0.667         0.740
 COG062         0.166         0.530         0.588         0.527
 COG063         0.214         0.684         0.759         0.680         0.541
 COG064         0.284         0.561         0.622         0.558         0.443
 COG066         0.244         0.780         0.865         0.775         0.616
 CBWTH         -0.111        -0.083        -0.092        -0.082        -0.065


           Model Estimated Correlations/Residual Correlations
              COG063        COG064        COG066        CBWTH
              ________      ________      ________      ________
 COG064         0.572
 COG066         0.796         0.652
 CBWTH         -0.084        -0.236        -0.096         1.000


           Residuals for Covariances/Correlations/Residual Correlations
              COG040        COG041        COG043        COG044        COG045
              ________      ________      ________      ________      ________
 COG040
 COG041        -0.038
 COG043        -0.076        -0.065
 COG044         0.182         0.054        -0.068
 COG045         0.304         0.071         0.066         0.120
 COG046         0.082        -0.006        -0.094         0.007         0.084
 COG048        -0.106        -0.169        -0.260        -0.123        -0.112
 COG049         0.047        -0.017         0.031         0.044         0.013
 COG050         0.212         0.073         0.073         0.111         0.253
 COG051         0.014         0.096         0.014         0.091         0.042
 COG052        -0.036        -0.071         0.200        -0.071         0.016
 COG053        -0.112        -0.162        -0.287        -0.076         0.007
 COG054         0.033         0.059         0.174         0.096         0.034
 COG055        -0.076         0.112         0.156         0.074        -0.044
 COG056        -0.057        -0.061        -0.027         0.035        -0.093
 COG057        -0.046         0.098        -0.190        -0.211        -0.048
 COG058        -0.124        -0.010        -0.009        -0.008        -0.062
 COG060        -0.083         0.025         0.045         0.040        -0.034
 COG061        -0.199         0.056         0.128        -0.025        -0.143
 COG062         0.026         0.192         0.229         0.029         0.077
 COG063        -0.082         0.116        -0.017        -0.016        -0.126
 COG064        -0.107         0.003         0.022        -0.031        -0.202
 COG066        -0.148         0.098         0.078         0.077        -0.113
 CBWTH         -0.090         0.036        -0.031         0.015        -0.002


           Residuals for Covariances/Correlations/Residual Correlations
              COG046        COG048        COG049        COG050        COG051
              ________      ________      ________      ________      ________
 COG048        -0.118
 COG049         0.047        -0.169
 COG050        -0.028        -0.055         0.039
 COG051         0.053        -0.006         0.023         0.054
 COG052        -0.242        -0.255         0.010         0.047         0.087
 COG053        -0.152         0.323        -0.126        -0.025        -0.037
 COG054        -0.007         0.023        -0.110         0.100        -0.012
 COG055         0.085        -0.051        -0.068         0.045         0.042
 COG056         0.025        -0.332         0.133        -0.094        -0.021
 COG057        -0.069        -0.223         0.060        -0.068         0.040
 COG058         0.046        -0.218        -0.115        -0.081         0.242
 COG060         0.057        -0.230        -0.043        -0.044        -0.045
 COG061         0.105        -0.287        -0.186        -0.038        -0.117
 COG062         0.219        -0.154        -0.068        -0.029        -0.052
 COG063         0.119        -0.246        -0.143         0.007        -0.272
 COG064         0.005        -0.127        -0.145        -0.276        -0.065
 COG066         0.178        -0.198        -0.092        -0.113        -0.110
 CBWTH          0.040        -0.018        -0.034        -0.035        -0.049


           Residuals for Covariances/Correlations/Residual Correlations
              COG052        COG053        COG054        COG055        COG056
              ________      ________      ________      ________      ________
 COG053        -0.159
 COG054         0.241         0.047
 COG055         0.205        -0.011         0.042
 COG056        -0.018        -0.184        -0.180        -0.091
 COG057        -0.073        -0.199         0.141         0.245         0.011
 COG058        -0.032        -0.228        -0.045         0.045         0.029
 COG060         0.028        -0.189        -0.049        -0.143         0.054
 COG061         0.092        -0.169        -0.013        -0.021        -0.116
 COG062         0.076        -0.078        -0.083         0.081        -0.141
 COG063         0.079        -0.110        -0.069        -0.129        -0.127
 COG064         0.016        -0.058         0.143         0.084        -0.004
 COG066         0.014        -0.159         0.019        -0.145        -0.080
 CBWTH         -0.011        -0.052        -0.023        -0.119         0.018


           Residuals for Covariances/Correlations/Residual Correlations
              COG057        COG058        COG060        COG061        COG062
              ________      ________      ________      ________      ________
 COG058         0.122
 COG060         0.099         0.055
 COG061         0.183        -0.058        -0.093
 COG062         0.114        -0.027        -0.084         0.036
 COG063         0.130        -0.041        -0.058         0.158        -0.005
 COG064         0.053         0.029         0.014         0.057         0.078
 COG066         0.084         0.106        -0.027         0.047         0.063
 CBWTH          0.107         0.025         0.035         0.027         0.063


           Residuals for Covariances/Correlations/Residual Correlations
              COG063        COG064        COG066        CBWTH
              ________      ________      ________      ________
 COG064         0.048
 COG066        -0.042         0.105
 CBWTH         -0.024         0.062         0.051         0.000


           Residuals for Correlations/Residual Correlations
              COG040        COG041        COG043        COG044        COG045
              ________      ________      ________      ________      ________
 COG040
 COG041        -0.038
 COG043        -0.076        -0.065
 COG044         0.182         0.054        -0.068
 COG045         0.304         0.071         0.066         0.120
 COG046         0.082        -0.006        -0.094         0.007         0.084
 COG048        -0.106        -0.169        -0.260        -0.123        -0.112
 COG049         0.047        -0.017         0.031         0.044         0.013
 COG050         0.212         0.073         0.073         0.111         0.253
 COG051         0.014         0.096         0.014         0.091         0.042
 COG052        -0.036        -0.071         0.200        -0.071         0.016
 COG053        -0.112        -0.162        -0.287        -0.076         0.007
 COG054         0.033         0.059         0.174         0.096         0.034
 COG055        -0.076         0.112         0.156         0.074        -0.044
 COG056        -0.057        -0.061        -0.027         0.035        -0.093
 COG057        -0.046         0.098        -0.190        -0.211        -0.048
 COG058        -0.124        -0.010        -0.009        -0.008        -0.062
 COG060        -0.083         0.025         0.045         0.040        -0.034
 COG061        -0.199         0.056         0.128        -0.025        -0.143
 COG062         0.026         0.192         0.229         0.029         0.077
 COG063        -0.082         0.116        -0.017        -0.016        -0.126
 COG064        -0.107         0.003         0.022        -0.031        -0.202
 COG066        -0.148         0.098         0.078         0.077        -0.113
 CBWTH         -0.090         0.036        -0.031         0.015        -0.002


           Residuals for Correlations/Residual Correlations
              COG046        COG048        COG049        COG050        COG051
              ________      ________      ________      ________      ________
 COG048        -0.118
 COG049         0.047        -0.169
 COG050        -0.028        -0.055         0.039
 COG051         0.053        -0.006         0.023         0.054
 COG052        -0.242        -0.255         0.010         0.047         0.087
 COG053        -0.152         0.323        -0.126        -0.025        -0.037
 COG054        -0.007         0.023        -0.110         0.100        -0.012
 COG055         0.085        -0.051        -0.068         0.045         0.042
 COG056         0.025        -0.332         0.133        -0.094        -0.021
 COG057        -0.069        -0.223         0.060        -0.068         0.040
 COG058         0.046        -0.218        -0.115        -0.081         0.242
 COG060         0.057        -0.230        -0.043        -0.044        -0.045
 COG061         0.105        -0.287        -0.186        -0.038        -0.117
 COG062         0.219        -0.154        -0.068        -0.029        -0.052
 COG063         0.119        -0.246        -0.143         0.007        -0.272
 COG064         0.005        -0.127        -0.145        -0.276        -0.065
 COG066         0.178        -0.198        -0.092        -0.113        -0.110
 CBWTH          0.040        -0.018        -0.034        -0.035        -0.049


           Residuals for Correlations/Residual Correlations
              COG052        COG053        COG054        COG055        COG056
              ________      ________      ________      ________      ________
 COG053        -0.159
 COG054         0.241         0.047
 COG055         0.205        -0.011         0.042
 COG056        -0.018        -0.184        -0.180        -0.091
 COG057        -0.073        -0.199         0.141         0.245         0.011
 COG058        -0.032        -0.228        -0.045         0.045         0.029
 COG060         0.028        -0.189        -0.049        -0.143         0.054
 COG061         0.092        -0.169        -0.013        -0.021        -0.116
 COG062         0.076        -0.078        -0.083         0.081        -0.141
 COG063         0.079        -0.110        -0.069        -0.129        -0.127
 COG064         0.016        -0.058         0.143         0.084        -0.004
 COG066         0.014        -0.159         0.019        -0.145        -0.080
 CBWTH         -0.011        -0.052        -0.023        -0.119         0.018


           Residuals for Correlations/Residual Correlations
              COG057        COG058        COG060        COG061        COG062
              ________      ________      ________      ________      ________
 COG058         0.122
 COG060         0.099         0.055
 COG061         0.183        -0.058        -0.093
 COG062         0.114        -0.027        -0.084         0.036
 COG063         0.130        -0.041        -0.058         0.158        -0.005
 COG064         0.053         0.029         0.014         0.057         0.078
 COG066         0.084         0.106        -0.027         0.047         0.063
 CBWTH          0.107         0.025         0.035         0.027         0.063


           Residuals for Correlations/Residual Correlations
              COG063        COG064        COG066        CBWTH
              ________      ________      ________      ________
 COG064         0.048
 COG066        -0.042         0.105
 CBWTH         -0.024         0.062         0.051         0.000


     UNIVARIATE PROPORTIONS FOR CATEGORICAL VARIABLES

     Variable          Observed      Estimated      Residual (Obs.-Est.)    Stand. Residual
     COG040
       Category  1       0.127          0.127                  0.000                0.000
       Category  2       0.873          0.873                  0.000                0.000
     COG041
       Category  1       0.280          0.280                  0.000                0.000
       Category  2       0.720          0.720                  0.000                0.000
     COG043
       Category  1       0.143          0.143                  0.000                0.000
       Category  2       0.857          0.857                  0.000                0.000
     COG044
       Category  1       0.112          0.112                  0.000                0.000
       Category  2       0.888          0.888                  0.000                0.000
     COG045
       Category  1       0.372          0.372                  0.000                0.000
       Category  2       0.628          0.628                  0.000                0.000
     COG046
       Category  1       0.513          0.513                  0.000                0.000
       Category  2       0.487          0.487                  0.000                0.000
     COG048
       Category  1       0.108          0.108                  0.000                0.000
       Category  2       0.892          0.892                  0.000                0.000
     COG049
       Category  1       0.156          0.156                  0.000                0.000
       Category  2       0.844          0.844                  0.000                0.000
     COG050
       Category  1       0.273          0.273                  0.000                0.000
       Category  2       0.727          0.727                  0.000                0.000
     COG051
       Category  1       0.120          0.120                  0.000                0.000
       Category  2       0.880          0.880                  0.000                0.000
     COG052
       Category  1       0.317          0.317                  0.000                0.000
       Category  2       0.683          0.683                  0.000                0.000
     COG053
       Category  1       0.334          0.334                  0.000                0.000
       Category  2       0.666          0.666                  0.000                0.000
     COG054
       Category  1       0.332          0.332                  0.000                0.000
       Category  2       0.668          0.668                  0.000                0.000
     COG055
       Category  1       0.122          0.122                  0.000                0.000
       Category  2       0.878          0.878                  0.000                0.000
     COG056
       Category  1       0.441          0.441                  0.000                0.000
       Category  2       0.559          0.559                  0.000                0.000
     COG057
       Category  1       0.816          0.816                  0.000                0.000
       Category  2       0.184          0.184                  0.000                0.000
     COG058
       Category  1       0.434          0.434                  0.000                0.000
       Category  2       0.566          0.566                  0.000                0.000
     COG060
       Category  1       0.612          0.612                  0.000                0.000
       Category  2       0.388          0.388                  0.000                0.000
     COG061
       Category  1       0.759          0.759                  0.000                0.000
       Category  2       0.241          0.241                  0.000                0.000
     COG062
       Category  1       0.850          0.850                  0.000                0.000
       Category  2       0.150          0.150                  0.000                0.000
     COG063
       Category  1       0.886          0.886                  0.000                0.000
       Category  2       0.114          0.114                  0.000                0.000
     COG064
       Category  1       0.763          0.763                  0.000                0.000
       Category  2       0.237          0.237                  0.000                0.000
     COG066
       Category  1       0.824          0.824                  0.000                0.000
       Category  2       0.176          0.176                  0.000                0.000


     BIVARIATE PROPORTIONS FOR CATEGORICAL VARIABLES

     Variable       Variable          Observed     Estimated    Residual (Obs.-Est.)  Stand. Residual
     COG040         COG041
       Category 1     Category 1        0.042       0.045            -0.003           -0.373
       Category 1     Category 2        0.085       0.082             0.003            0.281
       Category 2     Category 1        0.238       0.235             0.003            0.182
       Category 2     Category 2        0.635       0.637            -0.003           -0.161
     COG040         COG043
       Category 1     Category 1        0.023       0.027            -0.004           -0.695
       Category 1     Category 2        0.104       0.100             0.004            0.377
       Category 2     Category 1        0.120       0.116             0.004            0.352
       Category 2     Category 2        0.752       0.757            -0.004           -0.263
     COG040         COG044
       Category 1     Category 1        0.031       0.021             0.010            1.861
       Category 1     Category 2        0.096       0.106            -0.010           -0.872
       Category 2     Category 1        0.081       0.091            -0.010           -0.933
       Category 2     Category 2        0.792       0.782             0.010            0.650
     COG040         COG045
       Category 1     Category 1        0.093       0.066             0.027            2.965
       Category 1     Category 2        0.034       0.061            -0.027           -3.082
       Category 2     Category 1        0.279       0.306            -0.027           -1.600
       Category 2     Category 2        0.594       0.567             0.027            1.488
     COG040         COG046
       Category 1     Category 1        0.081       0.074             0.007            0.697
       Category 1     Category 2        0.046       0.053            -0.007           -0.819
       Category 2     Category 1        0.432       0.438            -0.007           -0.369
       Category 2     Category 2        0.441       0.434             0.007            0.369
     COG040         COG048
       Category 1     Category 1        0.019       0.024            -0.005           -0.910
       Category 1     Category 2        0.108       0.103             0.005            0.459
       Category 2     Category 1        0.089       0.084             0.005            0.503
       Category 2     Category 2        0.783       0.789            -0.005           -0.342
     COG040         COG049
       Category 1     Category 1        0.038       0.035             0.003            0.466
       Category 1     Category 2        0.089       0.092            -0.003           -0.295
       Category 2     Category 1        0.118       0.121            -0.003           -0.262
       Category 2     Category 2        0.755       0.752             0.003            0.198
     COG040         COG050
       Category 1     Category 1        0.074       0.056             0.019            2.231
       Category 1     Category 2        0.053       0.072            -0.019           -1.983
       Category 2     Category 1        0.199       0.218            -0.019           -1.239
       Category 2     Category 2        0.674       0.655             0.019            1.076
     COG040         COG051
       Category 1     Category 1        0.028       0.028             0.001            0.132
       Category 1     Category 2        0.099       0.100            -0.001           -0.072
       Category 2     Category 1        0.092       0.093            -0.001           -0.075
       Category 2     Category 2        0.781       0.780             0.001            0.052
     COG040         COG052
       Category 1     Category 1        0.050       0.053            -0.003           -0.346
       Category 1     Category 2        0.077       0.074             0.003            0.296
       Category 2     Category 1        0.267       0.264             0.003            0.176
       Category 2     Category 2        0.606       0.609            -0.003           -0.159
     COG040         COG053
       Category 1     Category 1        0.049       0.058            -0.009           -1.059
       Category 1     Category 2        0.078       0.069             0.009            0.972
       Category 2     Category 1        0.286       0.276             0.009            0.552
       Category 2     Category 2        0.587       0.596            -0.009           -0.504
     COG040         COG054
       Category 1     Category 1        0.055       0.053             0.003            0.325
       Category 1     Category 2        0.072       0.074            -0.003           -0.277
       Category 2     Category 1        0.276       0.279            -0.003           -0.162
       Category 2     Category 2        0.597       0.594             0.003            0.148
     COG040         COG055
       Category 1     Category 1        0.024       0.029            -0.004           -0.688
       Category 1     Category 2        0.103       0.099             0.004            0.384
       Category 2     Category 1        0.097       0.093             0.004            0.394
       Category 2     Category 2        0.775       0.780            -0.004           -0.276
     COG040         COG056
       Category 1     Category 1        0.076       0.081            -0.005           -0.484
       Category 1     Category 2        0.051       0.047             0.005            0.625
       Category 2     Category 1        0.365       0.361             0.005            0.274
       Category 2     Category 2        0.507       0.512            -0.005           -0.263
     COG040         COG057
       Category 1     Category 1        0.108       0.111            -0.002           -0.197
       Category 1     Category 2        0.019       0.017             0.002            0.482
       Category 2     Category 1        0.708       0.705             0.002            0.135
       Category 2     Category 2        0.165       0.167            -0.002           -0.165
     COG040         COG058
       Category 1     Category 1        0.066       0.077            -0.010           -1.071
       Category 1     Category 2        0.061       0.050             0.010            1.303
       Category 2     Category 1        0.368       0.358             0.010            0.595
       Category 2     Category 2        0.505       0.515            -0.010           -0.571
     COG040         COG060
       Category 1     Category 1        0.093       0.099            -0.006           -0.548
       Category 1     Category 2        0.034       0.028             0.006            0.997
       Category 2     Category 1        0.518       0.512             0.006            0.328
       Category 2     Category 2        0.355       0.361            -0.006           -0.341
     COG040         COG061
       Category 1     Category 1        0.100       0.111            -0.011           -0.972
       Category 1     Category 2        0.027       0.016             0.011            2.452
       Category 2     Category 1        0.659       0.648             0.011            0.640
       Category 2     Category 2        0.214       0.225            -0.011           -0.732
     COG040         COG062
       Category 1     Category 1        0.118       0.117             0.001            0.080
       Category 1     Category 2        0.009       0.010            -0.001           -0.253
       Category 2     Category 1        0.732       0.733            -0.001           -0.058
       Category 2     Category 2        0.141       0.140             0.001            0.074
     COG040         COG063
       Category 1     Category 1        0.119       0.121            -0.002           -0.190
       Category 1     Category 2        0.008       0.006             0.002            0.813
       Category 2     Category 1        0.767       0.765             0.002            0.146
       Category 2     Category 2        0.106       0.108            -0.002           -0.200
     COG040         COG064
       Category 1     Category 1        0.115       0.119            -0.004           -0.374
       Category 1     Category 2        0.012       0.008             0.004            1.387
       Category 2     Category 1        0.648       0.644             0.004            0.253
       Category 2     Category 2        0.225       0.229            -0.004           -0.289
     COG040         COG066
       Category 1     Category 1        0.112       0.118            -0.006           -0.504
       Category 1     Category 2        0.015       0.009             0.006            1.734
       Category 2     Category 1        0.712       0.706             0.006            0.357
       Category 2     Category 2        0.161       0.167            -0.006           -0.437
     COG041         COG043
       Category 1     Category 1        0.058       0.064            -0.006           -0.638
       Category 1     Category 2        0.222       0.216             0.006            0.379
       Category 2     Category 1        0.085       0.080             0.006            0.576
       Category 2     Category 2        0.635       0.640            -0.006           -0.325
     COG041         COG044
       Category 1     Category 1        0.054       0.050             0.004            0.522
       Category 1     Category 2        0.226       0.230            -0.004           -0.270
       Category 2     Category 1        0.058       0.062            -0.004           -0.470
       Category 2     Category 2        0.662       0.658             0.004            0.240
     COG041         COG045
       Category 1     Category 1        0.133       0.123             0.009            0.786
       Category 1     Category 2        0.147       0.157            -0.009           -0.710
       Category 2     Category 1        0.240       0.249            -0.009           -0.597
       Category 2     Category 2        0.480       0.471             0.009            0.517
     COG041         COG046
       Category 1     Category 1        0.168       0.169            -0.001           -0.063
       Category 1     Category 2        0.112       0.111             0.001            0.075
       Category 2     Category 1        0.345       0.344             0.001            0.050
       Category 2     Category 2        0.375       0.376            -0.001           -0.049
     COG041         COG048
       Category 1     Category 1        0.045       0.057            -0.013           -1.494
       Category 1     Category 2        0.235       0.223             0.013            0.835
       Category 2     Category 1        0.064       0.051             0.013            1.582
       Category 2     Category 2        0.656       0.669            -0.013           -0.739
     COG041         COG049
       Category 1     Category 1        0.060       0.061            -0.002           -0.171
       Category 1     Category 2        0.221       0.219             0.002            0.099
       Category 2     Category 1        0.096       0.095             0.002            0.140
       Category 2     Category 2        0.624       0.625            -0.002           -0.085
     COG041         COG050
       Category 1     Category 1        0.106       0.097             0.009            0.814
       Category 1     Category 2        0.175       0.183            -0.009           -0.622
       Category 2     Category 1        0.168       0.177            -0.009           -0.631
       Category 2     Category 2        0.552       0.543             0.009            0.483
     COG041         COG051
       Category 1     Category 1        0.055       0.048             0.008            0.960
       Category 1     Category 2        0.225       0.232            -0.008           -0.486
       Category 2     Category 1        0.065       0.072            -0.008           -0.791
       Category 2     Category 2        0.655       0.647             0.008            0.429
     COG041         COG052
       Category 1     Category 1        0.114       0.123            -0.009           -0.764
       Category 1     Category 2        0.166       0.157             0.009            0.689
       Category 2     Category 1        0.203       0.194             0.009            0.634
       Category 2     Category 2        0.517       0.526            -0.009           -0.502
     COG041         COG053
       Category 1     Category 1        0.114       0.135            -0.021           -1.707
       Category 1     Category 2        0.166       0.145             0.021            1.657
       Category 2     Category 1        0.221       0.199             0.021            1.461
       Category 2     Category 2        0.499       0.521            -0.021           -1.168
     COG041         COG054
       Category 1     Category 1        0.114       0.106             0.008            0.667
       Category 1     Category 2        0.166       0.174            -0.008           -0.542
       Category 2     Category 1        0.218       0.225            -0.008           -0.491
       Category 2     Category 2        0.502       0.494             0.008            0.411
     COG041         COG055
       Category 1     Category 1        0.058       0.049             0.009            1.135
       Category 1     Category 2        0.222       0.231            -0.009           -0.582
       Category 2     Category 1        0.064       0.073            -0.009           -0.945
       Category 2     Category 2        0.656       0.647             0.009            0.513
     COG041         COG056
       Category 1     Category 1        0.146       0.155            -0.008           -0.629
       Category 1     Category 2        0.134       0.126             0.008            0.687
       Category 2     Category 1        0.295       0.287             0.008            0.503
       Category 2     Category 2        0.425       0.433            -0.008           -0.459
     COG041         COG057
       Category 1     Category 1        0.254       0.247             0.007            0.471
       Category 1     Category 2        0.026       0.033            -0.007           -1.134
       Category 2     Category 1        0.562       0.569            -0.007           -0.410
       Category 2     Category 2        0.158       0.151             0.007            0.568
     COG041         COG058
       Category 1     Category 1        0.147       0.149            -0.001           -0.101
       Category 1     Category 2        0.133       0.131             0.001            0.106
       Category 2     Category 1        0.287       0.286             0.001            0.079
       Category 2     Category 2        0.433       0.434            -0.001           -0.072
     COG041         COG060
       Category 1     Category 1        0.203       0.200             0.003            0.214
       Category 1     Category 2        0.077       0.080            -0.003           -0.316
       Category 2     Category 1        0.409       0.412            -0.003           -0.174
       Category 2     Category 2        0.311       0.308             0.003            0.186
     COG041         COG061
       Category 1     Category 1        0.238       0.233             0.005            0.341
       Category 1     Category 2        0.042       0.047            -0.005           -0.680
       Category 2     Category 1        0.521       0.526            -0.005           -0.289
       Category 2     Category 2        0.199       0.194             0.005            0.365
     COG041         COG062
       Category 1     Category 1        0.263       0.250             0.013            0.788
       Category 1     Category 2        0.018       0.030            -0.013           -1.996
       Category 2     Category 1        0.587       0.600            -0.013           -0.697
       Category 2     Category 2        0.133       0.120             0.013            1.050
     COG041         COG063
       Category 1     Category 1        0.267       0.261             0.006            0.369
       Category 1     Category 2        0.014       0.019            -0.006           -1.173
       Category 2     Category 1        0.620       0.626            -0.006           -0.335
       Category 2     Category 2        0.100       0.094             0.006            0.555
     COG041         COG064
       Category 1     Category 1        0.241       0.241             0.000            0.016
       Category 1     Category 2        0.039       0.039             0.000           -0.036
       Category 2     Category 1        0.522       0.523             0.000           -0.014
       Category 2     Category 2        0.198       0.197             0.000            0.017
     COG041         COG066
       Category 1     Category 1        0.257       0.250             0.007            0.449
       Category 1     Category 2        0.023       0.030            -0.007           -1.137
       Category 2     Category 1        0.567       0.574            -0.007           -0.393
       Category 2     Category 2        0.153       0.146             0.007            0.551
     COG043         COG044
       Category 1     Category 1        0.031       0.035            -0.004           -0.631
       Category 1     Category 2        0.112       0.108             0.004            0.376
       Category 2     Category 1        0.081       0.077             0.004            0.438
       Category 2     Category 2        0.775       0.780            -0.004           -0.281
     COG043         COG045
       Category 1     Category 1        0.077       0.071             0.006            0.649
       Category 1     Category 2        0.066       0.072            -0.006           -0.643
       Category 2     Category 1        0.295       0.301            -0.006           -0.363
       Category 2     Category 2        0.562       0.555             0.006            0.335
     COG043         COG046
       Category 1     Category 1        0.088       0.096            -0.008           -0.771
       Category 1     Category 2        0.055       0.047             0.008            1.073
       Category 2     Category 1        0.425       0.417             0.008            0.461
       Category 2     Category 2        0.432       0.440            -0.008           -0.458
     COG043         COG048
       Category 1     Category 1        0.028       0.046            -0.017           -2.249
       Category 1     Category 2        0.115       0.098             0.017            1.581
       Category 2     Category 1        0.080       0.063             0.017            1.939
       Category 2     Category 2        0.777       0.794            -0.017           -1.161
     COG043         COG049
       Category 1     Category 1        0.042       0.040             0.002            0.307
       Category 1     Category 2        0.101       0.104            -0.002           -0.197
       Category 2     Category 1        0.114       0.116            -0.002           -0.187
       Category 2     Category 2        0.743       0.741             0.002            0.137
     COG043         COG050
       Category 1     Category 1        0.065       0.058             0.006            0.752
       Category 1     Category 2        0.078       0.085            -0.006           -0.633
       Category 2     Category 1        0.208       0.215            -0.006           -0.430
       Category 2     Category 2        0.648       0.642             0.006            0.368
     COG043         COG051
       Category 1     Category 1        0.032       0.032             0.001            0.137
       Category 1     Category 2        0.111       0.112            -0.001           -0.076
       Category 2     Category 1        0.088       0.089            -0.001           -0.084
       Category 2     Category 2        0.769       0.768             0.001            0.057
     COG043         COG052
       Category 1     Category 1        0.099       0.078             0.020            2.070
       Category 1     Category 2        0.045       0.065            -0.020           -2.254
       Category 2     Category 1        0.218       0.238            -0.020           -1.305
       Category 2     Category 2        0.639       0.618             0.020            1.145
     COG043         COG053
       Category 1     Category 1        0.061       0.088            -0.027           -2.592
       Category 1     Category 2        0.083       0.056             0.027            3.204
       Category 2     Category 1        0.273       0.246             0.027            1.703
       Category 2     Category 2        0.583       0.610            -0.027           -1.505
     COG043         COG054
       Category 1     Category 1        0.076       0.060             0.016            1.814
       Category 1     Category 2        0.068       0.084            -0.016           -1.557
       Category 2     Category 1        0.256       0.272            -0.016           -0.968
       Category 2     Category 2        0.601       0.585             0.016            0.874
     COG043         COG055
       Category 1     Category 1        0.043       0.033             0.011            1.621
       Category 1     Category 2        0.100       0.111            -0.011           -0.918
       Category 2     Category 1        0.078       0.089            -0.011           -1.012
       Category 2     Category 2        0.778       0.767             0.011            0.682
     COG043         COG056
       Category 1     Category 1        0.089       0.092            -0.003           -0.240
       Category 1     Category 2        0.054       0.052             0.003            0.314
       Category 2     Category 1        0.352       0.349             0.003            0.146
       Category 2     Category 2        0.505       0.507            -0.003           -0.139
     COG043         COG057
       Category 1     Category 1        0.123       0.132            -0.009           -0.734
       Category 1     Category 2        0.020       0.011             0.009            2.369
       Category 2     Category 1        0.693       0.684             0.009            0.535
       Category 2     Category 2        0.164       0.173            -0.009           -0.658
     COG043         COG058
       Category 1     Category 1        0.087       0.087            -0.001           -0.079
       Category 1     Category 2        0.057       0.056             0.001            0.097
       Category 2     Category 1        0.348       0.347             0.001            0.047
       Category 2     Category 2        0.509       0.510            -0.001           -0.044
     COG043         COG060
       Category 1     Category 1        0.116       0.113             0.003            0.298
       Category 1     Category 2        0.027       0.031            -0.003           -0.548
       Category 2     Category 1        0.495       0.499            -0.003           -0.189
       Category 2     Category 2        0.361       0.358             0.003            0.197
     COG043         COG061
       Category 1     Category 1        0.133       0.126             0.006            0.530
       Category 1     Category 2        0.011       0.017            -0.006           -1.349
       Category 2     Category 1        0.627       0.633            -0.006           -0.365
       Category 2     Category 2        0.230       0.224             0.006            0.422
     COG043         COG062
       Category 1     Category 1        0.139       0.132             0.007            0.593
       Category 1     Category 2        0.004       0.011            -0.007           -1.886
       Category 2     Category 1        0.710       0.718            -0.007           -0.446
       Category 2     Category 2        0.146       0.139             0.007            0.580
     COG043         COG063
       Category 1     Category 1        0.137       0.137             0.000           -0.037
       Category 1     Category 2        0.007       0.006             0.000            0.162
       Category 2     Category 1        0.750       0.749             0.000            0.029
       Category 2     Category 2        0.107       0.107             0.000           -0.041
     COG043         COG064
       Category 1     Category 1        0.133       0.132             0.001            0.084
       Category 1     Category 2        0.011       0.012            -0.001           -0.261
       Category 2     Category 1        0.631       0.632            -0.001           -0.059
       Category 2     Category 2        0.226       0.225             0.001            0.068
     COG043         COG066
       Category 1     Category 1        0.137       0.134             0.003            0.223
       Category 1     Category 2        0.007       0.010            -0.003           -0.782
       Category 2     Category 1        0.687       0.690            -0.003           -0.165
       Category 2     Category 2        0.169       0.166             0.003            0.204
     COG044         COG045
       Category 1     Category 1        0.065       0.055             0.009            1.122
       Category 1     Category 2        0.047       0.057            -0.009           -1.110
       Category 2     Category 1        0.307       0.317            -0.009           -0.552
       Category 2     Category 2        0.581       0.571             0.009            0.519
     COG044         COG046
       Category 1     Category 1        0.076       0.075             0.001            0.056
       Category 1     Category 2        0.037       0.037            -0.001           -0.078
       Category 2     Category 1        0.437       0.438            -0.001           -0.030
       Category 2     Category 2        0.451       0.450             0.001            0.029
     COG044         COG048
       Category 1     Category 1        0.028       0.036            -0.007           -1.094
       Category 1     Category 2        0.084       0.076             0.007            0.766
       Category 2     Category 1        0.080       0.072             0.007            0.786
       Category 2     Category 2        0.808       0.815            -0.007           -0.525
     COG044         COG049
       Category 1     Category 1        0.034       0.031             0.003            0.427
       Category 1     Category 2        0.078       0.081            -0.003           -0.272
       Category 2     Category 1        0.122       0.125            -0.003           -0.225
       Category 2     Category 2        0.766       0.763             0.003            0.174
     COG044         COG050
       Category 1     Category 1        0.054       0.046             0.008            1.098
       Category 1     Category 2        0.058       0.067            -0.008           -0.919
       Category 2     Category 1        0.219       0.228            -0.008           -0.547
       Category 2     Category 2        0.668       0.660             0.008            0.484
     COG044         COG051
       Category 1     Category 1        0.030       0.025             0.005            0.879
       Category 1     Category 2        0.083       0.088            -0.005           -0.483
       Category 2     Category 1        0.091       0.096            -0.005           -0.464
       Category 2     Category 2        0.797       0.792             0.005            0.337
     COG044         COG052
       Category 1     Category 1        0.055       0.061            -0.006           -0.639
       Category 1     Category 2        0.057       0.051             0.006            0.694
       Category 2     Category 1        0.261       0.256             0.006            0.351
       Category 2     Category 2        0.627       0.632            -0.006           -0.317
     COG044         COG053
       Category 1     Category 1        0.062       0.068            -0.006           -0.669
       Category 1     Category 2        0.050       0.044             0.006            0.825
       Category 2     Category 1        0.272       0.266             0.006            0.383
       Category 2     Category 2        0.616       0.622            -0.006           -0.349
     COG044         COG054
       Category 1     Category 1        0.054       0.047             0.007            0.933
       Category 1     Category 2        0.058       0.065            -0.007           -0.798
       Category 2     Category 1        0.277       0.285            -0.007           -0.437
       Category 2     Category 2        0.610       0.603             0.007            0.403
     COG044         COG055
       Category 1     Category 1        0.030       0.026             0.004            0.715
       Category 1     Category 2        0.083       0.087            -0.004           -0.402
       Category 2     Category 1        0.092       0.096            -0.004           -0.383
       Category 2     Category 2        0.796       0.792             0.004            0.278
     COG044         COG056
       Category 1     Category 1        0.074       0.072             0.003            0.287
       Category 1     Category 2        0.038       0.041            -0.003           -0.375
       Category 2     Category 1        0.367       0.369            -0.003           -0.154
       Category 2     Category 2        0.521       0.518             0.003            0.148
     COG044         COG057
       Category 1     Category 1        0.095       0.103            -0.009           -0.775
       Category 1     Category 2        0.018       0.009             0.009            2.512
       Category 2     Category 1        0.721       0.713             0.009            0.522
       Category 2     Category 2        0.166       0.175            -0.009           -0.621
     COG044         COG058
       Category 1     Category 1        0.068       0.068            -0.001           -0.066
       Category 1     Category 2        0.045       0.044             0.001            0.081
       Category 2     Category 1        0.367       0.366             0.001            0.034
       Category 2     Category 2        0.521       0.522            -0.001           -0.033
     COG044         COG060
       Category 1     Category 1        0.091       0.088             0.003            0.241
       Category 1     Category 2        0.022       0.024            -0.003           -0.445
       Category 2     Category 1        0.521       0.523            -0.003           -0.137
       Category 2     Category 2        0.367       0.364             0.003            0.142
     COG044         COG061
       Category 1     Category 1        0.097       0.099            -0.001           -0.105
       Category 1     Category 2        0.015       0.014             0.001            0.270
       Category 2     Category 1        0.662       0.661             0.001            0.066
       Category 2     Category 2        0.226       0.227            -0.001           -0.075
     COG044         COG062
       Category 1     Category 1        0.104       0.103             0.001            0.084
       Category 1     Category 2        0.008       0.009            -0.001           -0.271
       Category 2     Category 1        0.746       0.747            -0.001           -0.059
       Category 2     Category 2        0.142       0.141             0.001            0.074
     COG044         COG063
       Category 1     Category 1        0.107       0.107             0.000           -0.032
       Category 1     Category 2        0.005       0.005             0.000            0.140
       Category 2     Category 1        0.779       0.779             0.000            0.024
       Category 2     Category 2        0.108       0.109             0.000           -0.032
     COG044         COG064
       Category 1     Category 1        0.101       0.103            -0.001           -0.112
       Category 1     Category 2        0.011       0.010             0.001            0.349
       Category 2     Category 1        0.662       0.660             0.001            0.072
       Category 2     Category 2        0.226       0.227            -0.001           -0.081
     COG044         COG066
       Category 1     Category 1        0.107       0.105             0.002            0.201
       Category 1     Category 2        0.005       0.008            -0.002           -0.706
       Category 2     Category 1        0.717       0.719            -0.002           -0.137
       Category 2     Category 2        0.171       0.168             0.002            0.165
     COG045         COG046
       Category 1     Category 1        0.223       0.210             0.013            0.858
       Category 1     Category 2        0.149       0.162            -0.013           -0.949
       Category 2     Category 1        0.290       0.302            -0.013           -0.761
       Category 2     Category 2        0.338       0.325             0.013            0.746
     COG045         COG048
       Category 1     Category 1        0.051       0.060            -0.008           -0.971
       Category 1     Category 2        0.321       0.312             0.008            0.497
       Category 2     Category 1        0.057       0.048             0.008            1.074
       Category 2     Category 2        0.571       0.580            -0.008           -0.467
     COG045         COG049
       Category 1     Category 1        0.088       0.087             0.001            0.121
       Category 1     Category 2        0.284       0.285            -0.001           -0.075
       Category 2     Category 1        0.068       0.069            -0.001           -0.134
       Category 2     Category 2        0.560       0.559             0.001            0.069
     COG045         COG050
       Category 1     Category 1        0.181       0.144             0.038            2.917
       Category 1     Category 2        0.191       0.228            -0.038           -2.437
       Category 2     Category 1        0.092       0.130            -0.038           -3.046
       Category 2     Category 2        0.536       0.498             0.038            2.046
     COG045         COG051
       Category 1     Category 1        0.072       0.068             0.004            0.385
       Category 1     Category 2        0.300       0.304            -0.004           -0.211
       Category 2     Category 1        0.049       0.052            -0.004           -0.436
       Category 2     Category 2        0.579       0.576             0.004            0.196
     COG045         COG052
       Category 1     Category 1        0.146       0.144             0.002            0.173
       Category 1     Category 2        0.226       0.228            -0.002           -0.145
       Category 2     Category 1        0.171       0.173            -0.002           -0.161
       Category 2     Category 2        0.457       0.455             0.002            0.122
     COG045         COG053
       Category 1     Category 1        0.157       0.156             0.001            0.078
       Category 1     Category 2        0.215       0.216            -0.001           -0.068
       Category 2     Category 1        0.177       0.178            -0.001           -0.074
       Category 2     Category 2        0.451       0.450             0.001            0.057
     COG045         COG054
       Category 1     Category 1        0.150       0.145             0.005            0.369
       Category 1     Category 2        0.222       0.227            -0.005           -0.310
       Category 2     Category 1        0.181       0.186            -0.005           -0.334
       Category 2     Category 2        0.447       0.442             0.005            0.262
     COG045         COG055
       Category 1     Category 1        0.066       0.070            -0.004           -0.397
       Category 1     Category 2        0.306       0.302             0.004            0.220
       Category 2     Category 1        0.055       0.052             0.004            0.457
       Category 2     Category 2        0.572       0.576            -0.004           -0.205
     COG045         COG056
       Category 1     Category 1        0.202       0.216            -0.015           -0.963
       Category 1     Category 2        0.171       0.156             0.015            1.093
       Category 2     Category 1        0.240       0.225             0.015            0.950
       Category 2     Category 2        0.388       0.403            -0.015           -0.809
     COG045         COG057
       Category 1     Category 1        0.314       0.319            -0.005           -0.269
       Category 1     Category 2        0.058       0.054             0.005            0.557
       Category 2     Category 1        0.502       0.497             0.005            0.251
       Category 2     Category 2        0.126       0.130            -0.005           -0.373
     COG045         COG058
       Category 1     Category 1        0.198       0.207            -0.010           -0.644
       Category 1     Category 2        0.175       0.165             0.010            0.704
       Category 2     Category 1        0.237       0.227             0.010            0.623
       Category 2     Category 2        0.391       0.401            -0.010           -0.533
     COG045         COG060
       Category 1     Category 1        0.271       0.276            -0.005           -0.307
       Category 1     Category 2        0.101       0.096             0.005            0.464
       Category 2     Category 1        0.341       0.336             0.005            0.290
       Category 2     Category 2        0.287       0.292            -0.005           -0.301
     COG045         COG061
       Category 1     Category 1        0.300       0.317            -0.016           -0.941
       Category 1     Category 2        0.072       0.056             0.016            1.910
       Category 2     Category 1        0.459       0.443             0.016            0.881
       Category 2     Category 2        0.169       0.185            -0.016           -1.127
     COG045         COG062
       Category 1     Category 1        0.342       0.336             0.006            0.352
       Category 1     Category 2        0.030       0.036            -0.006           -0.894
       Category 2     Category 1        0.507       0.514            -0.006           -0.333
       Category 2     Category 2        0.120       0.114             0.006            0.523
     COG045         COG063
       Category 1     Category 1        0.342       0.351            -0.008           -0.465
       Category 1     Category 2        0.030       0.022             0.008            1.526
       Category 2     Category 1        0.544       0.536             0.008            0.445
       Category 2     Category 2        0.084       0.092            -0.008           -0.767
     COG045         COG064
       Category 1     Category 1        0.318       0.340            -0.022           -1.244
       Category 1     Category 2        0.054       0.032             0.022            3.323
       Category 2     Category 1        0.445       0.424             0.022            1.192
       Category 2     Category 2        0.183       0.204            -0.022           -1.461
     COG045         COG066
       Category 1     Category 1        0.329       0.339            -0.010           -0.575
       Category 1     Category 2        0.043       0.033             0.010            1.518
       Category 2     Category 1        0.495       0.485             0.010            0.545
       Category 2     Category 2        0.133       0.143            -0.010           -0.779
     COG046         COG048
       Category 1     Category 1        0.072       0.080            -0.008           -0.847
       Category 1     Category 2        0.441       0.433             0.008            0.464
       Category 2     Category 1        0.037       0.028             0.008            1.392
       Category 2     Category 2        0.451       0.459            -0.008           -0.461
     COG046         COG049
       Category 1     Category 1        0.101       0.097             0.004            0.408
       Category 1     Category 2        0.411       0.416            -0.004           -0.245
       Category 2     Category 1        0.054       0.059            -0.004           -0.514
       Category 2     Category 2        0.433       0.429             0.004            0.244
     COG046         COG050
       Category 1     Category 1        0.157       0.161            -0.004           -0.276
       Category 1     Category 2        0.356       0.352             0.004            0.212
       Category 2     Category 1        0.116       0.113             0.004            0.320
       Category 2     Category 2        0.371       0.374            -0.004           -0.209
     COG046         COG051
       Category 1     Category 1        0.080       0.076             0.004            0.426
       Category 1     Category 2        0.433       0.437            -0.004           -0.227
       Category 2     Category 1        0.041       0.045            -0.004           -0.545
       Category 2     Category 2        0.447       0.442             0.004            0.227
     COG046         COG052
       Category 1     Category 1        0.162       0.197            -0.035           -2.364
       Category 1     Category 2        0.350       0.316             0.035            2.022
       Category 2     Category 1        0.154       0.120             0.035            2.896
       Category 2     Category 2        0.333       0.367            -0.035           -1.950
     COG046         COG053
       Category 1     Category 1        0.191       0.213            -0.022           -1.492
       Category 1     Category 2        0.322       0.300             0.022            1.334
       Category 2     Category 1        0.143       0.121             0.022            1.874
       Category 2     Category 2        0.344       0.366            -0.022           -1.268
     COG046         COG054
       Category 1     Category 1        0.183       0.184            -0.001           -0.076
       Category 1     Category 2        0.330       0.329             0.001            0.063
       Category 2     Category 1        0.149       0.148             0.001            0.083
       Category 2     Category 2        0.338       0.339            -0.001           -0.062
     COG046         COG055
       Category 1     Category 1        0.084       0.077             0.007            0.685
       Category 1     Category 2        0.429       0.436            -0.007           -0.369
       Category 2     Category 1        0.038       0.045            -0.007           -0.886
       Category 2     Category 2        0.449       0.443             0.007            0.368
     COG046         COG056
       Category 1     Category 1        0.263       0.258             0.004            0.251
       Category 1     Category 2        0.250       0.254            -0.004           -0.252
       Category 2     Category 1        0.179       0.183            -0.004           -0.285
       Category 2     Category 2        0.309       0.304             0.004            0.239
     COG046         COG057
       Category 1     Category 1        0.432       0.439            -0.007           -0.404
       Category 1     Category 2        0.081       0.074             0.007            0.767
       Category 2     Category 1        0.384       0.377             0.007            0.414
       Category 2     Category 2        0.103       0.110            -0.007           -0.640
     COG046         COG058
       Category 1     Category 1        0.258       0.251             0.007            0.465
       Category 1     Category 2        0.254       0.262            -0.007           -0.459
       Category 2     Category 1        0.176       0.183            -0.007           -0.521
       Category 2     Category 2        0.311       0.304             0.007            0.438
     COG046         COG060
       Category 1     Category 1        0.353       0.344             0.009            0.509
       Category 1     Category 2        0.160       0.169            -0.009           -0.646
       Category 2     Category 1        0.258       0.267            -0.009           -0.546
       Category 2     Category 2        0.229       0.220             0.009            0.584
     COG046         COG061
       Category 1     Category 1        0.425       0.412             0.013            0.736
       Category 1     Category 2        0.088       0.101            -0.013           -1.201
       Category 2     Category 1        0.334       0.348            -0.013           -0.761
       Category 2     Category 2        0.153       0.140             0.013            1.046
     COG046         COG062
       Category 1     Category 1        0.470       0.449             0.021            1.121
       Category 1     Category 2        0.043       0.064            -0.021           -2.282
       Category 2     Category 1        0.380       0.401            -0.021           -1.138
       Category 2     Category 2        0.107       0.086             0.021            1.985
     COG046         COG063
       Category 1     Category 1        0.478       0.469             0.009            0.493
       Category 1     Category 2        0.035       0.044            -0.009           -1.198
       Category 2     Category 1        0.409       0.418            -0.009           -0.499
       Category 2     Category 2        0.078       0.069             0.009            0.969
     COG046         COG064
       Category 1     Category 1        0.422       0.422             0.001            0.037
       Category 1     Category 2        0.091       0.091            -0.001           -0.064
       Category 2     Category 1        0.341       0.342            -0.001           -0.039
       Category 2     Category 2        0.146       0.145             0.001            0.052
     COG046         COG066
       Category 1     Category 1        0.463       0.444             0.019            1.016
       Category 1     Category 2        0.050       0.069            -0.019           -1.997
       Category 2     Category 1        0.361       0.380            -0.019           -1.040
       Category 2     Category 2        0.126       0.107             0.019            1.631
     COG048         COG049
       Category 1     Category 1        0.027       0.037            -0.010           -1.484
       Category 1     Category 2        0.081       0.071             0.010            1.098
       Category 2     Category 1        0.129       0.118             0.010            0.872
       Category 2     Category 2        0.763       0.774            -0.010           -0.673
     COG048         COG050
       Category 1     Category 1        0.047       0.051            -0.004           -0.506
       Category 1     Category 2        0.061       0.057             0.004            0.483
       Category 2     Category 1        0.226       0.222             0.004            0.269
       Category 2     Category 2        0.666       0.670            -0.004           -0.238
     COG048         COG051
       Category 1     Category 1        0.030       0.030             0.000           -0.054
       Category 1     Category 2        0.078       0.078             0.000            0.034
       Category 2     Category 1        0.091       0.090             0.000            0.032
       Category 2     Category 2        0.801       0.801             0.000           -0.023
     COG048         COG052
       Category 1     Category 1        0.051       0.072            -0.020           -2.141
       Category 1     Category 2        0.057       0.037             0.020            2.947
       Category 2     Category 1        0.265       0.245             0.020            1.285
       Category 2     Category 2        0.627       0.647            -0.020           -1.156
     COG048         COG053
       Category 1     Category 1        0.107       0.081             0.025            2.527
       Category 1     Category 2        0.001       0.027            -0.025           -4.282
       Category 2     Category 1        0.227       0.253            -0.025           -1.590
       Category 2     Category 2        0.664       0.639             0.025            1.439
     COG048         COG054
       Category 1     Category 1        0.051       0.050             0.002            0.216
       Category 1     Category 2        0.057       0.059            -0.002           -0.200
       Category 2     Category 1        0.280       0.282            -0.002           -0.104
       Category 2     Category 2        0.612       0.610             0.002            0.096
     COG048         COG055
       Category 1     Category 1        0.028       0.031            -0.003           -0.465
       Category 1     Category 2        0.080       0.077             0.003            0.305
       Category 2     Category 1        0.093       0.090             0.003            0.283
       Category 2     Category 2        0.798       0.801            -0.003           -0.203
     COG048         COG056
       Category 1     Category 1        0.054       0.079            -0.025           -2.516
       Category 1     Category 2        0.054       0.029             0.025            4.036
       Category 2     Category 1        0.387       0.362             0.025            1.413
       Category 2     Category 2        0.505       0.530            -0.025           -1.360
     COG048         COG057
       Category 1     Category 1        0.096       0.103            -0.007           -0.654
       Category 1     Category 2        0.012       0.005             0.007            2.866
       Category 2     Category 1        0.720       0.713             0.007            0.440
       Category 2     Category 2        0.172       0.179            -0.007           -0.519
     COG048         COG058
       Category 1     Category 1        0.058       0.075            -0.016           -1.704
       Category 1     Category 2        0.050       0.034             0.016            2.485
       Category 2     Category 1        0.376       0.360             0.016            0.933
       Category 2     Category 2        0.516       0.532            -0.016           -0.897
     COG048         COG060
       Category 1     Category 1        0.078       0.093            -0.014           -1.326
       Category 1     Category 2        0.030       0.016             0.014            3.100
       Category 2     Category 1        0.533       0.519             0.014            0.769
       Category 2     Category 2        0.359       0.373            -0.014           -0.795
     COG048         COG061
       Category 1     Category 1        0.087       0.100            -0.013           -1.191
       Category 1     Category 2        0.022       0.009             0.013            3.880
       Category 2     Category 1        0.673       0.659             0.013            0.753
       Category 2     Category 2        0.219       0.232            -0.013           -0.845
     COG048         COG062
       Category 1     Category 1        0.097       0.102            -0.005           -0.431
       Category 1     Category 2        0.011       0.006             0.005            1.688
       Category 2     Category 1        0.752       0.748             0.005            0.301
       Category 2     Category 2        0.139       0.144            -0.005           -0.372
     COG048         COG063
       Category 1     Category 1        0.100       0.106            -0.005           -0.486
       Category 1     Category 2        0.008       0.003             0.005            2.922
       Category 2     Category 1        0.786       0.781             0.005            0.361
       Category 2     Category 2        0.106       0.111            -0.005           -0.476
     COG048         COG064
       Category 1     Category 1        0.100       0.104            -0.004           -0.353
       Category 1     Category 2        0.008       0.004             0.004            1.677
       Category 2     Category 1        0.663       0.659             0.004            0.228
       Category 2     Category 2        0.229       0.233            -0.004           -0.255
     COG048         COG066
       Category 1     Category 1        0.099       0.104            -0.006           -0.505
       Category 1     Category 2        0.009       0.004             0.006            2.515
       Category 2     Category 1        0.725       0.720             0.006            0.344
       Category 2     Category 2        0.166       0.172            -0.006           -0.409
     COG049         COG050
       Category 1     Category 1        0.078       0.075             0.004            0.403
       Category 1     Category 2        0.077       0.081            -0.004           -0.388
       Category 2     Category 1        0.195       0.199            -0.004           -0.265
       Category 2     Category 2        0.650       0.646             0.004            0.221
     COG049         COG051
       Category 1     Category 1        0.068       0.065             0.002            0.260
       Category 1     Category 2        0.088       0.090            -0.002           -0.224
       Category 2     Category 1        0.053       0.055            -0.002           -0.281
       Category 2     Category 2        0.792       0.789             0.002            0.157
     COG049         COG052
       Category 1     Category 1        0.074       0.073             0.001            0.105
       Category 1     Category 2        0.081       0.082            -0.001           -0.099
       Category 2     Category 1        0.242       0.243            -0.001           -0.064
       Category 2     Category 2        0.602       0.601             0.001            0.056
     COG049         COG053
       Category 1     Category 1        0.069       0.081            -0.012           -1.220
       Category 1     Category 2        0.087       0.074             0.012            1.270
       Category 2     Category 1        0.265       0.253             0.012            0.767
       Category 2     Category 2        0.579       0.591            -0.012           -0.678
     COG049         COG054
       Category 1     Category 1        0.074       0.085            -0.011           -1.063
       Category 1     Category 2        0.081       0.070             0.011            1.162
       Category 2     Category 1        0.257       0.246             0.011            0.690
       Category 2     Category 2        0.587       0.598            -0.011           -0.606
     COG049         COG055
       Category 1     Category 1        0.062       0.069            -0.007           -0.743
       Category 1     Category 2        0.093       0.086             0.007            0.671
       Category 2     Category 1        0.060       0.053             0.007            0.845
       Category 2     Category 2        0.785       0.792            -0.007           -0.464
     COG049         COG056
       Category 1     Category 1        0.154       0.144             0.010            0.759
       Category 1     Category 2        0.001       0.011            -0.010           -2.539
       Category 2     Category 1        0.287       0.297            -0.010           -0.584
       Category 2     Category 2        0.558       0.548             0.010            0.536
     COG049         COG057
       Category 1     Category 1        0.142       0.139             0.003            0.231
       Category 1     Category 2        0.014       0.016            -0.003           -0.627
       Category 2     Category 1        0.674       0.677            -0.003           -0.171
       Category 2     Category 2        0.171       0.168             0.003            0.214
     COG049         COG058
       Category 1     Category 1        0.123       0.135            -0.012           -0.936
       Category 1     Category 2        0.032       0.021             0.012            2.244
       Category 2     Category 1        0.311       0.299             0.012            0.698
       Category 2     Category 2        0.533       0.545            -0.012           -0.642
     COG049         COG060
       Category 1     Category 1        0.150       0.152            -0.002           -0.147
       Category 1     Category 2        0.005       0.003             0.002            0.895
       Category 2     Category 1        0.461       0.459             0.002            0.106
       Category 2     Category 2        0.383       0.385            -0.002           -0.108
     COG049         COG061
       Category 1     Category 1        0.147       0.154            -0.006           -0.459
       Category 1     Category 2        0.008       0.002             0.006            3.682
       Category 2     Category 1        0.612       0.606             0.006            0.339
       Category 2     Category 2        0.233       0.239            -0.006           -0.388
     COG049         COG062
       Category 1     Category 1        0.152       0.153            -0.002           -0.114
       Category 1     Category 2        0.004       0.003             0.002            0.818
       Category 2     Category 1        0.698       0.697             0.002            0.090
       Category 2     Category 2        0.146       0.148            -0.002           -0.116
     COG049         COG063
       Category 1     Category 1        0.154       0.155            -0.001           -0.084
       Category 1     Category 2        0.001       0.000             0.001            2.030
       Category 2     Category 1        0.732       0.731             0.001            0.069
       Category 2     Category 2        0.112       0.113            -0.001           -0.097
     COG049         COG064
       Category 1     Category 1        0.145       0.151            -0.006           -0.449
       Category 1     Category 2        0.011       0.005             0.006            2.299
       Category 2     Category 1        0.618       0.612             0.006            0.330
       Category 2     Category 2        0.226       0.232            -0.006           -0.381
     COG049         COG066
       Category 1     Category 1        0.156       0.156             0.000            0.008
       Category 1     Category 2        0.000       0.000             0.000           -0.279
       Category 2     Category 1        0.668       0.669             0.000           -0.006
       Category 2     Category 2        0.176       0.176             0.000            0.008
     COG050         COG051
       Category 1     Category 1        0.064       0.059             0.005            0.526
       Category 1     Category 2        0.210       0.214            -0.005           -0.302
       Category 2     Category 1        0.057       0.061            -0.005           -0.516
       Category 2     Category 2        0.670       0.665             0.005            0.263
     COG050         COG052
       Category 1     Category 1        0.120       0.114             0.006            0.516
       Category 1     Category 2        0.153       0.159            -0.006           -0.449
       Category 2     Category 1        0.196       0.202            -0.006           -0.409
       Category 2     Category 2        0.530       0.524             0.006            0.329
     COG050         COG053
       Category 1     Category 1        0.122       0.125            -0.003           -0.272
       Category 1     Category 2        0.152       0.148             0.003            0.254
       Category 2     Category 1        0.212       0.209             0.003            0.222
       Category 2     Category 2        0.514       0.518            -0.003           -0.180
     COG050         COG054
       Category 1     Category 1        0.127       0.114             0.013            1.123
       Category 1     Category 2        0.146       0.159            -0.013           -0.975
       Category 2     Category 1        0.204       0.217            -0.013           -0.865
       Category 2     Category 2        0.522       0.509             0.013            0.714
     COG050         COG055
       Category 1     Category 1        0.065       0.061             0.004            0.445
       Category 1     Category 2        0.208       0.212            -0.004           -0.261
       Category 2     Category 1        0.057       0.061            -0.004           -0.446
       Category 2     Category 2        0.670       0.666             0.004            0.226
     COG050         COG056
       Category 1     Category 1        0.162       0.176            -0.013           -0.957
       Category 1     Category 2        0.111       0.098             0.013            1.228
       Category 2     Category 1        0.279       0.265             0.013            0.825
       Category 2     Category 2        0.448       0.461            -0.013           -0.731
     COG050         COG057
       Category 1     Category 1        0.233       0.238            -0.005           -0.351
       Category 1     Category 2        0.041       0.035             0.005            0.812
       Category 2     Category 1        0.583       0.578             0.005            0.302
       Category 2     Category 2        0.143       0.149            -0.005           -0.420
     COG050         COG058
       Category 1     Category 1        0.156       0.167            -0.011           -0.829
       Category 1     Category 2        0.118       0.106             0.011            1.003
       Category 2     Category 1        0.279       0.267             0.011            0.699
       Category 2     Category 2        0.448       0.459            -0.011           -0.621
     COG050         COG060
       Category 1     Category 1        0.211       0.217            -0.005           -0.360
       Category 1     Category 2        0.062       0.057             0.005            0.640
       Category 2     Category 1        0.401       0.395             0.005            0.303
       Category 2     Category 2        0.326       0.332            -0.005           -0.315
     COG050         COG061
       Category 1     Category 1        0.238       0.242            -0.003           -0.215
       Category 1     Category 2        0.035       0.032             0.003            0.524
       Category 2     Category 1        0.521       0.518             0.003            0.184
       Category 2     Category 2        0.206       0.209            -0.003           -0.226
     COG050         COG062
       Category 1     Category 1        0.250       0.252            -0.002           -0.115
       Category 1     Category 2        0.023       0.021             0.002            0.347
       Category 2     Category 1        0.599       0.598             0.002            0.102
       Category 2     Category 2        0.127       0.129            -0.002           -0.149
     COG050         COG063
       Category 1     Category 1        0.263       0.262             0.000            0.020
       Category 1     Category 2        0.011       0.011             0.000           -0.084
       Category 2     Category 1        0.624       0.624             0.000           -0.018
       Category 2     Category 2        0.103       0.103             0.000            0.029
     COG050         COG064
       Category 1     Category 1        0.240       0.261            -0.022           -1.351
       Category 1     Category 2        0.034       0.012             0.022            5.451
       Category 2     Category 1        0.524       0.502             0.022            1.187
       Category 2     Category 2        0.203       0.225            -0.022           -1.422
     COG050         COG066
       Category 1     Category 1        0.249       0.257            -0.008           -0.468
       Category 1     Category 2        0.024       0.017             0.008            1.588
       Category 2     Category 1        0.575       0.568             0.008            0.412
       Category 2     Category 2        0.152       0.159            -0.008           -0.559
     COG051         COG052
       Category 1     Category 1        0.065       0.058             0.007            0.838
       Category 1     Category 2        0.055       0.063            -0.007           -0.807
       Category 2     Category 1        0.252       0.259            -0.007           -0.447
       Category 2     Category 2        0.628       0.621             0.007            0.403
     COG051         COG053
       Category 1     Category 1        0.061       0.064            -0.003           -0.346
       Category 1     Category 2        0.060       0.056             0.003            0.367
       Category 2     Category 1        0.273       0.270             0.003            0.191
       Category 2     Category 2        0.606       0.609            -0.003           -0.173
     COG051         COG054
       Category 1     Category 1        0.066       0.067            -0.001           -0.111
       Category 1     Category 2        0.054       0.053             0.001            0.124
       Category 2     Category 1        0.265       0.264             0.001            0.063
       Category 2     Category 2        0.614       0.615            -0.001           -0.057
     COG051         COG055
       Category 1     Category 1        0.061       0.057             0.004            0.487
       Category 1     Category 2        0.060       0.064            -0.004           -0.461
       Category 2     Category 1        0.061       0.065            -0.004           -0.457
       Category 2     Category 2        0.819       0.815             0.004            0.290
     COG051         COG056
       Category 1     Category 1        0.111       0.112            -0.001           -0.122
       Category 1     Category 2        0.009       0.008             0.001            0.430
       Category 2     Category 1        0.330       0.329             0.001            0.082
       Category 2     Category 2        0.549       0.551            -0.001           -0.077
     COG051         COG057
       Category 1     Category 1        0.110       0.108             0.002            0.141
       Category 1     Category 2        0.011       0.012            -0.002           -0.395
       Category 2     Category 1        0.706       0.708            -0.002           -0.096
       Category 2     Category 2        0.173       0.172             0.002            0.116
     COG051         COG058
       Category 1     Category 1        0.120       0.105             0.015            1.322
       Category 1     Category 2        0.000       0.015            -0.015           -3.347
       Category 2     Category 1        0.314       0.329            -0.015           -0.864
       Category 2     Category 2        0.566       0.551             0.015            0.816
     COG051         COG060
       Category 1     Category 1        0.116       0.118            -0.001           -0.125
       Category 1     Category 2        0.004       0.003             0.001            0.799
       Category 2     Category 1        0.495       0.494             0.001            0.081
       Category 2     Category 2        0.384       0.386            -0.001           -0.083
     COG051         COG061
       Category 1     Category 1        0.116       0.119            -0.003           -0.216
       Category 1     Category 2        0.004       0.001             0.003            1.811
       Category 2     Category 1        0.643       0.640             0.003            0.146
       Category 2     Category 2        0.237       0.239            -0.003           -0.164
     COG051         COG062
       Category 1     Category 1        0.118       0.119            -0.001           -0.072
       Category 1     Category 2        0.003       0.002             0.001            0.541
       Category 2     Category 1        0.732       0.731             0.001            0.052
       Category 2     Category 2        0.147       0.148            -0.001           -0.065
     COG051         COG063
       Category 1     Category 1        0.118       0.120            -0.003           -0.211
       Category 1     Category 2        0.003       0.000             0.003            5.184
       Category 2     Category 1        0.769       0.766             0.003            0.162
       Category 2     Category 2        0.111       0.113            -0.003           -0.217
     COG051         COG064
       Category 1     Category 1        0.115       0.117            -0.002           -0.156
       Category 1     Category 2        0.005       0.004             0.002            0.841
       Category 2     Category 1        0.648       0.646             0.002            0.105
       Category 2     Category 2        0.231       0.233            -0.002           -0.119
     COG051         COG066
       Category 1     Category 1        0.120       0.120             0.000            0.008
       Category 1     Category 2        0.000       0.000             0.000           -0.263
       Category 2     Category 1        0.704       0.704             0.000           -0.006
       Category 2     Category 2        0.176       0.176             0.000            0.007
     COG052         COG053
       Category 1     Category 1        0.141       0.164            -0.023           -1.696
       Category 1     Category 2        0.176       0.153             0.023            1.745
       Category 2     Category 1        0.194       0.170             0.023            1.669
       Category 2     Category 2        0.490       0.513            -0.023           -1.256
     COG052         COG054
       Category 1     Category 1        0.157       0.123             0.034            2.788
       Category 1     Category 2        0.160       0.193            -0.034           -2.320
       Category 2     Category 1        0.175       0.208            -0.034           -2.257
       Category 2     Category 2        0.509       0.475             0.034            1.835
     COG052         COG055
       Category 1     Category 1        0.077       0.059             0.018            2.045
       Category 1     Category 2        0.240       0.257            -0.018           -1.105
       Category 2     Category 1        0.045       0.062            -0.018           -1.997
       Category 2     Category 2        0.639       0.621             0.018            0.996
     COG052         COG056
       Category 1     Category 1        0.180       0.183            -0.003           -0.184
       Category 1     Category 2        0.137       0.134             0.003            0.208
       Category 2     Category 1        0.261       0.259             0.003            0.162
       Category 2     Category 2        0.422       0.425            -0.003           -0.144
     COG052         COG057
       Category 1     Category 1        0.277       0.284            -0.006           -0.371
       Category 1     Category 2        0.039       0.033             0.006            0.934
       Category 2     Category 1        0.539       0.532             0.006            0.335
       Category 2     Category 2        0.145       0.151            -0.006           -0.467
     COG052         COG058
       Category 1     Category 1        0.171       0.175            -0.005           -0.330
       Category 1     Category 2        0.146       0.142             0.005            0.360
       Category 2     Category 1        0.264       0.259             0.005            0.286
       Category 2     Category 2        0.419       0.424            -0.005           -0.254
     COG052         COG060
       Category 1     Category 1        0.237       0.233             0.004            0.242
       Category 1     Category 2        0.080       0.084            -0.004           -0.369
       Category 2     Category 1        0.375       0.379            -0.004           -0.211
       Category 2     Category 2        0.309       0.305             0.004            0.222
     COG052         COG061
       Category 1     Category 1        0.277       0.268             0.009            0.567
       Category 1     Category 2        0.039       0.048            -0.009           -1.169
       Category 2     Category 1        0.482       0.491            -0.009           -0.502
       Category 2     Category 2        0.202       0.192             0.009            0.637
     COG052         COG062
       Category 1     Category 1        0.291       0.285             0.005            0.331
       Category 1     Category 2        0.026       0.031            -0.005           -0.859
       Category 2     Category 1        0.559       0.564            -0.005           -0.301
       Category 2     Category 2        0.124       0.119             0.005            0.461
     COG052         COG063
       Category 1     Category 1        0.302       0.297             0.004            0.253
       Category 1     Category 2        0.015       0.019            -0.004           -0.845
       Category 2     Category 1        0.585       0.589            -0.004           -0.235
       Category 2     Category 2        0.099       0.095             0.004            0.396
     COG052         COG064
       Category 1     Category 1        0.280       0.279             0.002            0.096
       Category 1     Category 2        0.037       0.038            -0.002           -0.225
       Category 2     Category 1        0.483       0.485            -0.002           -0.086
       Category 2     Category 2        0.200       0.199             0.002            0.108
     COG052         COG066
       Category 1     Category 1        0.288       0.287             0.001            0.066
       Category 1     Category 2        0.028       0.030            -0.001           -0.177
       Category 2     Category 1        0.536       0.537            -0.001           -0.060
       Category 2     Category 2        0.147       0.146             0.001            0.085
     COG053         COG054
       Category 1     Category 1        0.139       0.133             0.006            0.518
       Category 1     Category 2        0.195       0.201            -0.006           -0.439
       Category 2     Category 1        0.192       0.199            -0.006           -0.441
       Category 2     Category 2        0.474       0.467             0.006            0.353
     COG053         COG055
       Category 1     Category 1        0.065       0.066            -0.001           -0.102
       Category 1     Category 2        0.269       0.268             0.001            0.057
       Category 2     Category 1        0.057       0.056             0.001            0.110
       Category 2     Category 2        0.609       0.610            -0.001           -0.052
     COG053         COG056
       Category 1     Category 1        0.172       0.200            -0.028           -1.883
       Category 1     Category 2        0.162       0.135             0.028            2.205
       Category 2     Category 1        0.269       0.242             0.028            1.759
       Category 2     Category 2        0.396       0.424            -0.028           -1.523
     COG053         COG057
       Category 1     Category 1        0.286       0.303            -0.017           -1.032
       Category 1     Category 2        0.049       0.031             0.017            2.725
       Category 2     Category 1        0.530       0.513             0.017            0.949
       Category 2     Category 2        0.135       0.153            -0.017           -1.318
     COG053         COG058
       Category 1     Category 1        0.157       0.191            -0.034           -2.337
       Category 1     Category 2        0.177       0.143             0.034            2.620
       Category 2     Category 1        0.277       0.244             0.034            2.139
       Category 2     Category 2        0.388       0.422            -0.034           -1.859
     COG053         COG060
       Category 1     Category 1        0.226       0.252            -0.026           -1.635
       Category 1     Category 2        0.108       0.082             0.026            2.586
       Category 2     Category 1        0.386       0.360             0.026            1.479
       Category 2     Category 2        0.280       0.306            -0.026           -1.540
     COG053         COG061
       Category 1     Category 1        0.269       0.287            -0.018           -1.077
       Category 1     Category 2        0.065       0.047             0.018            2.303
       Category 2     Category 1        0.490       0.472             0.018            0.976
       Category 2     Category 2        0.176       0.194            -0.018           -1.233
     COG053         COG062
       Category 1     Category 1        0.298       0.304            -0.006           -0.354
       Category 1     Category 2        0.037       0.031             0.006            0.946
       Category 2     Category 1        0.552       0.546             0.006            0.327
       Category 2     Category 2        0.114       0.120            -0.006           -0.502
     COG053         COG063
       Category 1     Category 1        0.310       0.316            -0.007           -0.381
       Category 1     Category 2        0.024       0.018             0.007            1.338
       Category 2     Category 1        0.576       0.570             0.007            0.358
       Category 2     Category 2        0.089       0.096            -0.007           -0.602
     COG053         COG064
       Category 1     Category 1        0.294       0.299            -0.006           -0.345
       Category 1     Category 2        0.041       0.035             0.006            0.861
       Category 2     Category 1        0.470       0.464             0.006            0.316
       Category 2     Category 2        0.196       0.202            -0.006           -0.393
     COG053         COG066
       Category 1     Category 1        0.294       0.307            -0.013           -0.779
       Category 1     Category 2        0.041       0.027             0.013            2.200
       Category 2     Category 1        0.530       0.517             0.013            0.719
       Category 2     Category 2        0.135       0.149            -0.013           -1.010
     COG054         COG055
       Category 1     Category 1        0.073       0.069             0.004            0.389
       Category 1     Category 2        0.258       0.262            -0.004           -0.225
       Category 2     Category 1        0.049       0.052            -0.004           -0.444
       Category 2     Category 2        0.620       0.616             0.004            0.203
     COG054         COG056
       Category 1     Category 1        0.179       0.206            -0.028           -1.849
       Category 1     Category 2        0.153       0.125             0.028            2.258
       Category 2     Category 1        0.263       0.235             0.028            1.764
       Category 2     Category 2        0.406       0.433            -0.028           -1.509
     COG054         COG057
       Category 1     Category 1        0.294       0.281             0.013            0.764
       Category 1     Category 2        0.038       0.051            -0.013           -1.569
       Category 2     Category 1        0.522       0.535            -0.013           -0.689
       Category 2     Category 2        0.146       0.134             0.013            1.010
     COG054         COG058
       Category 1     Category 1        0.189       0.196            -0.007           -0.469
       Category 1     Category 2        0.142       0.135             0.007            0.545
       Category 2     Category 1        0.245       0.238             0.007            0.438
       Category 2     Category 2        0.424       0.430            -0.007           -0.376
     COG054         COG060
       Category 1     Category 1        0.250       0.257            -0.007           -0.424
       Category 1     Category 2        0.081       0.074             0.007            0.707
       Category 2     Category 1        0.361       0.354             0.007            0.388
       Category 2     Category 2        0.307       0.314            -0.007           -0.400
     COG054         COG061
       Category 1     Category 1        0.288       0.290            -0.001           -0.081
       Category 1     Category 2        0.043       0.042             0.001            0.183
       Category 2     Category 1        0.471       0.470             0.001            0.074
       Category 2     Category 2        0.198       0.199            -0.001           -0.092
     COG054         COG062
       Category 1     Category 1        0.298       0.304            -0.006           -0.367
       Category 1     Category 2        0.034       0.028             0.006            1.031
       Category 2     Category 1        0.552       0.546             0.006            0.339
       Category 2     Category 2        0.116       0.123            -0.006           -0.515
     COG054         COG063
       Category 1     Category 1        0.313       0.316            -0.004           -0.222
       Category 1     Category 2        0.019       0.015             0.004            0.846
       Category 2     Category 1        0.574       0.570             0.004            0.209
       Category 2     Category 2        0.095       0.099            -0.004           -0.347
     COG054         COG064
       Category 1     Category 1        0.299       0.285             0.014            0.856
       Category 1     Category 2        0.032       0.047            -0.014           -1.832
       Category 2     Category 1        0.464       0.478            -0.014           -0.774
       Category 2     Category 2        0.204       0.190             0.014            0.985
     COG054         COG066
       Category 1     Category 1        0.310       0.308             0.001            0.082
       Category 1     Category 2        0.022       0.023            -0.001           -0.253
       Category 2     Category 1        0.514       0.516            -0.001           -0.076
       Category 2     Category 2        0.154       0.153             0.001            0.105
     COG055         COG056
       Category 1     Category 1        0.110       0.116            -0.006           -0.532
       Category 1     Category 2        0.012       0.006             0.006            2.219
       Category 2     Category 1        0.332       0.325             0.006            0.363
       Category 2     Category 2        0.547       0.553            -0.006           -0.342
     COG055         COG057
       Category 1     Category 1        0.118       0.110             0.008            0.708
       Category 1     Category 2        0.004       0.012            -0.008           -2.014
       Category 2     Category 1        0.698       0.706            -0.008           -0.485
       Category 2     Category 2        0.180       0.172             0.008            0.586
     COG055         COG058
       Category 1     Category 1        0.112       0.109             0.003            0.289
       Category 1     Category 2        0.009       0.013            -0.003           -0.802
       Category 2     Category 1        0.322       0.325            -0.003           -0.192
       Category 2     Category 2        0.556       0.553             0.003            0.181
     COG055         COG060
       Category 1     Category 1        0.115       0.120            -0.005           -0.425
       Category 1     Category 2        0.007       0.002             0.005            3.379
       Category 2     Category 1        0.497       0.492             0.005            0.277
       Category 2     Category 2        0.382       0.387            -0.005           -0.284
     COG055         COG061
       Category 1     Category 1        0.120       0.121             0.000           -0.025
       Category 1     Category 2        0.001       0.001             0.000            0.252
       Category 2     Category 1        0.639       0.638             0.000            0.017
       Category 2     Category 2        0.240       0.240             0.000           -0.019
     COG055         COG062
       Category 1     Category 1        0.122       0.120             0.002            0.128
       Category 1     Category 2        0.000       0.002            -0.002           -1.065
       Category 2     Category 1        0.728       0.730            -0.002           -0.094
       Category 2     Category 2        0.150       0.149             0.002            0.117
     COG055         COG063
       Category 1     Category 1        0.122       0.122             0.000            0.008
       Category 1     Category 2        0.000       0.000             0.000           -0.271
       Category 2     Category 1        0.765       0.765             0.000           -0.006
       Category 2     Category 2        0.114       0.114             0.000            0.009
     COG055         COG064
       Category 1     Category 1        0.120       0.119             0.002            0.137
       Category 1     Category 2        0.001       0.003            -0.002           -0.812
       Category 2     Category 1        0.643       0.644            -0.002           -0.093
       Category 2     Category 2        0.235       0.234             0.002            0.105
     COG055         COG066
       Category 1     Category 1        0.122       0.122             0.000            0.003
       Category 1     Category 2        0.000       0.000             0.000           -0.157
       Category 2     Category 1        0.702       0.702             0.000           -0.002
       Category 2     Category 2        0.176       0.176             0.000            0.002
     COG056         COG057
       Category 1     Category 1        0.386       0.385             0.001            0.060
       Category 1     Category 2        0.055       0.057            -0.001           -0.126
       Category 2     Category 1        0.430       0.431            -0.001           -0.059
       Category 2     Category 2        0.129       0.127             0.001            0.087
     COG056         COG058
       Category 1     Category 1        0.334       0.327             0.007            0.421
       Category 1     Category 2        0.107       0.114            -0.007           -0.621
       Category 2     Category 1        0.100       0.107            -0.007           -0.637
       Category 2     Category 2        0.459       0.451             0.007            0.397
     COG056         COG060
       Category 1     Category 1        0.425       0.413             0.012            0.677
       Category 1     Category 2        0.016       0.028            -0.012           -2.003
       Category 2     Category 1        0.187       0.199            -0.012           -0.835
       Category 2     Category 2        0.372       0.360             0.012            0.694
     COG056         COG061
       Category 1     Category 1        0.413       0.426            -0.013           -0.742
       Category 1     Category 2        0.028       0.015             0.013            3.024
       Category 2     Category 1        0.346       0.333             0.013            0.778
       Category 2     Category 2        0.212       0.226            -0.013           -0.877
     COG056         COG062
       Category 1     Category 1        0.415       0.426            -0.011           -0.605
       Category 1     Category 2        0.026       0.015             0.011            2.483
       Category 2     Category 1        0.434       0.423             0.011            0.605
       Category 2     Category 2        0.124       0.135            -0.011           -0.874
     COG056         COG063
       Category 1     Category 1        0.434       0.439            -0.005           -0.268
       Category 1     Category 2        0.007       0.002             0.005            3.073
       Category 2     Category 1        0.452       0.447             0.005            0.267
       Category 2     Category 2        0.107       0.112            -0.005           -0.422
     COG056         COG064
       Category 1     Category 1        0.413       0.413             0.000           -0.023
       Category 1     Category 2        0.028       0.028             0.000            0.068
       Category 2     Category 1        0.350       0.350             0.000            0.024
       Category 2     Category 2        0.208       0.209             0.000           -0.028
     COG056         COG066
       Category 1     Category 1        0.437       0.440            -0.003           -0.181
       Category 1     Category 2        0.004       0.001             0.003            3.262
       Category 2     Category 1        0.387       0.384             0.003            0.185
       Category 2     Category 2        0.172       0.175            -0.003           -0.236
     COG057         COG058
       Category 1     Category 1        0.388       0.376             0.012            0.690
       Category 1     Category 2        0.428       0.440            -0.012           -0.673
       Category 2     Category 1        0.046       0.058            -0.012           -1.426
       Category 2     Category 2        0.138       0.126             0.012            1.008
     COG057         COG060
       Category 1     Category 1        0.535       0.524             0.011            0.596
       Category 1     Category 2        0.281       0.292            -0.011           -0.654
       Category 2     Category 1        0.077       0.088            -0.011           -1.050
       Category 2     Category 2        0.107       0.096             0.011            1.011
     COG057         COG061
       Category 1     Category 1        0.656       0.638             0.018            1.041
       Category 1     Category 2        0.160       0.178            -0.018           -1.308
       Category 2     Category 1        0.103       0.121            -0.018           -1.533
       Category 2     Category 2        0.081       0.063             0.018            2.063
     COG057         COG062
       Category 1     Category 1        0.713       0.705             0.009            0.514
       Category 1     Category 2        0.103       0.111            -0.009           -0.745
       Category 2     Category 1        0.137       0.145            -0.009           -0.665
       Category 2     Category 2        0.047       0.039             0.009            1.215
     COG057         COG063
       Category 1     Category 1        0.744       0.735             0.009            0.542
       Category 1     Category 2        0.072       0.081            -0.009           -0.878
       Category 2     Category 1        0.142       0.151            -0.009           -0.667
       Category 2     Category 2        0.042       0.033             0.009            1.334
     COG057         COG064
       Category 1     Category 1        0.654       0.648             0.005            0.301
       Category 1     Category 2        0.162       0.168            -0.005           -0.384
       Category 2     Category 1        0.110       0.115            -0.005           -0.450
       Category 2     Category 2        0.074       0.069             0.005            0.566
     COG057         COG066
       Category 1     Category 1        0.698       0.691             0.007            0.428
       Category 1     Category 2        0.118       0.125            -0.007           -0.598
       Category 2     Category 1        0.126       0.133            -0.007           -0.582
       Category 2     Category 2        0.058       0.051             0.007            0.900
     COG058         COG060
       Category 1     Category 1        0.398       0.387             0.011            0.620
       Category 1     Category 2        0.037       0.048            -0.011           -1.417
       Category 2     Category 1        0.214       0.225            -0.011           -0.723
       Category 2     Category 2        0.352       0.341             0.011            0.637
     COG058         COG061
       Category 1     Category 1        0.403       0.410            -0.007           -0.373
       Category 1     Category 2        0.031       0.024             0.007            1.191
       Category 2     Category 1        0.356       0.349             0.007            0.385
       Category 2     Category 2        0.210       0.216            -0.007           -0.446
     COG058         COG062
       Category 1     Category 1        0.413       0.415            -0.002           -0.118
       Category 1     Category 2        0.022       0.020             0.002            0.419
       Category 2     Category 1        0.437       0.435             0.002            0.117
       Category 2     Category 2        0.129       0.131            -0.002           -0.172
     COG058         COG063
       Category 1     Category 1        0.428       0.429            -0.002           -0.100
       Category 1     Category 2        0.007       0.005             0.002            0.705
       Category 2     Category 1        0.459       0.457             0.002            0.099
       Category 2     Category 2        0.107       0.109            -0.002           -0.159
     COG058         COG064
       Category 1     Category 1        0.402       0.398             0.003            0.188
       Category 1     Category 2        0.032       0.036            -0.003           -0.496
       Category 2     Category 1        0.361       0.365            -0.003           -0.192
       Category 2     Category 2        0.204       0.201             0.003            0.230
     COG058         COG066
       Category 1     Category 1        0.434       0.429             0.005            0.288
       Category 1     Category 2        0.000       0.005            -0.005           -1.973
       Category 2     Category 1        0.390       0.395            -0.005           -0.291
       Category 2     Category 2        0.176       0.171             0.005            0.378
     COG060         COG061
       Category 1     Category 1        0.551       0.566            -0.015           -0.846
       Category 1     Category 2        0.061       0.045             0.015            2.013
       Category 2     Category 1        0.208       0.193             0.015            1.063
       Category 2     Category 2        0.180       0.195            -0.015           -1.058
     COG060         COG062
       Category 1     Category 1        0.568       0.577            -0.009           -0.486
       Category 1     Category 2        0.043       0.034             0.009            1.316
       Category 2     Category 1        0.281       0.273             0.009            0.539
       Category 2     Category 2        0.107       0.116            -0.009           -0.750
     COG060         COG063
       Category 1     Category 1        0.598       0.603            -0.004           -0.246
       Category 1     Category 2        0.014       0.009             0.004            1.268
       Category 2     Category 1        0.288       0.284             0.004            0.267
       Category 2     Category 2        0.100       0.105            -0.004           -0.394
     COG060         COG064
       Category 1     Category 1        0.551       0.549             0.002            0.117
       Category 1     Category 2        0.061       0.063            -0.002           -0.240
       Category 2     Category 1        0.212       0.215            -0.002           -0.142
       Category 2     Category 2        0.176       0.174             0.002            0.154
     COG060         COG066
       Category 1     Category 1        0.599       0.603            -0.003           -0.181
       Category 1     Category 2        0.012       0.009             0.003            0.939
       Category 2     Category 1        0.225       0.221             0.003            0.213
       Category 2     Category 2        0.164       0.167            -0.003           -0.237
     COG061         COG062
       Category 1     Category 1        0.696       0.692             0.004            0.229
       Category 1     Category 2        0.064       0.067            -0.004           -0.422
       Category 2     Category 1        0.154       0.158            -0.004           -0.290
       Category 2     Category 2        0.087       0.083             0.004            0.384
     COG061         COG063
       Category 1     Category 1        0.744       0.727             0.018            1.075
       Category 1     Category 2        0.015       0.033            -0.018           -2.701
       Category 2     Category 1        0.142       0.160            -0.018           -1.307
       Category 2     Category 2        0.099       0.081             0.018            1.754
     COG061         COG064
       Category 1     Category 1        0.651       0.643             0.008            0.466
       Category 1     Category 2        0.108       0.116            -0.008           -0.696
       Category 2     Category 1        0.112       0.121            -0.008           -0.686
       Category 2     Category 2        0.129       0.120             0.008            0.686
     COG061         COG066
       Category 1     Category 1        0.719       0.710             0.008            0.485
       Category 1     Category 2        0.041       0.049            -0.008           -1.022
       Category 2     Category 1        0.106       0.114            -0.008           -0.693
       Category 2     Category 2        0.135       0.127             0.008            0.660
     COG062         COG063
       Category 1     Category 1        0.786       0.787             0.000           -0.026
       Category 1     Category 2        0.064       0.063             0.000            0.044
       Category 2     Category 1        0.100       0.100             0.000            0.035
       Category 2     Category 2        0.050       0.050             0.000           -0.049
     COG062         COG064
       Category 1     Category 1        0.694       0.686             0.008            0.470
       Category 1     Category 2        0.156       0.164            -0.008           -0.590
       Category 2     Category 1        0.069       0.077            -0.008           -0.818
       Category 2     Category 2        0.081       0.073             0.008            0.838
     COG062         COG066
       Category 1     Category 1        0.758       0.750             0.007            0.460
       Category 1     Category 2        0.092       0.099            -0.007           -0.666
       Category 2     Category 1        0.066       0.074            -0.007           -0.763
       Category 2     Category 2        0.084       0.077             0.007            0.749
     COG063         COG064
       Category 1     Category 1        0.724       0.719             0.005            0.276
       Category 1     Category 2        0.162       0.167            -0.005           -0.332
       Category 2     Category 1        0.039       0.044            -0.005           -0.606
       Category 2     Category 2        0.074       0.070             0.005            0.486
     COG063         COG066
       Category 1     Category 1        0.788       0.793            -0.005           -0.338
       Category 1     Category 2        0.099       0.094             0.005            0.471
       Category 2     Category 1        0.037       0.031             0.005            0.786
       Category 2     Category 2        0.077       0.082            -0.005           -0.500
     COG064         COG066
       Category 1     Category 1        0.710       0.695             0.015            0.897
       Category 1     Category 2        0.053       0.068            -0.015           -1.641
       Category 2     Category 1        0.114       0.129            -0.015           -1.232
       Category 2     Category 2        0.123       0.108             0.015            1.331


MODEL MODIFICATION INDICES

NOTE:  Modification indices for direct effects of observed dependent variables
regressed on covariates and residual covariances among observed dependent
variables may not be included.  To include these, request MODINDICES (ALL).

Minimum M.I. value for printing the modification index    10.000

                                   M.I.     E.P.C.  Std E.P.C.  StdYX E.P.C.

BY Statements

WM       BY COG041                10.599     0.595      0.265        0.265
WM       BY COG043                14.611     0.815      0.363        0.363
WM       BY COG044                11.578     0.749      0.333        0.333
WM       BY COG046                29.125     0.929      0.414        0.414
WM       BY COG048                99.688    -2.372     -1.055       -1.055
WM       BY COG052                17.468     0.778      0.346        0.346
WM       BY COG053                72.752    -1.641     -0.730       -0.730
WM       BY COG054                24.165     0.998      0.444        0.444
WM       BY COG057                24.983     1.000      0.445        0.445
GDP      BY COG054                27.235     0.680      0.311        0.311
GDP      BY COG055                17.017     0.638      0.292        0.292
GDP      BY COG056                16.425    -0.536     -0.245       -0.245
FS       BY COG040                19.889    -0.553     -0.459       -0.459
FS       BY COG041                11.662     0.216      0.179        0.179
FS       BY COG043                14.583     0.280      0.232        0.232
FS       BY COG045                17.365    -0.468     -0.388       -0.388
FS       BY COG046                37.630     0.363      0.301        0.301
FS       BY COG048               108.928    -0.854     -0.708       -0.708
FS       BY COG052                21.027     0.293      0.243        0.243
FS       BY COG053                94.234    -0.649     -0.538       -0.538
FS       BY COG057                44.485     0.460      0.382        0.382
FS       BY COG064                69.294     1.446      1.199        1.199

WITH Statements

COG045   WITH COG040              27.137     0.349      0.349        0.455
COG048   WITH COG043              10.025    -0.311     -0.311       -0.722
COG050   WITH COG040              12.275     0.252      0.252        0.357
COG050   WITH COG045              34.662     0.339      0.339        0.504
COG052   WITH COG043              15.344     0.259      0.259        0.413
COG052   WITH COG046              16.277    -0.273     -0.273       -0.373
COG052   WITH COG048              12.292    -0.306     -0.306       -0.691
COG053   WITH COG043              17.051    -0.342     -0.342       -0.617
COG053   WITH COG048             277.943     0.934      0.934        2.382
COG054   WITH COG052              17.533     0.249      0.249        0.344
COG055   WITH COG052              10.004     0.219      0.219        0.500
COG056   WITH COG048              18.061    -0.360     -0.360       -1.774
COG056   WITH COG049              30.319     0.244      0.244        1.189
COG058   WITH COG053              14.034    -0.245     -0.245       -0.602
COG060   WITH COG056              18.596     0.145      0.145        0.943
COG061   WITH COG048              10.576    -0.302     -0.302       -0.945
COG062   WITH COG046              10.552     0.226      0.226        0.325
COG063   WITH COG061              30.930     0.252      0.252        0.792
COG064   WITH COG045              14.935    -0.317     -0.317       -1.540
COG064   WITH COG050              27.890    -0.488     -0.488       -2.573


TECHNICAL 1 OUTPUT


     PARAMETER SPECIFICATION


           TAU
              COG040$1      COG041$1      COG043$1      COG044$1      COG045$1
              ________      ________      ________      ________      ________
                  1             2             3             4             5


           TAU
              COG046$1      COG048$1      COG049$1      COG050$1      COG051$1
              ________      ________      ________      ________      ________
                  6             7             8             9            10


           TAU
              COG052$1      COG053$1      COG054$1      COG055$1      COG056$1
              ________      ________      ________      ________      ________
                 11            12            13            14            15


           TAU
              COG057$1      COG058$1      COG060$1      COG061$1      COG062$1
              ________      ________      ________      ________      ________
                 16            17            18            19            20


           TAU
              COG063$1      COG064$1      COG066$1
              ________      ________      ________
                 21            22            23


           NU
              COG040        COG041        COG043        COG044        COG045
              ________      ________      ________      ________      ________
                  0             0             0             0             0


           NU
              COG046        COG048        COG049        COG050        COG051
              ________      ________      ________      ________      ________
                  0             0             0             0             0


           NU
              COG052        COG053        COG054        COG055        COG056
              ________      ________      ________      ________      ________
                  0             0             0             0             0


           NU
              COG057        COG058        COG060        COG061        COG062
              ________      ________      ________      ________      ________
                  0             0             0             0             0


           NU
              COG063        COG064        COG066        CBWTH
              ________      ________      ________      ________
                  0             0             0             0


           LAMBDA
              WM            GDP           FS            CBWTH
              ________      ________      ________      ________
 COG040             0             0             0             0
 COG041             0             0             0             0
 COG043             0            24             0             0
 COG044             0            25             0             0
 COG045            26             0             0             0
 COG046             0            27             0             0
 COG048             0            28             0             0
 COG049             0             0             0             0
 COG050            29             0             0             0
 COG051             0             0            30             0
 COG052             0            31             0             0
 COG053             0            32             0             0
 COG054             0             0            33             0
 COG055             0             0            34             0
 COG056             0             0            35             0
 COG057             0            36             0             0
 COG058             0             0            37             0
 COG060             0             0            38             0
 COG061             0             0            39             0
 COG062             0             0            40             0
 COG063             0             0            41             0
 COG064            42             0             0             0
 COG066             0             0            43             0
 CBWTH              0             0             0             0


           THETA
              COG040        COG041        COG043        COG044        COG045
              ________      ________      ________      ________      ________
 COG040             0
 COG041             0             0
 COG043             0             0             0
 COG044             0             0             0             0
 COG045             0             0             0             0             0
 COG046             0             0             0             0             0
 COG048             0             0             0             0             0
 COG049             0             0             0             0             0
 COG050             0             0             0             0             0
 COG051             0             0             0             0             0
 COG052             0             0             0             0             0
 COG053             0             0             0             0             0
 COG054             0             0             0             0             0
 COG055             0             0             0             0             0
 COG056             0             0             0             0             0
 COG057             0             0             0             0             0
 COG058             0             0             0             0             0
 COG060             0             0             0             0             0
 COG061             0             0             0             0             0
 COG062             0             0             0             0             0
 COG063             0             0             0             0             0
 COG064             0             0             0             0             0
 COG066             0             0             0             0             0
 CBWTH              0             0             0             0             0


           THETA
              COG046        COG048        COG049        COG050        COG051
              ________      ________      ________      ________      ________
 COG046             0
 COG048             0             0
 COG049             0             0             0
 COG050             0             0             0             0
 COG051             0             0             0             0             0
 COG052             0             0             0             0             0
 COG053             0             0             0             0             0
 COG054             0             0             0             0             0
 COG055             0             0             0             0             0
 COG056             0             0             0             0             0
 COG057             0             0             0             0             0
 COG058             0             0             0             0             0
 COG060             0             0             0             0             0
 COG061             0             0             0             0             0
 COG062             0             0             0             0             0
 COG063             0             0             0             0             0
 COG064             0             0             0             0             0
 COG066             0             0             0             0             0
 CBWTH              0             0             0             0             0


           THETA
              COG052        COG053        COG054        COG055        COG056
              ________      ________      ________      ________      ________
 COG052             0
 COG053             0             0
 COG054             0             0             0
 COG055             0             0             0             0
 COG056             0             0             0             0             0
 COG057             0             0             0             0             0
 COG058             0             0             0             0             0
 COG060             0             0             0             0             0
 COG061             0             0             0             0             0
 COG062             0             0             0             0             0
 COG063             0             0             0             0             0
 COG064             0             0             0             0             0
 COG066             0             0             0             0             0
 CBWTH              0             0             0             0             0


           THETA
              COG057        COG058        COG060        COG061        COG062
              ________      ________      ________      ________      ________
 COG057             0
 COG058             0             0
 COG060             0             0             0
 COG061             0             0             0             0
 COG062             0             0             0             0             0
 COG063             0             0             0             0             0
 COG064             0             0             0             0             0
 COG066             0             0             0             0             0
 CBWTH              0             0             0             0             0


           THETA
              COG063        COG064        COG066        CBWTH
              ________      ________      ________      ________
 COG063             0
 COG064             0             0
 COG066             0             0             0
 CBWTH              0             0             0             0


           ALPHA
              WM            GDP           FS            CBWTH
              ________      ________      ________      ________
                  0             0             0            44


           BETA
              WM            GDP           FS            CBWTH
              ________      ________      ________      ________
 WM                 0             0             0             0
 GDP                0             0             0             0
 FS                 0             0             0             0
 CBWTH              0             0             0             0


           PSI
              WM            GDP           FS            CBWTH
              ________      ________      ________      ________
 WM                45
 GDP               46            47
 FS                48            49            50
 CBWTH             51            52            53            54


     STARTING VALUES


           TAU
              COG040$1      COG041$1      COG043$1      COG044$1      COG045$1
              ________      ________      ________      ________      ________
               -1.140        -0.583        -1.065        -1.214        -0.326


           TAU
              COG046$1      COG048$1      COG049$1      COG050$1      COG051$1
              ________      ________      ________      ________      ________
                0.032        -1.236        -1.013        -0.603        -1.173


           TAU
              COG052$1      COG053$1      COG054$1      COG055$1      COG056$1
              ________      ________      ________      ________      ________
               -0.477        -0.428        -0.436        -1.166        -0.148


           TAU
              COG057$1      COG058$1      COG060$1      COG061$1      COG062$1
              ________      ________      ________      ________      ________
                0.900        -0.165         0.284         0.704         1.036


           TAU
              COG063$1      COG064$1      COG066$1
              ________      ________      ________
                1.207         0.717         0.931


           NU
              COG040        COG041        COG043        COG044        COG045
              ________      ________      ________      ________      ________
                0.000         0.000         0.000         0.000         0.000


           NU
              COG046        COG048        COG049        COG050        COG051
              ________      ________      ________      ________      ________
                0.000         0.000         0.000         0.000         0.000


           NU
              COG052        COG053        COG054        COG055        COG056
              ________      ________      ________      ________      ________
                0.000         0.000         0.000         0.000         0.000


           NU
              COG057        COG058        COG060        COG061        COG062
              ________      ________      ________      ________      ________
                0.000         0.000         0.000         0.000         0.000


           NU
              COG063        COG064        COG066        CBWTH
              ________      ________      ________      ________
                0.000         0.000         0.000         0.000


           LAMBDA
              WM            GDP           FS            CBWTH
              ________      ________      ________      ________
 COG040         1.000         0.000         0.000         0.000
 COG041         0.000         1.000         0.000         0.000
 COG043         0.000         0.875         0.000         0.000
 COG044         0.000         0.782         0.000         0.000
 COG045         1.119         0.000         0.000         0.000
 COG046         0.000         0.625         0.000         0.000
 COG048         0.000         0.941         0.000         0.000
 COG049         0.000         0.000         1.000         0.000
 COG050         1.058         0.000         0.000         0.000
 COG051         0.000         0.000         1.000         0.000
 COG052         0.000         0.887         0.000         0.000
 COG053         0.000         0.862         0.000         0.000
 COG054         0.000         0.000         1.000         0.000
 COG055         0.000         0.000         1.000         0.000
 COG056         0.000         0.000         1.000         0.000
 COG057         0.000         0.483         0.000         0.000
 COG058         0.000         0.000         1.000         0.000
 COG060         0.000         0.000         1.000         0.000
 COG061         0.000         0.000         1.000         0.000
 COG062         0.000         0.000         1.000         0.000
 COG063         0.000         0.000         1.000         0.000
 COG064         0.602         0.000         0.000         0.000
 COG066         0.000         0.000         1.000         0.000
 CBWTH          0.000         0.000         0.000         1.000


           THETA
              COG040        COG041        COG043        COG044        COG045
              ________      ________      ________      ________      ________
 COG040         1.000
 COG041         0.000         1.000
 COG043         0.000         0.000         1.000
 COG044         0.000         0.000         0.000         1.000
 COG045         0.000         0.000         0.000         0.000         1.000
 COG046         0.000         0.000         0.000         0.000         0.000
 COG048         0.000         0.000         0.000         0.000         0.000
 COG049         0.000         0.000         0.000         0.000         0.000
 COG050         0.000         0.000         0.000         0.000         0.000
 COG051         0.000         0.000         0.000         0.000         0.000
 COG052         0.000         0.000         0.000         0.000         0.000
 COG053         0.000         0.000         0.000         0.000         0.000
 COG054         0.000         0.000         0.000         0.000         0.000
 COG055         0.000         0.000         0.000         0.000         0.000
 COG056         0.000         0.000         0.000         0.000         0.000
 COG057         0.000         0.000         0.000         0.000         0.000
 COG058         0.000         0.000         0.000         0.000         0.000
 COG060         0.000         0.000         0.000         0.000         0.000
 COG061         0.000         0.000         0.000         0.000         0.000
 COG062         0.000         0.000         0.000         0.000         0.000
 COG063         0.000         0.000         0.000         0.000         0.000
 COG064         0.000         0.000         0.000         0.000         0.000
 COG066         0.000         0.000         0.000         0.000         0.000
 CBWTH          0.000         0.000         0.000         0.000         0.000


           THETA
              COG046        COG048        COG049        COG050        COG051
              ________      ________      ________      ________      ________
 COG046         1.000
 COG048         0.000         1.000
 COG049         0.000         0.000         1.000
 COG050         0.000         0.000         0.000         1.000
 COG051         0.000         0.000         0.000         0.000         1.000
 COG052         0.000         0.000         0.000         0.000         0.000
 COG053         0.000         0.000         0.000         0.000         0.000
 COG054         0.000         0.000         0.000         0.000         0.000
 COG055         0.000         0.000         0.000         0.000         0.000
 COG056         0.000         0.000         0.000         0.000         0.000
 COG057         0.000         0.000         0.000         0.000         0.000
 COG058         0.000         0.000         0.000         0.000         0.000
 COG060         0.000         0.000         0.000         0.000         0.000
 COG061         0.000         0.000         0.000         0.000         0.000
 COG062         0.000         0.000         0.000         0.000         0.000
 COG063         0.000         0.000         0.000         0.000         0.000
 COG064         0.000         0.000         0.000         0.000         0.000
 COG066         0.000         0.000         0.000         0.000         0.000
 CBWTH          0.000         0.000         0.000         0.000         0.000


           THETA
              COG052        COG053        COG054        COG055        COG056
              ________      ________      ________      ________      ________
 COG052         1.000
 COG053         0.000         1.000
 COG054         0.000         0.000         1.000
 COG055         0.000         0.000         0.000         1.000
 COG056         0.000         0.000         0.000         0.000         1.000
 COG057         0.000         0.000         0.000         0.000         0.000
 COG058         0.000         0.000         0.000         0.000         0.000
 COG060         0.000         0.000         0.000         0.000         0.000
 COG061         0.000         0.000         0.000         0.000         0.000
 COG062         0.000         0.000         0.000         0.000         0.000
 COG063         0.000         0.000         0.000         0.000         0.000
 COG064         0.000         0.000         0.000         0.000         0.000
 COG066         0.000         0.000         0.000         0.000         0.000
 CBWTH          0.000         0.000         0.000         0.000         0.000


           THETA
              COG057        COG058        COG060        COG061        COG062
              ________      ________      ________      ________      ________
 COG057         1.000
 COG058         0.000         1.000
 COG060         0.000         0.000         1.000
 COG061         0.000         0.000         0.000         1.000
 COG062         0.000         0.000         0.000         0.000         1.000
 COG063         0.000         0.000         0.000         0.000         0.000
 COG064         0.000         0.000         0.000         0.000         0.000
 COG066         0.000         0.000         0.000         0.000         0.000
 CBWTH          0.000         0.000         0.000         0.000         0.000


           THETA
              COG063        COG064        COG066        CBWTH
              ________      ________      ________      ________
 COG063         1.000
 COG064         0.000         1.000
 COG066         0.000         0.000         1.000
 CBWTH          0.000         0.000         0.000         0.000


           ALPHA
              WM            GDP           FS            CBWTH
              ________      ________      ________      ________
                0.000         0.000         0.000         0.000


           BETA
              WM            GDP           FS            CBWTH
              ________      ________      ________      ________
 WM             0.000         0.000         0.000         0.000
 GDP            0.000         0.000         0.000         0.000
 FS             0.000         0.000         0.000         0.000
 CBWTH          0.000         0.000         0.000         0.000


           PSI
              WM            GDP           FS            CBWTH
              ________      ________      ________      ________
 WM             0.050
 GDP            0.000         0.050
 FS             0.000         0.000         0.050
 CBWTH          0.000         0.000         0.000         0.500


TECHNICAL 4 OUTPUT


     ESTIMATES DERIVED FROM THE MODEL


           ESTIMATED MEANS FOR THE LATENT VARIABLES
              WM            GDP           FS            CBWTH
              ________      ________      ________      ________
                0.000         0.000         0.000         0.000


           ESTIMATED COVARIANCE MATRIX FOR THE LATENT VARIABLES
              WM            GDP           FS            CBWTH
              ________      ________      ________      ________
 WM             0.198
 GDP            0.125         0.209
 FS             0.260         0.204         0.688
 CBWTH         -0.108        -0.107        -0.084         1.000


           ESTIMATED CORRELATION MATRIX FOR THE LATENT VARIABLES
              WM            GDP           FS            CBWTH
              ________      ________      ________      ________
 WM             1.000
 GDP            0.616         1.000
 FS             0.706         0.539         1.000
 CBWTH         -0.243        -0.233        -0.101         1.000


     ESTIMATES DERIVED FROM THE MODEL


           S.E. FOR ESTIMATED MEANS FOR THE LATENT VARIABLES
              WM            GDP           FS            CBWTH
              ________      ________      ________      ________
                0.000         0.000         0.000         0.059


           EST./S.E. FOR ESTIMATED MEANS FOR THE LATENT VARIABLES
              WM            GDP           FS            CBWTH
              ________      ________      ________      ________
                0.000         0.000         0.000         0.000


           TWO-TAILED P-VALUE FOR ESTIMATED MEANS FOR THE LATENT VARIABLES
              WM            GDP           FS            CBWTH
              ________      ________      ________      ________
                1.000         1.000         1.000         1.000


           S.E. FOR ESTIMATED COVARIANCE MATRIX FOR THE LATENT VARIABLES
              WM            GDP           FS            CBWTH
              ________      ________      ________      ________
 WM             0.056
 GDP            0.027         0.049
 FS             0.044         0.030         0.050
 CBWTH          0.028         0.025         0.034         0.045


           EST./S.E. FOR ESTIMATED COVARIANCE MATRIX FOR THE LATENT VARIABLES
              WM            GDP           FS            CBWTH
              ________      ________      ________      ________
 WM             3.532
 GDP            4.710         4.272
 FS             5.977         6.895        13.705
 CBWTH         -3.847        -4.262        -2.442        22.364


           TWO-TAILED P-VALUE FOR ESTIMATED COVARIANCE MATRIX FOR THE LATENT VARIABLES
              WM            GDP           FS            CBWTH
              ________      ________      ________      ________
 WM             0.000
 GDP            0.000         0.000
 FS             0.000         0.000         0.000
 CBWTH          0.000         0.000         0.015         0.000


           S.E. FOR ESTIMATED CORRELATION MATRIX FOR THE LATENT VARIABLES
              WM            GDP           FS            CBWTH
              ________      ________      ________      ________
 WM             0.000
 GDP            0.050         0.000
 FS             0.041         0.038         0.000
 CBWTH          0.046         0.045         0.041         0.000


           EST./S.E. FOR ESTIMATED CORRELATION MATRIX FOR THE LATENT VARIABLES
              WM            GDP           FS            CBWTH
              ________      ________      ________      ________
 WM           999.000
 GDP           12.381       999.000
 FS            17.351        14.349       999.000
 CBWTH         -5.236        -5.236        -2.492       999.000


           TWO-TAILED P-VALUE FOR ESTIMATED CORRELATION MATRIX FOR THE LATENT VARIABLES
              WM            GDP           FS            CBWTH
              ________      ________      ________      ________
 WM             0.000
 GDP            0.000         0.000
 FS             0.000         0.000         0.000
 CBWTH          0.000         0.000         0.013         0.000


SAMPLE STATISTICS FOR ESTIMATED FACTOR SCORES


     SAMPLE STATISTICS


           Means
              WM            WM_SE         GDP           GDP_SE        FS
              ________      ________      ________      ________      ________
                0.018         0.233        -0.017         0.256         0.006


           Means
              FS_SE
              ________
                0.282


           Covariances
              WM            WM_SE         GDP           GDP_SE        FS
              ________      ________      ________      ________      ________
 WM             0.125
 WM_SE         -0.010         0.003
 GDP            0.098        -0.006         0.123
 GDP_SE         0.007         0.000         0.010         0.001
 FS             0.223        -0.016         0.179         0.012         0.561
 FS_SE         -0.005         0.002        -0.003         0.000        -0.011


           Covariances
              FS_SE
              ________
 FS_SE          0.003


           Correlations
              WM            WM_SE         GDP           GDP_SE        FS
              ________      ________      ________      ________      ________
 WM             1.000
 WM_SE         -0.555         1.000
 GDP            0.793        -0.343         1.000
 GDP_SE         0.601        -0.151         0.883         1.000
 FS             0.843        -0.430         0.681         0.505         1.000
 FS_SE         -0.259         0.565        -0.136         0.130        -0.270


           Correlations
              FS_SE
              ________
 FS_SE          1.000


SAVEDATA INFORMATION


  Save file
    ../../fscores_structural.dat

  Order and format of variables

    COG040         F10.3
    COG041         F10.3
    COG043         F10.3
    COG044         F10.3
    COG045         F10.3
    COG046         F10.3
    COG048         F10.3
    COG049         F10.3
    COG050         F10.3
    COG051         F10.3
    COG052         F10.3
    COG053         F10.3
    COG054         F10.3
    COG055         F10.3
    COG056         F10.3
    COG057         F10.3
    COG058         F10.3
    COG060         F10.3
    COG061         F10.3
    COG062         F10.3
    COG063         F10.3
    COG064         F10.3
    COG066         F10.3
    CBWTH          F10.3
    WM             F10.3
    WM_SE          F10.3
    GDP            F10.3
    GDP_SE         F10.3
    FS             F10.3
    FS_SE          F10.3

  Save file format
    30F10.3

  Save file record length    10000

  Save missing symbol        *


     Beginning Time:  14:45:16
        Ending Time:  14:45:16
       Elapsed Time:  00:00:00



MUTHEN & MUTHEN
3463 Stoner Ave.
Los Angeles, CA  90066

Tel: (310) 391-9971
Fax: (310) 391-8971
Web: www.StatModel.com
Support: Support@StatModel.com

Copyright (c) 1998-2021 Muthen & Muthen
