Mplus VERSION 8.6
MUTHEN & MUTHEN
06/04/2026   2:45 PM

INPUT INSTRUCTIONS

  TITLE:
    Structural model - UNIDIM - CBAgg outcome ~ COG
    WLSMV estimator; items treated as categorical (binary)
    Single factor: COG (all items load on one factor)

  DATA:
    FILE = "../../combined.dat";

  VARIABLE:
    NAMES ARE
      COG034 COG035 COG036 COG037 COG038 COG039 COG040 COG041
      COG042 COG043 COG044 COG045 COG046 COG047 COG048 COG049 COG050
      COG051 COG052 COG053 COG054 COG055 COG056 COG057 COG058
      COG060 COG061 COG062 COG063 COG064 COG065 COG066 COG067 COG068
      GA BirthWt Sex HdCirc IUGR GDiab PrEcl AntCor_P AntCor_C
      MomAge MomEdu DadEdu EthSAsian EthBlack EthMixed EthOther
      MomEng EPDSTot StimEnv PrLax PrOvr PrVrb PrSty
      CBInt CBExt CBTot CBAnx CBWth CBSom CBSlp CBAtt CBAgg
      ECSur ECNeg ECEff BayMot BayLan QchatTot;

    USEVARIABLES ARE
      COG040 COG041
      COG043 COG044 COG045 COG046 COG048 COG049 COG050
      COG051 COG052 COG053 COG054 COG055 COG056 COG057 COG058
      COG060 COG061 COG062 COG063 COG064 COG066
      CBAgg;

    CATEGORICAL ARE
      COG040 COG041
      COG043 COG044 COG045 COG046 COG048 COG049 COG050
      COG051 COG052 COG053 COG054 COG055 COG056 COG057 COG058
      COG060 COG061 COG062 COG063 COG064 COG066;

    MISSING ARE ALL (-999);

  DEFINE:
    STANDARDIZE CBAgg;

  ANALYSIS:
    ESTIMATOR = WLSMV;

  MODEL:
    COG BY
      COG040 COG045 COG050 COG064
      COG041 COG043 COG044 COG046
      COG048 COG052 COG053 COG057
      COG049 COG051 COG054 COG055 COG056
      COG058 COG060 COG061 COG062 COG063 COG066;

    CBAgg WITH COG;

  OUTPUT:
    STANDARDIZED;
    MODINDICES(10);
    RESIDUAL;
    SAMPSTAT;
    TECH1;
    TECH4;
    CINTERVAL;

  SAVEDATA:
    FILE = "../../fscores_structural.dat";
    SAVE = FSCORES;



INPUT READING TERMINATED NORMALLY




Structural model - UNIDIM - CBAgg outcome ~ COG
WLSMV estimator; items treated as categorical (binary)
Single factor: COG (all items load on one factor)

SUMMARY OF ANALYSIS

Number of groups                                                 1
Number of observations                                         739

Number of dependent variables                                   24
Number of independent variables                                  0
Number of continuous latent variables                            1

Observed dependent variables

  Continuous
   CBAGG

  Binary and ordered categorical (ordinal)
   COG040      COG041      COG043      COG044      COG045      COG046
   COG048      COG049      COG050      COG051      COG052      COG053
   COG054      COG055      COG056      COG057      COG058      COG060
   COG061      COG062      COG063      COG064      COG066

Continuous latent variables
   COG


Estimator                                                    WLSMV
Maximum number of iterations                                  1000
Convergence criterion                                    0.500D-04
Maximum number of steepest descent iterations                   20
Maximum number of iterations for H1                           2000
Convergence criterion for H1                             0.100D-03
Parameterization                                             DELTA
Link                                                        PROBIT

Input data file(s)
  ../../combined.dat

Input data format  FREE


SUMMARY OF DATA

     Number of missing data patterns             2


COVARIANCE COVERAGE OF DATA

Minimum covariance coverage value   0.100


     PROPORTION OF DATA PRESENT


           Covariance Coverage
              COG040        COG041        COG043        COG044        COG045
              ________      ________      ________      ________      ________
 COG040         1.000
 COG041         1.000         1.000
 COG043         1.000         1.000         1.000
 COG044         1.000         1.000         1.000         1.000
 COG045         1.000         1.000         1.000         1.000         1.000
 COG046         1.000         1.000         1.000         1.000         1.000
 COG048         1.000         1.000         1.000         1.000         1.000
 COG049         1.000         1.000         1.000         1.000         1.000
 COG050         1.000         1.000         1.000         1.000         1.000
 COG051         1.000         1.000         1.000         1.000         1.000
 COG052         1.000         1.000         1.000         1.000         1.000
 COG053         1.000         1.000         1.000         1.000         1.000
 COG054         1.000         1.000         1.000         1.000         1.000
 COG055         1.000         1.000         1.000         1.000         1.000
 COG056         1.000         1.000         1.000         1.000         1.000
 COG057         1.000         1.000         1.000         1.000         1.000
 COG058         1.000         1.000         1.000         1.000         1.000
 COG060         1.000         1.000         1.000         1.000         1.000
 COG061         1.000         1.000         1.000         1.000         1.000
 COG062         1.000         1.000         1.000         1.000         1.000
 COG063         1.000         1.000         1.000         1.000         1.000
 COG064         1.000         1.000         1.000         1.000         1.000
 COG066         1.000         1.000         1.000         1.000         1.000
 CBAGG          0.978         0.978         0.978         0.978         0.978


           Covariance Coverage
              COG046        COG048        COG049        COG050        COG051
              ________      ________      ________      ________      ________
 COG046         1.000
 COG048         1.000         1.000
 COG049         1.000         1.000         1.000
 COG050         1.000         1.000         1.000         1.000
 COG051         1.000         1.000         1.000         1.000         1.000
 COG052         1.000         1.000         1.000         1.000         1.000
 COG053         1.000         1.000         1.000         1.000         1.000
 COG054         1.000         1.000         1.000         1.000         1.000
 COG055         1.000         1.000         1.000         1.000         1.000
 COG056         1.000         1.000         1.000         1.000         1.000
 COG057         1.000         1.000         1.000         1.000         1.000
 COG058         1.000         1.000         1.000         1.000         1.000
 COG060         1.000         1.000         1.000         1.000         1.000
 COG061         1.000         1.000         1.000         1.000         1.000
 COG062         1.000         1.000         1.000         1.000         1.000
 COG063         1.000         1.000         1.000         1.000         1.000
 COG064         1.000         1.000         1.000         1.000         1.000
 COG066         1.000         1.000         1.000         1.000         1.000
 CBAGG          0.978         0.978         0.978         0.978         0.978


           Covariance Coverage
              COG052        COG053        COG054        COG055        COG056
              ________      ________      ________      ________      ________
 COG052         1.000
 COG053         1.000         1.000
 COG054         1.000         1.000         1.000
 COG055         1.000         1.000         1.000         1.000
 COG056         1.000         1.000         1.000         1.000         1.000
 COG057         1.000         1.000         1.000         1.000         1.000
 COG058         1.000         1.000         1.000         1.000         1.000
 COG060         1.000         1.000         1.000         1.000         1.000
 COG061         1.000         1.000         1.000         1.000         1.000
 COG062         1.000         1.000         1.000         1.000         1.000
 COG063         1.000         1.000         1.000         1.000         1.000
 COG064         1.000         1.000         1.000         1.000         1.000
 COG066         1.000         1.000         1.000         1.000         1.000
 CBAGG          0.978         0.978         0.978         0.978         0.978


           Covariance Coverage
              COG057        COG058        COG060        COG061        COG062
              ________      ________      ________      ________      ________
 COG057         1.000
 COG058         1.000         1.000
 COG060         1.000         1.000         1.000
 COG061         1.000         1.000         1.000         1.000
 COG062         1.000         1.000         1.000         1.000         1.000
 COG063         1.000         1.000         1.000         1.000         1.000
 COG064         1.000         1.000         1.000         1.000         1.000
 COG066         1.000         1.000         1.000         1.000         1.000
 CBAGG          0.978         0.978         0.978         0.978         0.978


           Covariance Coverage
              COG063        COG064        COG066        CBAGG
              ________      ________      ________      ________
 COG063         1.000
 COG064         1.000         1.000
 COG066         1.000         1.000         1.000
 CBAGG          0.978         0.978         0.978         0.978


UNIVARIATE PROPORTIONS AND COUNTS FOR CATEGORICAL VARIABLES

    COG040
      Category 1    0.127           94.000
      Category 2    0.873          645.000
    COG041
      Category 1    0.280          207.000
      Category 2    0.720          532.000
    COG043
      Category 1    0.143          106.000
      Category 2    0.857          633.000
    COG044
      Category 1    0.112           83.000
      Category 2    0.888          656.000
    COG045
      Category 1    0.372          275.000
      Category 2    0.628          464.000
    COG046
      Category 1    0.513          379.000
      Category 2    0.487          360.000
    COG048
      Category 1    0.108           80.000
      Category 2    0.892          659.000
    COG049
      Category 1    0.156          115.000
      Category 2    0.844          624.000
    COG050
      Category 1    0.273          202.000
      Category 2    0.727          537.000
    COG051
      Category 1    0.120           89.000
      Category 2    0.880          650.000
    COG052
      Category 1    0.317          234.000
      Category 2    0.683          505.000
    COG053
      Category 1    0.334          247.000
      Category 2    0.666          492.000
    COG054
      Category 1    0.332          245.000
      Category 2    0.668          494.000
    COG055
      Category 1    0.122           90.000
      Category 2    0.878          649.000
    COG056
      Category 1    0.441          326.000
      Category 2    0.559          413.000
    COG057
      Category 1    0.816          603.000
      Category 2    0.184          136.000
    COG058
      Category 1    0.434          321.000
      Category 2    0.566          418.000
    COG060
      Category 1    0.612          452.000
      Category 2    0.388          287.000
    COG061
      Category 1    0.759          561.000
      Category 2    0.241          178.000
    COG062
      Category 1    0.850          628.000
      Category 2    0.150          111.000
    COG063
      Category 1    0.886          655.000
      Category 2    0.114           84.000
    COG064
      Category 1    0.763          564.000
      Category 2    0.237          175.000
    COG066
      Category 1    0.824          609.000
      Category 2    0.176          130.000


SAMPLE STATISTICS


     ESTIMATED SAMPLE STATISTICS


           MEANS/INTERCEPTS/THRESHOLDS
              COG040$1      COG041$1      COG043$1      COG044$1      COG045$1
              ________      ________      ________      ________      ________
               -1.140        -0.583        -1.065        -1.214        -0.326


           MEANS/INTERCEPTS/THRESHOLDS
              COG046$1      COG048$1      COG049$1      COG050$1      COG051$1
              ________      ________      ________      ________      ________
                0.032        -1.236        -1.013        -0.603        -1.173


           MEANS/INTERCEPTS/THRESHOLDS
              COG052$1      COG053$1      COG054$1      COG055$1      COG056$1
              ________      ________      ________      ________      ________
               -0.477        -0.428        -0.436        -1.166        -0.148


           MEANS/INTERCEPTS/THRESHOLDS
              COG057$1      COG058$1      COG060$1      COG061$1      COG062$1
              ________      ________      ________      ________      ________
                0.900        -0.165         0.284         0.704         1.036


           MEANS/INTERCEPTS/THRESHOLDS
              COG063$1      COG064$1      COG066$1      CBAGG
              ________      ________      ________      ________
                1.207         0.717         0.931         0.000


           CORRELATION MATRIX (WITH VARIANCES ON THE DIAGONAL)
              COG040        COG041        COG043        COG044        COG045
              ________      ________      ________      ________      ________
 COG040
 COG041         0.088
 COG043         0.095         0.221
 COG044         0.340         0.318         0.291
 COG045         0.534         0.217         0.265         0.304
 COG046         0.193         0.179         0.160         0.241         0.214
 COG048         0.123         0.213         0.261         0.357         0.154
 COG049         0.307         0.188         0.310         0.301         0.315
 COG050         0.487         0.247         0.310         0.330         0.573
 COG051         0.265         0.293         0.283         0.339         0.335
 COG052         0.128         0.202         0.572         0.272         0.206
 COG053         0.080         0.160         0.152         0.329         0.231
 COG054         0.169         0.166         0.320         0.230         0.192
 COG055         0.187         0.319         0.438         0.334         0.262
 COG056         0.235         0.168         0.286         0.324         0.247
 COG057         0.084         0.315         0.107         0.063         0.104
 COG058         0.133         0.192         0.267         0.246         0.238
 COG060         0.202         0.249         0.351         0.322         0.297
 COG061         0.056         0.256         0.402         0.228         0.155
 COG062         0.230         0.351         0.447         0.230         0.314
 COG063         0.180         0.322         0.264         0.244         0.179
 COG064         0.325         0.276         0.396         0.313         0.300
 COG066         0.151         0.333         0.398         0.372         0.235
 CBAGG          0.080        -0.038         0.149         0.037         0.086


           CORRELATION MATRIX (WITH VARIANCES ON THE DIAGONAL)
              COG046        COG048        COG049        COG050        COG051
              ________      ________      ________      ________      ________
 COG048         0.221
 COG049         0.229         0.204
 COG050         0.126         0.262         0.400
 COG051         0.228         0.354         0.686         0.402
 COG052         0.000         0.242         0.277         0.273         0.343
 COG053         0.133         0.909         0.188         0.242         0.266
 COG054         0.087         0.218         0.249         0.289         0.335
 COG055         0.269         0.326         0.628         0.411         0.713
 COG056         0.229         0.086         0.904         0.311         0.723
 COG057         0.124         0.174         0.272         0.113         0.245
 COG058         0.226         0.151         0.564         0.276         0.897
 COG060         0.256         0.178         0.711         0.352         0.682
 COG061         0.284         0.079         0.489         0.317         0.534
 COG062         0.361         0.137         0.469         0.253         0.466
 COG063         0.302         0.129         0.550         0.371         0.397
 COG064         0.248         0.371         0.423         0.323         0.483
 COG066         0.386         0.230         0.697         0.302         0.652
 CBAGG          0.176         0.038         0.249         0.182         0.151


           CORRELATION MATRIX (WITH VARIANCES ON THE DIAGONAL)
              COG052        COG053        COG054        COG055        COG056
              ________      ________      ________      ________      ________
 COG053         0.260
 COG054         0.380         0.211
 COG055         0.474         0.307         0.405
 COG056         0.281         0.168         0.223         0.688
 COG057         0.210         0.136         0.252         0.460         0.249
 COG058         0.231         0.082         0.310         0.732         0.791
 COG060         0.320         0.156         0.345         0.619         0.899
 COG061         0.354         0.140         0.340         0.662         0.641
 COG062         0.284         0.167         0.198         0.624         0.461
 COG063         0.347         0.206         0.293         0.572         0.650
 COG064         0.372         0.362         0.440         0.658         0.633
 COG066         0.320         0.201         0.431         0.654         0.805
 CBAGG          0.056         0.058         0.146         0.136         0.231


           CORRELATION MATRIX (WITH VARIANCES ON THE DIAGONAL)
              COG057        COG058        COG060        COG061        COG062
              ________      ________      ________      ________      ________
 COG058         0.332
 COG060         0.332         0.800
 COG061         0.392         0.609         0.647
 COG062         0.280         0.503         0.504         0.563
 COG063         0.344         0.644         0.701         0.838         0.536
 COG064         0.337         0.590         0.636         0.615         0.521
 COG066         0.328         0.886         0.838         0.822         0.680
 CBAGG          0.122         0.163         0.181         0.159         0.116


           CORRELATION MATRIX (WITH VARIANCES ON THE DIAGONAL)
              COG063        COG064        COG066        CBAGG
              ________      ________      ________      ________
 COG064         0.620
 COG066         0.754         0.757
 CBAGG          0.130         0.209         0.182         1.000


UNIVARIATE SAMPLE STATISTICS


     UNIVARIATE HIGHER-ORDER MOMENT DESCRIPTIVE STATISTICS

         Variable/         Mean/     Skewness/   Minimum/ % with                Percentiles
        Sample Size      Variance    Kurtosis    Maximum  Min/Max      20%/60%    40%/80%    Median

     CBAGG                 0.000       1.347      -1.025   15.08%      -0.841     -0.472     -0.287
             723.000       1.000       1.643       4.507    0.14%      -0.103      0.635


     THIS ANALYSIS MAY HAVE MULTIPLE SOLUTIONS.  EXPLORE THIS USING RANDOM STARTS,
     FOR EXAMPLE, STARTS = 20.  USE A LARGE ENOUGH NUMBER OF STARTS SO THAT THE
     BEST FIT FUNCTION VALUE IS REPLICATED SEVERAL TIMES.


THE MODEL ESTIMATION TERMINATED NORMALLY



MODEL FIT INFORMATION

Number of Free Parameters                       49

Chi-Square Test of Model Fit

          Value                           1218.798*
          Degrees of Freedom                   252
          P-Value                           0.0000

*   The chi-square value for MLM, MLMV, MLR, ULSMV, WLSM and WLSMV cannot be used
    for chi-square difference testing in the regular way.  MLM, MLR and WLSM
    chi-square difference testing is described on the Mplus website.  MLMV, WLSMV,
    and ULSMV difference testing is done using the DIFFTEST option.

RMSEA (Root Mean Square Error Of Approximation)

          Estimate                           0.072
          90 Percent C.I.                    0.068  0.076
          Probability RMSEA <= .05           0.000

CFI/TLI

          CFI                                0.887
          TLI                                0.876

Chi-Square Test of Model Fit for the Baseline Model

          Value                           8805.199
          Degrees of Freedom                   276
          P-Value                           0.0000

SRMR (Standardized Root Mean Square Residual)

          Value                              0.109

Optimum Function Value for Weighted Least-Squares Estimator

          Value                     0.84817077D+00



MODEL RESULTS

                                                    Two-Tailed
                    Estimate       S.E.  Est./S.E.    P-Value

 COG      BY
    COG040             1.000      0.000    999.000    999.000
    COG045             1.221      0.213      5.718      0.000
    COG050             1.476      0.257      5.734      0.000
    COG064             2.283      0.403      5.665      0.000
    COG041             1.050      0.220      4.772      0.000
    COG043             1.450      0.298      4.874      0.000
    COG044             1.320      0.259      5.092      0.000
    COG046             1.015      0.211      4.814      0.000
    COG048             1.666      0.313      5.316      0.000
    COG052             1.356      0.259      5.225      0.000
    COG053             1.407      0.269      5.224      0.000
    COG057             1.182      0.249      4.737      0.000
    COG049             2.470      0.436      5.671      0.000
    COG051             2.361      0.422      5.595      0.000
    COG054             1.312      0.254      5.168      0.000
    COG055             2.490      0.439      5.667      0.000
    COG056             2.802      0.489      5.725      0.000
    COG058             2.431      0.430      5.647      0.000
    COG060             2.743      0.479      5.726      0.000
    COG061             2.444      0.435      5.616      0.000
    COG062             1.941      0.351      5.527      0.000
    COG063             2.499      0.442      5.652      0.000
    COG066             2.837      0.498      5.700      0.000

 CBAGG    WITH
    COG                0.071      0.018      3.948      0.000

 Means
    CBAGG              0.000      0.052      0.000      1.000

 Thresholds
    COG040$1          -1.140      0.059    -19.376      0.000
    COG041$1          -0.583      0.049    -11.873      0.000
    COG043$1          -1.065      0.057    -18.689      0.000
    COG044$1          -1.214      0.061    -19.954      0.000
    COG045$1          -0.326      0.047     -6.940      0.000
    COG046$1           0.032      0.046      0.699      0.485
    COG048$1          -1.236      0.061    -20.100      0.000
    COG049$1          -1.013      0.056    -18.143      0.000
    COG050$1          -0.603      0.049    -12.231      0.000
    COG051$1          -1.173      0.060    -19.646      0.000
    COG052$1          -0.477      0.048     -9.927      0.000
    COG053$1          -0.428      0.048     -8.983      0.000
    COG054$1          -0.436      0.048     -9.128      0.000
    COG055$1          -1.166      0.060    -19.593      0.000
    COG056$1          -0.148      0.046     -3.199      0.001
    COG057$1           0.900      0.054     16.800      0.000
    COG058$1          -0.165      0.046     -3.567      0.000
    COG060$1           0.284      0.047      6.062      0.000
    COG061$1           0.704      0.050     13.931      0.000
    COG062$1           1.036      0.056     18.388      0.000
    COG063$1           1.207      0.061     19.904      0.000
    COG064$1           0.717      0.051     14.141      0.000
    COG066$1           0.931      0.054     17.192      0.000

 Variances
    CBAGG              1.000      0.055     18.183      0.000
    COG                0.108      0.038      2.862      0.004


QUALITY OF NUMERICAL RESULTS

     Condition Number for the Information Matrix              0.194E-05
       (ratio of smallest to largest eigenvalue)


STANDARDIZED MODEL RESULTS


STDYX Standardization

                                                    Two-Tailed
                    Estimate       S.E.  Est./S.E.    P-Value

 COG      BY
    COG040             0.329      0.057      5.724      0.000
    COG045             0.401      0.042      9.600      0.000
    COG050             0.485      0.041     11.694      0.000
    COG064             0.750      0.029     25.545      0.000
    COG041             0.345      0.045      7.630      0.000
    COG043             0.477      0.053      9.015      0.000
    COG044             0.434      0.058      7.527      0.000
    COG046             0.334      0.043      7.804      0.000
    COG048             0.548      0.054     10.054      0.000
    COG052             0.446      0.041     10.888      0.000
    COG053             0.462      0.039     11.902      0.000
    COG057             0.388      0.050      7.826      0.000
    COG049             0.812      0.030     27.065      0.000
    COG051             0.776      0.041     19.096      0.000
    COG054             0.431      0.042     10.208      0.000
    COG055             0.818      0.037     22.221      0.000
    COG056             0.921      0.015     61.916      0.000
    COG058             0.799      0.022     36.689      0.000
    COG060             0.901      0.015     59.648      0.000
    COG061             0.803      0.025     32.130      0.000
    COG062             0.638      0.041     15.449      0.000
    COG063             0.821      0.031     26.458      0.000
    COG066             0.932      0.019     49.628      0.000

 CBAGG    WITH
    COG                0.215      0.037      5.839      0.000

 Means
    CBAGG              0.000      0.052      0.000      1.000

 Thresholds
    COG040$1          -1.140      0.059    -19.376      0.000
    COG041$1          -0.583      0.049    -11.873      0.000
    COG043$1          -1.065      0.057    -18.689      0.000
    COG044$1          -1.214      0.061    -19.954      0.000
    COG045$1          -0.326      0.047     -6.940      0.000
    COG046$1           0.032      0.046      0.699      0.485
    COG048$1          -1.236      0.061    -20.100      0.000
    COG049$1          -1.013      0.056    -18.143      0.000
    COG050$1          -0.603      0.049    -12.231      0.000
    COG051$1          -1.173      0.060    -19.646      0.000
    COG052$1          -0.477      0.048     -9.927      0.000
    COG053$1          -0.428      0.048     -8.983      0.000
    COG054$1          -0.436      0.048     -9.128      0.000
    COG055$1          -1.166      0.060    -19.593      0.000
    COG056$1          -0.148      0.046     -3.199      0.001
    COG057$1           0.900      0.054     16.800      0.000
    COG058$1          -0.165      0.046     -3.567      0.000
    COG060$1           0.284      0.047      6.062      0.000
    COG061$1           0.704      0.050     13.931      0.000
    COG062$1           1.036      0.056     18.388      0.000
    COG063$1           1.207      0.061     19.904      0.000
    COG064$1           0.717      0.051     14.141      0.000
    COG066$1           0.931      0.054     17.192      0.000

 Variances
    CBAGG              1.000      0.000    999.000    999.000
    COG                1.000      0.000    999.000    999.000


STDY Standardization

                                                    Two-Tailed
                    Estimate       S.E.  Est./S.E.    P-Value

 COG      BY
    COG040             0.329      0.057      5.724      0.000
    COG045             0.401      0.042      9.600      0.000
    COG050             0.485      0.041     11.694      0.000
    COG064             0.750      0.029     25.545      0.000
    COG041             0.345      0.045      7.630      0.000
    COG043             0.477      0.053      9.015      0.000
    COG044             0.434      0.058      7.527      0.000
    COG046             0.334      0.043      7.804      0.000
    COG048             0.548      0.054     10.054      0.000
    COG052             0.446      0.041     10.888      0.000
    COG053             0.462      0.039     11.902      0.000
    COG057             0.388      0.050      7.826      0.000
    COG049             0.812      0.030     27.065      0.000
    COG051             0.776      0.041     19.096      0.000
    COG054             0.431      0.042     10.208      0.000
    COG055             0.818      0.037     22.221      0.000
    COG056             0.921      0.015     61.916      0.000
    COG058             0.799      0.022     36.689      0.000
    COG060             0.901      0.015     59.648      0.000
    COG061             0.803      0.025     32.130      0.000
    COG062             0.638      0.041     15.449      0.000
    COG063             0.821      0.031     26.458      0.000
    COG066             0.932      0.019     49.628      0.000

 CBAGG    WITH
    COG                0.215      0.037      5.839      0.000

 Means
    CBAGG              0.000      0.052      0.000      1.000

 Thresholds
    COG040$1          -1.140      0.059    -19.376      0.000
    COG041$1          -0.583      0.049    -11.873      0.000
    COG043$1          -1.065      0.057    -18.689      0.000
    COG044$1          -1.214      0.061    -19.954      0.000
    COG045$1          -0.326      0.047     -6.940      0.000
    COG046$1           0.032      0.046      0.699      0.485
    COG048$1          -1.236      0.061    -20.100      0.000
    COG049$1          -1.013      0.056    -18.143      0.000
    COG050$1          -0.603      0.049    -12.231      0.000
    COG051$1          -1.173      0.060    -19.646      0.000
    COG052$1          -0.477      0.048     -9.927      0.000
    COG053$1          -0.428      0.048     -8.983      0.000
    COG054$1          -0.436      0.048     -9.128      0.000
    COG055$1          -1.166      0.060    -19.593      0.000
    COG056$1          -0.148      0.046     -3.199      0.001
    COG057$1           0.900      0.054     16.800      0.000
    COG058$1          -0.165      0.046     -3.567      0.000
    COG060$1           0.284      0.047      6.062      0.000
    COG061$1           0.704      0.050     13.931      0.000
    COG062$1           1.036      0.056     18.388      0.000
    COG063$1           1.207      0.061     19.904      0.000
    COG064$1           0.717      0.051     14.141      0.000
    COG066$1           0.931      0.054     17.192      0.000

 Variances
    CBAGG              1.000      0.000    999.000    999.000
    COG                1.000      0.000    999.000    999.000


STD Standardization

                                                    Two-Tailed
                    Estimate       S.E.  Est./S.E.    P-Value

 COG      BY
    COG040             0.329      0.057      5.724      0.000
    COG045             0.401      0.042      9.600      0.000
    COG050             0.485      0.041     11.694      0.000
    COG064             0.750      0.029     25.545      0.000
    COG041             0.345      0.045      7.630      0.000
    COG043             0.477      0.053      9.015      0.000
    COG044             0.434      0.058      7.527      0.000
    COG046             0.334      0.043      7.804      0.000
    COG048             0.548      0.054     10.054      0.000
    COG052             0.446      0.041     10.888      0.000
    COG053             0.462      0.039     11.902      0.000
    COG057             0.388      0.050      7.826      0.000
    COG049             0.812      0.030     27.065      0.000
    COG051             0.776      0.041     19.096      0.000
    COG054             0.431      0.042     10.208      0.000
    COG055             0.818      0.037     22.221      0.000
    COG056             0.921      0.015     61.916      0.000
    COG058             0.799      0.022     36.689      0.000
    COG060             0.901      0.015     59.648      0.000
    COG061             0.803      0.025     32.130      0.000
    COG062             0.638      0.041     15.449      0.000
    COG063             0.821      0.031     26.458      0.000
    COG066             0.932      0.019     49.628      0.000

 CBAGG    WITH
    COG                0.215      0.038      5.628      0.000

 Means
    CBAGG              0.000      0.052      0.000      1.000

 Thresholds
    COG040$1          -1.140      0.059    -19.376      0.000
    COG041$1          -0.583      0.049    -11.873      0.000
    COG043$1          -1.065      0.057    -18.689      0.000
    COG044$1          -1.214      0.061    -19.954      0.000
    COG045$1          -0.326      0.047     -6.940      0.000
    COG046$1           0.032      0.046      0.699      0.485
    COG048$1          -1.236      0.061    -20.100      0.000
    COG049$1          -1.013      0.056    -18.143      0.000
    COG050$1          -0.603      0.049    -12.231      0.000
    COG051$1          -1.173      0.060    -19.646      0.000
    COG052$1          -0.477      0.048     -9.927      0.000
    COG053$1          -0.428      0.048     -8.983      0.000
    COG054$1          -0.436      0.048     -9.128      0.000
    COG055$1          -1.166      0.060    -19.593      0.000
    COG056$1          -0.148      0.046     -3.199      0.001
    COG057$1           0.900      0.054     16.800      0.000
    COG058$1          -0.165      0.046     -3.567      0.000
    COG060$1           0.284      0.047      6.062      0.000
    COG061$1           0.704      0.050     13.931      0.000
    COG062$1           1.036      0.056     18.388      0.000
    COG063$1           1.207      0.061     19.904      0.000
    COG064$1           0.717      0.051     14.141      0.000
    COG066$1           0.931      0.054     17.192      0.000

 Variances
    CBAGG              1.000      0.055     18.183      0.000
    COG                1.000      0.000    999.000    999.000


R-SQUARE

    Observed                                        Two-Tailed   Residual
    Variable        Estimate       S.E.  Est./S.E.    P-Value    Variance

    COG040             0.108      0.038      2.862      0.004      0.892
    COG041             0.119      0.031      3.815      0.000      0.881
    COG043             0.227      0.050      4.508      0.000      0.773
    COG044             0.188      0.050      3.763      0.000      0.812
    COG045             0.161      0.034      4.800      0.000      0.839
    COG046             0.111      0.029      3.902      0.000      0.889
    COG048             0.300      0.060      5.027      0.000      0.700
    COG049             0.659      0.049     13.532      0.000      0.341
    COG050             0.235      0.040      5.847      0.000      0.765
    COG051             0.602      0.063      9.548      0.000      0.398
    COG052             0.198      0.036      5.444      0.000      0.802
    COG053             0.214      0.036      5.951      0.000      0.786
    COG054             0.186      0.036      5.104      0.000      0.814
    COG055             0.669      0.060     11.111      0.000      0.331
    COG056             0.848      0.027     30.958      0.000      0.152
    COG057             0.151      0.039      3.913      0.000      0.849
    COG058             0.638      0.035     18.344      0.000      0.362
    COG060             0.813      0.027     29.824      0.000      0.187
    COG061             0.645      0.040     16.065      0.000      0.355
    COG062             0.407      0.053      7.724      0.000      0.593
    COG063             0.674      0.051     13.229      0.000      0.326
    COG064             0.563      0.044     12.772      0.000      0.437
    COG066             0.870      0.035     24.814      0.000      0.130


CONFIDENCE INTERVALS OF MODEL RESULTS

                  Lower .5%  Lower 2.5%    Lower 5%    Estimate    Upper 5%  Upper 2.5%   Upper .5%

 COG      BY
    COG040           1.000       1.000       1.000       1.000       1.000       1.000       1.000
    COG045           0.671       0.802       0.869       1.221       1.572       1.639       1.770
    COG050           0.813       0.972       1.053       1.476       1.900       1.981       2.140
    COG064           1.245       1.493       1.620       2.283       2.946       3.073       3.321
    COG041           0.483       0.619       0.688       1.050       1.412       1.482       1.617
    COG043           0.684       0.867       0.961       1.450       1.939       2.033       2.216
    COG044           0.652       0.812       0.893       1.320       1.746       1.827       1.987
    COG046           0.472       0.602       0.668       1.015       1.362       1.428       1.558
    COG048           0.859       1.052       1.151       1.666       2.182       2.281       2.474
    COG052           0.687       0.847       0.929       1.356       1.782       1.864       2.024
    COG053           0.713       0.879       0.964       1.407       1.850       1.935       2.100
    COG057           0.539       0.693       0.771       1.182       1.592       1.671       1.824
    COG049           1.348       1.616       1.754       2.470       3.186       3.324       3.592
    COG051           1.274       1.534       1.667       2.361       3.055       3.188       3.447
    COG054           0.658       0.815       0.895       1.312       1.730       1.810       1.967
    COG055           1.358       1.629       1.767       2.490       3.212       3.350       3.621
    COG056           1.541       1.843       1.997       2.802       3.607       3.761       4.063
    COG058           1.322       1.587       1.723       2.431       3.139       3.275       3.540
    COG060           1.509       1.804       1.955       2.743       3.531       3.682       3.977
    COG061           1.323       1.591       1.728       2.444       3.160       3.297       3.565
    COG062           1.036       1.252       1.363       1.941       2.518       2.629       2.845
    COG063           1.360       1.632       1.771       2.499       3.226       3.365       3.638
    COG066           1.555       1.862       2.019       2.837       3.656       3.813       4.119

 CBAGG    WITH
    COG              0.025       0.036       0.041       0.071       0.100       0.106       0.117

 Means
    CBAGG           -0.135      -0.103      -0.086       0.000       0.086       0.103       0.135

 Thresholds
    COG040$1        -1.291      -1.255      -1.236      -1.140      -1.043      -1.024      -0.988
    COG041$1        -0.709      -0.679      -0.663      -0.583      -0.502      -0.486      -0.456
    COG043$1        -1.212      -1.177      -1.159      -1.065      -0.971      -0.953      -0.918
    COG044$1        -1.371      -1.334      -1.314      -1.214      -1.114      -1.095      -1.058
    COG045$1        -0.447      -0.418      -0.404      -0.326      -0.249      -0.234      -0.205
    COG046$1        -0.087      -0.058      -0.044       0.032       0.108       0.123       0.151
    COG048$1        -1.394      -1.356      -1.337      -1.236      -1.135      -1.115      -1.077
    COG049$1        -1.156      -1.122      -1.104      -1.013      -0.921      -0.903      -0.869
    COG050$1        -0.730      -0.699      -0.684      -0.603      -0.522      -0.506      -0.476
    COG051$1        -1.327      -1.290      -1.271      -1.173      -1.075      -1.056      -1.019
    COG052$1        -0.601      -0.571      -0.556      -0.477      -0.398      -0.383      -0.353
    COG053$1        -0.551      -0.522      -0.507      -0.428      -0.350      -0.335      -0.305
    COG054$1        -0.559      -0.529      -0.514      -0.436      -0.357      -0.342      -0.313
    COG055$1        -1.319      -1.283      -1.264      -1.166      -1.068      -1.049      -1.013
    COG056$1        -0.267      -0.239      -0.224      -0.148      -0.072      -0.057      -0.029
    COG057$1         0.762       0.795       0.812       0.900       0.988       1.005       1.038
    COG058$1        -0.285      -0.256      -0.241      -0.165      -0.089      -0.074      -0.046
    COG060$1         0.163       0.192       0.207       0.284       0.361       0.375       0.404
    COG061$1         0.573       0.605       0.620       0.704       0.787       0.802       0.834
    COG062$1         0.891       0.925       0.943       1.036       1.128       1.146       1.181
    COG063$1         1.051       1.088       1.107       1.207       1.307       1.326       1.363
    COG064$1         0.586       0.617       0.633       0.717       0.800       0.816       0.847
    COG066$1         0.792       0.825       0.842       0.931       1.020       1.037       1.071

 Variances
    CBAGG            0.858       0.892       0.910       1.000       1.090       1.108       1.142
    COG              0.011       0.034       0.046       0.108       0.170       0.182       0.205


CONFIDENCE INTERVALS OF STANDARDIZED MODEL RESULTS


STDYX Standardization

                  Lower .5%  Lower 2.5%    Lower 5%    Estimate    Upper 5%  Upper 2.5%   Upper .5%

 COG      BY
    COG040           0.181       0.216       0.234       0.329       0.423       0.441       0.477
    COG045           0.294       0.319       0.332       0.401       0.470       0.483       0.509
    COG050           0.378       0.404       0.417       0.485       0.553       0.567       0.592
    COG064           0.675       0.693       0.702       0.750       0.799       0.808       0.826
    COG041           0.229       0.257       0.271       0.345       0.420       0.434       0.462
    COG043           0.340       0.373       0.390       0.477       0.563       0.580       0.613
    COG044           0.285       0.321       0.339       0.434       0.528       0.547       0.582
    COG046           0.223       0.250       0.263       0.334       0.404       0.417       0.444
    COG048           0.407       0.441       0.458       0.548       0.637       0.654       0.688
    COG052           0.340       0.365       0.378       0.446       0.513       0.526       0.551
    COG053           0.362       0.386       0.398       0.462       0.526       0.538       0.562
    COG057           0.261       0.291       0.307       0.388       0.470       0.486       0.516
    COG049           0.735       0.753       0.762       0.812       0.861       0.871       0.889
    COG051           0.671       0.696       0.709       0.776       0.843       0.855       0.880
    COG054           0.322       0.349       0.362       0.431       0.501       0.514       0.540
    COG055           0.723       0.746       0.758       0.818       0.879       0.890       0.913
    COG056           0.883       0.892       0.896       0.921       0.945       0.950       0.959
    COG058           0.743       0.756       0.763       0.799       0.835       0.842       0.855
    COG060           0.863       0.872       0.877       0.901       0.926       0.931       0.940
    COG061           0.739       0.754       0.762       0.803       0.844       0.852       0.868
    COG062           0.531       0.557       0.570       0.638       0.706       0.719       0.744
    COG063           0.741       0.760       0.770       0.821       0.872       0.882       0.901
    COG066           0.884       0.896       0.902       0.932       0.963       0.969       0.981

 CBAGG    WITH
    COG              0.120       0.143       0.155       0.215       0.276       0.287       0.310

 Means
    CBAGG           -0.135      -0.103      -0.086       0.000       0.086       0.103       0.135

 Thresholds
    COG040$1        -1.291      -1.255      -1.236      -1.140      -1.043      -1.024      -0.988
    COG041$1        -0.709      -0.679      -0.663      -0.583      -0.502      -0.486      -0.456
    COG043$1        -1.212      -1.177      -1.159      -1.065      -0.971      -0.953      -0.918
    COG044$1        -1.371      -1.334      -1.314      -1.214      -1.114      -1.095      -1.058
    COG045$1        -0.447      -0.418      -0.404      -0.326      -0.249      -0.234      -0.205
    COG046$1        -0.087      -0.058      -0.044       0.032       0.108       0.123       0.151
    COG048$1        -1.394      -1.356      -1.337      -1.236      -1.135      -1.115      -1.077
    COG049$1        -1.156      -1.122      -1.104      -1.013      -0.921      -0.903      -0.869
    COG050$1        -0.730      -0.699      -0.684      -0.603      -0.522      -0.506      -0.476
    COG051$1        -1.327      -1.290      -1.271      -1.173      -1.075      -1.056      -1.019
    COG052$1        -0.601      -0.571      -0.556      -0.477      -0.398      -0.383      -0.353
    COG053$1        -0.551      -0.522      -0.507      -0.428      -0.350      -0.335      -0.305
    COG054$1        -0.559      -0.529      -0.514      -0.436      -0.357      -0.342      -0.313
    COG055$1        -1.319      -1.283      -1.264      -1.166      -1.068      -1.049      -1.013
    COG056$1        -0.267      -0.239      -0.224      -0.148      -0.072      -0.057      -0.029
    COG057$1         0.762       0.795       0.812       0.900       0.988       1.005       1.038
    COG058$1        -0.285      -0.256      -0.241      -0.165      -0.089      -0.074      -0.046
    COG060$1         0.163       0.192       0.207       0.284       0.361       0.375       0.404
    COG061$1         0.573       0.605       0.620       0.704       0.787       0.802       0.834
    COG062$1         0.891       0.925       0.943       1.036       1.128       1.146       1.181
    COG063$1         1.051       1.088       1.107       1.207       1.307       1.326       1.363
    COG064$1         0.586       0.617       0.633       0.717       0.800       0.816       0.847
    COG066$1         0.792       0.825       0.842       0.931       1.020       1.037       1.071

 Variances
    CBAGG            1.000       1.000       1.000       1.000       1.000       1.000       1.000
    COG              1.000       1.000       1.000       1.000       1.000       1.000       1.000


STDY Standardization

                  Lower .5%  Lower 2.5%    Lower 5%    Estimate    Upper 5%  Upper 2.5%   Upper .5%

 COG      BY
    COG040           0.181       0.216       0.234       0.329       0.423       0.441       0.477
    COG045           0.294       0.319       0.332       0.401       0.470       0.483       0.509
    COG050           0.378       0.404       0.417       0.485       0.553       0.567       0.592
    COG064           0.675       0.693       0.702       0.750       0.799       0.808       0.826
    COG041           0.229       0.257       0.271       0.345       0.420       0.434       0.462
    COG043           0.340       0.373       0.390       0.477       0.563       0.580       0.613
    COG044           0.285       0.321       0.339       0.434       0.528       0.547       0.582
    COG046           0.223       0.250       0.263       0.334       0.404       0.417       0.444
    COG048           0.407       0.441       0.458       0.548       0.637       0.654       0.688
    COG052           0.340       0.365       0.378       0.446       0.513       0.526       0.551
    COG053           0.362       0.386       0.398       0.462       0.526       0.538       0.562
    COG057           0.261       0.291       0.307       0.388       0.470       0.486       0.516
    COG049           0.735       0.753       0.762       0.812       0.861       0.871       0.889
    COG051           0.671       0.696       0.709       0.776       0.843       0.855       0.880
    COG054           0.322       0.349       0.362       0.431       0.501       0.514       0.540
    COG055           0.723       0.746       0.758       0.818       0.879       0.890       0.913
    COG056           0.883       0.892       0.896       0.921       0.945       0.950       0.959
    COG058           0.743       0.756       0.763       0.799       0.835       0.842       0.855
    COG060           0.863       0.872       0.877       0.901       0.926       0.931       0.940
    COG061           0.739       0.754       0.762       0.803       0.844       0.852       0.868
    COG062           0.531       0.557       0.570       0.638       0.706       0.719       0.744
    COG063           0.741       0.760       0.770       0.821       0.872       0.882       0.901
    COG066           0.884       0.896       0.902       0.932       0.963       0.969       0.981

 CBAGG    WITH
    COG              0.120       0.143       0.155       0.215       0.276       0.287       0.310

 Means
    CBAGG           -0.135      -0.103      -0.086       0.000       0.086       0.103       0.135

 Thresholds
    COG040$1        -1.291      -1.255      -1.236      -1.140      -1.043      -1.024      -0.988
    COG041$1        -0.709      -0.679      -0.663      -0.583      -0.502      -0.486      -0.456
    COG043$1        -1.212      -1.177      -1.159      -1.065      -0.971      -0.953      -0.918
    COG044$1        -1.371      -1.334      -1.314      -1.214      -1.114      -1.095      -1.058
    COG045$1        -0.447      -0.418      -0.404      -0.326      -0.249      -0.234      -0.205
    COG046$1        -0.087      -0.058      -0.044       0.032       0.108       0.123       0.151
    COG048$1        -1.394      -1.356      -1.337      -1.236      -1.135      -1.115      -1.077
    COG049$1        -1.156      -1.122      -1.104      -1.013      -0.921      -0.903      -0.869
    COG050$1        -0.730      -0.699      -0.684      -0.603      -0.522      -0.506      -0.476
    COG051$1        -1.327      -1.290      -1.271      -1.173      -1.075      -1.056      -1.019
    COG052$1        -0.601      -0.571      -0.556      -0.477      -0.398      -0.383      -0.353
    COG053$1        -0.551      -0.522      -0.507      -0.428      -0.350      -0.335      -0.305
    COG054$1        -0.559      -0.529      -0.514      -0.436      -0.357      -0.342      -0.313
    COG055$1        -1.319      -1.283      -1.264      -1.166      -1.068      -1.049      -1.013
    COG056$1        -0.267      -0.239      -0.224      -0.148      -0.072      -0.057      -0.029
    COG057$1         0.762       0.795       0.812       0.900       0.988       1.005       1.038
    COG058$1        -0.285      -0.256      -0.241      -0.165      -0.089      -0.074      -0.046
    COG060$1         0.163       0.192       0.207       0.284       0.361       0.375       0.404
    COG061$1         0.573       0.605       0.620       0.704       0.787       0.802       0.834
    COG062$1         0.891       0.925       0.943       1.036       1.128       1.146       1.181
    COG063$1         1.051       1.088       1.107       1.207       1.307       1.326       1.363
    COG064$1         0.586       0.617       0.633       0.717       0.800       0.816       0.847
    COG066$1         0.792       0.825       0.842       0.931       1.020       1.037       1.071

 Variances
    CBAGG            1.000       1.000       1.000       1.000       1.000       1.000       1.000
    COG              1.000       1.000       1.000       1.000       1.000       1.000       1.000


STD Standardization

                  Lower .5%  Lower 2.5%    Lower 5%    Estimate    Upper 5%  Upper 2.5%   Upper .5%

 COG      BY
    COG040           0.181       0.216       0.234       0.329       0.423       0.441       0.477
    COG045           0.294       0.319       0.332       0.401       0.470       0.483       0.509
    COG050           0.378       0.404       0.417       0.485       0.553       0.567       0.592
    COG064           0.675       0.693       0.702       0.750       0.799       0.808       0.826
    COG041           0.229       0.257       0.271       0.345       0.420       0.434       0.462
    COG043           0.340       0.373       0.390       0.477       0.563       0.580       0.613
    COG044           0.285       0.321       0.339       0.434       0.528       0.547       0.582
    COG046           0.223       0.250       0.263       0.334       0.404       0.417       0.444
    COG048           0.407       0.441       0.458       0.548       0.637       0.654       0.688
    COG052           0.340       0.365       0.378       0.446       0.513       0.526       0.551
    COG053           0.362       0.386       0.398       0.462       0.526       0.538       0.562
    COG057           0.261       0.291       0.307       0.388       0.470       0.486       0.516
    COG049           0.735       0.753       0.762       0.812       0.861       0.871       0.889
    COG051           0.671       0.696       0.709       0.776       0.843       0.855       0.880
    COG054           0.322       0.349       0.362       0.431       0.501       0.514       0.540
    COG055           0.723       0.746       0.758       0.818       0.879       0.890       0.913
    COG056           0.883       0.892       0.896       0.921       0.945       0.950       0.959
    COG058           0.743       0.756       0.763       0.799       0.835       0.842       0.855
    COG060           0.863       0.872       0.877       0.901       0.926       0.931       0.940
    COG061           0.739       0.754       0.762       0.803       0.844       0.852       0.868
    COG062           0.531       0.557       0.570       0.638       0.706       0.719       0.744
    COG063           0.741       0.760       0.770       0.821       0.872       0.882       0.901
    COG066           0.884       0.896       0.902       0.932       0.963       0.969       0.981

 CBAGG    WITH
    COG              0.117       0.140       0.152       0.215       0.278       0.290       0.314

 Means
    CBAGG           -0.135      -0.103      -0.086       0.000       0.086       0.103       0.135

 Thresholds
    COG040$1        -1.291      -1.255      -1.236      -1.140      -1.043      -1.024      -0.988
    COG041$1        -0.709      -0.679      -0.663      -0.583      -0.502      -0.486      -0.456
    COG043$1        -1.212      -1.177      -1.159      -1.065      -0.971      -0.953      -0.918
    COG044$1        -1.371      -1.334      -1.314      -1.214      -1.114      -1.095      -1.058
    COG045$1        -0.447      -0.418      -0.404      -0.326      -0.249      -0.234      -0.205
    COG046$1        -0.087      -0.058      -0.044       0.032       0.108       0.123       0.151
    COG048$1        -1.394      -1.356      -1.337      -1.236      -1.135      -1.115      -1.077
    COG049$1        -1.156      -1.122      -1.104      -1.013      -0.921      -0.903      -0.869
    COG050$1        -0.730      -0.699      -0.684      -0.603      -0.522      -0.506      -0.476
    COG051$1        -1.327      -1.290      -1.271      -1.173      -1.075      -1.056      -1.019
    COG052$1        -0.601      -0.571      -0.556      -0.477      -0.398      -0.383      -0.353
    COG053$1        -0.551      -0.522      -0.507      -0.428      -0.350      -0.335      -0.305
    COG054$1        -0.559      -0.529      -0.514      -0.436      -0.357      -0.342      -0.313
    COG055$1        -1.319      -1.283      -1.264      -1.166      -1.068      -1.049      -1.013
    COG056$1        -0.267      -0.239      -0.224      -0.148      -0.072      -0.057      -0.029
    COG057$1         0.762       0.795       0.812       0.900       0.988       1.005       1.038
    COG058$1        -0.285      -0.256      -0.241      -0.165      -0.089      -0.074      -0.046
    COG060$1         0.163       0.192       0.207       0.284       0.361       0.375       0.404
    COG061$1         0.573       0.605       0.620       0.704       0.787       0.802       0.834
    COG062$1         0.891       0.925       0.943       1.036       1.128       1.146       1.181
    COG063$1         1.051       1.088       1.107       1.207       1.307       1.326       1.363
    COG064$1         0.586       0.617       0.633       0.717       0.800       0.816       0.847
    COG066$1         0.792       0.825       0.842       0.931       1.020       1.037       1.071

 Variances
    CBAGG            0.858       0.892       0.910       1.000       1.090       1.108       1.142
    COG              1.000       1.000       1.000       1.000       1.000       1.000       1.000


RESIDUAL OUTPUT


     ESTIMATED MODEL AND RESIDUALS (OBSERVED - ESTIMATED)


           Model Estimated Means/Intercepts/Thresholds
              COG040$1      COG041$1      COG043$1      COG044$1      COG045$1
              ________      ________      ________      ________      ________
               -1.140        -0.583        -1.065        -1.214        -0.326


           Model Estimated Means/Intercepts/Thresholds
              COG046$1      COG048$1      COG049$1      COG050$1      COG051$1
              ________      ________      ________      ________      ________
                0.032        -1.236        -1.013        -0.603        -1.173


           Model Estimated Means/Intercepts/Thresholds
              COG052$1      COG053$1      COG054$1      COG055$1      COG056$1
              ________      ________      ________      ________      ________
               -0.477        -0.428        -0.436        -1.166        -0.148


           Model Estimated Means/Intercepts/Thresholds
              COG057$1      COG058$1      COG060$1      COG061$1      COG062$1
              ________      ________      ________      ________      ________
                0.900        -0.165         0.284         0.704         1.036


           Model Estimated Means/Intercepts/Thresholds
              COG063$1      COG064$1      COG066$1      CBAGG
              ________      ________      ________      ________
                1.207         0.717         0.931         0.000


           Residuals for Means/Intercepts/Thresholds
              COG040$1      COG041$1      COG043$1      COG044$1      COG045$1
              ________      ________      ________      ________      ________
                0.000         0.000         0.000         0.000         0.000


           Residuals for Means/Intercepts/Thresholds
              COG046$1      COG048$1      COG049$1      COG050$1      COG051$1
              ________      ________      ________      ________      ________
                0.000         0.000         0.000         0.000         0.000


           Residuals for Means/Intercepts/Thresholds
              COG052$1      COG053$1      COG054$1      COG055$1      COG056$1
              ________      ________      ________      ________      ________
                0.000         0.000         0.000         0.000         0.000


           Residuals for Means/Intercepts/Thresholds
              COG057$1      COG058$1      COG060$1      COG061$1      COG062$1
              ________      ________      ________      ________      ________
                0.000         0.000         0.000         0.000         0.000


           Residuals for Means/Intercepts/Thresholds
              COG063$1      COG064$1      COG066$1      CBAGG
              ________      ________      ________      ________
                0.000         0.000         0.000         0.000


           Model Estimated Covariances/Correlations/Residual Correlations
              COG040        COG041        COG043        COG044        COG045
              ________      ________      ________      ________      ________
 COG040
 COG041         0.113
 COG043         0.157         0.164
 COG044         0.143         0.150         0.207
 COG045         0.132         0.138         0.191         0.174
 COG046         0.110         0.115         0.159         0.145         0.134
 COG048         0.180         0.189         0.261         0.237         0.220
 COG049         0.267         0.280         0.387         0.352         0.326
 COG050         0.159         0.167         0.231         0.210         0.195
 COG051         0.255         0.268         0.370         0.336         0.311
 COG052         0.146         0.154         0.212         0.193         0.179
 COG053         0.152         0.160         0.220         0.200         0.185
 COG054         0.142         0.149         0.206         0.187         0.173
 COG055         0.269         0.282         0.390         0.355         0.328
 COG056         0.303         0.318         0.439         0.399         0.369
 COG057         0.128         0.134         0.185         0.168         0.156
 COG058         0.263         0.276         0.381         0.346         0.320
 COG060         0.296         0.311         0.430         0.391         0.362
 COG061         0.264         0.277         0.383         0.348         0.322
 COG062         0.210         0.220         0.304         0.277         0.256
 COG063         0.270         0.283         0.391         0.356         0.329
 COG064         0.247         0.259         0.357         0.325         0.301
 COG066         0.306         0.322         0.444         0.404         0.374
 CBAGG          0.071         0.074         0.103         0.093         0.086


           Model Estimated Covariances/Correlations/Residual Correlations
              COG046        COG048        COG049        COG050        COG051
              ________      ________      ________      ________      ________
 COG048         0.183
 COG049         0.271         0.445
 COG050         0.162         0.266         0.394
 COG051         0.259         0.425         0.630         0.376
 COG052         0.149         0.244         0.362         0.216         0.346
 COG053         0.154         0.253         0.375         0.224         0.359
 COG054         0.144         0.236         0.350         0.209         0.335
 COG055         0.273         0.448         0.664         0.397         0.635
 COG056         0.307         0.504         0.748         0.447         0.714
 COG057         0.130         0.213         0.315         0.188         0.301
 COG058         0.266         0.438         0.649         0.388         0.620
 COG060         0.301         0.494         0.732         0.437         0.699
 COG061         0.268         0.440         0.652         0.390         0.623
 COG062         0.213         0.349         0.518         0.309         0.495
 COG063         0.274         0.450         0.667         0.398         0.637
 COG064         0.250         0.411         0.609         0.364         0.582
 COG066         0.311         0.511         0.757         0.452         0.723
 CBAGG          0.072         0.118         0.175         0.104         0.167


           Model Estimated Covariances/Correlations/Residual Correlations
              COG052        COG053        COG054        COG055        COG056
              ________      ________      ________      ________      ________
 COG053         0.206
 COG054         0.192         0.199
 COG055         0.365         0.378         0.353
 COG056         0.410         0.426         0.397         0.753
 COG057         0.173         0.180         0.168         0.318         0.358
 COG058         0.356         0.369         0.345         0.654         0.736
 COG060         0.402         0.417         0.389         0.738         0.830
 COG061         0.358         0.371         0.346         0.657         0.740
 COG062         0.284         0.295         0.275         0.522         0.587
 COG063         0.366         0.380         0.354         0.672         0.756
 COG064         0.334         0.347         0.324         0.614         0.691
 COG066         0.415         0.431         0.402         0.763         0.859
 CBAGG          0.096         0.099         0.093         0.176         0.198


           Model Estimated Covariances/Correlations/Residual Correlations
              COG057        COG058        COG060        COG061        COG062
              ________      ________      ________      ________      ________
 COG058         0.310
 COG060         0.350         0.720
 COG061         0.312         0.642         0.724
 COG062         0.248         0.509         0.575         0.512
 COG063         0.319         0.656         0.740         0.660         0.524
 COG064         0.291         0.599         0.676         0.603         0.478
 COG066         0.362         0.745         0.841         0.749         0.595
 CBAGG          0.084         0.172         0.194         0.173         0.137


           Model Estimated Covariances/Correlations/Residual Correlations
              COG063        COG064        COG066        CBAGG
              ________      ________      ________      ________
 COG064         0.616
 COG066         0.766         0.700
 CBAGG          0.177         0.161         0.201         1.000


           Model Estimated Correlations/Residual Correlations
              COG040        COG041        COG043        COG044        COG045
              ________      ________      ________      ________      ________
 COG040
 COG041         0.113
 COG043         0.157         0.164
 COG044         0.143         0.150         0.207
 COG045         0.132         0.138         0.191         0.174
 COG046         0.110         0.115         0.159         0.145         0.134
 COG048         0.180         0.189         0.261         0.237         0.220
 COG049         0.267         0.280         0.387         0.352         0.326
 COG050         0.159         0.167         0.231         0.210         0.195
 COG051         0.255         0.268         0.370         0.336         0.311
 COG052         0.146         0.154         0.212         0.193         0.179
 COG053         0.152         0.160         0.220         0.200         0.185
 COG054         0.142         0.149         0.206         0.187         0.173
 COG055         0.269         0.282         0.390         0.355         0.328
 COG056         0.303         0.318         0.439         0.399         0.369
 COG057         0.128         0.134         0.185         0.168         0.156
 COG058         0.263         0.276         0.381         0.346         0.320
 COG060         0.296         0.311         0.430         0.391         0.362
 COG061         0.264         0.277         0.383         0.348         0.322
 COG062         0.210         0.220         0.304         0.277         0.256
 COG063         0.270         0.283         0.391         0.356         0.329
 COG064         0.247         0.259         0.357         0.325         0.301
 COG066         0.306         0.322         0.444         0.404         0.374
 CBAGG          0.071         0.074         0.103         0.093         0.086


           Model Estimated Correlations/Residual Correlations
              COG046        COG048        COG049        COG050        COG051
              ________      ________      ________      ________      ________
 COG048         0.183
 COG049         0.271         0.445
 COG050         0.162         0.266         0.394
 COG051         0.259         0.425         0.630         0.376
 COG052         0.149         0.244         0.362         0.216         0.346
 COG053         0.154         0.253         0.375         0.224         0.359
 COG054         0.144         0.236         0.350         0.209         0.335
 COG055         0.273         0.448         0.664         0.397         0.635
 COG056         0.307         0.504         0.748         0.447         0.714
 COG057         0.130         0.213         0.315         0.188         0.301
 COG058         0.266         0.438         0.649         0.388         0.620
 COG060         0.301         0.494         0.732         0.437         0.699
 COG061         0.268         0.440         0.652         0.390         0.623
 COG062         0.213         0.349         0.518         0.309         0.495
 COG063         0.274         0.450         0.667         0.398         0.637
 COG064         0.250         0.411         0.609         0.364         0.582
 COG066         0.311         0.511         0.757         0.452         0.723
 CBAGG          0.072         0.118         0.175         0.104         0.167


           Model Estimated Correlations/Residual Correlations
              COG052        COG053        COG054        COG055        COG056
              ________      ________      ________      ________      ________
 COG053         0.206
 COG054         0.192         0.199
 COG055         0.365         0.378         0.353
 COG056         0.410         0.426         0.397         0.753
 COG057         0.173         0.180         0.168         0.318         0.358
 COG058         0.356         0.369         0.345         0.654         0.736
 COG060         0.402         0.417         0.389         0.738         0.830
 COG061         0.358         0.371         0.346         0.657         0.740
 COG062         0.284         0.295         0.275         0.522         0.587
 COG063         0.366         0.380         0.354         0.672         0.756
 COG064         0.334         0.347         0.324         0.614         0.691
 COG066         0.415         0.431         0.402         0.763         0.859
 CBAGG          0.096         0.099         0.093         0.176         0.198


           Model Estimated Correlations/Residual Correlations
              COG057        COG058        COG060        COG061        COG062
              ________      ________      ________      ________      ________
 COG058         0.310
 COG060         0.350         0.720
 COG061         0.312         0.642         0.724
 COG062         0.248         0.509         0.575         0.512
 COG063         0.319         0.656         0.740         0.660         0.524
 COG064         0.291         0.599         0.676         0.603         0.478
 COG066         0.362         0.745         0.841         0.749         0.595
 CBAGG          0.084         0.172         0.194         0.173         0.137


           Model Estimated Correlations/Residual Correlations
              COG063        COG064        COG066        CBAGG
              ________      ________      ________      ________
 COG064         0.616
 COG066         0.766         0.700
 CBAGG          0.177         0.161         0.201         1.000


           Residuals for Covariances/Correlations/Residual Correlations
              COG040        COG041        COG043        COG044        COG045
              ________      ________      ________      ________      ________
 COG040
 COG041        -0.026
 COG043        -0.061         0.057
 COG044         0.197         0.168         0.085
 COG045         0.402         0.079         0.074         0.130
 COG046         0.083         0.064         0.001         0.097         0.080
 COG048        -0.057         0.024         0.000         0.120        -0.066
 COG049         0.041        -0.092        -0.077        -0.051        -0.010
 COG050         0.328         0.079         0.079         0.119         0.378
 COG051         0.010         0.025        -0.086         0.002         0.023
 COG052        -0.019         0.048         0.360         0.079         0.027
 COG053        -0.072         0.000        -0.068         0.128         0.046
 COG054         0.027         0.017         0.114         0.043         0.019
 COG055        -0.082         0.037         0.048        -0.020        -0.066
 COG056        -0.068        -0.150        -0.153        -0.076        -0.122
 COG057        -0.043         0.181        -0.078        -0.106        -0.052
 COG058        -0.129        -0.083        -0.114        -0.100        -0.083
 COG060        -0.094        -0.062        -0.078        -0.069        -0.064
 COG061        -0.208        -0.021         0.019        -0.121        -0.168
 COG062         0.020         0.131         0.143        -0.047         0.058
 COG063        -0.089         0.039        -0.127        -0.113        -0.151
 COG064         0.078         0.017         0.038        -0.012        -0.001
 COG066        -0.155         0.011        -0.046        -0.032        -0.139
 CBAGG          0.010        -0.113         0.046        -0.057         0.000


           Residuals for Covariances/Correlations/Residual Correlations
              COG046        COG048        COG049        COG050        COG051
              ________      ________      ________      ________      ________
 COG048         0.038
 COG049        -0.042        -0.241
 COG050        -0.035        -0.004         0.006
 COG051        -0.031        -0.071         0.056         0.026
 COG052        -0.149        -0.002        -0.085         0.057        -0.002
 COG053        -0.021         0.656        -0.188         0.018        -0.093
 COG054        -0.056        -0.018        -0.101         0.080         0.000
 COG055        -0.004        -0.122        -0.037         0.014         0.078
 COG056        -0.078        -0.418         0.157        -0.136         0.009
 COG057        -0.006        -0.039        -0.043        -0.075        -0.057
 COG058        -0.041        -0.287        -0.085        -0.112         0.277
 COG060        -0.045        -0.315        -0.021        -0.086        -0.018
 COG061         0.016        -0.361        -0.163        -0.073        -0.089
 COG062         0.148        -0.212        -0.049        -0.056        -0.029
 COG063         0.028        -0.320        -0.116        -0.027        -0.240
 COG064        -0.002        -0.040        -0.186        -0.041        -0.099
 COG066         0.075        -0.281        -0.060        -0.150        -0.072
 CBAGG          0.104        -0.080         0.074         0.078        -0.016


           Residuals for Covariances/Correlations/Residual Correlations
              COG052        COG053        COG054        COG055        COG056
              ________      ________      ________      ________      ________
 COG053         0.054
 COG054         0.188         0.012
 COG055         0.109        -0.071         0.052
 COG056        -0.129        -0.257        -0.174        -0.065
 COG057         0.037        -0.044         0.084         0.142        -0.109
 COG058        -0.124        -0.287        -0.034         0.078         0.055
 COG060        -0.082        -0.261        -0.044        -0.119         0.069
 COG061        -0.004        -0.231        -0.007         0.005        -0.099
 COG062         0.000        -0.128        -0.077         0.102        -0.126
 COG063        -0.019        -0.173        -0.061        -0.100        -0.106
 COG064         0.038         0.015         0.116         0.044        -0.057
 COG066        -0.096        -0.230         0.029        -0.109        -0.053
 CBAGG         -0.040        -0.042         0.054        -0.040         0.033


           Residuals for Covariances/Correlations/Residual Correlations
              COG057        COG058        COG060        COG061        COG062
              ________      ________      ________      ________      ________
 COG058         0.021
 COG060        -0.019         0.079
 COG061         0.080        -0.032        -0.077
 COG062         0.032        -0.007        -0.071         0.050
 COG063         0.025        -0.012        -0.039         0.178         0.013
 COG064         0.045        -0.009        -0.040         0.012         0.043
 COG066        -0.034         0.141        -0.002         0.073         0.085
 CBAGG          0.038        -0.009        -0.013        -0.014        -0.021


           Residuals for Covariances/Correlations/Residual Correlations
              COG063        COG064        COG066        CBAGG
              ________      ________      ________      ________
 COG064         0.004
 COG066        -0.012         0.057
 CBAGG         -0.046         0.047        -0.018         0.000


           Residuals for Correlations/Residual Correlations
              COG040        COG041        COG043        COG044        COG045
              ________      ________      ________      ________      ________
 COG040
 COG041        -0.026
 COG043        -0.061         0.057
 COG044         0.197         0.168         0.085
 COG045         0.402         0.079         0.074         0.130
 COG046         0.083         0.064         0.001         0.097         0.080
 COG048        -0.057         0.024         0.000         0.120        -0.066
 COG049         0.041        -0.092        -0.077        -0.051        -0.010
 COG050         0.328         0.079         0.079         0.119         0.378
 COG051         0.010         0.025        -0.086         0.002         0.023
 COG052        -0.019         0.048         0.360         0.079         0.027
 COG053        -0.072         0.000        -0.068         0.128         0.046
 COG054         0.027         0.017         0.114         0.043         0.019
 COG055        -0.082         0.037         0.048        -0.020        -0.066
 COG056        -0.068        -0.150        -0.153        -0.076        -0.122
 COG057        -0.043         0.181        -0.078        -0.106        -0.052
 COG058        -0.129        -0.083        -0.114        -0.100        -0.083
 COG060        -0.094        -0.062        -0.078        -0.069        -0.064
 COG061        -0.208        -0.021         0.019        -0.121        -0.168
 COG062         0.020         0.131         0.143        -0.047         0.058
 COG063        -0.089         0.039        -0.127        -0.113        -0.151
 COG064         0.078         0.017         0.038        -0.012        -0.001
 COG066        -0.155         0.011        -0.046        -0.032        -0.139
 CBAGG          0.010        -0.113         0.046        -0.057         0.000


           Residuals for Correlations/Residual Correlations
              COG046        COG048        COG049        COG050        COG051
              ________      ________      ________      ________      ________
 COG048         0.038
 COG049        -0.042        -0.241
 COG050        -0.035        -0.004         0.006
 COG051        -0.031        -0.071         0.056         0.026
 COG052        -0.149        -0.002        -0.085         0.057        -0.002
 COG053        -0.021         0.656        -0.188         0.018        -0.093
 COG054        -0.056        -0.018        -0.101         0.080         0.000
 COG055        -0.004        -0.122        -0.037         0.014         0.078
 COG056        -0.078        -0.418         0.157        -0.136         0.009
 COG057        -0.006        -0.039        -0.043        -0.075        -0.057
 COG058        -0.041        -0.287        -0.085        -0.112         0.277
 COG060        -0.045        -0.315        -0.021        -0.086        -0.018
 COG061         0.016        -0.361        -0.163        -0.073        -0.089
 COG062         0.148        -0.212        -0.049        -0.056        -0.029
 COG063         0.028        -0.320        -0.116        -0.027        -0.240
 COG064        -0.002        -0.040        -0.186        -0.041        -0.099
 COG066         0.075        -0.281        -0.060        -0.150        -0.072
 CBAGG          0.104        -0.080         0.074         0.078        -0.016


           Residuals for Correlations/Residual Correlations
              COG052        COG053        COG054        COG055        COG056
              ________      ________      ________      ________      ________
 COG053         0.054
 COG054         0.188         0.012
 COG055         0.109        -0.071         0.052
 COG056        -0.129        -0.257        -0.174        -0.065
 COG057         0.037        -0.044         0.084         0.142        -0.109
 COG058        -0.124        -0.287        -0.034         0.078         0.055
 COG060        -0.082        -0.261        -0.044        -0.119         0.069
 COG061        -0.004        -0.231        -0.007         0.005        -0.099
 COG062         0.000        -0.128        -0.077         0.102        -0.126
 COG063        -0.019        -0.173        -0.061        -0.100        -0.106
 COG064         0.038         0.015         0.116         0.044        -0.057
 COG066        -0.096        -0.230         0.029        -0.109        -0.053
 CBAGG         -0.040        -0.042         0.054        -0.040         0.033


           Residuals for Correlations/Residual Correlations
              COG057        COG058        COG060        COG061        COG062
              ________      ________      ________      ________      ________
 COG058         0.021
 COG060        -0.019         0.079
 COG061         0.080        -0.032        -0.077
 COG062         0.032        -0.007        -0.071         0.050
 COG063         0.025        -0.012        -0.039         0.178         0.013
 COG064         0.045        -0.009        -0.040         0.012         0.043
 COG066        -0.034         0.141        -0.002         0.073         0.085
 CBAGG          0.038        -0.009        -0.013        -0.014        -0.021


           Residuals for Correlations/Residual Correlations
              COG063        COG064        COG066        CBAGG
              ________      ________      ________      ________
 COG064         0.004
 COG066        -0.012         0.057
 CBAGG         -0.046         0.047        -0.018         0.000


     UNIVARIATE PROPORTIONS FOR CATEGORICAL VARIABLES

     Variable          Observed      Estimated      Residual (Obs.-Est.)    Stand. Residual
     COG040
       Category  1       0.127          0.127                  0.000                0.000
       Category  2       0.873          0.873                  0.000                0.000
     COG041
       Category  1       0.280          0.280                  0.000                0.000
       Category  2       0.720          0.720                  0.000                0.000
     COG043
       Category  1       0.143          0.143                  0.000                0.000
       Category  2       0.857          0.857                  0.000                0.000
     COG044
       Category  1       0.112          0.112                  0.000                0.000
       Category  2       0.888          0.888                  0.000                0.000
     COG045
       Category  1       0.372          0.372                  0.000                0.000
       Category  2       0.628          0.628                  0.000                0.000
     COG046
       Category  1       0.513          0.513                  0.000                0.000
       Category  2       0.487          0.487                  0.000                0.000
     COG048
       Category  1       0.108          0.108                  0.000                0.000
       Category  2       0.892          0.892                  0.000                0.000
     COG049
       Category  1       0.156          0.156                  0.000                0.000
       Category  2       0.844          0.844                  0.000                0.000
     COG050
       Category  1       0.273          0.273                  0.000                0.000
       Category  2       0.727          0.727                  0.000                0.000
     COG051
       Category  1       0.120          0.120                  0.000                0.000
       Category  2       0.880          0.880                  0.000                0.000
     COG052
       Category  1       0.317          0.317                  0.000                0.000
       Category  2       0.683          0.683                  0.000                0.000
     COG053
       Category  1       0.334          0.334                  0.000                0.000
       Category  2       0.666          0.666                  0.000                0.000
     COG054
       Category  1       0.332          0.332                  0.000                0.000
       Category  2       0.668          0.668                  0.000                0.000
     COG055
       Category  1       0.122          0.122                  0.000                0.000
       Category  2       0.878          0.878                  0.000                0.000
     COG056
       Category  1       0.441          0.441                  0.000                0.000
       Category  2       0.559          0.559                  0.000                0.000
     COG057
       Category  1       0.816          0.816                  0.000                0.000
       Category  2       0.184          0.184                  0.000                0.000
     COG058
       Category  1       0.434          0.434                  0.000                0.000
       Category  2       0.566          0.566                  0.000                0.000
     COG060
       Category  1       0.612          0.612                  0.000                0.000
       Category  2       0.388          0.388                  0.000                0.000
     COG061
       Category  1       0.759          0.759                  0.000                0.000
       Category  2       0.241          0.241                  0.000                0.000
     COG062
       Category  1       0.850          0.850                  0.000                0.000
       Category  2       0.150          0.150                  0.000                0.000
     COG063
       Category  1       0.886          0.886                  0.000                0.000
       Category  2       0.114          0.114                  0.000                0.000
     COG064
       Category  1       0.763          0.763                  0.000                0.000
       Category  2       0.237          0.237                  0.000                0.000
     COG066
       Category  1       0.824          0.824                  0.000                0.000
       Category  2       0.176          0.176                  0.000                0.000


     BIVARIATE PROPORTIONS FOR CATEGORICAL VARIABLES

     Variable       Variable          Observed     Estimated    Residual (Obs.-Est.)  Stand. Residual
     COG040         COG041
       Category 1     Category 1        0.042       0.044            -0.002           -0.257
       Category 1     Category 2        0.085       0.083             0.002            0.191
       Category 2     Category 1        0.238       0.236             0.002            0.124
       Category 2     Category 2        0.635       0.637            -0.002           -0.109
     COG040         COG043
       Category 1     Category 1        0.023       0.026            -0.003           -0.566
       Category 1     Category 2        0.104       0.101             0.003            0.301
       Category 2     Category 1        0.120       0.117             0.003            0.282
       Category 2     Category 2        0.752       0.756            -0.003           -0.211
     COG040         COG044
       Category 1     Category 1        0.031       0.021             0.011            2.033
       Category 1     Category 2        0.096       0.107            -0.011           -0.934
       Category 2     Category 1        0.081       0.092            -0.011           -0.998
       Category 2     Category 2        0.792       0.781             0.011            0.697
     COG040         COG045
       Category 1     Category 1        0.093       0.058             0.035            4.117
       Category 1     Category 2        0.034       0.069            -0.035           -3.791
       Category 2     Category 1        0.279       0.314            -0.035           -2.073
       Category 2     Category 2        0.594       0.559             0.035            1.938
     COG040         COG046
       Category 1     Category 1        0.081       0.074             0.007            0.712
       Category 1     Category 2        0.046       0.053            -0.007           -0.835
       Category 2     Category 1        0.432       0.439            -0.007           -0.376
       Category 2     Category 2        0.441       0.434             0.007            0.377
     COG040         COG048
       Category 1     Category 1        0.019       0.022            -0.003           -0.503
       Category 1     Category 2        0.108       0.106             0.003            0.238
       Category 2     Category 1        0.089       0.087             0.003            0.260
       Category 2     Category 2        0.783       0.786            -0.003           -0.179
     COG040         COG049
       Category 1     Category 1        0.038       0.035             0.003            0.402
       Category 1     Category 2        0.089       0.092            -0.003           -0.256
       Category 2     Category 1        0.118       0.120            -0.003           -0.227
       Category 2     Category 2        0.755       0.752             0.003            0.171
     COG040         COG050
       Category 1     Category 1        0.074       0.046             0.028            3.618
       Category 1     Category 2        0.053       0.081            -0.028           -2.793
       Category 2     Category 1        0.199       0.227            -0.028           -1.817
       Category 2     Category 2        0.674       0.646             0.028            1.592
     COG040         COG051
       Category 1     Category 1        0.028       0.028             0.001            0.096
       Category 1     Category 2        0.099       0.099            -0.001           -0.053
       Category 2     Category 1        0.092       0.093            -0.001           -0.055
       Category 2     Category 2        0.781       0.780             0.001            0.038
     COG040         COG052
       Category 1     Category 1        0.050       0.052            -0.001           -0.184
       Category 1     Category 2        0.077       0.076             0.001            0.154
       Category 2     Category 1        0.267       0.265             0.001            0.092
       Category 2     Category 2        0.606       0.608            -0.001           -0.083
     COG040         COG053
       Category 1     Category 1        0.049       0.054            -0.006           -0.688
       Category 1     Category 2        0.078       0.073             0.006            0.601
       Category 2     Category 1        0.286       0.280             0.006            0.348
       Category 2     Category 2        0.587       0.593            -0.006           -0.318
     COG040         COG054
       Category 1     Category 1        0.055       0.053             0.002            0.269
       Category 1     Category 2        0.072       0.074            -0.002           -0.231
       Category 2     Category 1        0.276       0.278            -0.002           -0.135
       Category 2     Category 2        0.597       0.595             0.002            0.123
     COG040         COG055
       Category 1     Category 1        0.024       0.029            -0.005           -0.736
       Category 1     Category 2        0.103       0.098             0.005            0.414
       Category 2     Category 1        0.097       0.093             0.005            0.425
       Category 2     Category 2        0.775       0.780            -0.005           -0.298
     COG040         COG056
       Category 1     Category 1        0.076       0.082            -0.006           -0.571
       Category 1     Category 2        0.051       0.046             0.006            0.749
       Category 2     Category 1        0.365       0.360             0.006            0.326
       Category 2     Category 2        0.507       0.513            -0.006           -0.313
     COG040         COG057
       Category 1     Category 1        0.108       0.110            -0.002           -0.186
       Category 1     Category 2        0.019       0.017             0.002            0.454
       Category 2     Category 1        0.708       0.706             0.002            0.128
       Category 2     Category 2        0.165       0.167            -0.002           -0.156
     COG040         COG058
       Category 1     Category 1        0.066       0.077            -0.011           -1.114
       Category 1     Category 2        0.061       0.050             0.011            1.366
       Category 2     Category 1        0.368       0.357             0.011            0.621
       Category 2     Category 2        0.505       0.516            -0.011           -0.595
     COG040         COG060
       Category 1     Category 1        0.093       0.100            -0.007           -0.616
       Category 1     Category 2        0.034       0.027             0.007            1.141
       Category 2     Category 1        0.518       0.511             0.007            0.370
       Category 2     Category 2        0.355       0.361            -0.007           -0.385
     COG040         COG061
       Category 1     Category 1        0.100       0.112            -0.012           -1.007
       Category 1     Category 2        0.027       0.015             0.012            2.577
       Category 2     Category 1        0.659       0.647             0.012            0.664
       Category 2     Category 2        0.214       0.225            -0.012           -0.759
     COG040         COG062
       Category 1     Category 1        0.118       0.117             0.001            0.060
       Category 1     Category 2        0.009       0.010            -0.001           -0.193
       Category 2     Category 1        0.732       0.733            -0.001           -0.044
       Category 2     Category 2        0.141       0.140             0.001            0.056
     COG040         COG063
       Category 1     Category 1        0.119       0.122            -0.002           -0.205
       Category 1     Category 2        0.008       0.006             0.002            0.895
       Category 2     Category 1        0.767       0.765             0.002            0.158
       Category 2     Category 2        0.106       0.108            -0.002           -0.216
     COG040         COG064
       Category 1     Category 1        0.115       0.111             0.004            0.324
       Category 1     Category 2        0.012       0.016            -0.004           -0.813
       Category 2     Category 1        0.648       0.652            -0.004           -0.214
       Category 2     Category 2        0.225       0.221             0.004            0.245
     COG040         COG066
       Category 1     Category 1        0.112       0.119            -0.006           -0.526
       Category 1     Category 2        0.015       0.009             0.006            1.839
       Category 2     Category 1        0.712       0.706             0.006            0.373
       Category 2     Category 2        0.161       0.167            -0.006           -0.456
     COG041         COG043
       Category 1     Category 1        0.058       0.053             0.005            0.585
       Category 1     Category 2        0.222       0.227            -0.005           -0.314
       Category 2     Category 1        0.085       0.090            -0.005           -0.459
       Category 2     Category 2        0.635       0.630             0.005            0.272
     COG041         COG044
       Category 1     Category 1        0.054       0.042             0.013            1.709
       Category 1     Category 2        0.226       0.239            -0.013           -0.800
       Category 2     Category 1        0.058       0.071            -0.013           -1.330
       Category 2     Category 2        0.662       0.649             0.013            0.715
     COG041         COG045
       Category 1     Category 1        0.133       0.122             0.010            0.870
       Category 1     Category 2        0.147       0.158            -0.010           -0.781
       Category 2     Category 1        0.240       0.250            -0.010           -0.658
       Category 2     Category 2        0.480       0.470             0.010            0.570
     COG041         COG046
       Category 1     Category 1        0.168       0.159             0.009            0.645
       Category 1     Category 2        0.112       0.121            -0.009           -0.723
       Category 2     Category 1        0.345       0.354            -0.009           -0.493
       Category 2     Category 2        0.375       0.366             0.009            0.490
     COG041         COG048
       Category 1     Category 1        0.045       0.043             0.002            0.230
       Category 1     Category 2        0.235       0.237            -0.002           -0.109
       Category 2     Category 1        0.064       0.065            -0.002           -0.188
       Category 2     Category 2        0.656       0.655             0.002            0.098
     COG041         COG049
       Category 1     Category 1        0.060       0.068            -0.009           -0.919
       Category 1     Category 2        0.221       0.212             0.009            0.566
       Category 2     Category 1        0.096       0.088             0.009            0.818
       Category 2     Category 2        0.624       0.632            -0.009           -0.480
     COG041         COG050
       Category 1     Category 1        0.106       0.096             0.010            0.889
       Category 1     Category 2        0.175       0.184            -0.010           -0.675
       Category 2     Category 1        0.168       0.177            -0.010           -0.685
       Category 2     Category 2        0.552       0.542             0.010            0.525
     COG041         COG051
       Category 1     Category 1        0.055       0.053             0.002            0.244
       Category 1     Category 2        0.225       0.227            -0.002           -0.131
       Category 2     Category 1        0.065       0.067            -0.002           -0.220
       Category 2     Category 2        0.655       0.653             0.002            0.115
     COG041         COG052
       Category 1     Category 1        0.114       0.108             0.006            0.535
       Category 1     Category 2        0.166       0.173            -0.006           -0.439
       Category 2     Category 1        0.203       0.209            -0.006           -0.408
       Category 2     Category 2        0.517       0.511             0.006            0.332
     COG041         COG053
       Category 1     Category 1        0.114       0.114             0.000            0.004
       Category 1     Category 2        0.166       0.166             0.000           -0.003
       Category 2     Category 1        0.221       0.221             0.000           -0.003
       Category 2     Category 2        0.499       0.499             0.000            0.003
     COG041         COG054
       Category 1     Category 1        0.114       0.111             0.002            0.193
       Category 1     Category 2        0.166       0.169            -0.002           -0.162
       Category 2     Category 1        0.218       0.220            -0.002           -0.146
       Category 2     Category 2        0.502       0.500             0.002            0.121
     COG041         COG055
       Category 1     Category 1        0.058       0.055             0.003            0.360
       Category 1     Category 2        0.222       0.225            -0.003           -0.197
       Category 2     Category 1        0.064       0.067            -0.003           -0.329
       Category 2     Category 2        0.656       0.653             0.003            0.172
     COG041         COG056
       Category 1     Category 1        0.146       0.167            -0.021           -1.512
       Category 1     Category 2        0.134       0.113             0.021            1.779
       Category 2     Category 1        0.295       0.274             0.021            1.264
       Category 2     Category 2        0.425       0.446            -0.021           -1.134
     COG041         COG057
       Category 1     Category 1        0.254       0.240             0.014            0.907
       Category 1     Category 2        0.026       0.040            -0.014           -1.978
       Category 2     Category 1        0.562       0.576            -0.014           -0.784
       Category 2     Category 2        0.158       0.144             0.014            1.103
     COG041         COG058
       Category 1     Category 1        0.147       0.159            -0.012           -0.857
       Category 1     Category 2        0.133       0.121             0.012            0.960
       Category 2     Category 1        0.287       0.275             0.012            0.701
       Category 2     Category 2        0.433       0.445            -0.012           -0.630
     COG041         COG060
       Category 1     Category 1        0.203       0.211            -0.008           -0.520
       Category 1     Category 2        0.077       0.069             0.008            0.834
       Category 2     Category 1        0.409       0.401             0.008            0.432
       Category 2     Category 2        0.311       0.319            -0.008           -0.455
     COG041         COG061
       Category 1     Category 1        0.238       0.240            -0.002           -0.125
       Category 1     Category 2        0.042       0.040             0.002            0.271
       Category 2     Category 1        0.521       0.519             0.002            0.106
       Category 2     Category 2        0.199       0.201            -0.002           -0.133
     COG041         COG062
       Category 1     Category 1        0.263       0.254             0.008            0.522
       Category 1     Category 2        0.018       0.026            -0.008           -1.430
       Category 2     Category 1        0.587       0.596            -0.008           -0.463
       Category 2     Category 2        0.133       0.124             0.008            0.689
     COG041         COG063
       Category 1     Category 1        0.267       0.265             0.002            0.117
       Category 1     Category 2        0.014       0.015            -0.002           -0.418
       Category 2     Category 1        0.620       0.622            -0.002           -0.106
       Category 2     Category 2        0.100       0.098             0.002            0.173
     COG041         COG064
       Category 1     Category 1        0.241       0.239             0.002            0.102
       Category 1     Category 2        0.039       0.041            -0.002           -0.219
       Category 2     Category 1        0.522       0.524            -0.002           -0.087
       Category 2     Category 2        0.198       0.196             0.002            0.109
     COG041         COG066
       Category 1     Category 1        0.257       0.256             0.001            0.048
       Category 1     Category 2        0.023       0.024            -0.001           -0.139
       Category 2     Category 1        0.567       0.568            -0.001           -0.043
       Category 2     Category 2        0.153       0.152             0.001            0.059
     COG043         COG044
       Category 1     Category 1        0.031       0.026             0.005            0.830
       Category 1     Category 2        0.112       0.117            -0.005           -0.412
       Category 2     Category 1        0.081       0.086            -0.005           -0.473
       Category 2     Category 2        0.775       0.770             0.005            0.315
     COG043         COG045
       Category 1     Category 1        0.077       0.070             0.007            0.729
       Category 1     Category 2        0.066       0.073            -0.007           -0.716
       Category 2     Category 1        0.295       0.302            -0.007           -0.406
       Category 2     Category 2        0.562       0.555             0.007            0.375
     COG043         COG046
       Category 1     Category 1        0.088       0.088             0.000            0.010
       Category 1     Category 2        0.055       0.056             0.000           -0.012
       Category 2     Category 1        0.425       0.425             0.000           -0.006
       Category 2     Category 2        0.432       0.432             0.000            0.006
     COG043         COG048
       Category 1     Category 1        0.028       0.028             0.000           -0.002
       Category 1     Category 2        0.115       0.115             0.000            0.001
       Category 2     Category 1        0.080       0.080             0.000            0.001
       Category 2     Category 2        0.777       0.777             0.000           -0.001
     COG043         COG049
       Category 1     Category 1        0.042       0.048            -0.006           -0.749
       Category 1     Category 2        0.101       0.096             0.006            0.544
       Category 2     Category 1        0.114       0.108             0.006            0.515
       Category 2     Category 2        0.743       0.749            -0.006           -0.369
     COG043         COG050
       Category 1     Category 1        0.065       0.058             0.007            0.819
       Category 1     Category 2        0.078       0.086            -0.007           -0.684
       Category 2     Category 1        0.208       0.215            -0.007           -0.465
       Category 2     Category 2        0.648       0.641             0.007            0.399
     COG043         COG051
       Category 1     Category 1        0.032       0.038            -0.006           -0.799
       Category 1     Category 2        0.111       0.105             0.006            0.499
       Category 2     Category 1        0.088       0.082             0.006            0.557
       Category 2     Category 2        0.769       0.774            -0.006           -0.366
     COG043         COG052
       Category 1     Category 1        0.099       0.063             0.035            3.941
       Category 1     Category 2        0.045       0.080            -0.035           -3.541
       Category 2     Category 1        0.218       0.253            -0.035           -2.209
       Category 2     Category 2        0.639       0.603             0.035            1.964
     COG043         COG053
       Category 1     Category 1        0.061       0.067            -0.006           -0.664
       Category 1     Category 2        0.083       0.076             0.006            0.625
       Category 2     Category 1        0.273       0.267             0.006            0.375
       Category 2     Category 2        0.583       0.589            -0.006           -0.337
     COG043         COG054
       Category 1     Category 1        0.076       0.065             0.011            1.161
       Category 1     Category 2        0.068       0.078            -0.011           -1.068
       Category 2     Category 1        0.256       0.266            -0.011           -0.649
       Category 2     Category 2        0.601       0.590             0.011            0.583
     COG043         COG055
       Category 1     Category 1        0.043       0.040             0.003            0.481
       Category 1     Category 2        0.100       0.104            -0.003           -0.308
       Category 2     Category 1        0.078       0.082            -0.003           -0.343
       Category 2     Category 2        0.778       0.775             0.003            0.225
     COG043         COG056
       Category 1     Category 1        0.089       0.104            -0.014           -1.281
       Category 1     Category 2        0.054       0.040             0.014            1.998
       Category 2     Category 1        0.352       0.337             0.014            0.826
       Category 2     Category 2        0.505       0.519            -0.014           -0.781
     COG043         COG057
       Category 1     Category 1        0.123       0.127            -0.004           -0.330
       Category 1     Category 2        0.020       0.016             0.004            0.869
       Category 2     Category 1        0.693       0.689             0.004            0.237
       Category 2     Category 2        0.164       0.168            -0.004           -0.294
     COG043         COG058
       Category 1     Category 1        0.087       0.097            -0.011           -0.978
       Category 1     Category 2        0.057       0.046             0.011            1.381
       Category 2     Category 1        0.348       0.337             0.011            0.613
       Category 2     Category 2        0.509       0.519            -0.011           -0.580
     COG043         COG060
       Category 1     Category 1        0.116       0.122            -0.006           -0.477
       Category 1     Category 2        0.027       0.021             0.006            1.082
       Category 2     Category 1        0.495       0.490             0.006            0.313
       Category 2     Category 2        0.361       0.367            -0.006           -0.324
     COG043         COG061
       Category 1     Category 1        0.133       0.132             0.001            0.072
       Category 1     Category 2        0.011       0.012            -0.001           -0.226
       Category 2     Category 1        0.627       0.627            -0.001           -0.050
       Category 2     Category 2        0.230       0.229             0.001            0.058
     COG043         COG062
       Category 1     Category 1        0.139       0.135             0.004            0.333
       Category 1     Category 2        0.004       0.008            -0.004           -1.260
       Category 2     Category 1        0.710       0.715            -0.004           -0.252
       Category 2     Category 2        0.146       0.142             0.004            0.327
     COG043         COG063
       Category 1     Category 1        0.137       0.140            -0.003           -0.245
       Category 1     Category 2        0.007       0.004             0.003            1.407
       Category 2     Category 1        0.750       0.747             0.003            0.195
       Category 2     Category 2        0.107       0.110            -0.003           -0.271
     COG043         COG064
       Category 1     Category 1        0.133       0.131             0.002            0.145
       Category 1     Category 2        0.011       0.013            -0.002           -0.437
       Category 2     Category 1        0.631       0.632            -0.002           -0.101
       Category 2     Category 2        0.226       0.224             0.002            0.117
     COG043         COG066
       Category 1     Category 1        0.137       0.138            -0.001           -0.113
       Category 1     Category 2        0.007       0.005             0.001            0.537
       Category 2     Category 1        0.687       0.686             0.001            0.084
       Category 2     Category 2        0.169       0.171            -0.001           -0.104
     COG044         COG045
       Category 1     Category 1        0.065       0.055             0.010            1.217
       Category 1     Category 2        0.047       0.058            -0.010           -1.189
       Category 2     Category 1        0.307       0.317            -0.010           -0.595
       Category 2     Category 2        0.581       0.570             0.010            0.560
     COG044         COG046
       Category 1     Category 1        0.076       0.069             0.007            0.777
       Category 1     Category 2        0.037       0.044            -0.007           -0.959
       Category 2     Category 1        0.437       0.444            -0.007           -0.395
       Category 2     Category 2        0.451       0.443             0.007            0.395
     COG044         COG048
       Category 1     Category 1        0.028       0.022             0.006            1.163
       Category 1     Category 2        0.084       0.090            -0.006           -0.597
       Category 2     Category 1        0.080       0.086            -0.006           -0.610
       Category 2     Category 2        0.808       0.802             0.006            0.429
     COG044         COG049
       Category 1     Category 1        0.034       0.037            -0.003           -0.475
       Category 1     Category 2        0.078       0.075             0.003            0.341
       Category 2     Category 1        0.122       0.118             0.003            0.278
       Category 2     Category 2        0.766       0.769            -0.003           -0.213
     COG044         COG050
       Category 1     Category 1        0.054       0.045             0.009            1.186
       Category 1     Category 2        0.058       0.067            -0.009           -0.983
       Category 2     Category 1        0.219       0.228            -0.009           -0.586
       Category 2     Category 2        0.668       0.659             0.009            0.519
     COG044         COG051
       Category 1     Category 1        0.030       0.030             0.000            0.023
       Category 1     Category 2        0.083       0.083             0.000           -0.014
       Category 2     Category 1        0.091       0.091             0.000           -0.014
       Category 2     Category 2        0.797       0.797             0.000            0.010
     COG044         COG052
       Category 1     Category 1        0.055       0.049             0.006            0.762
       Category 1     Category 2        0.057       0.063            -0.006           -0.680
       Category 2     Category 1        0.261       0.267            -0.006           -0.373
       Category 2     Category 2        0.627       0.620             0.006            0.340
     COG044         COG053
       Category 1     Category 1        0.062       0.052             0.010            1.232
       Category 1     Category 2        0.050       0.060            -0.010           -1.152
       Category 2     Category 1        0.272       0.282            -0.010           -0.609
       Category 2     Category 2        0.616       0.606             0.010            0.561
     COG044         COG054
       Category 1     Category 1        0.054       0.051             0.003            0.411
       Category 1     Category 2        0.058       0.062            -0.003           -0.376
       Category 2     Category 1        0.277       0.281            -0.003           -0.201
       Category 2     Category 2        0.610       0.607             0.003            0.185
     COG044         COG055
       Category 1     Category 1        0.030       0.031            -0.001           -0.188
       Category 1     Category 2        0.083       0.081             0.001            0.119
       Category 2     Category 1        0.092       0.091             0.001            0.114
       Category 2     Category 2        0.796       0.797            -0.001           -0.081
     COG044         COG056
       Category 1     Category 1        0.074       0.080            -0.006           -0.590
       Category 1     Category 2        0.038       0.032             0.006            0.911
       Category 2     Category 1        0.367       0.361             0.006            0.334
       Category 2     Category 2        0.521       0.527            -0.006           -0.321
     COG044         COG057
       Category 1     Category 1        0.095       0.099            -0.005           -0.425
       Category 1     Category 2        0.018       0.013             0.005            1.126
       Category 2     Category 1        0.721       0.717             0.005            0.282
       Category 2     Category 2        0.166       0.171            -0.005           -0.338
     COG044         COG058
       Category 1     Category 1        0.068       0.075            -0.008           -0.805
       Category 1     Category 2        0.045       0.037             0.008            1.128
       Category 2     Category 1        0.367       0.359             0.008            0.443
       Category 2     Category 2        0.521       0.529            -0.008           -0.426
     COG044         COG060
       Category 1     Category 1        0.091       0.095            -0.004           -0.391
       Category 1     Category 2        0.022       0.017             0.004            0.875
       Category 2     Category 1        0.521       0.517             0.004            0.229
       Category 2     Category 2        0.367       0.371            -0.004           -0.237
     COG044         COG061
       Category 1     Category 1        0.097       0.103            -0.005           -0.469
       Category 1     Category 2        0.015       0.010             0.005            1.456
       Category 2     Category 1        0.662       0.656             0.005            0.300
       Category 2     Category 2        0.226       0.231            -0.005           -0.338
     COG044         COG062
       Category 1     Category 1        0.104       0.106            -0.001           -0.123
       Category 1     Category 2        0.008       0.007             0.001            0.464
       Category 2     Category 1        0.746       0.744             0.001            0.087
       Category 2     Category 2        0.142       0.143            -0.001           -0.108
     COG044         COG063
       Category 1     Category 1        0.107       0.109            -0.002           -0.202
       Category 1     Category 2        0.005       0.003             0.002            1.133
       Category 2     Category 1        0.779       0.777             0.002            0.151
       Category 2     Category 2        0.108       0.111            -0.002           -0.201
     COG044         COG064
       Category 1     Category 1        0.101       0.102            -0.001           -0.046
       Category 1     Category 2        0.011       0.010             0.001            0.136
       Category 2     Category 1        0.662       0.661             0.001            0.029
       Category 2     Category 2        0.226       0.226            -0.001           -0.033
     COG044         COG066
       Category 1     Category 1        0.107       0.108            -0.001           -0.074
       Category 1     Category 2        0.005       0.005             0.001            0.339
       Category 2     Category 1        0.717       0.716             0.001            0.051
       Category 2     Category 2        0.171       0.171            -0.001           -0.061
     COG045         COG046
       Category 1     Category 1        0.223       0.211             0.012            0.813
       Category 1     Category 2        0.149       0.161            -0.012           -0.903
       Category 2     Category 1        0.290       0.302            -0.012           -0.723
       Category 2     Category 2        0.338       0.326             0.012            0.708
     COG045         COG048
       Category 1     Category 1        0.051       0.056            -0.005           -0.583
       Category 1     Category 2        0.321       0.316             0.005            0.289
       Category 2     Category 1        0.057       0.052             0.005            0.606
       Category 2     Category 2        0.571       0.576            -0.005           -0.272
     COG045         COG049
       Category 1     Category 1        0.088       0.089            -0.001           -0.097
       Category 1     Category 2        0.284       0.283             0.001            0.062
       Category 2     Category 1        0.068       0.067             0.001            0.111
       Category 2     Category 2        0.560       0.561            -0.001           -0.056
     COG045         COG050
       Category 1     Category 1        0.181       0.127             0.055            4.457
       Category 1     Category 2        0.191       0.245            -0.055           -3.446
       Category 2     Category 1        0.092       0.147            -0.055           -4.193
       Category 2     Category 2        0.536       0.481             0.055            2.968
     COG045         COG051
       Category 1     Category 1        0.072       0.070             0.002            0.211
       Category 1     Category 2        0.300       0.302            -0.002           -0.117
       Category 2     Category 1        0.049       0.051            -0.002           -0.245
       Category 2     Category 2        0.579       0.577             0.002            0.109
     COG045         COG052
       Category 1     Category 1        0.146       0.142             0.004            0.297
       Category 1     Category 2        0.226       0.230            -0.004           -0.246
       Category 2     Category 1        0.171       0.174            -0.004           -0.273
       Category 2     Category 2        0.457       0.454             0.004            0.208
     COG045         COG053
       Category 1     Category 1        0.157       0.150             0.007            0.503
       Category 1     Category 2        0.215       0.222            -0.007           -0.433
       Category 2     Category 1        0.177       0.184            -0.007           -0.464
       Category 2     Category 2        0.451       0.444             0.007            0.362
     COG045         COG054
       Category 1     Category 1        0.150       0.148             0.003            0.207
       Category 1     Category 2        0.222       0.225            -0.003           -0.176
       Category 2     Category 1        0.181       0.184            -0.003           -0.190
       Category 2     Category 2        0.447       0.444             0.003            0.148
     COG045         COG055
       Category 1     Category 1        0.066       0.072            -0.006           -0.587
       Category 1     Category 2        0.306       0.300             0.006            0.331
       Category 2     Category 1        0.055       0.050             0.006            0.696
       Category 2     Category 2        0.572       0.578            -0.006           -0.307
     COG045         COG056
       Category 1     Category 1        0.202       0.221            -0.019           -1.269
       Category 1     Category 2        0.171       0.151             0.019            1.470
       Category 2     Category 1        0.240       0.220             0.019            1.271
       Category 2     Category 2        0.388       0.408            -0.019           -1.072
     COG045         COG057
       Category 1     Category 1        0.314       0.319            -0.005           -0.293
       Category 1     Category 2        0.058       0.053             0.005            0.610
       Category 2     Category 1        0.502       0.497             0.005            0.274
       Category 2     Category 2        0.126       0.131            -0.005           -0.406
     COG045         COG058
       Category 1     Category 1        0.198       0.211            -0.013           -0.865
       Category 1     Category 2        0.175       0.162             0.013            0.958
       Category 2     Category 1        0.237       0.224             0.013            0.846
       Category 2     Category 2        0.391       0.404            -0.013           -0.718
     COG045         COG060
       Category 1     Category 1        0.271       0.280            -0.009           -0.570
       Category 1     Category 2        0.101       0.092             0.009            0.884
       Category 2     Category 1        0.341       0.332             0.009            0.543
       Category 2     Category 2        0.287       0.296            -0.009           -0.560
     COG045         COG061
       Category 1     Category 1        0.300       0.319            -0.019           -1.099
       Category 1     Category 2        0.072       0.053             0.019            2.290
       Category 2     Category 1        0.459       0.440             0.019            1.032
       Category 2     Category 2        0.169       0.188            -0.019           -1.312
     COG045         COG062
       Category 1     Category 1        0.342       0.338             0.005            0.263
       Category 1     Category 2        0.030       0.034            -0.005           -0.682
       Category 2     Category 1        0.507       0.512            -0.005           -0.248
       Category 2     Category 2        0.120       0.116             0.005            0.388
     COG045         COG063
       Category 1     Category 1        0.342       0.352            -0.010           -0.549
       Category 1     Category 2        0.030       0.020             0.010            1.866
       Category 2     Category 1        0.544       0.534             0.010            0.525
       Category 2     Category 2        0.084       0.094            -0.010           -0.900
     COG045         COG064
       Category 1     Category 1        0.318       0.318             0.000           -0.003
       Category 1     Category 2        0.054       0.054             0.000            0.007
       Category 2     Category 1        0.445       0.445             0.000            0.003
       Category 2     Category 2        0.183       0.183             0.000           -0.004
     COG045         COG066
       Category 1     Category 1        0.329       0.341            -0.012           -0.704
       Category 1     Category 2        0.043       0.031             0.012            1.924
       Category 2     Category 1        0.495       0.483             0.012            0.668
       Category 2     Category 2        0.133       0.145            -0.012           -0.948
     COG046         COG048
       Category 1     Category 1        0.072       0.069             0.003            0.295
       Category 1     Category 2        0.441       0.444            -0.003           -0.151
       Category 2     Category 1        0.037       0.039            -0.003           -0.385
       Category 2     Category 2        0.451       0.448             0.003            0.150
     COG046         COG049
       Category 1     Category 1        0.101       0.105            -0.004           -0.352
       Category 1     Category 2        0.411       0.407             0.004            0.220
       Category 2     Category 1        0.054       0.050             0.004            0.496
       Category 2     Category 2        0.433       0.437            -0.004           -0.218
     COG046         COG050
       Category 1     Category 1        0.157       0.162            -0.005           -0.348
       Category 1     Category 2        0.356       0.351             0.005            0.268
       Category 2     Category 1        0.116       0.112             0.005            0.407
       Category 2     Category 2        0.371       0.375            -0.005           -0.264
     COG046         COG051
       Category 1     Category 1        0.080       0.082            -0.002           -0.240
       Category 1     Category 2        0.433       0.431             0.002            0.133
       Category 2     Category 1        0.041       0.038             0.002            0.344
       Category 2     Category 2        0.447       0.449            -0.002           -0.132
     COG046         COG052
       Category 1     Category 1        0.162       0.184            -0.021           -1.485
       Category 1     Category 2        0.350       0.329             0.021            1.223
       Category 2     Category 1        0.154       0.133             0.021            1.692
       Category 2     Category 2        0.333       0.354            -0.021           -1.202
     COG046         COG053
       Category 1     Category 1        0.191       0.194            -0.003           -0.209
       Category 1     Category 2        0.322       0.319             0.003            0.178
       Category 2     Category 1        0.143       0.140             0.003            0.238
       Category 2     Category 2        0.344       0.347            -0.003           -0.174
     COG046         COG054
       Category 1     Category 1        0.183       0.191            -0.008           -0.567
       Category 1     Category 2        0.330       0.322             0.008            0.477
       Category 2     Category 1        0.149       0.141             0.008            0.641
       Category 2     Category 2        0.338       0.346            -0.008           -0.468
     COG046         COG055
       Category 1     Category 1        0.084       0.084             0.000           -0.033
       Category 1     Category 2        0.429       0.429             0.000            0.018
       Category 2     Category 1        0.038       0.038             0.000            0.047
       Category 2     Category 2        0.449       0.450             0.000           -0.018
     COG046         COG056
       Category 1     Category 1        0.263       0.275            -0.013           -0.778
       Category 1     Category 2        0.250       0.238             0.013            0.817
       Category 2     Category 1        0.179       0.166             0.013            0.935
       Category 2     Category 2        0.309       0.321            -0.013           -0.744
     COG046         COG057
       Category 1     Category 1        0.432       0.432            -0.001           -0.032
       Category 1     Category 2        0.081       0.081             0.001            0.059
       Category 2     Category 1        0.384       0.384             0.001            0.033
       Category 2     Category 2        0.103       0.103            -0.001           -0.052
     COG046         COG058
       Category 1     Category 1        0.258       0.265            -0.007           -0.406
       Category 1     Category 2        0.254       0.248             0.007            0.415
       Category 2     Category 1        0.176       0.169             0.007            0.478
       Category 2     Category 2        0.311       0.318            -0.007           -0.385
     COG046         COG060
       Category 1     Category 1        0.353       0.360            -0.007           -0.406
       Category 1     Category 2        0.160       0.152             0.007            0.543
       Category 2     Category 1        0.258       0.251             0.007            0.450
       Category 2     Category 2        0.229       0.236            -0.007           -0.460
     COG046         COG061
       Category 1     Category 1        0.425       0.423             0.002            0.109
       Category 1     Category 2        0.088       0.090            -0.002           -0.189
       Category 2     Category 1        0.334       0.336            -0.002           -0.114
       Category 2     Category 2        0.153       0.151             0.002            0.151
     COG046         COG062
       Category 1     Category 1        0.470       0.456             0.014            0.757
       Category 1     Category 2        0.043       0.057            -0.014           -1.625
       Category 2     Category 1        0.380       0.394            -0.014           -0.772
       Category 2     Category 2        0.107       0.093             0.014            1.299
     COG046         COG063
       Category 1     Category 1        0.478       0.476             0.002            0.114
       Category 1     Category 2        0.035       0.037            -0.002           -0.302
       Category 2     Category 1        0.409       0.411            -0.002           -0.116
       Category 2     Category 2        0.078       0.076             0.002            0.215
     COG046         COG064
       Category 1     Category 1        0.422       0.422             0.000           -0.014
       Category 1     Category 2        0.091       0.090             0.000            0.024
       Category 2     Category 1        0.341       0.341             0.000            0.015
       Category 2     Category 2        0.146       0.146             0.000           -0.020
     COG046         COG066
       Category 1     Category 1        0.463       0.455             0.008            0.429
       Category 1     Category 2        0.050       0.058            -0.008           -0.915
       Category 2     Category 1        0.361       0.369            -0.008           -0.443
       Category 2     Category 2        0.126       0.118             0.008            0.662
     COG048         COG049
       Category 1     Category 1        0.027       0.042            -0.015           -2.072
       Category 1     Category 2        0.081       0.066             0.015            1.684
       Category 2     Category 1        0.129       0.113             0.015            1.318
       Category 2     Category 2        0.763       0.779            -0.015           -1.006
     COG048         COG050
       Category 1     Category 1        0.047       0.048             0.000           -0.033
       Category 1     Category 2        0.061       0.061             0.000            0.029
       Category 2     Category 1        0.226       0.226             0.000            0.017
       Category 2     Category 2        0.666       0.666             0.000           -0.015
     COG048         COG051
       Category 1     Category 1        0.030       0.034            -0.004           -0.648
       Category 1     Category 2        0.078       0.074             0.004            0.448
       Category 2     Category 1        0.091       0.086             0.004            0.418
       Category 2     Category 2        0.801       0.805            -0.004           -0.297
     COG048         COG052
       Category 1     Category 1        0.051       0.052             0.000           -0.015
       Category 1     Category 2        0.057       0.057             0.000            0.014
       Category 2     Category 1        0.265       0.265             0.000            0.007
       Category 2     Category 2        0.627       0.627             0.000           -0.007
     COG048         COG053
       Category 1     Category 1        0.107       0.054             0.052            6.292
       Category 1     Category 2        0.001       0.054            -0.052           -6.322
       Category 2     Category 1        0.227       0.280            -0.052           -3.179
       Category 2     Category 2        0.664       0.612             0.052            2.929
     COG048         COG054
       Category 1     Category 1        0.051       0.053            -0.001           -0.166
       Category 1     Category 2        0.057       0.055             0.001            0.162
       Category 2     Category 1        0.280       0.279             0.001            0.083
       Category 2     Category 2        0.612       0.613            -0.001           -0.076
     COG048         COG055
       Category 1     Category 1        0.028       0.036            -0.007           -1.090
       Category 1     Category 2        0.080       0.072             0.007            0.782
       Category 2     Category 1        0.093       0.086             0.007            0.723
       Category 2     Category 2        0.798       0.806            -0.007           -0.512
     COG048         COG056
       Category 1     Category 1        0.054       0.086            -0.031           -3.054
       Category 1     Category 2        0.054       0.023             0.031            5.733
       Category 2     Category 1        0.387       0.356             0.031            1.784
       Category 2     Category 2        0.505       0.536            -0.031           -1.713
     COG048         COG057
       Category 1     Category 1        0.096       0.098            -0.002           -0.138
       Category 1     Category 2        0.012       0.011             0.002            0.399
       Category 2     Category 1        0.720       0.718             0.002            0.091
       Category 2     Category 2        0.172       0.173            -0.002           -0.108
     COG048         COG058
       Category 1     Category 1        0.058       0.080            -0.022           -2.178
       Category 1     Category 2        0.050       0.028             0.022            3.560
       Category 2     Category 1        0.376       0.354             0.022            1.235
       Category 2     Category 2        0.516       0.537            -0.022           -1.185
     COG048         COG060
       Category 1     Category 1        0.078       0.097            -0.019           -1.715
       Category 1     Category 2        0.030       0.011             0.019            4.852
       Category 2     Category 1        0.533       0.514             0.019            1.016
       Category 2     Category 2        0.359       0.377            -0.019           -1.048
     COG048         COG061
       Category 1     Category 1        0.087       0.102            -0.016           -1.404
       Category 1     Category 2        0.022       0.006             0.016            5.511
       Category 2     Category 1        0.673       0.657             0.016            0.896
       Category 2     Category 2        0.219       0.235            -0.016           -1.004
     COG048         COG062
       Category 1     Category 1        0.097       0.104            -0.006           -0.558
       Category 1     Category 2        0.011       0.005             0.006            2.525
       Category 2     Category 1        0.752       0.746             0.006            0.391
       Category 2     Category 2        0.139       0.146            -0.006           -0.483
     COG048         COG063
       Category 1     Category 1        0.100       0.107            -0.007           -0.574
       Category 1     Category 2        0.008       0.002             0.007            4.433
       Category 2     Category 1        0.786       0.780             0.007            0.428
       Category 2     Category 2        0.106       0.112            -0.007           -0.562
     COG048         COG064
       Category 1     Category 1        0.100       0.102            -0.001           -0.123
       Category 1     Category 2        0.008       0.007             0.001            0.453
       Category 2     Category 1        0.663       0.662             0.001            0.078
       Category 2     Category 2        0.229       0.230            -0.001           -0.088
     COG048         COG066
       Category 1     Category 1        0.099       0.106            -0.007           -0.644
       Category 1     Category 2        0.009       0.002             0.007            4.248
       Category 2     Category 1        0.725       0.718             0.007            0.440
       Category 2     Category 2        0.166       0.174            -0.007           -0.523
     COG049         COG050
       Category 1     Category 1        0.078       0.078             0.001            0.064
       Category 1     Category 2        0.077       0.078            -0.001           -0.064
       Category 2     Category 1        0.195       0.195            -0.001           -0.043
       Category 2     Category 2        0.650       0.649             0.001            0.036
     COG049         COG051
       Category 1     Category 1        0.068       0.062             0.006            0.641
       Category 1     Category 2        0.088       0.094            -0.006           -0.531
       Category 2     Category 1        0.053       0.058            -0.006           -0.659
       Category 2     Category 2        0.792       0.786             0.006            0.377
     COG049         COG052
       Category 1     Category 1        0.074       0.083            -0.008           -0.832
       Category 1     Category 2        0.081       0.073             0.008            0.883
       Category 2     Category 1        0.242       0.234             0.008            0.542
       Category 2     Category 2        0.602       0.611            -0.008           -0.470
     COG049         COG053
       Category 1     Category 1        0.069       0.087            -0.018           -1.774
       Category 1     Category 2        0.087       0.068             0.018            1.989
       Category 2     Category 1        0.265       0.247             0.018            1.162
       Category 2     Category 2        0.579       0.598            -0.018           -1.022
     COG049         COG054
       Category 1     Category 1        0.074       0.084            -0.010           -0.975
       Category 1     Category 2        0.081       0.071             0.010            1.054
       Category 2     Category 1        0.257       0.247             0.010            0.629
       Category 2     Category 2        0.587       0.597            -0.010           -0.553
     COG049         COG055
       Category 1     Category 1        0.062       0.066            -0.004           -0.399
       Category 1     Category 2        0.093       0.090             0.004            0.347
       Category 2     Category 1        0.060       0.056             0.004            0.431
       Category 2     Category 2        0.785       0.788            -0.004           -0.243
     COG049         COG056
       Category 1     Category 1        0.154       0.142             0.012            0.935
       Category 1     Category 2        0.001       0.013            -0.012           -2.844
       Category 2     Category 1        0.287       0.299            -0.012           -0.714
       Category 2     Category 2        0.558       0.545             0.012            0.656
     COG049         COG057
       Category 1     Category 1        0.142       0.144            -0.002           -0.151
       Category 1     Category 2        0.014       0.012             0.002            0.496
       Category 2     Category 1        0.674       0.672             0.002            0.113
       Category 2     Category 2        0.171       0.172            -0.002           -0.140
     COG049         COG058
       Category 1     Category 1        0.123       0.132            -0.009           -0.694
       Category 1     Category 2        0.032       0.024             0.009            1.539
       Category 2     Category 1        0.311       0.303             0.009            0.511
       Category 2     Category 2        0.533       0.542            -0.009           -0.471
     COG049         COG060
       Category 1     Category 1        0.150       0.151            -0.001           -0.076
       Category 1     Category 2        0.005       0.004             0.001            0.411
       Category 2     Category 1        0.461       0.460             0.001            0.055
       Category 2     Category 2        0.383       0.384            -0.001           -0.056
     COG049         COG061
       Category 1     Category 1        0.147       0.153            -0.006           -0.419
       Category 1     Category 2        0.008       0.003             0.006            2.977
       Category 2     Category 1        0.612       0.606             0.006            0.309
       Category 2     Category 2        0.233       0.238            -0.006           -0.354
     COG049         COG062
       Category 1     Category 1        0.152       0.153            -0.001           -0.085
       Category 1     Category 2        0.004       0.003             0.001            0.564
       Category 2     Category 1        0.698       0.697             0.001            0.066
       Category 2     Category 2        0.146       0.147            -0.001           -0.086
     COG049         COG063
       Category 1     Category 1        0.154       0.155            -0.001           -0.075
       Category 1     Category 2        0.001       0.000             0.001            1.462
       Category 2     Category 1        0.732       0.731             0.001            0.062
       Category 2     Category 2        0.112       0.113            -0.001           -0.086
     COG049         COG064
       Category 1     Category 1        0.145       0.152            -0.007           -0.546
       Category 1     Category 2        0.011       0.004             0.007            3.263
       Category 2     Category 1        0.618       0.611             0.007            0.402
       Category 2     Category 2        0.226       0.233            -0.007           -0.463
     COG049         COG066
       Category 1     Category 1        0.156       0.155             0.000            0.017
       Category 1     Category 2        0.000       0.000             0.000           -0.415
       Category 2     Category 1        0.668       0.669             0.000           -0.013
       Category 2     Category 2        0.176       0.176             0.000            0.017
     COG050         COG051
       Category 1     Category 1        0.064       0.061             0.002            0.249
       Category 1     Category 2        0.210       0.212            -0.002           -0.146
       Category 2     Category 1        0.057       0.059            -0.002           -0.254
       Category 2     Category 2        0.670       0.668             0.002            0.127
     COG050         COG052
       Category 1     Category 1        0.120       0.113             0.007            0.632
       Category 1     Category 2        0.153       0.160            -0.007           -0.545
       Category 2     Category 1        0.196       0.204            -0.007           -0.497
       Category 2     Category 2        0.530       0.523             0.007            0.401
     COG050         COG053
       Category 1     Category 1        0.122       0.119             0.002            0.195
       Category 1     Category 2        0.152       0.154            -0.002           -0.176
       Category 2     Category 1        0.212       0.215            -0.002           -0.154
       Category 2     Category 2        0.514       0.512             0.002            0.127
     COG050         COG054
       Category 1     Category 1        0.127       0.117             0.011            0.890
       Category 1     Category 2        0.146       0.157            -0.011           -0.786
       Category 2     Category 1        0.204       0.215            -0.011           -0.695
       Category 2     Category 2        0.522       0.512             0.011            0.571
     COG050         COG055
       Category 1     Category 1        0.065       0.064             0.001            0.134
       Category 1     Category 2        0.208       0.210            -0.001           -0.080
       Category 2     Category 1        0.057       0.058            -0.001           -0.140
       Category 2     Category 2        0.670       0.669             0.001            0.069
     COG050         COG056
       Category 1     Category 1        0.162       0.182            -0.019           -1.372
       Category 1     Category 2        0.111       0.091             0.019            1.836
       Category 2     Category 1        0.279       0.259             0.019            1.208
       Category 2     Category 2        0.448       0.467            -0.019           -1.061
     COG050         COG057
       Category 1     Category 1        0.233       0.239            -0.006           -0.390
       Category 1     Category 2        0.041       0.034             0.006            0.911
       Category 2     Category 1        0.583       0.577             0.006            0.337
       Category 2     Category 2        0.143       0.150            -0.006           -0.466
     COG050         COG058
       Category 1     Category 1        0.156       0.171            -0.016           -1.137
       Category 1     Category 2        0.118       0.102             0.016            1.416
       Category 2     Category 1        0.279       0.263             0.016            0.973
       Category 2     Category 2        0.448       0.464            -0.016           -0.859
     COG050         COG060
       Category 1     Category 1        0.211       0.222            -0.011           -0.691
       Category 1     Category 2        0.062       0.052             0.011            1.296
       Category 2     Category 1        0.401       0.390             0.011            0.588
       Category 2     Category 2        0.326       0.337            -0.011           -0.607
     COG050         COG061
       Category 1     Category 1        0.238       0.245            -0.006           -0.406
       Category 1     Category 2        0.035       0.029             0.006            1.044
       Category 2     Category 1        0.521       0.515             0.006            0.349
       Category 2     Category 2        0.206       0.212            -0.006           -0.427
     COG050         COG062
       Category 1     Category 1        0.250       0.254            -0.004           -0.221
       Category 1     Category 2        0.023       0.019             0.004            0.695
       Category 2     Category 1        0.599       0.596             0.004            0.196
       Category 2     Category 2        0.127       0.131            -0.004           -0.285
     COG050         COG063
       Category 1     Category 1        0.263       0.264            -0.001           -0.071
       Category 1     Category 2        0.011       0.010             0.001            0.320
       Category 2     Category 1        0.624       0.623             0.001            0.065
       Category 2     Category 2        0.103       0.104            -0.001           -0.103
     COG050         COG064
       Category 1     Category 1        0.240       0.243            -0.004           -0.226
       Category 1     Category 2        0.034       0.030             0.004            0.565
       Category 2     Category 1        0.524       0.520             0.004            0.194
       Category 2     Category 2        0.203       0.207            -0.004           -0.239
     COG050         COG066
       Category 1     Category 1        0.249       0.259            -0.010           -0.610
       Category 1     Category 2        0.024       0.015             0.010            2.233
       Category 2     Category 1        0.575       0.565             0.010            0.539
       Category 2     Category 2        0.152       0.161            -0.010           -0.726
     COG051         COG052
       Category 1     Category 1        0.065       0.065             0.000           -0.022
       Category 1     Category 2        0.055       0.055             0.000            0.024
       Category 2     Category 1        0.252       0.251             0.000            0.012
       Category 2     Category 2        0.628       0.628             0.000           -0.011
     COG051         COG053
       Category 1     Category 1        0.061       0.069            -0.008           -0.841
       Category 1     Category 2        0.060       0.052             0.008            0.960
       Category 2     Category 1        0.273       0.266             0.008            0.482
       Category 2     Category 2        0.606       0.614            -0.008           -0.437
     COG051         COG054
       Category 1     Category 1        0.066       0.066             0.000            0.001
       Category 1     Category 2        0.054       0.054             0.000           -0.001
       Category 2     Category 1        0.265       0.265             0.000           -0.001
       Category 2     Category 2        0.614       0.614             0.000            0.001
     COG051         COG055
       Category 1     Category 1        0.061       0.053             0.007            0.900
       Category 1     Category 2        0.060       0.067            -0.007           -0.810
       Category 2     Category 1        0.061       0.068            -0.007           -0.802
       Category 2     Category 2        0.819       0.811             0.007            0.517
     COG051         COG056
       Category 1     Category 1        0.111       0.110             0.001            0.052
       Category 1     Category 2        0.009       0.010            -0.001           -0.163
       Category 2     Category 1        0.330       0.331            -0.001           -0.035
       Category 2     Category 2        0.549       0.549             0.001            0.033
     COG051         COG057
       Category 1     Category 1        0.110       0.112            -0.002           -0.181
       Category 1     Category 2        0.011       0.009             0.002            0.614
       Category 2     Category 1        0.706       0.704             0.002            0.125
       Category 2     Category 2        0.173       0.175            -0.002           -0.150
     COG051         COG058
       Category 1     Category 1        0.120       0.103             0.018            1.584
       Category 1     Category 2        0.000       0.018            -0.018           -3.649
       Category 2     Category 1        0.314       0.332            -0.018           -1.022
       Category 2     Category 2        0.566       0.548             0.018            0.967
     COG051         COG060
       Category 1     Category 1        0.116       0.117            -0.001           -0.052
       Category 1     Category 2        0.004       0.003             0.001            0.287
       Category 2     Category 1        0.495       0.495             0.001            0.034
       Category 2     Category 2        0.384       0.385            -0.001           -0.035
     COG051         COG061
       Category 1     Category 1        0.116       0.118            -0.002           -0.175
       Category 1     Category 2        0.004       0.002             0.002            1.268
       Category 2     Category 1        0.643       0.641             0.002            0.118
       Category 2     Category 2        0.237       0.239            -0.002           -0.132
     COG051         COG062
       Category 1     Category 1        0.118       0.118             0.000           -0.042
       Category 1     Category 2        0.003       0.002             0.000            0.287
       Category 2     Category 1        0.732       0.732             0.000            0.030
       Category 2     Category 2        0.147       0.148             0.000           -0.038
     COG051         COG063
       Category 1     Category 1        0.118       0.120            -0.002           -0.202
       Category 1     Category 2        0.003       0.000             0.002            3.879
       Category 2     Category 1        0.769       0.766             0.002            0.155
       Category 2     Category 2        0.111       0.113            -0.002           -0.207
     COG051         COG064
       Category 1     Category 1        0.115       0.118            -0.003           -0.225
       Category 1     Category 2        0.005       0.003             0.003            1.385
       Category 2     Category 1        0.648       0.646             0.003            0.152
       Category 2     Category 2        0.231       0.234            -0.003           -0.171
     COG051         COG066
       Category 1     Category 1        0.120       0.120             0.000            0.018
       Category 1     Category 2        0.000       0.000             0.000           -0.400
       Category 2     Category 1        0.704       0.704             0.000           -0.013
       Category 2     Category 2        0.176       0.176             0.000            0.015
     COG052         COG053
       Category 1     Category 1        0.141       0.133             0.008            0.601
       Category 1     Category 2        0.176       0.183            -0.008           -0.527
       Category 2     Category 1        0.194       0.201            -0.008           -0.509
       Category 2     Category 2        0.490       0.482             0.008            0.408
     COG052         COG054
       Category 1     Category 1        0.157       0.130             0.027            2.145
       Category 1     Category 2        0.160       0.186            -0.027           -1.855
       Category 2     Category 1        0.175       0.201            -0.027           -1.802
       Category 2     Category 2        0.509       0.482             0.027            1.445
     COG052         COG055
       Category 1     Category 1        0.077       0.067             0.010            1.054
       Category 1     Category 2        0.240       0.249            -0.010           -0.611
       Category 2     Category 1        0.045       0.054            -0.010           -1.166
       Category 2     Category 2        0.639       0.629             0.010            0.547
     COG052         COG056
       Category 1     Category 1        0.180       0.200            -0.020           -1.332
       Category 1     Category 2        0.137       0.117             0.020            1.655
       Category 2     Category 1        0.261       0.242             0.020            1.244
       Category 2     Category 2        0.422       0.442            -0.020           -1.072
     COG052         COG057
       Category 1     Category 1        0.277       0.274             0.003            0.198
       Category 1     Category 2        0.039       0.042            -0.003           -0.437
       Category 2     Category 1        0.539       0.542            -0.003           -0.177
       Category 2     Category 2        0.145       0.142             0.003            0.253
     COG052         COG058
       Category 1     Category 1        0.171       0.189            -0.018           -1.284
       Category 1     Category 2        0.146       0.128             0.018            1.507
       Category 2     Category 1        0.264       0.245             0.018            1.169
       Category 2     Category 2        0.419       0.438            -0.018           -1.013
     COG052         COG060
       Category 1     Category 1        0.237       0.248            -0.011           -0.698
       Category 1     Category 2        0.080       0.069             0.011            1.191
       Category 2     Category 1        0.375       0.364             0.011            0.626
       Category 2     Category 2        0.309       0.320            -0.011           -0.646
     COG052         COG061
       Category 1     Category 1        0.277       0.278             0.000           -0.025
       Category 1     Category 2        0.039       0.039             0.000            0.058
       Category 2     Category 1        0.482       0.481             0.000            0.023
       Category 2     Category 2        0.202       0.202             0.000           -0.028
     COG052         COG062
       Category 1     Category 1        0.291       0.291             0.000           -0.001
       Category 1     Category 2        0.026       0.026             0.000            0.002
       Category 2     Category 1        0.559       0.559             0.000            0.001
       Category 2     Category 2        0.124       0.125             0.000           -0.001
     COG052         COG063
       Category 1     Category 1        0.302       0.303            -0.001           -0.058
       Category 1     Category 2        0.015       0.014             0.001            0.226
       Category 2     Category 1        0.585       0.584             0.001            0.054
       Category 2     Category 2        0.099       0.100            -0.001           -0.088
     COG052         COG064
       Category 1     Category 1        0.280       0.276             0.004            0.226
       Category 1     Category 2        0.037       0.040            -0.004           -0.513
       Category 2     Category 1        0.483       0.487            -0.004           -0.202
       Category 2     Category 2        0.200       0.197             0.004            0.254
     COG052         COG066
       Category 1     Category 1        0.288       0.295            -0.007           -0.429
       Category 1     Category 2        0.028       0.021             0.007            1.357
       Category 2     Category 1        0.536       0.529             0.007            0.392
       Category 2     Category 2        0.147       0.155            -0.007           -0.541
     COG053         COG054
       Category 1     Category 1        0.139       0.138             0.002            0.127
       Category 1     Category 2        0.195       0.196            -0.002           -0.110
       Category 2     Category 1        0.192       0.194            -0.002           -0.111
       Category 2     Category 2        0.474       0.472             0.002            0.088
     COG053         COG055
       Category 1     Category 1        0.065       0.071            -0.006           -0.649
       Category 1     Category 2        0.269       0.263             0.006            0.379
       Category 2     Category 1        0.057       0.051             0.006            0.760
       Category 2     Category 2        0.609       0.615            -0.006           -0.343
     COG053         COG056
       Category 1     Category 1        0.172       0.211            -0.039           -2.615
       Category 1     Category 2        0.162       0.123             0.039            3.248
       Category 2     Category 1        0.269       0.230             0.039            2.536
       Category 2     Category 2        0.396       0.436            -0.039           -2.152
     COG053         COG057
       Category 1     Category 1        0.286       0.290            -0.004           -0.240
       Category 1     Category 2        0.049       0.045             0.004            0.526
       Category 2     Category 1        0.530       0.526             0.004            0.218
       Category 2     Category 2        0.135       0.139            -0.004           -0.314
     COG053         COG058
       Category 1     Category 1        0.157       0.200            -0.043           -2.915
       Category 1     Category 2        0.177       0.134             0.043            3.418
       Category 2     Category 1        0.277       0.235             0.043            2.752
       Category 2     Category 2        0.388       0.431            -0.043           -2.354
     COG053         COG060
       Category 1     Category 1        0.226       0.262            -0.036           -2.240
       Category 1     Category 2        0.108       0.072             0.036            3.812
       Category 2     Category 1        0.386       0.349             0.036            2.067
       Category 2     Category 2        0.280       0.316            -0.036           -2.119
     COG053         COG061
       Category 1     Category 1        0.269       0.294            -0.024           -1.456
       Category 1     Category 2        0.065       0.041             0.024            3.361
       Category 2     Category 1        0.490       0.465             0.024            1.329
       Category 2     Category 2        0.176       0.200            -0.024           -1.656
     COG053         COG062
       Category 1     Category 1        0.298       0.307            -0.010           -0.568
       Category 1     Category 2        0.037       0.027             0.010            1.621
       Category 2     Category 1        0.552       0.542             0.010            0.526
       Category 2     Category 2        0.114       0.123            -0.010           -0.797
     COG053         COG063
       Category 1     Category 1        0.310       0.320            -0.010           -0.579
       Category 1     Category 2        0.024       0.014             0.010            2.267
       Category 2     Category 1        0.576       0.567             0.010            0.545
       Category 2     Category 2        0.089       0.099            -0.010           -0.904
     COG053         COG064
       Category 1     Category 1        0.294       0.292             0.002            0.091
       Category 1     Category 2        0.041       0.042            -0.002           -0.205
       Category 2     Category 1        0.470       0.471            -0.002           -0.082
       Category 2     Category 2        0.196       0.195             0.002            0.104
     COG053         COG066
       Category 1     Category 1        0.294       0.312            -0.019           -1.093
       Category 1     Category 2        0.041       0.022             0.019            3.456
       Category 2     Category 1        0.530       0.512             0.019            1.013
       Category 2     Category 2        0.135       0.154            -0.019           -1.404
     COG054         COG055
       Category 1     Category 1        0.073       0.069             0.005            0.491
       Category 1     Category 2        0.258       0.263            -0.005           -0.281
       Category 2     Category 1        0.049       0.053            -0.005           -0.552
       Category 2     Category 2        0.620       0.615             0.005            0.255
     COG054         COG056
       Category 1     Category 1        0.179       0.205            -0.027           -1.788
       Category 1     Category 2        0.153       0.126             0.027            2.174
       Category 2     Category 1        0.263       0.236             0.027            1.701
       Category 2     Category 2        0.406       0.433            -0.027           -1.458
     COG054         COG057
       Category 1     Category 1        0.294       0.286             0.007            0.450
       Category 1     Category 2        0.038       0.045            -0.007           -0.977
       Category 2     Category 1        0.522       0.530            -0.007           -0.407
       Category 2     Category 2        0.146       0.139             0.007            0.588
     COG054         COG058
       Category 1     Category 1        0.189       0.195            -0.005           -0.359
       Category 1     Category 2        0.142       0.137             0.005            0.413
       Category 2     Category 1        0.245       0.240             0.005            0.333
       Category 2     Category 2        0.424       0.429            -0.005           -0.287
     COG054         COG060
       Category 1     Category 1        0.250       0.256            -0.006           -0.381
       Category 1     Category 2        0.081       0.075             0.006            0.631
       Category 2     Category 1        0.361       0.355             0.006            0.347
       Category 2     Category 2        0.307       0.313            -0.006           -0.358
     COG054         COG061
       Category 1     Category 1        0.288       0.289            -0.001           -0.041
       Category 1     Category 2        0.043       0.043             0.001            0.093
       Category 2     Category 1        0.471       0.470             0.001            0.037
       Category 2     Category 2        0.198       0.198            -0.001           -0.047
     COG054         COG062
       Category 1     Category 1        0.298       0.304            -0.006           -0.343
       Category 1     Category 2        0.034       0.028             0.006            0.956
       Category 2     Category 1        0.552       0.546             0.006            0.317
       Category 2     Category 2        0.116       0.122            -0.006           -0.482
     COG054         COG063
       Category 1     Category 1        0.313       0.316            -0.003           -0.197
       Category 1     Category 2        0.019       0.016             0.003            0.740
       Category 2     Category 1        0.574       0.570             0.003            0.185
       Category 2     Category 2        0.095       0.098            -0.003           -0.308
     COG054         COG064
       Category 1     Category 1        0.299       0.288             0.012            0.691
       Category 1     Category 2        0.032       0.044            -0.012           -1.525
       Category 2     Category 1        0.464       0.476            -0.012           -0.626
       Category 2     Category 2        0.204       0.193             0.012            0.792
     COG054         COG066
       Category 1     Category 1        0.310       0.308             0.002            0.129
       Category 1     Category 2        0.022       0.024            -0.002           -0.391
       Category 2     Category 1        0.514       0.516            -0.002           -0.119
       Category 2     Category 2        0.154       0.152             0.002            0.166
     COG055         COG056
       Category 1     Category 1        0.110       0.114            -0.005           -0.391
       Category 1     Category 2        0.012       0.008             0.005            1.431
       Category 2     Category 1        0.332       0.327             0.005            0.265
       Category 2     Category 2        0.547       0.551            -0.005           -0.250
     COG055         COG057
       Category 1     Category 1        0.118       0.114             0.004            0.361
       Category 1     Category 2        0.004       0.008            -0.004           -1.265
       Category 2     Category 1        0.698       0.702            -0.004           -0.251
       Category 2     Category 2        0.180       0.176             0.004            0.301
     COG055         COG058
       Category 1     Category 1        0.112       0.106             0.006            0.518
       Category 1     Category 2        0.009       0.015            -0.006           -1.299
       Category 2     Category 1        0.322       0.328            -0.006           -0.340
       Category 2     Category 2        0.556       0.550             0.006            0.321
     COG055         COG060
       Category 1     Category 1        0.115       0.119            -0.004           -0.373
       Category 1     Category 2        0.007       0.002             0.004            2.513
       Category 2     Category 1        0.497       0.492             0.004            0.242
       Category 2     Category 2        0.382       0.386            -0.004           -0.248
     COG055         COG061
       Category 1     Category 1        0.120       0.120             0.000            0.006
       Category 1     Category 2        0.001       0.001             0.000           -0.054
       Category 2     Category 1        0.639       0.639             0.000           -0.004
       Category 2     Category 2        0.240       0.239             0.000            0.005
     COG055         COG062
       Category 1     Category 1        0.122       0.120             0.002            0.153
       Category 1     Category 2        0.000       0.002            -0.002           -1.164
       Category 2     Category 1        0.728       0.730            -0.002           -0.112
       Category 2     Category 2        0.150       0.148             0.002            0.140
     COG055         COG063
       Category 1     Category 1        0.122       0.122             0.000            0.014
       Category 1     Category 2        0.000       0.000             0.000           -0.355
       Category 2     Category 1        0.765       0.765             0.000           -0.011
       Category 2     Category 2        0.114       0.113             0.000            0.015
     COG055         COG064
       Category 1     Category 1        0.120       0.120             0.001            0.065
       Category 1     Category 2        0.001       0.002            -0.001           -0.458
       Category 2     Category 1        0.643       0.644            -0.001           -0.044
       Category 2     Category 2        0.235       0.235             0.001            0.050
     COG055         COG066
       Category 1     Category 1        0.122       0.122             0.000            0.008
       Category 1     Category 2        0.000       0.000             0.000           -0.263
       Category 2     Category 1        0.702       0.702             0.000           -0.006
       Category 2     Category 2        0.176       0.176             0.000            0.007
     COG056         COG057
       Category 1     Category 1        0.386       0.397            -0.011           -0.612
       Category 1     Category 2        0.055       0.044             0.011            1.452
       Category 2     Category 1        0.430       0.419             0.011            0.607
       Category 2     Category 2        0.129       0.140            -0.011           -0.864
     COG056         COG058
       Category 1     Category 1        0.334       0.321             0.013            0.783
       Category 1     Category 2        0.107       0.120            -0.013           -1.123
       Category 2     Category 1        0.100       0.114            -0.013           -1.151
       Category 2     Category 2        0.459       0.445             0.013            0.735
     COG056         COG060
       Category 1     Category 1        0.425       0.409             0.015            0.856
       Category 1     Category 2        0.016       0.032            -0.015           -2.402
       Category 2     Category 1        0.187       0.202            -0.015           -1.048
       Category 2     Category 2        0.372       0.357             0.015            0.879
     COG056         COG061
       Category 1     Category 1        0.413       0.424            -0.012           -0.635
       Category 1     Category 2        0.028       0.017             0.012            2.435
       Category 2     Category 1        0.346       0.335             0.012            0.665
       Category 2     Category 2        0.212       0.224            -0.012           -0.752
     COG056         COG062
       Category 1     Category 1        0.415       0.425            -0.010           -0.545
       Category 1     Category 2        0.026       0.016             0.010            2.159
       Category 2     Category 1        0.434       0.424             0.010            0.545
       Category 2     Category 2        0.124       0.134            -0.010           -0.790
     COG056         COG063
       Category 1     Category 1        0.434       0.439            -0.004           -0.234
       Category 1     Category 2        0.007       0.002             0.004            2.331
       Category 2     Category 1        0.452       0.448             0.004            0.234
       Category 2     Category 2        0.107       0.111            -0.004           -0.370
     COG056         COG064
       Category 1     Category 1        0.413       0.419            -0.007           -0.368
       Category 1     Category 2        0.028       0.022             0.007            1.246
       Category 2     Category 1        0.350       0.344             0.007            0.382
       Category 2     Category 2        0.208       0.215            -0.007           -0.442
     COG056         COG066
       Category 1     Category 1        0.437       0.440            -0.002           -0.136
       Category 1     Category 2        0.004       0.002             0.002            1.701
       Category 2     Category 1        0.387       0.385             0.002            0.139
       Category 2     Category 2        0.172       0.174            -0.002           -0.178
     COG057         COG058
       Category 1     Category 1        0.388       0.386             0.002            0.120
       Category 1     Category 2        0.428       0.430            -0.002           -0.118
       Category 2     Category 1        0.046       0.048            -0.002           -0.272
       Category 2     Category 2        0.138       0.136             0.002            0.170
     COG057         COG060
       Category 1     Category 1        0.535       0.537            -0.002           -0.114
       Category 1     Category 2        0.281       0.279             0.002            0.127
       Category 2     Category 1        0.077       0.075             0.002            0.216
       Category 2     Category 2        0.107       0.109            -0.002           -0.182
     COG057         COG061
       Category 1     Category 1        0.656       0.648             0.008            0.472
       Category 1     Category 2        0.160       0.168            -0.008           -0.603
       Category 2     Category 1        0.103       0.111            -0.008           -0.717
       Category 2     Category 2        0.081       0.073             0.008            0.867
     COG057         COG062
       Category 1     Category 1        0.713       0.711             0.003            0.151
       Category 1     Category 2        0.103       0.105            -0.003           -0.223
       Category 2     Category 1        0.137       0.139            -0.003           -0.198
       Category 2     Category 2        0.047       0.045             0.003            0.332
     COG057         COG063
       Category 1     Category 1        0.744       0.742             0.002            0.112
       Category 1     Category 2        0.072       0.074            -0.002           -0.187
       Category 2     Category 1        0.142       0.144            -0.002           -0.139
       Category 2     Category 2        0.042       0.040             0.002            0.249
     COG057         COG064
       Category 1     Category 1        0.654       0.649             0.005            0.259
       Category 1     Category 2        0.162       0.167            -0.005           -0.332
       Category 2     Category 1        0.110       0.114            -0.005           -0.389
       Category 2     Category 2        0.074       0.070             0.005            0.485
     COG057         COG066
       Category 1     Category 1        0.698       0.701            -0.003           -0.185
       Category 1     Category 2        0.118       0.115             0.003            0.266
       Category 2     Category 1        0.126       0.123             0.003            0.258
       Category 2     Category 2        0.058       0.061            -0.003           -0.353
     COG058         COG060
       Category 1     Category 1        0.398       0.382             0.016            0.881
       Category 1     Category 2        0.037       0.052            -0.016           -1.924
       Category 2     Category 1        0.214       0.230            -0.016           -1.018
       Category 2     Category 2        0.352       0.336             0.016            0.906
     COG058         COG061
       Category 1     Category 1        0.403       0.407            -0.004           -0.211
       Category 1     Category 2        0.031       0.027             0.004            0.636
       Category 2     Category 1        0.356       0.352             0.004            0.217
       Category 2     Category 2        0.210       0.214            -0.004           -0.253
     COG058         COG062
       Category 1     Category 1        0.413       0.413            -0.001           -0.028
       Category 1     Category 2        0.022       0.021             0.001            0.097
       Category 2     Category 1        0.437       0.437             0.001            0.028
       Category 2     Category 2        0.129       0.129            -0.001           -0.041
     COG058         COG063
       Category 1     Category 1        0.428       0.428            -0.001           -0.032
       Category 1     Category 2        0.007       0.006             0.001            0.200
       Category 2     Category 1        0.459       0.458             0.001            0.032
       Category 2     Category 2        0.107       0.107            -0.001           -0.051
     COG058         COG064
       Category 1     Category 1        0.402       0.403            -0.001           -0.061
       Category 1     Category 2        0.032       0.031             0.001            0.171
       Category 2     Category 1        0.361       0.360             0.001            0.062
       Category 2     Category 2        0.204       0.205            -0.001           -0.074
     COG058         COG066
       Category 1     Category 1        0.434       0.427             0.007            0.410
       Category 1     Category 2        0.000       0.007            -0.007           -2.357
       Category 2     Category 1        0.390       0.397            -0.007           -0.415
       Category 2     Category 2        0.176       0.168             0.007            0.542
     COG060         COG061
       Category 1     Category 1        0.551       0.563            -0.013           -0.698
       Category 1     Category 2        0.061       0.048             0.013            1.617
       Category 2     Category 1        0.208       0.196             0.013            0.873
       Category 2     Category 2        0.180       0.193            -0.013           -0.878
     COG060         COG062
       Category 1     Category 1        0.568       0.576            -0.007           -0.408
       Category 1     Category 2        0.043       0.036             0.007            1.084
       Category 2     Category 1        0.281       0.274             0.007            0.452
       Category 2     Category 2        0.107       0.114            -0.007           -0.634
     COG060         COG063
       Category 1     Category 1        0.598       0.601            -0.003           -0.168
       Category 1     Category 2        0.014       0.011             0.003            0.805
       Category 2     Category 1        0.288       0.285             0.003            0.182
       Category 2     Category 2        0.100       0.103            -0.003           -0.270
     COG060         COG064
       Category 1     Category 1        0.551       0.557            -0.006           -0.348
       Category 1     Category 2        0.061       0.055             0.006            0.761
       Category 2     Category 1        0.212       0.206             0.006            0.427
       Category 2     Category 2        0.176       0.182            -0.006           -0.448
     COG060         COG066
       Category 1     Category 1        0.599       0.600             0.000           -0.015
       Category 1     Category 2        0.012       0.012             0.000            0.067
       Category 2     Category 1        0.225       0.224             0.000            0.018
       Category 2     Category 2        0.164       0.164             0.000           -0.020
     COG061         COG062
       Category 1     Category 1        0.696       0.690             0.005            0.322
       Category 1     Category 2        0.064       0.069            -0.005           -0.588
       Category 2     Category 1        0.154       0.160            -0.005           -0.407
       Category 2     Category 2        0.087       0.081             0.005            0.546
     COG061         COG063
       Category 1     Category 1        0.744       0.725             0.020            1.201
       Category 1     Category 2        0.015       0.035            -0.020           -2.935
       Category 2     Category 1        0.142       0.162            -0.020           -1.457
       Category 2     Category 2        0.099       0.079             0.020            1.989
     COG061         COG064
       Category 1     Category 1        0.651       0.649             0.002            0.104
       Category 1     Category 2        0.108       0.110            -0.002           -0.158
       Category 2     Category 1        0.112       0.114            -0.002           -0.155
       Category 2     Category 2        0.129       0.127             0.002            0.149
     COG061         COG066
       Category 1     Category 1        0.719       0.706             0.012            0.731
       Category 1     Category 2        0.041       0.053            -0.012           -1.488
       Category 2     Category 1        0.106       0.118            -0.012           -1.033
       Category 2     Category 2        0.135       0.123             0.012            1.013
     COG062         COG063
       Category 1     Category 1        0.786       0.785             0.001            0.067
       Category 1     Category 2        0.064       0.065            -0.001           -0.112
       Category 2     Category 1        0.100       0.101            -0.001           -0.092
       Category 2     Category 2        0.050       0.049             0.001            0.128
     COG062         COG064
       Category 1     Category 1        0.694       0.690             0.004            0.263
       Category 1     Category 2        0.156       0.160            -0.004           -0.332
       Category 2     Category 1        0.069       0.073            -0.004           -0.467
       Category 2     Category 2        0.081       0.077             0.004            0.458
     COG062         COG066
       Category 1     Category 1        0.758       0.748             0.010            0.606
       Category 1     Category 2        0.092       0.102            -0.010           -0.871
       Category 2     Category 1        0.066       0.076            -0.010           -0.994
       Category 2     Category 2        0.084       0.074             0.010            1.004
     COG063         COG064
       Category 1     Category 1        0.724       0.724             0.000            0.023
       Category 1     Category 2        0.162       0.163             0.000           -0.028
       Category 2     Category 1        0.039       0.040             0.000           -0.053
       Category 2     Category 2        0.074       0.074             0.000            0.039
     COG063         COG066
       Category 1     Category 1        0.788       0.789            -0.001           -0.093
       Category 1     Category 2        0.099       0.097             0.001            0.128
       Category 2     Category 1        0.037       0.035             0.001            0.205
       Category 2     Category 2        0.077       0.079            -0.001           -0.141
     COG064         COG066
       Category 1     Category 1        0.710       0.702             0.009            0.510
       Category 1     Category 2        0.053       0.061            -0.009           -0.971
       Category 2     Category 1        0.114       0.122            -0.009           -0.712
       Category 2     Category 2        0.123       0.115             0.009            0.732


MODEL MODIFICATION INDICES

NOTE:  Modification indices for direct effects of observed dependent variables
regressed on covariates and residual covariances among observed dependent
variables may not be included.  To include these, request MODINDICES (ALL).

Minimum M.I. value for printing the modification index    10.000

                                   M.I.     E.P.C.  Std E.P.C.  StdYX E.P.C.

WITH Statements

COG045   WITH COG040              44.159     0.421      0.421        0.486
COG050   WITH COG040              26.480     0.346      0.346        0.419
COG050   WITH COG045              63.571     0.409      0.409        0.511
COG052   WITH COG043              42.075     0.387      0.387        0.492
COG053   WITH COG048             534.590     0.867      0.867        1.169
COG054   WITH COG052              11.101     0.198      0.198        0.246
COG056   WITH COG048              30.178    -0.468     -0.468       -1.435
COG056   WITH COG049              40.924     0.275      0.275        1.207
COG056   WITH COG053              19.743    -0.291     -0.291       -0.841
COG058   WITH COG048              14.225    -0.315     -0.315       -0.625
COG058   WITH COG053              23.145    -0.316     -0.316       -0.592
COG060   WITH COG048              16.497    -0.350     -0.350       -0.967
COG060   WITH COG053              19.374    -0.292     -0.292       -0.762
COG060   WITH COG056              28.964     0.174      0.174        1.032
COG060   WITH COG058              10.243     0.124      0.124        0.477
COG061   WITH COG048              17.399    -0.388     -0.388       -0.779
COG061   WITH COG053              12.408    -0.251     -0.251       -0.475
COG063   WITH COG061              38.922     0.276      0.276        0.811
COG066   WITH COG053              10.820    -0.252     -0.252       -0.787


TECHNICAL 1 OUTPUT


     PARAMETER SPECIFICATION


           TAU
              COG040$1      COG041$1      COG043$1      COG044$1      COG045$1
              ________      ________      ________      ________      ________
                  1             2             3             4             5


           TAU
              COG046$1      COG048$1      COG049$1      COG050$1      COG051$1
              ________      ________      ________      ________      ________
                  6             7             8             9            10


           TAU
              COG052$1      COG053$1      COG054$1      COG055$1      COG056$1
              ________      ________      ________      ________      ________
                 11            12            13            14            15


           TAU
              COG057$1      COG058$1      COG060$1      COG061$1      COG062$1
              ________      ________      ________      ________      ________
                 16            17            18            19            20


           TAU
              COG063$1      COG064$1      COG066$1
              ________      ________      ________
                 21            22            23


           NU
              COG040        COG041        COG043        COG044        COG045
              ________      ________      ________      ________      ________
                  0             0             0             0             0


           NU
              COG046        COG048        COG049        COG050        COG051
              ________      ________      ________      ________      ________
                  0             0             0             0             0


           NU
              COG052        COG053        COG054        COG055        COG056
              ________      ________      ________      ________      ________
                  0             0             0             0             0


           NU
              COG057        COG058        COG060        COG061        COG062
              ________      ________      ________      ________      ________
                  0             0             0             0             0


           NU
              COG063        COG064        COG066        CBAGG
              ________      ________      ________      ________
                  0             0             0             0


           LAMBDA
              COG           CBAGG
              ________      ________
 COG040             0             0
 COG041            24             0
 COG043            25             0
 COG044            26             0
 COG045            27             0
 COG046            28             0
 COG048            29             0
 COG049            30             0
 COG050            31             0
 COG051            32             0
 COG052            33             0
 COG053            34             0
 COG054            35             0
 COG055            36             0
 COG056            37             0
 COG057            38             0
 COG058            39             0
 COG060            40             0
 COG061            41             0
 COG062            42             0
 COG063            43             0
 COG064            44             0
 COG066            45             0
 CBAGG              0             0


           THETA
              COG040        COG041        COG043        COG044        COG045
              ________      ________      ________      ________      ________
 COG040             0
 COG041             0             0
 COG043             0             0             0
 COG044             0             0             0             0
 COG045             0             0             0             0             0
 COG046             0             0             0             0             0
 COG048             0             0             0             0             0
 COG049             0             0             0             0             0
 COG050             0             0             0             0             0
 COG051             0             0             0             0             0
 COG052             0             0             0             0             0
 COG053             0             0             0             0             0
 COG054             0             0             0             0             0
 COG055             0             0             0             0             0
 COG056             0             0             0             0             0
 COG057             0             0             0             0             0
 COG058             0             0             0             0             0
 COG060             0             0             0             0             0
 COG061             0             0             0             0             0
 COG062             0             0             0             0             0
 COG063             0             0             0             0             0
 COG064             0             0             0             0             0
 COG066             0             0             0             0             0
 CBAGG              0             0             0             0             0


           THETA
              COG046        COG048        COG049        COG050        COG051
              ________      ________      ________      ________      ________
 COG046             0
 COG048             0             0
 COG049             0             0             0
 COG050             0             0             0             0
 COG051             0             0             0             0             0
 COG052             0             0             0             0             0
 COG053             0             0             0             0             0
 COG054             0             0             0             0             0
 COG055             0             0             0             0             0
 COG056             0             0             0             0             0
 COG057             0             0             0             0             0
 COG058             0             0             0             0             0
 COG060             0             0             0             0             0
 COG061             0             0             0             0             0
 COG062             0             0             0             0             0
 COG063             0             0             0             0             0
 COG064             0             0             0             0             0
 COG066             0             0             0             0             0
 CBAGG              0             0             0             0             0


           THETA
              COG052        COG053        COG054        COG055        COG056
              ________      ________      ________      ________      ________
 COG052             0
 COG053             0             0
 COG054             0             0             0
 COG055             0             0             0             0
 COG056             0             0             0             0             0
 COG057             0             0             0             0             0
 COG058             0             0             0             0             0
 COG060             0             0             0             0             0
 COG061             0             0             0             0             0
 COG062             0             0             0             0             0
 COG063             0             0             0             0             0
 COG064             0             0             0             0             0
 COG066             0             0             0             0             0
 CBAGG              0             0             0             0             0


           THETA
              COG057        COG058        COG060        COG061        COG062
              ________      ________      ________      ________      ________
 COG057             0
 COG058             0             0
 COG060             0             0             0
 COG061             0             0             0             0
 COG062             0             0             0             0             0
 COG063             0             0             0             0             0
 COG064             0             0             0             0             0
 COG066             0             0             0             0             0
 CBAGG              0             0             0             0             0


           THETA
              COG063        COG064        COG066        CBAGG
              ________      ________      ________      ________
 COG063             0
 COG064             0             0
 COG066             0             0             0
 CBAGG              0             0             0             0


           ALPHA
              COG           CBAGG
              ________      ________
                  0            46


           BETA
              COG           CBAGG
              ________      ________
 COG                0             0
 CBAGG              0             0


           PSI
              COG           CBAGG
              ________      ________
 COG               47
 CBAGG             48            49


     STARTING VALUES


           TAU
              COG040$1      COG041$1      COG043$1      COG044$1      COG045$1
              ________      ________      ________      ________      ________
               -1.140        -0.583        -1.065        -1.214        -0.326


           TAU
              COG046$1      COG048$1      COG049$1      COG050$1      COG051$1
              ________      ________      ________      ________      ________
                0.032        -1.236        -1.013        -0.603        -1.173


           TAU
              COG052$1      COG053$1      COG054$1      COG055$1      COG056$1
              ________      ________      ________      ________      ________
               -0.477        -0.428        -0.436        -1.166        -0.148


           TAU
              COG057$1      COG058$1      COG060$1      COG061$1      COG062$1
              ________      ________      ________      ________      ________
                0.900        -0.165         0.284         0.704         1.036


           TAU
              COG063$1      COG064$1      COG066$1
              ________      ________      ________
                1.207         0.717         0.931


           NU
              COG040        COG041        COG043        COG044        COG045
              ________      ________      ________      ________      ________
                0.000         0.000         0.000         0.000         0.000


           NU
              COG046        COG048        COG049        COG050        COG051
              ________      ________      ________      ________      ________
                0.000         0.000         0.000         0.000         0.000


           NU
              COG052        COG053        COG054        COG055        COG056
              ________      ________      ________      ________      ________
                0.000         0.000         0.000         0.000         0.000


           NU
              COG057        COG058        COG060        COG061        COG062
              ________      ________      ________      ________      ________
                0.000         0.000         0.000         0.000         0.000


           NU
              COG063        COG064        COG066        CBAGG
              ________      ________      ________      ________
                0.000         0.000         0.000         0.000


           LAMBDA
              COG           CBAGG
              ________      ________
 COG040         1.000         0.000
 COG041         1.000         0.000
 COG043         1.000         0.000
 COG044         1.000         0.000
 COG045         1.000         0.000
 COG046         1.000         0.000
 COG048         1.000         0.000
 COG049         1.000         0.000
 COG050         1.000         0.000
 COG051         1.000         0.000
 COG052         1.000         0.000
 COG053         1.000         0.000
 COG054         1.000         0.000
 COG055         1.000         0.000
 COG056         1.000         0.000
 COG057         1.000         0.000
 COG058         1.000         0.000
 COG060         1.000         0.000
 COG061         1.000         0.000
 COG062         1.000         0.000
 COG063         1.000         0.000
 COG064         1.000         0.000
 COG066         1.000         0.000
 CBAGG          0.000         1.000


           THETA
              COG040        COG041        COG043        COG044        COG045
              ________      ________      ________      ________      ________
 COG040         1.000
 COG041         0.000         1.000
 COG043         0.000         0.000         1.000
 COG044         0.000         0.000         0.000         1.000
 COG045         0.000         0.000         0.000         0.000         1.000
 COG046         0.000         0.000         0.000         0.000         0.000
 COG048         0.000         0.000         0.000         0.000         0.000
 COG049         0.000         0.000         0.000         0.000         0.000
 COG050         0.000         0.000         0.000         0.000         0.000
 COG051         0.000         0.000         0.000         0.000         0.000
 COG052         0.000         0.000         0.000         0.000         0.000
 COG053         0.000         0.000         0.000         0.000         0.000
 COG054         0.000         0.000         0.000         0.000         0.000
 COG055         0.000         0.000         0.000         0.000         0.000
 COG056         0.000         0.000         0.000         0.000         0.000
 COG057         0.000         0.000         0.000         0.000         0.000
 COG058         0.000         0.000         0.000         0.000         0.000
 COG060         0.000         0.000         0.000         0.000         0.000
 COG061         0.000         0.000         0.000         0.000         0.000
 COG062         0.000         0.000         0.000         0.000         0.000
 COG063         0.000         0.000         0.000         0.000         0.000
 COG064         0.000         0.000         0.000         0.000         0.000
 COG066         0.000         0.000         0.000         0.000         0.000
 CBAGG          0.000         0.000         0.000         0.000         0.000


           THETA
              COG046        COG048        COG049        COG050        COG051
              ________      ________      ________      ________      ________
 COG046         1.000
 COG048         0.000         1.000
 COG049         0.000         0.000         1.000
 COG050         0.000         0.000         0.000         1.000
 COG051         0.000         0.000         0.000         0.000         1.000
 COG052         0.000         0.000         0.000         0.000         0.000
 COG053         0.000         0.000         0.000         0.000         0.000
 COG054         0.000         0.000         0.000         0.000         0.000
 COG055         0.000         0.000         0.000         0.000         0.000
 COG056         0.000         0.000         0.000         0.000         0.000
 COG057         0.000         0.000         0.000         0.000         0.000
 COG058         0.000         0.000         0.000         0.000         0.000
 COG060         0.000         0.000         0.000         0.000         0.000
 COG061         0.000         0.000         0.000         0.000         0.000
 COG062         0.000         0.000         0.000         0.000         0.000
 COG063         0.000         0.000         0.000         0.000         0.000
 COG064         0.000         0.000         0.000         0.000         0.000
 COG066         0.000         0.000         0.000         0.000         0.000
 CBAGG          0.000         0.000         0.000         0.000         0.000


           THETA
              COG052        COG053        COG054        COG055        COG056
              ________      ________      ________      ________      ________
 COG052         1.000
 COG053         0.000         1.000
 COG054         0.000         0.000         1.000
 COG055         0.000         0.000         0.000         1.000
 COG056         0.000         0.000         0.000         0.000         1.000
 COG057         0.000         0.000         0.000         0.000         0.000
 COG058         0.000         0.000         0.000         0.000         0.000
 COG060         0.000         0.000         0.000         0.000         0.000
 COG061         0.000         0.000         0.000         0.000         0.000
 COG062         0.000         0.000         0.000         0.000         0.000
 COG063         0.000         0.000         0.000         0.000         0.000
 COG064         0.000         0.000         0.000         0.000         0.000
 COG066         0.000         0.000         0.000         0.000         0.000
 CBAGG          0.000         0.000         0.000         0.000         0.000


           THETA
              COG057        COG058        COG060        COG061        COG062
              ________      ________      ________      ________      ________
 COG057         1.000
 COG058         0.000         1.000
 COG060         0.000         0.000         1.000
 COG061         0.000         0.000         0.000         1.000
 COG062         0.000         0.000         0.000         0.000         1.000
 COG063         0.000         0.000         0.000         0.000         0.000
 COG064         0.000         0.000         0.000         0.000         0.000
 COG066         0.000         0.000         0.000         0.000         0.000
 CBAGG          0.000         0.000         0.000         0.000         0.000


           THETA
              COG063        COG064        COG066        CBAGG
              ________      ________      ________      ________
 COG063         1.000
 COG064         0.000         1.000
 COG066         0.000         0.000         1.000
 CBAGG          0.000         0.000         0.000         0.000


           ALPHA
              COG           CBAGG
              ________      ________
                0.000         0.000


           BETA
              COG           CBAGG
              ________      ________
 COG            0.000         0.000
 CBAGG          0.000         0.000


           PSI
              COG           CBAGG
              ________      ________
 COG            0.050
 CBAGG          0.000         0.500


TECHNICAL 4 OUTPUT


     ESTIMATES DERIVED FROM THE MODEL


           ESTIMATED MEANS FOR THE LATENT VARIABLES
              COG           CBAGG
              ________      ________
                0.000         0.000


           ESTIMATED COVARIANCE MATRIX FOR THE LATENT VARIABLES
              COG           CBAGG
              ________      ________
 COG            0.108
 CBAGG          0.071         1.000


           ESTIMATED CORRELATION MATRIX FOR THE LATENT VARIABLES
              COG           CBAGG
              ________      ________
 COG            1.000
 CBAGG          0.215         1.000


     ESTIMATES DERIVED FROM THE MODEL


           S.E. FOR ESTIMATED MEANS FOR THE LATENT VARIABLES
              COG           CBAGG
              ________      ________
                0.000         0.052


           EST./S.E. FOR ESTIMATED MEANS FOR THE LATENT VARIABLES
              COG           CBAGG
              ________      ________
                0.000         0.000


           TWO-TAILED P-VALUE FOR ESTIMATED MEANS FOR THE LATENT VARIABLES
              COG           CBAGG
              ________      ________
                1.000         1.000


           S.E. FOR ESTIMATED COVARIANCE MATRIX FOR THE LATENT VARIABLES
              COG           CBAGG
              ________      ________
 COG            0.038
 CBAGG          0.018         0.055


           EST./S.E. FOR ESTIMATED COVARIANCE MATRIX FOR THE LATENT VARIABLES
              COG           CBAGG
              ________      ________
 COG            2.862
 CBAGG          3.948        18.183


           TWO-TAILED P-VALUE FOR ESTIMATED COVARIANCE MATRIX FOR THE LATENT VARIABLES
              COG           CBAGG
              ________      ________
 COG            0.004
 CBAGG          0.000         0.000


           S.E. FOR ESTIMATED CORRELATION MATRIX FOR THE LATENT VARIABLES
              COG           CBAGG
              ________      ________
 COG            0.000
 CBAGG          0.037         0.000


           EST./S.E. FOR ESTIMATED CORRELATION MATRIX FOR THE LATENT VARIABLES
              COG           CBAGG
              ________      ________
 COG          999.000
 CBAGG          5.839       999.000


           TWO-TAILED P-VALUE FOR ESTIMATED CORRELATION MATRIX FOR THE LATENT VARIABLES
              COG           CBAGG
              ________      ________
 COG            0.000
 CBAGG          0.000         0.000


SAMPLE STATISTICS FOR ESTIMATED FACTOR SCORES


     SAMPLE STATISTICS


           Means
              COG           COG_SE
              ________      ________
                0.002         0.109


           Covariances
              COG           COG_SE
              ________      ________
 COG            0.091
 COG_SE        -0.001         0.000


           Correlations
              COG           COG_SE
              ________      ________
 COG            1.000
 COG_SE        -0.184         1.000


SAVEDATA INFORMATION


  Save file
    ../../fscores_structural.dat

  Order and format of variables

    COG040         F10.3
    COG041         F10.3
    COG043         F10.3
    COG044         F10.3
    COG045         F10.3
    COG046         F10.3
    COG048         F10.3
    COG049         F10.3
    COG050         F10.3
    COG051         F10.3
    COG052         F10.3
    COG053         F10.3
    COG054         F10.3
    COG055         F10.3
    COG056         F10.3
    COG057         F10.3
    COG058         F10.3
    COG060         F10.3
    COG061         F10.3
    COG062         F10.3
    COG063         F10.3
    COG064         F10.3
    COG066         F10.3
    CBAGG          F10.3
    COG            F10.3
    COG_SE         F10.3

  Save file format
    26F10.3

  Save file record length    10000

  Save missing symbol        *


     Beginning Time:  14:45:25
        Ending Time:  14:45:25
       Elapsed Time:  00:00:00



MUTHEN & MUTHEN
3463 Stoner Ave.
Los Angeles, CA  90066

Tel: (310) 391-9971
Fax: (310) 391-8971
Web: www.StatModel.com
Support: Support@StatModel.com

Copyright (c) 1998-2021 Muthen & Muthen
