Mplus VERSION 8.6
MUTHEN & MUTHEN
06/04/2026   2:45 PM

INPUT INSTRUCTIONS

  TITLE:
    Structural model - CBAgg outcome ~ WM + GDP + FS
    WLSMV estimator; items treated as categorical (binary)
    Factors: WM, GDP, FS (same measurement model as model_measurement.inp)

  DATA:
    FILE = "../../combined.dat";

  VARIABLE:
    NAMES ARE
      COG034 COG035 COG036 COG037 COG038 COG039 COG040 COG041
      COG042 COG043 COG044 COG045 COG046 COG047 COG048 COG049 COG050
      COG051 COG052 COG053 COG054 COG055 COG056 COG057 COG058
      COG060 COG061 COG062 COG063 COG064 COG065 COG066 COG067 COG068
      GA BirthWt Sex HdCirc IUGR GDiab PrEcl AntCor_P AntCor_C
      MomAge MomEdu DadEdu EthSAsian EthBlack EthMixed EthOther
      MomEng EPDSTot StimEnv PrLax PrOvr PrVrb PrSty
      CBInt CBExt CBTot CBAnx CBWth CBSom CBSlp CBAtt CBAgg
      ECSur ECNeg ECEff BayMot BayLan QchatTot;

    USEVARIABLES ARE
      COG040 COG041
      COG043 COG044 COG045 COG046 COG048 COG049 COG050
      COG051 COG052 COG053 COG054 COG055 COG056 COG057 COG058
      COG060 COG061 COG062 COG063 COG064 COG066
      CBAgg;

    CATEGORICAL ARE
      COG040 COG041
      COG043 COG044 COG045 COG046 COG048 COG049 COG050
      COG051 COG052 COG053 COG054 COG055 COG056 COG057 COG058
      COG060 COG061 COG062 COG063 COG064 COG066;

    MISSING ARE ALL (-999);

  DEFINE:
    STANDARDIZE CBAgg;

  ANALYSIS:
    ESTIMATOR = WLSMV;

  MODEL:
    ! Factor 1: Working Memory
    WM BY
      COG040 COG045 COG050 COG064;

    ! Factor 2: Goal-Directed Problem Solving
    GDP BY
      COG041 COG043 COG044 COG046
      COG048 COG052 COG053 COG057;

    ! Factor 3: Flexibility / Shift
    FS BY
      COG049 COG051 COG054 COG055 COG056
      COG058 COG060 COG061 COG062 COG063 COG066;

    WM  WITH GDP FS;
    GDP WITH FS;

    CBAgg WITH WM GDP FS;

  OUTPUT:
    STANDARDIZED;
    MODINDICES(10);
    RESIDUAL;
    SAMPSTAT;
    TECH1;
    TECH4;
    CINTERVAL;

  SAVEDATA:
    FILE = "../../fscores_structural.dat";
    SAVE = FSCORES;



INPUT READING TERMINATED NORMALLY




Structural model - CBAgg outcome ~ WM + GDP + FS
WLSMV estimator; items treated as categorical (binary)
Factors: WM, GDP, FS (same measurement model as model_measurement.inp)

SUMMARY OF ANALYSIS

Number of groups                                                 1
Number of observations                                         739

Number of dependent variables                                   24
Number of independent variables                                  0
Number of continuous latent variables                            3

Observed dependent variables

  Continuous
   CBAGG

  Binary and ordered categorical (ordinal)
   COG040      COG041      COG043      COG044      COG045      COG046
   COG048      COG049      COG050      COG051      COG052      COG053
   COG054      COG055      COG056      COG057      COG058      COG060
   COG061      COG062      COG063      COG064      COG066

Continuous latent variables
   WM          GDP         FS


Estimator                                                    WLSMV
Maximum number of iterations                                  1000
Convergence criterion                                    0.500D-04
Maximum number of steepest descent iterations                   20
Maximum number of iterations for H1                           2000
Convergence criterion for H1                             0.100D-03
Parameterization                                             DELTA
Link                                                        PROBIT

Input data file(s)
  ../../combined.dat

Input data format  FREE


SUMMARY OF DATA

     Number of missing data patterns             2


COVARIANCE COVERAGE OF DATA

Minimum covariance coverage value   0.100


     PROPORTION OF DATA PRESENT


           Covariance Coverage
              COG040        COG041        COG043        COG044        COG045
              ________      ________      ________      ________      ________
 COG040         1.000
 COG041         1.000         1.000
 COG043         1.000         1.000         1.000
 COG044         1.000         1.000         1.000         1.000
 COG045         1.000         1.000         1.000         1.000         1.000
 COG046         1.000         1.000         1.000         1.000         1.000
 COG048         1.000         1.000         1.000         1.000         1.000
 COG049         1.000         1.000         1.000         1.000         1.000
 COG050         1.000         1.000         1.000         1.000         1.000
 COG051         1.000         1.000         1.000         1.000         1.000
 COG052         1.000         1.000         1.000         1.000         1.000
 COG053         1.000         1.000         1.000         1.000         1.000
 COG054         1.000         1.000         1.000         1.000         1.000
 COG055         1.000         1.000         1.000         1.000         1.000
 COG056         1.000         1.000         1.000         1.000         1.000
 COG057         1.000         1.000         1.000         1.000         1.000
 COG058         1.000         1.000         1.000         1.000         1.000
 COG060         1.000         1.000         1.000         1.000         1.000
 COG061         1.000         1.000         1.000         1.000         1.000
 COG062         1.000         1.000         1.000         1.000         1.000
 COG063         1.000         1.000         1.000         1.000         1.000
 COG064         1.000         1.000         1.000         1.000         1.000
 COG066         1.000         1.000         1.000         1.000         1.000
 CBAGG          0.978         0.978         0.978         0.978         0.978


           Covariance Coverage
              COG046        COG048        COG049        COG050        COG051
              ________      ________      ________      ________      ________
 COG046         1.000
 COG048         1.000         1.000
 COG049         1.000         1.000         1.000
 COG050         1.000         1.000         1.000         1.000
 COG051         1.000         1.000         1.000         1.000         1.000
 COG052         1.000         1.000         1.000         1.000         1.000
 COG053         1.000         1.000         1.000         1.000         1.000
 COG054         1.000         1.000         1.000         1.000         1.000
 COG055         1.000         1.000         1.000         1.000         1.000
 COG056         1.000         1.000         1.000         1.000         1.000
 COG057         1.000         1.000         1.000         1.000         1.000
 COG058         1.000         1.000         1.000         1.000         1.000
 COG060         1.000         1.000         1.000         1.000         1.000
 COG061         1.000         1.000         1.000         1.000         1.000
 COG062         1.000         1.000         1.000         1.000         1.000
 COG063         1.000         1.000         1.000         1.000         1.000
 COG064         1.000         1.000         1.000         1.000         1.000
 COG066         1.000         1.000         1.000         1.000         1.000
 CBAGG          0.978         0.978         0.978         0.978         0.978


           Covariance Coverage
              COG052        COG053        COG054        COG055        COG056
              ________      ________      ________      ________      ________
 COG052         1.000
 COG053         1.000         1.000
 COG054         1.000         1.000         1.000
 COG055         1.000         1.000         1.000         1.000
 COG056         1.000         1.000         1.000         1.000         1.000
 COG057         1.000         1.000         1.000         1.000         1.000
 COG058         1.000         1.000         1.000         1.000         1.000
 COG060         1.000         1.000         1.000         1.000         1.000
 COG061         1.000         1.000         1.000         1.000         1.000
 COG062         1.000         1.000         1.000         1.000         1.000
 COG063         1.000         1.000         1.000         1.000         1.000
 COG064         1.000         1.000         1.000         1.000         1.000
 COG066         1.000         1.000         1.000         1.000         1.000
 CBAGG          0.978         0.978         0.978         0.978         0.978


           Covariance Coverage
              COG057        COG058        COG060        COG061        COG062
              ________      ________      ________      ________      ________
 COG057         1.000
 COG058         1.000         1.000
 COG060         1.000         1.000         1.000
 COG061         1.000         1.000         1.000         1.000
 COG062         1.000         1.000         1.000         1.000         1.000
 COG063         1.000         1.000         1.000         1.000         1.000
 COG064         1.000         1.000         1.000         1.000         1.000
 COG066         1.000         1.000         1.000         1.000         1.000
 CBAGG          0.978         0.978         0.978         0.978         0.978


           Covariance Coverage
              COG063        COG064        COG066        CBAGG
              ________      ________      ________      ________
 COG063         1.000
 COG064         1.000         1.000
 COG066         1.000         1.000         1.000
 CBAGG          0.978         0.978         0.978         0.978


UNIVARIATE PROPORTIONS AND COUNTS FOR CATEGORICAL VARIABLES

    COG040
      Category 1    0.127           94.000
      Category 2    0.873          645.000
    COG041
      Category 1    0.280          207.000
      Category 2    0.720          532.000
    COG043
      Category 1    0.143          106.000
      Category 2    0.857          633.000
    COG044
      Category 1    0.112           83.000
      Category 2    0.888          656.000
    COG045
      Category 1    0.372          275.000
      Category 2    0.628          464.000
    COG046
      Category 1    0.513          379.000
      Category 2    0.487          360.000
    COG048
      Category 1    0.108           80.000
      Category 2    0.892          659.000
    COG049
      Category 1    0.156          115.000
      Category 2    0.844          624.000
    COG050
      Category 1    0.273          202.000
      Category 2    0.727          537.000
    COG051
      Category 1    0.120           89.000
      Category 2    0.880          650.000
    COG052
      Category 1    0.317          234.000
      Category 2    0.683          505.000
    COG053
      Category 1    0.334          247.000
      Category 2    0.666          492.000
    COG054
      Category 1    0.332          245.000
      Category 2    0.668          494.000
    COG055
      Category 1    0.122           90.000
      Category 2    0.878          649.000
    COG056
      Category 1    0.441          326.000
      Category 2    0.559          413.000
    COG057
      Category 1    0.816          603.000
      Category 2    0.184          136.000
    COG058
      Category 1    0.434          321.000
      Category 2    0.566          418.000
    COG060
      Category 1    0.612          452.000
      Category 2    0.388          287.000
    COG061
      Category 1    0.759          561.000
      Category 2    0.241          178.000
    COG062
      Category 1    0.850          628.000
      Category 2    0.150          111.000
    COG063
      Category 1    0.886          655.000
      Category 2    0.114           84.000
    COG064
      Category 1    0.763          564.000
      Category 2    0.237          175.000
    COG066
      Category 1    0.824          609.000
      Category 2    0.176          130.000


SAMPLE STATISTICS


     ESTIMATED SAMPLE STATISTICS


           MEANS/INTERCEPTS/THRESHOLDS
              COG040$1      COG041$1      COG043$1      COG044$1      COG045$1
              ________      ________      ________      ________      ________
               -1.140        -0.583        -1.065        -1.214        -0.326


           MEANS/INTERCEPTS/THRESHOLDS
              COG046$1      COG048$1      COG049$1      COG050$1      COG051$1
              ________      ________      ________      ________      ________
                0.032        -1.236        -1.013        -0.603        -1.173


           MEANS/INTERCEPTS/THRESHOLDS
              COG052$1      COG053$1      COG054$1      COG055$1      COG056$1
              ________      ________      ________      ________      ________
               -0.477        -0.428        -0.436        -1.166        -0.148


           MEANS/INTERCEPTS/THRESHOLDS
              COG057$1      COG058$1      COG060$1      COG061$1      COG062$1
              ________      ________      ________      ________      ________
                0.900        -0.165         0.284         0.704         1.036


           MEANS/INTERCEPTS/THRESHOLDS
              COG063$1      COG064$1      COG066$1      CBAGG
              ________      ________      ________      ________
                1.207         0.717         0.931         0.000


           CORRELATION MATRIX (WITH VARIANCES ON THE DIAGONAL)
              COG040        COG041        COG043        COG044        COG045
              ________      ________      ________      ________      ________
 COG040
 COG041         0.088
 COG043         0.095         0.221
 COG044         0.340         0.318         0.291
 COG045         0.534         0.217         0.265         0.304
 COG046         0.193         0.179         0.160         0.241         0.214
 COG048         0.123         0.213         0.261         0.357         0.154
 COG049         0.307         0.188         0.310         0.301         0.315
 COG050         0.487         0.247         0.310         0.330         0.573
 COG051         0.265         0.293         0.283         0.339         0.335
 COG052         0.128         0.202         0.572         0.272         0.206
 COG053         0.080         0.160         0.152         0.329         0.231
 COG054         0.169         0.166         0.320         0.230         0.192
 COG055         0.187         0.319         0.438         0.334         0.262
 COG056         0.235         0.168         0.286         0.324         0.247
 COG057         0.084         0.315         0.107         0.063         0.104
 COG058         0.133         0.192         0.267         0.246         0.238
 COG060         0.202         0.249         0.351         0.322         0.297
 COG061         0.056         0.256         0.402         0.228         0.155
 COG062         0.230         0.351         0.447         0.230         0.314
 COG063         0.180         0.322         0.264         0.244         0.179
 COG064         0.325         0.276         0.396         0.313         0.300
 COG066         0.151         0.333         0.398         0.372         0.235
 CBAGG          0.080        -0.038         0.149         0.037         0.086


           CORRELATION MATRIX (WITH VARIANCES ON THE DIAGONAL)
              COG046        COG048        COG049        COG050        COG051
              ________      ________      ________      ________      ________
 COG048         0.221
 COG049         0.229         0.204
 COG050         0.126         0.262         0.400
 COG051         0.228         0.354         0.686         0.402
 COG052         0.000         0.242         0.277         0.273         0.343
 COG053         0.133         0.909         0.188         0.242         0.266
 COG054         0.087         0.218         0.249         0.289         0.335
 COG055         0.269         0.326         0.628         0.411         0.713
 COG056         0.229         0.086         0.904         0.311         0.723
 COG057         0.124         0.174         0.272         0.113         0.245
 COG058         0.226         0.151         0.564         0.276         0.897
 COG060         0.256         0.178         0.711         0.352         0.682
 COG061         0.284         0.079         0.489         0.317         0.534
 COG062         0.361         0.137         0.469         0.253         0.466
 COG063         0.302         0.129         0.550         0.371         0.397
 COG064         0.248         0.371         0.423         0.323         0.483
 COG066         0.386         0.230         0.697         0.302         0.652
 CBAGG          0.176         0.038         0.249         0.182         0.151


           CORRELATION MATRIX (WITH VARIANCES ON THE DIAGONAL)
              COG052        COG053        COG054        COG055        COG056
              ________      ________      ________      ________      ________
 COG053         0.260
 COG054         0.380         0.211
 COG055         0.474         0.307         0.405
 COG056         0.281         0.168         0.223         0.688
 COG057         0.210         0.136         0.252         0.460         0.249
 COG058         0.231         0.082         0.310         0.732         0.791
 COG060         0.320         0.156         0.345         0.619         0.899
 COG061         0.354         0.140         0.340         0.662         0.641
 COG062         0.284         0.167         0.198         0.624         0.461
 COG063         0.347         0.206         0.293         0.572         0.650
 COG064         0.372         0.362         0.440         0.658         0.633
 COG066         0.320         0.201         0.431         0.654         0.805
 CBAGG          0.056         0.058         0.146         0.136         0.231


           CORRELATION MATRIX (WITH VARIANCES ON THE DIAGONAL)
              COG057        COG058        COG060        COG061        COG062
              ________      ________      ________      ________      ________
 COG058         0.332
 COG060         0.332         0.800
 COG061         0.392         0.609         0.647
 COG062         0.280         0.503         0.504         0.563
 COG063         0.344         0.644         0.701         0.838         0.536
 COG064         0.337         0.590         0.636         0.615         0.521
 COG066         0.328         0.886         0.838         0.822         0.680
 CBAGG          0.122         0.163         0.181         0.159         0.116


           CORRELATION MATRIX (WITH VARIANCES ON THE DIAGONAL)
              COG063        COG064        COG066        CBAGG
              ________      ________      ________      ________
 COG064         0.620
 COG066         0.754         0.757
 CBAGG          0.130         0.209         0.182         1.000


UNIVARIATE SAMPLE STATISTICS


     UNIVARIATE HIGHER-ORDER MOMENT DESCRIPTIVE STATISTICS

         Variable/         Mean/     Skewness/   Minimum/ % with                Percentiles
        Sample Size      Variance    Kurtosis    Maximum  Min/Max      20%/60%    40%/80%    Median

     CBAGG                 0.000       1.347      -1.025   15.08%      -0.841     -0.472     -0.287
             723.000       1.000       1.643       4.507    0.14%      -0.103      0.635


     THIS ANALYSIS MAY HAVE MULTIPLE SOLUTIONS.  EXPLORE THIS USING RANDOM STARTS,
     FOR EXAMPLE, STARTS = 20.  USE A LARGE ENOUGH NUMBER OF STARTS SO THAT THE
     BEST FIT FUNCTION VALUE IS REPLICATED SEVERAL TIMES.


THE MODEL ESTIMATION TERMINATED NORMALLY



MODEL FIT INFORMATION

Number of Free Parameters                       54

Chi-Square Test of Model Fit

          Value                            847.915*
          Degrees of Freedom                   247
          P-Value                           0.0000

*   The chi-square value for MLM, MLMV, MLR, ULSMV, WLSM and WLSMV cannot be used
    for chi-square difference testing in the regular way.  MLM, MLR and WLSM
    chi-square difference testing is described on the Mplus website.  MLMV, WLSMV,
    and ULSMV difference testing is done using the DIFFTEST option.

RMSEA (Root Mean Square Error Of Approximation)

          Estimate                           0.057
          90 Percent C.I.                    0.053  0.062
          Probability RMSEA <= .05           0.002

CFI/TLI

          CFI                                0.930
          TLI                                0.921

Chi-Square Test of Model Fit for the Baseline Model

          Value                           8805.199
          Degrees of Freedom                   276
          P-Value                           0.0000

SRMR (Standardized Root Mean Square Residual)

          Value                              0.104

Optimum Function Value for Weighted Least-Squares Estimator

          Value                     0.58353243D+00



MODEL RESULTS

                                                    Two-Tailed
                    Estimate       S.E.  Est./S.E.    P-Value

 WM       BY
    COG040             1.000      0.000    999.000    999.000
    COG045             1.185      0.186      6.374      0.000
    COG050             1.417      0.222      6.384      0.000
    COG064             2.242      0.361      6.202      0.000

 GDP      BY
    COG041             1.000      0.000    999.000    999.000
    COG043             1.365      0.208      6.569      0.000
    COG044             1.260      0.197      6.390      0.000
    COG046             0.909      0.155      5.873      0.000
    COG048             1.818      0.245      7.418      0.000
    COG052             1.299      0.180      7.221      0.000
    COG053             1.527      0.208      7.351      0.000
    COG057             1.067      0.181      5.906      0.000

 FS       BY
    COG049             1.000      0.000    999.000    999.000
    COG051             0.962      0.056     17.196      0.000
    COG054             0.524      0.055      9.523      0.000
    COG055             1.005      0.053     18.824      0.000
    COG056             1.121      0.045     24.794      0.000
    COG058             0.987      0.043     23.044      0.000
    COG060             1.094      0.043     25.696      0.000
    COG061             0.981      0.047     21.048      0.000
    COG062             0.780      0.059     13.230      0.000
    COG063             1.004      0.053     18.886      0.000
    COG066             1.146      0.049     23.451      0.000

 WM       WITH
    GDP                0.122      0.027      4.616      0.000
    FS                 0.255      0.043      5.892      0.000
    CBAGG              0.095      0.024      3.883      0.000

 GDP      WITH
    FS                 0.205      0.030      6.864      0.000
    CBAGG              0.055      0.020      2.751      0.006

 CBAGG    WITH
    FS                 0.174      0.034      5.132      0.000

 Means
    CBAGG              0.000      0.052      0.000      1.000

 Thresholds
    COG040$1          -1.140      0.059    -19.376      0.000
    COG041$1          -0.583      0.049    -11.873      0.000
    COG043$1          -1.065      0.057    -18.689      0.000
    COG044$1          -1.214      0.061    -19.954      0.000
    COG045$1          -0.326      0.047     -6.940      0.000
    COG046$1           0.032      0.046      0.699      0.485
    COG048$1          -1.236      0.061    -20.100      0.000
    COG049$1          -1.013      0.056    -18.143      0.000
    COG050$1          -0.603      0.049    -12.231      0.000
    COG051$1          -1.173      0.060    -19.646      0.000
    COG052$1          -0.477      0.048     -9.927      0.000
    COG053$1          -0.428      0.048     -8.983      0.000
    COG054$1          -0.436      0.048     -9.128      0.000
    COG055$1          -1.166      0.060    -19.593      0.000
    COG056$1          -0.148      0.046     -3.199      0.001
    COG057$1           0.900      0.054     16.800      0.000
    COG058$1          -0.165      0.046     -3.567      0.000
    COG060$1           0.284      0.047      6.062      0.000
    COG061$1           0.704      0.050     13.931      0.000
    COG062$1           1.036      0.056     18.388      0.000
    COG063$1           1.207      0.061     19.904      0.000
    COG064$1           0.717      0.051     14.141      0.000
    COG066$1           0.931      0.054     17.192      0.000

 Variances
    CBAGG              1.000      0.055     18.183      0.000
    WM                 0.189      0.055      3.456      0.001
    GDP                0.209      0.049      4.229      0.000
    FS                 0.690      0.050     13.831      0.000


QUALITY OF NUMERICAL RESULTS

     Condition Number for the Information Matrix              0.564E-03
       (ratio of smallest to largest eigenvalue)


STANDARDIZED MODEL RESULTS


STDYX Standardization

                                                    Two-Tailed
                    Estimate       S.E.  Est./S.E.    P-Value

 WM       BY
    COG040             0.435      0.063      6.912      0.000
    COG045             0.516      0.045     11.545      0.000
    COG050             0.616      0.045     13.748      0.000
    COG064             0.976      0.050     19.388      0.000

 GDP      BY
    COG041             0.457      0.054      8.459      0.000
    COG043             0.624      0.062     10.023      0.000
    COG044             0.576      0.066      8.694      0.000
    COG046             0.415      0.052      8.007      0.000
    COG048             0.831      0.051     16.134      0.000
    COG052             0.593      0.046     12.804      0.000
    COG053             0.698      0.038     18.140      0.000
    COG057             0.487      0.063      7.750      0.000

 FS       BY
    COG049             0.831      0.030     27.661      0.000
    COG051             0.799      0.041     19.528      0.000
    COG054             0.435      0.044      9.967      0.000
    COG055             0.835      0.038     22.074      0.000
    COG056             0.931      0.015     62.677      0.000
    COG058             0.819      0.022     37.327      0.000
    COG060             0.908      0.015     59.702      0.000
    COG061             0.814      0.025     32.027      0.000
    COG062             0.648      0.042     15.373      0.000
    COG063             0.834      0.031     26.740      0.000
    COG066             0.952      0.019     50.107      0.000

 WM       WITH
    GDP                0.616      0.050     12.411      0.000
    FS                 0.705      0.041     17.299      0.000
    CBAGG              0.218      0.045      4.849      0.000

 GDP      WITH
    FS                 0.540      0.037     14.412      0.000
    CBAGG              0.121      0.041      2.968      0.003

 CBAGG    WITH
    FS                 0.209      0.039      5.355      0.000

 Means
    CBAGG              0.000      0.052      0.000      1.000

 Thresholds
    COG040$1          -1.140      0.059    -19.376      0.000
    COG041$1          -0.583      0.049    -11.873      0.000
    COG043$1          -1.065      0.057    -18.689      0.000
    COG044$1          -1.214      0.061    -19.954      0.000
    COG045$1          -0.326      0.047     -6.940      0.000
    COG046$1           0.032      0.046      0.699      0.485
    COG048$1          -1.236      0.061    -20.100      0.000
    COG049$1          -1.013      0.056    -18.143      0.000
    COG050$1          -0.603      0.049    -12.231      0.000
    COG051$1          -1.173      0.060    -19.646      0.000
    COG052$1          -0.477      0.048     -9.927      0.000
    COG053$1          -0.428      0.048     -8.983      0.000
    COG054$1          -0.436      0.048     -9.128      0.000
    COG055$1          -1.166      0.060    -19.593      0.000
    COG056$1          -0.148      0.046     -3.199      0.001
    COG057$1           0.900      0.054     16.800      0.000
    COG058$1          -0.165      0.046     -3.567      0.000
    COG060$1           0.284      0.047      6.062      0.000
    COG061$1           0.704      0.050     13.931      0.000
    COG062$1           1.036      0.056     18.388      0.000
    COG063$1           1.207      0.061     19.904      0.000
    COG064$1           0.717      0.051     14.141      0.000
    COG066$1           0.931      0.054     17.192      0.000

 Variances
    CBAGG              1.000      0.000    999.000    999.000
    WM                 1.000      0.000    999.000    999.000
    GDP                1.000      0.000    999.000    999.000
    FS                 1.000      0.000    999.000    999.000


STDY Standardization

                                                    Two-Tailed
                    Estimate       S.E.  Est./S.E.    P-Value

 WM       BY
    COG040             0.435      0.063      6.912      0.000
    COG045             0.516      0.045     11.545      0.000
    COG050             0.616      0.045     13.748      0.000
    COG064             0.976      0.050     19.388      0.000

 GDP      BY
    COG041             0.457      0.054      8.459      0.000
    COG043             0.624      0.062     10.023      0.000
    COG044             0.576      0.066      8.694      0.000
    COG046             0.415      0.052      8.007      0.000
    COG048             0.831      0.051     16.134      0.000
    COG052             0.593      0.046     12.804      0.000
    COG053             0.698      0.038     18.140      0.000
    COG057             0.487      0.063      7.750      0.000

 FS       BY
    COG049             0.831      0.030     27.661      0.000
    COG051             0.799      0.041     19.528      0.000
    COG054             0.435      0.044      9.967      0.000
    COG055             0.835      0.038     22.074      0.000
    COG056             0.931      0.015     62.677      0.000
    COG058             0.819      0.022     37.327      0.000
    COG060             0.908      0.015     59.702      0.000
    COG061             0.814      0.025     32.027      0.000
    COG062             0.648      0.042     15.373      0.000
    COG063             0.834      0.031     26.740      0.000
    COG066             0.952      0.019     50.107      0.000

 WM       WITH
    GDP                0.616      0.050     12.411      0.000
    FS                 0.705      0.041     17.299      0.000
    CBAGG              0.218      0.045      4.849      0.000

 GDP      WITH
    FS                 0.540      0.037     14.412      0.000
    CBAGG              0.121      0.041      2.968      0.003

 CBAGG    WITH
    FS                 0.209      0.039      5.355      0.000

 Means
    CBAGG              0.000      0.052      0.000      1.000

 Thresholds
    COG040$1          -1.140      0.059    -19.376      0.000
    COG041$1          -0.583      0.049    -11.873      0.000
    COG043$1          -1.065      0.057    -18.689      0.000
    COG044$1          -1.214      0.061    -19.954      0.000
    COG045$1          -0.326      0.047     -6.940      0.000
    COG046$1           0.032      0.046      0.699      0.485
    COG048$1          -1.236      0.061    -20.100      0.000
    COG049$1          -1.013      0.056    -18.143      0.000
    COG050$1          -0.603      0.049    -12.231      0.000
    COG051$1          -1.173      0.060    -19.646      0.000
    COG052$1          -0.477      0.048     -9.927      0.000
    COG053$1          -0.428      0.048     -8.983      0.000
    COG054$1          -0.436      0.048     -9.128      0.000
    COG055$1          -1.166      0.060    -19.593      0.000
    COG056$1          -0.148      0.046     -3.199      0.001
    COG057$1           0.900      0.054     16.800      0.000
    COG058$1          -0.165      0.046     -3.567      0.000
    COG060$1           0.284      0.047      6.062      0.000
    COG061$1           0.704      0.050     13.931      0.000
    COG062$1           1.036      0.056     18.388      0.000
    COG063$1           1.207      0.061     19.904      0.000
    COG064$1           0.717      0.051     14.141      0.000
    COG066$1           0.931      0.054     17.192      0.000

 Variances
    CBAGG              1.000      0.000    999.000    999.000
    WM                 1.000      0.000    999.000    999.000
    GDP                1.000      0.000    999.000    999.000
    FS                 1.000      0.000    999.000    999.000


STD Standardization

                                                    Two-Tailed
                    Estimate       S.E.  Est./S.E.    P-Value

 WM       BY
    COG040             0.435      0.063      6.912      0.000
    COG045             0.516      0.045     11.545      0.000
    COG050             0.616      0.045     13.748      0.000
    COG064             0.976      0.050     19.388      0.000

 GDP      BY
    COG041             0.457      0.054      8.459      0.000
    COG043             0.624      0.062     10.023      0.000
    COG044             0.576      0.066      8.694      0.000
    COG046             0.415      0.052      8.007      0.000
    COG048             0.831      0.051     16.134      0.000
    COG052             0.593      0.046     12.804      0.000
    COG053             0.698      0.038     18.140      0.000
    COG057             0.487      0.063      7.750      0.000

 FS       BY
    COG049             0.831      0.030     27.661      0.000
    COG051             0.799      0.041     19.528      0.000
    COG054             0.435      0.044      9.967      0.000
    COG055             0.835      0.038     22.074      0.000
    COG056             0.931      0.015     62.677      0.000
    COG058             0.819      0.022     37.327      0.000
    COG060             0.908      0.015     59.702      0.000
    COG061             0.814      0.025     32.027      0.000
    COG062             0.648      0.042     15.373      0.000
    COG063             0.834      0.031     26.740      0.000
    COG066             0.952      0.019     50.107      0.000

 WM       WITH
    GDP                0.616      0.050     12.411      0.000
    FS                 0.705      0.041     17.299      0.000
    CBAGG              0.218      0.046      4.723      0.000

 GDP      WITH
    FS                 0.540      0.037     14.412      0.000
    CBAGG              0.121      0.041      2.939      0.003

 CBAGG    WITH
    FS                 0.209      0.040      5.191      0.000

 Means
    CBAGG              0.000      0.052      0.000      1.000

 Thresholds
    COG040$1          -1.140      0.059    -19.376      0.000
    COG041$1          -0.583      0.049    -11.873      0.000
    COG043$1          -1.065      0.057    -18.689      0.000
    COG044$1          -1.214      0.061    -19.954      0.000
    COG045$1          -0.326      0.047     -6.940      0.000
    COG046$1           0.032      0.046      0.699      0.485
    COG048$1          -1.236      0.061    -20.100      0.000
    COG049$1          -1.013      0.056    -18.143      0.000
    COG050$1          -0.603      0.049    -12.231      0.000
    COG051$1          -1.173      0.060    -19.646      0.000
    COG052$1          -0.477      0.048     -9.927      0.000
    COG053$1          -0.428      0.048     -8.983      0.000
    COG054$1          -0.436      0.048     -9.128      0.000
    COG055$1          -1.166      0.060    -19.593      0.000
    COG056$1          -0.148      0.046     -3.199      0.001
    COG057$1           0.900      0.054     16.800      0.000
    COG058$1          -0.165      0.046     -3.567      0.000
    COG060$1           0.284      0.047      6.062      0.000
    COG061$1           0.704      0.050     13.931      0.000
    COG062$1           1.036      0.056     18.388      0.000
    COG063$1           1.207      0.061     19.904      0.000
    COG064$1           0.717      0.051     14.141      0.000
    COG066$1           0.931      0.054     17.192      0.000

 Variances
    CBAGG              1.000      0.055     18.183      0.000
    WM                 1.000      0.000    999.000    999.000
    GDP                1.000      0.000    999.000    999.000
    FS                 1.000      0.000    999.000    999.000


R-SQUARE

    Observed                                        Two-Tailed   Residual
    Variable        Estimate       S.E.  Est./S.E.    P-Value    Variance

    COG040             0.189      0.055      3.456      0.001      0.811
    COG041             0.209      0.049      4.229      0.000      0.791
    COG043             0.389      0.078      5.012      0.000      0.611
    COG044             0.331      0.076      4.347      0.000      0.669
    COG045             0.266      0.046      5.773      0.000      0.734
    COG046             0.172      0.043      4.003      0.000      0.828
    COG048             0.690      0.086      8.067      0.000      0.310
    COG049             0.690      0.050     13.831      0.000      0.310
    COG050             0.380      0.055      6.874      0.000      0.620
    COG051             0.638      0.065      9.764      0.000      0.362
    COG052             0.352      0.055      6.402      0.000      0.648
    COG053             0.487      0.054      9.070      0.000      0.513
    COG054             0.189      0.038      4.984      0.000      0.811
    COG055             0.697      0.063     11.037      0.000      0.303
    COG056             0.866      0.028     31.339      0.000      0.134
    COG057             0.238      0.061      3.875      0.000      0.762
    COG058             0.671      0.036     18.663      0.000      0.329
    COG060             0.825      0.028     29.851      0.000      0.175
    COG061             0.663      0.041     16.013      0.000      0.337
    COG062             0.420      0.055      7.686      0.000      0.580
    COG063             0.696      0.052     13.370      0.000      0.304
    COG064             0.952      0.098      9.694      0.000      0.048
    COG066             0.906      0.036     25.053      0.000      0.094


CONFIDENCE INTERVALS OF MODEL RESULTS

                  Lower .5%  Lower 2.5%    Lower 5%    Estimate    Upper 5%  Upper 2.5%   Upper .5%

 WM       BY
    COG040           1.000       1.000       1.000       1.000       1.000       1.000       1.000
    COG045           0.706       0.821       0.879       1.185       1.491       1.550       1.664
    COG050           0.845       0.982       1.052       1.417       1.782       1.852       1.988
    COG064           1.311       1.533       1.647       2.242       2.837       2.950       3.173

 GDP      BY
    COG041           1.000       1.000       1.000       1.000       1.000       1.000       1.000
    COG043           0.830       0.958       1.023       1.365       1.707       1.772       1.900
    COG044           0.752       0.873       0.935       1.260       1.584       1.646       1.767
    COG046           0.510       0.605       0.654       0.909       1.163       1.212       1.307
    COG048           1.187       1.338       1.415       1.818       2.222       2.299       2.450
    COG052           0.835       0.946       1.003       1.299       1.595       1.651       1.762
    COG053           0.992       1.120       1.185       1.527       1.869       1.934       2.062
    COG057           0.601       0.713       0.770       1.067       1.364       1.421       1.532

 FS       BY
    COG049           1.000       1.000       1.000       1.000       1.000       1.000       1.000
    COG051           0.818       0.852       0.870       0.962       1.054       1.071       1.106
    COG054           0.382       0.416       0.434       0.524       0.615       0.632       0.666
    COG055           0.868       0.901       0.917       1.005       1.093       1.110       1.143
    COG056           1.004       1.032       1.046       1.121       1.195       1.209       1.237
    COG058           0.876       0.903       0.916       0.987       1.057       1.070       1.097
    COG060           0.984       1.010       1.024       1.094       1.164       1.177       1.203
    COG061           0.861       0.889       0.904       0.981       1.057       1.072       1.101
    COG062           0.628       0.664       0.683       0.780       0.877       0.896       0.932
    COG063           0.867       0.900       0.917       1.004       1.092       1.109       1.141
    COG066           1.020       1.051       1.066       1.146       1.227       1.242       1.272

 WM       WITH
    GDP              0.054       0.070       0.079       0.122       0.166       0.174       0.191
    FS               0.143       0.170       0.184       0.255       0.326       0.340       0.366
    CBAGG            0.032       0.047       0.055       0.095       0.135       0.143       0.158

 GDP      WITH
    FS               0.128       0.146       0.156       0.205       0.254       0.263       0.282
    CBAGG            0.004       0.016       0.022       0.055       0.088       0.095       0.107

 CBAGG    WITH
    FS               0.086       0.107       0.118       0.174       0.229       0.240       0.261

 Means
    CBAGG           -0.135      -0.103      -0.086       0.000       0.086       0.103       0.135

 Thresholds
    COG040$1        -1.291      -1.255      -1.236      -1.140      -1.043      -1.024      -0.988
    COG041$1        -0.709      -0.679      -0.663      -0.583      -0.502      -0.486      -0.456
    COG043$1        -1.212      -1.177      -1.159      -1.065      -0.971      -0.953      -0.918
    COG044$1        -1.371      -1.334      -1.314      -1.214      -1.114      -1.095      -1.058
    COG045$1        -0.447      -0.418      -0.404      -0.326      -0.249      -0.234      -0.205
    COG046$1        -0.087      -0.058      -0.044       0.032       0.108       0.123       0.151
    COG048$1        -1.394      -1.356      -1.337      -1.236      -1.135      -1.115      -1.077
    COG049$1        -1.156      -1.122      -1.104      -1.013      -0.921      -0.903      -0.869
    COG050$1        -0.730      -0.699      -0.684      -0.603      -0.522      -0.506      -0.476
    COG051$1        -1.327      -1.290      -1.271      -1.173      -1.075      -1.056      -1.019
    COG052$1        -0.601      -0.571      -0.556      -0.477      -0.398      -0.383      -0.353
    COG053$1        -0.551      -0.522      -0.507      -0.428      -0.350      -0.335      -0.305
    COG054$1        -0.559      -0.529      -0.514      -0.436      -0.357      -0.342      -0.313
    COG055$1        -1.319      -1.283      -1.264      -1.166      -1.068      -1.049      -1.013
    COG056$1        -0.267      -0.239      -0.224      -0.148      -0.072      -0.057      -0.029
    COG057$1         0.762       0.795       0.812       0.900       0.988       1.005       1.038
    COG058$1        -0.285      -0.256      -0.241      -0.165      -0.089      -0.074      -0.046
    COG060$1         0.163       0.192       0.207       0.284       0.361       0.375       0.404
    COG061$1         0.573       0.605       0.620       0.704       0.787       0.802       0.834
    COG062$1         0.891       0.925       0.943       1.036       1.128       1.146       1.181
    COG063$1         1.051       1.088       1.107       1.207       1.307       1.326       1.363
    COG064$1         0.586       0.617       0.633       0.717       0.800       0.816       0.847
    COG066$1         0.792       0.825       0.842       0.931       1.020       1.037       1.071

 Variances
    CBAGG            0.858       0.892       0.910       1.000       1.090       1.108       1.142
    WM               0.048       0.082       0.099       0.189       0.280       0.297       0.331
    GDP              0.082       0.112       0.128       0.209       0.290       0.306       0.336
    FS               0.561       0.592       0.608       0.690       0.772       0.787       0.818


CONFIDENCE INTERVALS OF STANDARDIZED MODEL RESULTS


STDYX Standardization

                  Lower .5%  Lower 2.5%    Lower 5%    Estimate    Upper 5%  Upper 2.5%   Upper .5%

 WM       BY
    COG040           0.273       0.312       0.332       0.435       0.539       0.559       0.597
    COG045           0.401       0.428       0.442       0.516       0.589       0.603       0.631
    COG050           0.501       0.529       0.543       0.616       0.690       0.704       0.732
    COG064           0.846       0.877       0.893       0.976       1.058       1.074       1.105

 GDP      BY
    COG041           0.318       0.351       0.368       0.457       0.546       0.563       0.596
    COG043           0.463       0.502       0.521       0.624       0.726       0.746       0.784
    COG044           0.405       0.446       0.467       0.576       0.684       0.705       0.746
    COG046           0.282       0.314       0.330       0.415       0.501       0.517       0.549
    COG048           0.698       0.730       0.746       0.831       0.916       0.932       0.964
    COG052           0.474       0.503       0.517       0.593       0.670       0.684       0.713
    COG053           0.599       0.622       0.634       0.698       0.761       0.773       0.797
    COG057           0.325       0.364       0.384       0.487       0.591       0.611       0.649

 FS       BY
    COG049           0.753       0.772       0.781       0.831       0.880       0.889       0.908
    COG051           0.693       0.718       0.731       0.799       0.866       0.879       0.904
    COG054           0.323       0.350       0.363       0.435       0.507       0.521       0.548
    COG055           0.737       0.761       0.773       0.835       0.897       0.909       0.932
    COG056           0.892       0.902       0.906       0.931       0.955       0.960       0.969
    COG058           0.763       0.776       0.783       0.819       0.855       0.862       0.876
    COG060           0.869       0.879       0.883       0.908       0.933       0.938       0.948
    COG061           0.749       0.765       0.773       0.814       0.856       0.864       0.880
    COG062           0.539       0.565       0.579       0.648       0.717       0.730       0.756
    COG063           0.754       0.773       0.783       0.834       0.886       0.895       0.915
    COG066           0.903       0.915       0.921       0.952       0.983       0.989       1.001

 WM       WITH
    GDP              0.488       0.519       0.534       0.616       0.697       0.713       0.744
    FS               0.600       0.625       0.638       0.705       0.772       0.785       0.810
    CBAGG            0.102       0.130       0.144       0.218       0.292       0.307       0.334

 GDP      WITH
    FS               0.443       0.467       0.478       0.540       0.602       0.613       0.636
    CBAGG            0.016       0.041       0.054       0.121       0.188       0.201       0.226

 CBAGG    WITH
    FS               0.108       0.132       0.145       0.209       0.273       0.285       0.309

 Means
    CBAGG           -0.135      -0.103      -0.086       0.000       0.086       0.103       0.135

 Thresholds
    COG040$1        -1.291      -1.255      -1.236      -1.140      -1.043      -1.024      -0.988
    COG041$1        -0.709      -0.679      -0.663      -0.583      -0.502      -0.486      -0.456
    COG043$1        -1.212      -1.177      -1.159      -1.065      -0.971      -0.953      -0.918
    COG044$1        -1.371      -1.334      -1.314      -1.214      -1.114      -1.095      -1.058
    COG045$1        -0.447      -0.418      -0.404      -0.326      -0.249      -0.234      -0.205
    COG046$1        -0.087      -0.058      -0.044       0.032       0.108       0.123       0.151
    COG048$1        -1.394      -1.356      -1.337      -1.236      -1.135      -1.115      -1.077
    COG049$1        -1.156      -1.122      -1.104      -1.013      -0.921      -0.903      -0.869
    COG050$1        -0.730      -0.699      -0.684      -0.603      -0.522      -0.506      -0.476
    COG051$1        -1.327      -1.290      -1.271      -1.173      -1.075      -1.056      -1.019
    COG052$1        -0.601      -0.571      -0.556      -0.477      -0.398      -0.383      -0.353
    COG053$1        -0.551      -0.522      -0.507      -0.428      -0.350      -0.335      -0.305
    COG054$1        -0.559      -0.529      -0.514      -0.436      -0.357      -0.342      -0.313
    COG055$1        -1.319      -1.283      -1.264      -1.166      -1.068      -1.049      -1.013
    COG056$1        -0.267      -0.239      -0.224      -0.148      -0.072      -0.057      -0.029
    COG057$1         0.762       0.795       0.812       0.900       0.988       1.005       1.038
    COG058$1        -0.285      -0.256      -0.241      -0.165      -0.089      -0.074      -0.046
    COG060$1         0.163       0.192       0.207       0.284       0.361       0.375       0.404
    COG061$1         0.573       0.605       0.620       0.704       0.787       0.802       0.834
    COG062$1         0.891       0.925       0.943       1.036       1.128       1.146       1.181
    COG063$1         1.051       1.088       1.107       1.207       1.307       1.326       1.363
    COG064$1         0.586       0.617       0.633       0.717       0.800       0.816       0.847
    COG066$1         0.792       0.825       0.842       0.931       1.020       1.037       1.071

 Variances
    CBAGG            1.000       1.000       1.000       1.000       1.000       1.000       1.000
    WM               1.000       1.000       1.000       1.000       1.000       1.000       1.000
    GDP              1.000       1.000       1.000       1.000       1.000       1.000       1.000
    FS               1.000       1.000       1.000       1.000       1.000       1.000       1.000


STDY Standardization

                  Lower .5%  Lower 2.5%    Lower 5%    Estimate    Upper 5%  Upper 2.5%   Upper .5%

 WM       BY
    COG040           0.273       0.312       0.332       0.435       0.539       0.559       0.597
    COG045           0.401       0.428       0.442       0.516       0.589       0.603       0.631
    COG050           0.501       0.529       0.543       0.616       0.690       0.704       0.732
    COG064           0.846       0.877       0.893       0.976       1.058       1.074       1.105

 GDP      BY
    COG041           0.318       0.351       0.368       0.457       0.546       0.563       0.596
    COG043           0.463       0.502       0.521       0.624       0.726       0.746       0.784
    COG044           0.405       0.446       0.467       0.576       0.684       0.705       0.746
    COG046           0.282       0.314       0.330       0.415       0.501       0.517       0.549
    COG048           0.698       0.730       0.746       0.831       0.916       0.932       0.964
    COG052           0.474       0.503       0.517       0.593       0.670       0.684       0.713
    COG053           0.599       0.622       0.634       0.698       0.761       0.773       0.797
    COG057           0.325       0.364       0.384       0.487       0.591       0.611       0.649

 FS       BY
    COG049           0.753       0.772       0.781       0.831       0.880       0.889       0.908
    COG051           0.693       0.718       0.731       0.799       0.866       0.879       0.904
    COG054           0.323       0.350       0.363       0.435       0.507       0.521       0.548
    COG055           0.737       0.761       0.773       0.835       0.897       0.909       0.932
    COG056           0.892       0.902       0.906       0.931       0.955       0.960       0.969
    COG058           0.763       0.776       0.783       0.819       0.855       0.862       0.876
    COG060           0.869       0.879       0.883       0.908       0.933       0.938       0.948
    COG061           0.749       0.765       0.773       0.814       0.856       0.864       0.880
    COG062           0.539       0.565       0.579       0.648       0.717       0.730       0.756
    COG063           0.754       0.773       0.783       0.834       0.886       0.895       0.915
    COG066           0.903       0.915       0.921       0.952       0.983       0.989       1.001

 WM       WITH
    GDP              0.488       0.519       0.534       0.616       0.697       0.713       0.744
    FS               0.600       0.625       0.638       0.705       0.772       0.785       0.810
    CBAGG            0.102       0.130       0.144       0.218       0.292       0.307       0.334

 GDP      WITH
    FS               0.443       0.467       0.478       0.540       0.602       0.613       0.636
    CBAGG            0.016       0.041       0.054       0.121       0.188       0.201       0.226

 CBAGG    WITH
    FS               0.108       0.132       0.145       0.209       0.273       0.285       0.309

 Means
    CBAGG           -0.135      -0.103      -0.086       0.000       0.086       0.103       0.135

 Thresholds
    COG040$1        -1.291      -1.255      -1.236      -1.140      -1.043      -1.024      -0.988
    COG041$1        -0.709      -0.679      -0.663      -0.583      -0.502      -0.486      -0.456
    COG043$1        -1.212      -1.177      -1.159      -1.065      -0.971      -0.953      -0.918
    COG044$1        -1.371      -1.334      -1.314      -1.214      -1.114      -1.095      -1.058
    COG045$1        -0.447      -0.418      -0.404      -0.326      -0.249      -0.234      -0.205
    COG046$1        -0.087      -0.058      -0.044       0.032       0.108       0.123       0.151
    COG048$1        -1.394      -1.356      -1.337      -1.236      -1.135      -1.115      -1.077
    COG049$1        -1.156      -1.122      -1.104      -1.013      -0.921      -0.903      -0.869
    COG050$1        -0.730      -0.699      -0.684      -0.603      -0.522      -0.506      -0.476
    COG051$1        -1.327      -1.290      -1.271      -1.173      -1.075      -1.056      -1.019
    COG052$1        -0.601      -0.571      -0.556      -0.477      -0.398      -0.383      -0.353
    COG053$1        -0.551      -0.522      -0.507      -0.428      -0.350      -0.335      -0.305
    COG054$1        -0.559      -0.529      -0.514      -0.436      -0.357      -0.342      -0.313
    COG055$1        -1.319      -1.283      -1.264      -1.166      -1.068      -1.049      -1.013
    COG056$1        -0.267      -0.239      -0.224      -0.148      -0.072      -0.057      -0.029
    COG057$1         0.762       0.795       0.812       0.900       0.988       1.005       1.038
    COG058$1        -0.285      -0.256      -0.241      -0.165      -0.089      -0.074      -0.046
    COG060$1         0.163       0.192       0.207       0.284       0.361       0.375       0.404
    COG061$1         0.573       0.605       0.620       0.704       0.787       0.802       0.834
    COG062$1         0.891       0.925       0.943       1.036       1.128       1.146       1.181
    COG063$1         1.051       1.088       1.107       1.207       1.307       1.326       1.363
    COG064$1         0.586       0.617       0.633       0.717       0.800       0.816       0.847
    COG066$1         0.792       0.825       0.842       0.931       1.020       1.037       1.071

 Variances
    CBAGG            1.000       1.000       1.000       1.000       1.000       1.000       1.000
    WM               1.000       1.000       1.000       1.000       1.000       1.000       1.000
    GDP              1.000       1.000       1.000       1.000       1.000       1.000       1.000
    FS               1.000       1.000       1.000       1.000       1.000       1.000       1.000


STD Standardization

                  Lower .5%  Lower 2.5%    Lower 5%    Estimate    Upper 5%  Upper 2.5%   Upper .5%

 WM       BY
    COG040           0.273       0.312       0.332       0.435       0.539       0.559       0.597
    COG045           0.401       0.428       0.442       0.516       0.589       0.603       0.631
    COG050           0.501       0.529       0.543       0.616       0.690       0.704       0.732
    COG064           0.846       0.877       0.893       0.976       1.058       1.074       1.105

 GDP      BY
    COG041           0.318       0.351       0.368       0.457       0.546       0.563       0.596
    COG043           0.463       0.502       0.521       0.624       0.726       0.746       0.784
    COG044           0.405       0.446       0.467       0.576       0.684       0.705       0.746
    COG046           0.282       0.314       0.330       0.415       0.501       0.517       0.549
    COG048           0.698       0.730       0.746       0.831       0.916       0.932       0.964
    COG052           0.474       0.503       0.517       0.593       0.670       0.684       0.713
    COG053           0.599       0.622       0.634       0.698       0.761       0.773       0.797
    COG057           0.325       0.364       0.384       0.487       0.591       0.611       0.649

 FS       BY
    COG049           0.753       0.772       0.781       0.831       0.880       0.889       0.908
    COG051           0.693       0.718       0.731       0.799       0.866       0.879       0.904
    COG054           0.323       0.350       0.363       0.435       0.507       0.521       0.548
    COG055           0.737       0.761       0.773       0.835       0.897       0.909       0.932
    COG056           0.892       0.902       0.906       0.931       0.955       0.960       0.969
    COG058           0.763       0.776       0.783       0.819       0.855       0.862       0.876
    COG060           0.869       0.879       0.883       0.908       0.933       0.938       0.948
    COG061           0.749       0.765       0.773       0.814       0.856       0.864       0.880
    COG062           0.539       0.565       0.579       0.648       0.717       0.730       0.756
    COG063           0.754       0.773       0.783       0.834       0.886       0.895       0.915
    COG066           0.903       0.915       0.921       0.952       0.983       0.989       1.001

 WM       WITH
    GDP              0.488       0.519       0.534       0.616       0.697       0.713       0.744
    FS               0.600       0.625       0.638       0.705       0.772       0.785       0.810
    CBAGG            0.099       0.128       0.142       0.218       0.294       0.309       0.337

 GDP      WITH
    FS               0.443       0.467       0.478       0.540       0.602       0.613       0.636
    CBAGG            0.015       0.040       0.053       0.121       0.189       0.202       0.227

 CBAGG    WITH
    FS               0.105       0.130       0.143       0.209       0.275       0.288       0.313

 Means
    CBAGG           -0.135      -0.103      -0.086       0.000       0.086       0.103       0.135

 Thresholds
    COG040$1        -1.291      -1.255      -1.236      -1.140      -1.043      -1.024      -0.988
    COG041$1        -0.709      -0.679      -0.663      -0.583      -0.502      -0.486      -0.456
    COG043$1        -1.212      -1.177      -1.159      -1.065      -0.971      -0.953      -0.918
    COG044$1        -1.371      -1.334      -1.314      -1.214      -1.114      -1.095      -1.058
    COG045$1        -0.447      -0.418      -0.404      -0.326      -0.249      -0.234      -0.205
    COG046$1        -0.087      -0.058      -0.044       0.032       0.108       0.123       0.151
    COG048$1        -1.394      -1.356      -1.337      -1.236      -1.135      -1.115      -1.077
    COG049$1        -1.156      -1.122      -1.104      -1.013      -0.921      -0.903      -0.869
    COG050$1        -0.730      -0.699      -0.684      -0.603      -0.522      -0.506      -0.476
    COG051$1        -1.327      -1.290      -1.271      -1.173      -1.075      -1.056      -1.019
    COG052$1        -0.601      -0.571      -0.556      -0.477      -0.398      -0.383      -0.353
    COG053$1        -0.551      -0.522      -0.507      -0.428      -0.350      -0.335      -0.305
    COG054$1        -0.559      -0.529      -0.514      -0.436      -0.357      -0.342      -0.313
    COG055$1        -1.319      -1.283      -1.264      -1.166      -1.068      -1.049      -1.013
    COG056$1        -0.267      -0.239      -0.224      -0.148      -0.072      -0.057      -0.029
    COG057$1         0.762       0.795       0.812       0.900       0.988       1.005       1.038
    COG058$1        -0.285      -0.256      -0.241      -0.165      -0.089      -0.074      -0.046
    COG060$1         0.163       0.192       0.207       0.284       0.361       0.375       0.404
    COG061$1         0.573       0.605       0.620       0.704       0.787       0.802       0.834
    COG062$1         0.891       0.925       0.943       1.036       1.128       1.146       1.181
    COG063$1         1.051       1.088       1.107       1.207       1.307       1.326       1.363
    COG064$1         0.586       0.617       0.633       0.717       0.800       0.816       0.847
    COG066$1         0.792       0.825       0.842       0.931       1.020       1.037       1.071

 Variances
    CBAGG            0.858       0.892       0.910       1.000       1.090       1.108       1.142
    WM               1.000       1.000       1.000       1.000       1.000       1.000       1.000
    GDP              1.000       1.000       1.000       1.000       1.000       1.000       1.000
    FS               1.000       1.000       1.000       1.000       1.000       1.000       1.000


RESIDUAL OUTPUT


     ESTIMATED MODEL AND RESIDUALS (OBSERVED - ESTIMATED)


           Model Estimated Means/Intercepts/Thresholds
              COG040$1      COG041$1      COG043$1      COG044$1      COG045$1
              ________      ________      ________      ________      ________
               -1.140        -0.583        -1.065        -1.214        -0.326


           Model Estimated Means/Intercepts/Thresholds
              COG046$1      COG048$1      COG049$1      COG050$1      COG051$1
              ________      ________      ________      ________      ________
                0.032        -1.236        -1.013        -0.603        -1.173


           Model Estimated Means/Intercepts/Thresholds
              COG052$1      COG053$1      COG054$1      COG055$1      COG056$1
              ________      ________      ________      ________      ________
               -0.477        -0.428        -0.436        -1.166        -0.148


           Model Estimated Means/Intercepts/Thresholds
              COG057$1      COG058$1      COG060$1      COG061$1      COG062$1
              ________      ________      ________      ________      ________
                0.900        -0.165         0.284         0.704         1.036


           Model Estimated Means/Intercepts/Thresholds
              COG063$1      COG064$1      COG066$1      CBAGG
              ________      ________      ________      ________
                1.207         0.717         0.931         0.000


           Residuals for Means/Intercepts/Thresholds
              COG040$1      COG041$1      COG043$1      COG044$1      COG045$1
              ________      ________      ________      ________      ________
                0.000         0.000         0.000         0.000         0.000


           Residuals for Means/Intercepts/Thresholds
              COG046$1      COG048$1      COG049$1      COG050$1      COG051$1
              ________      ________      ________      ________      ________
                0.000         0.000         0.000         0.000         0.000


           Residuals for Means/Intercepts/Thresholds
              COG052$1      COG053$1      COG054$1      COG055$1      COG056$1
              ________      ________      ________      ________      ________
                0.000         0.000         0.000         0.000         0.000


           Residuals for Means/Intercepts/Thresholds
              COG057$1      COG058$1      COG060$1      COG061$1      COG062$1
              ________      ________      ________      ________      ________
                0.000         0.000         0.000         0.000         0.000


           Residuals for Means/Intercepts/Thresholds
              COG063$1      COG064$1      COG066$1      CBAGG
              ________      ________      ________      ________
                0.000         0.000         0.000         0.000


           Model Estimated Covariances/Correlations/Residual Correlations
              COG040        COG041        COG043        COG044        COG045
              ________      ________      ________      ________      ________
 COG040
 COG041         0.122
 COG043         0.167         0.285
 COG044         0.154         0.263         0.359
 COG045         0.224         0.145         0.198         0.183
 COG046         0.111         0.190         0.259         0.239         0.132
 COG048         0.223         0.380         0.518         0.478         0.264
 COG049         0.255         0.205         0.280         0.258         0.302
 COG050         0.268         0.173         0.237         0.218         0.318
 COG051         0.245         0.197         0.269         0.248         0.290
 COG052         0.159         0.271         0.370         0.342         0.188
 COG053         0.187         0.319         0.435         0.402         0.222
 COG054         0.134         0.107         0.147         0.135         0.158
 COG055         0.256         0.206         0.281         0.259         0.304
 COG056         0.286         0.230         0.313         0.289         0.338
 COG057         0.131         0.223         0.304         0.281         0.155
 COG058         0.251         0.202         0.276         0.255         0.298
 COG060         0.279         0.224         0.306         0.282         0.330
 COG061         0.250         0.201         0.274         0.253         0.296
 COG062         0.199         0.160         0.218         0.201         0.236
 COG063         0.256         0.206         0.281         0.259         0.303
 COG064         0.425         0.274         0.375         0.346         0.503
 COG066         0.292         0.235         0.321         0.296         0.346
 CBAGG          0.095         0.055         0.076         0.070         0.113


           Model Estimated Covariances/Correlations/Residual Correlations
              COG046        COG048        COG049        COG050        COG051
              ________      ________      ________      ________      ________
 COG048         0.345
 COG049         0.186         0.373
 COG050         0.158         0.315         0.361
 COG051         0.179         0.358         0.663         0.347
 COG052         0.246         0.493         0.266         0.225         0.256
 COG053         0.290         0.580         0.313         0.265         0.301
 COG054         0.098         0.195         0.361         0.189         0.348
 COG055         0.187         0.375         0.693         0.363         0.667
 COG056         0.209         0.418         0.773         0.405         0.743
 COG057         0.202         0.405         0.219         0.185         0.210
 COG058         0.184         0.368         0.680         0.356         0.654
 COG060         0.204         0.408         0.754         0.395         0.726
 COG061         0.183         0.365         0.676         0.354         0.650
 COG062         0.145         0.291         0.538         0.282         0.517
 COG063         0.187         0.374         0.693         0.363         0.666
 COG064         0.249         0.499         0.571         0.601         0.549
 COG066         0.213         0.427         0.791         0.414         0.760
 CBAGG          0.050         0.101         0.174         0.135         0.167


           Model Estimated Covariances/Correlations/Residual Correlations
              COG052        COG053        COG054        COG055        COG056
              ________      ________      ________      ________      ________
 COG053         0.414
 COG054         0.139         0.164
 COG055         0.267         0.315         0.363
 COG056         0.298         0.351         0.405         0.777
 COG057         0.289         0.340         0.115         0.220         0.245
 COG058         0.263         0.309         0.357         0.684         0.763
 COG060         0.291         0.342         0.395         0.758         0.845
 COG061         0.261         0.307         0.354         0.680         0.758
 COG062         0.208         0.244         0.282         0.541         0.603
 COG063         0.267         0.314         0.363         0.696         0.776
 COG064         0.356         0.419         0.299         0.574         0.640
 COG066         0.305         0.359         0.414         0.795         0.886
 CBAGG          0.072         0.084         0.091         0.174         0.194


           Model Estimated Covariances/Correlations/Residual Correlations
              COG057        COG058        COG060        COG061        COG062
              ________      ________      ________      ________      ________
 COG058         0.216
 COG060         0.239         0.744
 COG061         0.214         0.667         0.740
 COG062         0.170         0.531         0.589         0.528
 COG063         0.220         0.684         0.758         0.679         0.540
 COG064         0.293         0.564         0.625         0.560         0.446
 COG066         0.251         0.780         0.865         0.775         0.617
 CBAGG          0.059         0.171         0.190         0.170         0.135


           Model Estimated Covariances/Correlations/Residual Correlations
              COG063        COG064        COG066        CBAGG
              ________      ________      ________      ________
 COG064         0.574
 COG066         0.794         0.655
 CBAGG          0.174         0.213         0.199         1.000


           Model Estimated Correlations/Residual Correlations
              COG040        COG041        COG043        COG044        COG045
              ________      ________      ________      ________      ________
 COG040
 COG041         0.122
 COG043         0.167         0.285
 COG044         0.154         0.263         0.359
 COG045         0.224         0.145         0.198         0.183
 COG046         0.111         0.190         0.259         0.239         0.132
 COG048         0.223         0.380         0.518         0.478         0.264
 COG049         0.255         0.205         0.280         0.258         0.302
 COG050         0.268         0.173         0.237         0.218         0.318
 COG051         0.245         0.197         0.269         0.248         0.290
 COG052         0.159         0.271         0.370         0.342         0.188
 COG053         0.187         0.319         0.435         0.402         0.222
 COG054         0.134         0.107         0.147         0.135         0.158
 COG055         0.256         0.206         0.281         0.259         0.304
 COG056         0.286         0.230         0.313         0.289         0.338
 COG057         0.131         0.223         0.304         0.281         0.155
 COG058         0.251         0.202         0.276         0.255         0.298
 COG060         0.279         0.224         0.306         0.282         0.330
 COG061         0.250         0.201         0.274         0.253         0.296
 COG062         0.199         0.160         0.218         0.201         0.236
 COG063         0.256         0.206         0.281         0.259         0.303
 COG064         0.425         0.274         0.375         0.346         0.503
 COG066         0.292         0.235         0.321         0.296         0.346
 CBAGG          0.095         0.055         0.076         0.070         0.113


           Model Estimated Correlations/Residual Correlations
              COG046        COG048        COG049        COG050        COG051
              ________      ________      ________      ________      ________
 COG048         0.345
 COG049         0.186         0.373
 COG050         0.158         0.315         0.361
 COG051         0.179         0.358         0.663         0.347
 COG052         0.246         0.493         0.266         0.225         0.256
 COG053         0.290         0.580         0.313         0.265         0.301
 COG054         0.098         0.195         0.361         0.189         0.348
 COG055         0.187         0.375         0.693         0.363         0.667
 COG056         0.209         0.418         0.773         0.405         0.743
 COG057         0.202         0.405         0.219         0.185         0.210
 COG058         0.184         0.368         0.680         0.356         0.654
 COG060         0.204         0.408         0.754         0.395         0.726
 COG061         0.183         0.365         0.676         0.354         0.650
 COG062         0.145         0.291         0.538         0.282         0.517
 COG063         0.187         0.374         0.693         0.363         0.666
 COG064         0.249         0.499         0.571         0.601         0.549
 COG066         0.213         0.427         0.791         0.414         0.760
 CBAGG          0.050         0.101         0.174         0.135         0.167


           Model Estimated Correlations/Residual Correlations
              COG052        COG053        COG054        COG055        COG056
              ________      ________      ________      ________      ________
 COG053         0.414
 COG054         0.139         0.164
 COG055         0.267         0.315         0.363
 COG056         0.298         0.351         0.405         0.777
 COG057         0.289         0.340         0.115         0.220         0.245
 COG058         0.263         0.309         0.357         0.684         0.763
 COG060         0.291         0.342         0.395         0.758         0.845
 COG061         0.261         0.307         0.354         0.680         0.758
 COG062         0.208         0.244         0.282         0.541         0.603
 COG063         0.267         0.314         0.363         0.696         0.776
 COG064         0.356         0.419         0.299         0.574         0.640
 COG066         0.305         0.359         0.414         0.795         0.886
 CBAGG          0.072         0.084         0.091         0.174         0.194


           Model Estimated Correlations/Residual Correlations
              COG057        COG058        COG060        COG061        COG062
              ________      ________      ________      ________      ________
 COG058         0.216
 COG060         0.239         0.744
 COG061         0.214         0.667         0.740
 COG062         0.170         0.531         0.589         0.528
 COG063         0.220         0.684         0.758         0.679         0.540
 COG064         0.293         0.564         0.625         0.560         0.446
 COG066         0.251         0.780         0.865         0.775         0.617
 CBAGG          0.059         0.171         0.190         0.170         0.135


           Model Estimated Correlations/Residual Correlations
              COG063        COG064        COG066        CBAGG
              ________      ________      ________      ________
 COG064         0.574
 COG066         0.794         0.655
 CBAGG          0.174         0.213         0.199         1.000


           Residuals for Covariances/Correlations/Residual Correlations
              COG040        COG041        COG043        COG044        COG045
              ________      ________      ________      ________      ________
 COG040
 COG041        -0.035
 COG043        -0.072        -0.064
 COG044         0.186         0.055        -0.068
 COG045         0.310         0.072         0.067         0.121
 COG046         0.082        -0.010        -0.099         0.002         0.082
 COG048        -0.100        -0.167        -0.257        -0.121        -0.110
 COG049         0.052        -0.017         0.030         0.043         0.013
 COG050         0.219         0.073         0.074         0.111         0.255
 COG051         0.020         0.096         0.015         0.091         0.044
 COG052        -0.031        -0.069         0.202        -0.069         0.017
 COG053        -0.107        -0.159        -0.283        -0.073         0.010
 COG054         0.036         0.059         0.173         0.095         0.034
 COG055        -0.069         0.113         0.157         0.075        -0.041
 COG056        -0.050        -0.061        -0.028         0.034        -0.091
 COG057        -0.046         0.092        -0.197        -0.218        -0.051
 COG058        -0.118        -0.010        -0.009        -0.008        -0.060
 COG060        -0.077         0.025         0.045         0.039        -0.033
 COG061        -0.194         0.055         0.128        -0.025        -0.142
 COG062         0.031         0.192         0.229         0.029         0.078
 COG063        -0.076         0.116        -0.017        -0.016        -0.125
 COG064        -0.100         0.002         0.021        -0.033        -0.203
 COG066        -0.141         0.098         0.078         0.076        -0.111
 CBAGG         -0.015        -0.094         0.073        -0.033        -0.026


           Residuals for Covariances/Correlations/Residual Correlations
              COG046        COG048        COG049        COG050        COG051
              ________      ________      ________      ________      ________
 COG048        -0.124
 COG049         0.042        -0.169
 COG050        -0.031        -0.053         0.039
 COG051         0.049        -0.005         0.023         0.055
 COG052        -0.246        -0.251         0.011         0.048         0.087
 COG053        -0.156         0.329        -0.125        -0.023        -0.035
 COG054        -0.010         0.023        -0.112         0.100        -0.013
 COG055         0.082        -0.049        -0.066         0.048         0.046
 COG056         0.020        -0.331         0.131        -0.094        -0.020
 COG057        -0.078        -0.231         0.054        -0.072         0.035
 COG058         0.042        -0.217        -0.117        -0.081         0.243
 COG060         0.052        -0.229        -0.044        -0.043        -0.044
 COG061         0.101        -0.286        -0.187        -0.037        -0.116
 COG062         0.216        -0.153        -0.069        -0.028        -0.051
 COG063         0.115        -0.245        -0.143         0.009        -0.270
 COG064        -0.001        -0.128        -0.148        -0.278        -0.067
 COG066         0.173        -0.197        -0.094        -0.112        -0.108
 CBAGG          0.126        -0.062         0.075         0.047        -0.016


           Residuals for Covariances/Correlations/Residual Correlations
              COG052        COG053        COG054        COG055        COG056
              ________      ________      ________      ________      ________
 COG053        -0.154
 COG054         0.241         0.047
 COG055         0.206        -0.008         0.042
 COG056        -0.017        -0.182        -0.182        -0.088
 COG057        -0.079        -0.204         0.137         0.240         0.004
 COG058        -0.031        -0.227        -0.046         0.048         0.028
 COG060         0.029        -0.187        -0.051        -0.140         0.054
 COG061         0.093        -0.167        -0.015        -0.018        -0.117
 COG062         0.076        -0.077        -0.084         0.083        -0.142
 COG063         0.080        -0.108        -0.070        -0.125        -0.127
 COG064         0.016        -0.057         0.140         0.084        -0.007
 COG066         0.015        -0.157         0.017        -0.141        -0.081
 CBAGG         -0.016        -0.027         0.055        -0.039         0.036


           Residuals for Covariances/Correlations/Residual Correlations
              COG057        COG058        COG060        COG061        COG062
              ________      ________      ________      ________      ________
 COG058         0.116
 COG060         0.093         0.055
 COG061         0.177        -0.058        -0.093
 COG062         0.110        -0.028        -0.084         0.035
 COG063         0.125        -0.040        -0.057         0.159        -0.004
 COG064         0.044         0.026         0.011         0.055         0.076
 COG066         0.077         0.106        -0.026         0.047         0.063
 CBAGG          0.062        -0.009        -0.009        -0.011        -0.019


           Residuals for Covariances/Correlations/Residual Correlations
              COG063        COG064        COG066        CBAGG
              ________      ________      ________      ________
 COG064         0.046
 COG066        -0.040         0.102
 CBAGG         -0.044        -0.004        -0.017         0.000


           Residuals for Correlations/Residual Correlations
              COG040        COG041        COG043        COG044        COG045
              ________      ________      ________      ________      ________
 COG040
 COG041        -0.035
 COG043        -0.072        -0.064
 COG044         0.186         0.055        -0.068
 COG045         0.310         0.072         0.067         0.121
 COG046         0.082        -0.010        -0.099         0.002         0.082
 COG048        -0.100        -0.167        -0.257        -0.121        -0.110
 COG049         0.052        -0.017         0.030         0.043         0.013
 COG050         0.219         0.073         0.074         0.111         0.255
 COG051         0.020         0.096         0.015         0.091         0.044
 COG052        -0.031        -0.069         0.202        -0.069         0.017
 COG053        -0.107        -0.159        -0.283        -0.073         0.010
 COG054         0.036         0.059         0.173         0.095         0.034
 COG055        -0.069         0.113         0.157         0.075        -0.041
 COG056        -0.050        -0.061        -0.028         0.034        -0.091
 COG057        -0.046         0.092        -0.197        -0.218        -0.051
 COG058        -0.118        -0.010        -0.009        -0.008        -0.060
 COG060        -0.077         0.025         0.045         0.039        -0.033
 COG061        -0.194         0.055         0.128        -0.025        -0.142
 COG062         0.031         0.192         0.229         0.029         0.078
 COG063        -0.076         0.116        -0.017        -0.016        -0.125
 COG064        -0.100         0.002         0.021        -0.033        -0.203
 COG066        -0.141         0.098         0.078         0.076        -0.111
 CBAGG         -0.015        -0.094         0.073        -0.033        -0.026


           Residuals for Correlations/Residual Correlations
              COG046        COG048        COG049        COG050        COG051
              ________      ________      ________      ________      ________
 COG048        -0.124
 COG049         0.042        -0.169
 COG050        -0.031        -0.053         0.039
 COG051         0.049        -0.005         0.023         0.055
 COG052        -0.246        -0.251         0.011         0.048         0.087
 COG053        -0.156         0.329        -0.125        -0.023        -0.035
 COG054        -0.010         0.023        -0.112         0.100        -0.013
 COG055         0.082        -0.049        -0.066         0.048         0.046
 COG056         0.020        -0.331         0.131        -0.094        -0.020
 COG057        -0.078        -0.231         0.054        -0.072         0.035
 COG058         0.042        -0.217        -0.117        -0.081         0.243
 COG060         0.052        -0.229        -0.044        -0.043        -0.044
 COG061         0.101        -0.286        -0.187        -0.037        -0.116
 COG062         0.216        -0.153        -0.069        -0.028        -0.051
 COG063         0.115        -0.245        -0.143         0.009        -0.270
 COG064        -0.001        -0.128        -0.148        -0.278        -0.067
 COG066         0.173        -0.197        -0.094        -0.112        -0.108
 CBAGG          0.126        -0.062         0.075         0.047        -0.016


           Residuals for Correlations/Residual Correlations
              COG052        COG053        COG054        COG055        COG056
              ________      ________      ________      ________      ________
 COG053        -0.154
 COG054         0.241         0.047
 COG055         0.206        -0.008         0.042
 COG056        -0.017        -0.182        -0.182        -0.088
 COG057        -0.079        -0.204         0.137         0.240         0.004
 COG058        -0.031        -0.227        -0.046         0.048         0.028
 COG060         0.029        -0.187        -0.051        -0.140         0.054
 COG061         0.093        -0.167        -0.015        -0.018        -0.117
 COG062         0.076        -0.077        -0.084         0.083        -0.142
 COG063         0.080        -0.108        -0.070        -0.125        -0.127
 COG064         0.016        -0.057         0.140         0.084        -0.007
 COG066         0.015        -0.157         0.017        -0.141        -0.081
 CBAGG         -0.016        -0.027         0.055        -0.039         0.036


           Residuals for Correlations/Residual Correlations
              COG057        COG058        COG060        COG061        COG062
              ________      ________      ________      ________      ________
 COG058         0.116
 COG060         0.093         0.055
 COG061         0.177        -0.058        -0.093
 COG062         0.110        -0.028        -0.084         0.035
 COG063         0.125        -0.040        -0.057         0.159        -0.004
 COG064         0.044         0.026         0.011         0.055         0.076
 COG066         0.077         0.106        -0.026         0.047         0.063
 CBAGG          0.062        -0.009        -0.009        -0.011        -0.019


           Residuals for Correlations/Residual Correlations
              COG063        COG064        COG066        CBAGG
              ________      ________      ________      ________
 COG064         0.046
 COG066        -0.040         0.102
 CBAGG         -0.044        -0.004        -0.017         0.000


     UNIVARIATE PROPORTIONS FOR CATEGORICAL VARIABLES

     Variable          Observed      Estimated      Residual (Obs.-Est.)    Stand. Residual
     COG040
       Category  1       0.127          0.127                  0.000                0.000
       Category  2       0.873          0.873                  0.000                0.000
     COG041
       Category  1       0.280          0.280                  0.000                0.000
       Category  2       0.720          0.720                  0.000                0.000
     COG043
       Category  1       0.143          0.143                  0.000                0.000
       Category  2       0.857          0.857                  0.000                0.000
     COG044
       Category  1       0.112          0.112                  0.000                0.000
       Category  2       0.888          0.888                  0.000                0.000
     COG045
       Category  1       0.372          0.372                  0.000                0.000
       Category  2       0.628          0.628                  0.000                0.000
     COG046
       Category  1       0.513          0.513                  0.000                0.000
       Category  2       0.487          0.487                  0.000                0.000
     COG048
       Category  1       0.108          0.108                  0.000                0.000
       Category  2       0.892          0.892                  0.000                0.000
     COG049
       Category  1       0.156          0.156                  0.000                0.000
       Category  2       0.844          0.844                  0.000                0.000
     COG050
       Category  1       0.273          0.273                  0.000                0.000
       Category  2       0.727          0.727                  0.000                0.000
     COG051
       Category  1       0.120          0.120                  0.000                0.000
       Category  2       0.880          0.880                  0.000                0.000
     COG052
       Category  1       0.317          0.317                  0.000                0.000
       Category  2       0.683          0.683                  0.000                0.000
     COG053
       Category  1       0.334          0.334                  0.000                0.000
       Category  2       0.666          0.666                  0.000                0.000
     COG054
       Category  1       0.332          0.332                  0.000                0.000
       Category  2       0.668          0.668                  0.000                0.000
     COG055
       Category  1       0.122          0.122                  0.000                0.000
       Category  2       0.878          0.878                  0.000                0.000
     COG056
       Category  1       0.441          0.441                  0.000                0.000
       Category  2       0.559          0.559                  0.000                0.000
     COG057
       Category  1       0.816          0.816                  0.000                0.000
       Category  2       0.184          0.184                  0.000                0.000
     COG058
       Category  1       0.434          0.434                  0.000                0.000
       Category  2       0.566          0.566                  0.000                0.000
     COG060
       Category  1       0.612          0.612                  0.000                0.000
       Category  2       0.388          0.388                  0.000                0.000
     COG061
       Category  1       0.759          0.759                  0.000                0.000
       Category  2       0.241          0.241                  0.000                0.000
     COG062
       Category  1       0.850          0.850                  0.000                0.000
       Category  2       0.150          0.150                  0.000                0.000
     COG063
       Category  1       0.886          0.886                  0.000                0.000
       Category  2       0.114          0.114                  0.000                0.000
     COG064
       Category  1       0.763          0.763                  0.000                0.000
       Category  2       0.237          0.237                  0.000                0.000
     COG066
       Category  1       0.824          0.824                  0.000                0.000
       Category  2       0.176          0.176                  0.000                0.000


     BIVARIATE PROPORTIONS FOR CATEGORICAL VARIABLES

     Variable       Variable          Observed     Estimated    Residual (Obs.-Est.)  Stand. Residual
     COG040         COG041
       Category 1     Category 1        0.042       0.045            -0.003           -0.345
       Category 1     Category 2        0.085       0.083             0.003            0.258
       Category 2     Category 1        0.238       0.236             0.003            0.168
       Category 2     Category 2        0.635       0.637            -0.003           -0.148
     COG040         COG043
       Category 1     Category 1        0.023       0.027            -0.004           -0.659
       Category 1     Category 2        0.104       0.100             0.004            0.355
       Category 2     Category 1        0.120       0.117             0.004            0.333
       Category 2     Category 2        0.752       0.756            -0.004           -0.249
     COG040         COG044
       Category 1     Category 1        0.031       0.021             0.010            1.900
       Category 1     Category 2        0.096       0.106            -0.010           -0.886
       Category 2     Category 1        0.081       0.091            -0.010           -0.948
       Category 2     Category 2        0.792       0.782             0.010            0.661
     COG040         COG045
       Category 1     Category 1        0.093       0.066             0.028            3.032
       Category 1     Category 2        0.034       0.061            -0.028           -3.128
       Category 2     Category 1        0.279       0.306            -0.028           -1.630
       Category 2     Category 2        0.594       0.566             0.028            1.516
     COG040         COG046
       Category 1     Category 1        0.081       0.074             0.007            0.698
       Category 1     Category 2        0.046       0.053            -0.007           -0.819
       Category 2     Category 1        0.432       0.438            -0.007           -0.369
       Category 2     Category 2        0.441       0.434             0.007            0.369
     COG040         COG048
       Category 1     Category 1        0.019       0.024            -0.005           -0.862
       Category 1     Category 2        0.108       0.103             0.005            0.431
       Category 2     Category 1        0.089       0.084             0.005            0.472
       Category 2     Category 2        0.783       0.788            -0.005           -0.321
     COG040         COG049
       Category 1     Category 1        0.038       0.034             0.004            0.523
       Category 1     Category 2        0.089       0.093            -0.004           -0.328
       Category 2     Category 1        0.118       0.121            -0.004           -0.292
       Category 2     Category 2        0.755       0.752             0.004            0.220
     COG040         COG050
       Category 1     Category 1        0.074       0.055             0.019            2.305
       Category 1     Category 2        0.053       0.072            -0.019           -2.033
       Category 2     Category 1        0.199       0.218            -0.019           -1.273
       Category 2     Category 2        0.674       0.655             0.019            1.106
     COG040         COG051
       Category 1     Category 1        0.028       0.027             0.001            0.191
       Category 1     Category 2        0.099       0.100            -0.001           -0.103
       Category 2     Category 1        0.092       0.093            -0.001           -0.107
       Category 2     Category 2        0.781       0.780             0.001            0.075
     COG040         COG052
       Category 1     Category 1        0.050       0.053            -0.003           -0.306
       Category 1     Category 2        0.077       0.075             0.003            0.260
       Category 2     Category 1        0.267       0.264             0.003            0.155
       Category 2     Category 2        0.606       0.609            -0.003           -0.140
     COG040         COG053
       Category 1     Category 1        0.049       0.057            -0.009           -1.007
       Category 1     Category 2        0.078       0.070             0.009            0.919
       Category 2     Category 1        0.286       0.277             0.009            0.523
       Category 2     Category 2        0.587       0.596            -0.009           -0.477
     COG040         COG054
       Category 1     Category 1        0.055       0.053             0.003            0.351
       Category 1     Category 2        0.072       0.075            -0.003           -0.298
       Category 2     Category 1        0.276       0.279            -0.003           -0.175
       Category 2     Category 2        0.597       0.594             0.003            0.160
     COG040         COG055
       Category 1     Category 1        0.024       0.028            -0.004           -0.625
       Category 1     Category 2        0.103       0.099             0.004            0.346
       Category 2     Category 1        0.097       0.094             0.004            0.355
       Category 2     Category 2        0.775       0.779            -0.004           -0.249
     COG040         COG056
       Category 1     Category 1        0.076       0.080            -0.004           -0.430
       Category 1     Category 2        0.051       0.047             0.004            0.551
       Category 2     Category 1        0.365       0.361             0.004            0.243
       Category 2     Category 2        0.507       0.512            -0.004           -0.234
     COG040         COG057
       Category 1     Category 1        0.108       0.111            -0.002           -0.198
       Category 1     Category 2        0.019       0.017             0.002            0.486
       Category 2     Category 1        0.708       0.705             0.002            0.136
       Category 2     Category 2        0.165       0.167            -0.002           -0.167
     COG040         COG058
       Category 1     Category 1        0.066       0.076            -0.010           -1.023
       Category 1     Category 2        0.061       0.051             0.010            1.236
       Category 2     Category 1        0.368       0.358             0.010            0.567
       Category 2     Category 2        0.505       0.515            -0.010           -0.544
     COG040         COG060
       Category 1     Category 1        0.093       0.099            -0.006           -0.507
       Category 1     Category 2        0.034       0.028             0.006            0.913
       Category 2     Category 1        0.518       0.513             0.006            0.303
       Category 2     Category 2        0.355       0.360            -0.006           -0.315
     COG040         COG061
       Category 1     Category 1        0.100       0.111            -0.011           -0.948
       Category 1     Category 2        0.027       0.016             0.011            2.366
       Category 2     Category 1        0.659       0.648             0.011            0.624
       Category 2     Category 2        0.214       0.225            -0.011           -0.714
     COG040         COG062
       Category 1     Category 1        0.118       0.117             0.001            0.094
       Category 1     Category 2        0.009       0.011            -0.001           -0.295
       Category 2     Category 1        0.732       0.733            -0.001           -0.068
       Category 2     Category 2        0.141       0.140             0.001            0.087
     COG040         COG063
       Category 1     Category 1        0.119       0.121            -0.002           -0.176
       Category 1     Category 2        0.008       0.006             0.002            0.744
       Category 2     Category 1        0.767       0.765             0.002            0.136
       Category 2     Category 2        0.106       0.108            -0.002           -0.185
     COG040         COG064
       Category 1     Category 1        0.115       0.119            -0.004           -0.351
       Category 1     Category 2        0.012       0.008             0.004            1.279
       Category 2     Category 1        0.648       0.644             0.004            0.238
       Category 2     Category 2        0.225       0.229            -0.004           -0.271
     COG040         COG066
       Category 1     Category 1        0.112       0.118            -0.006           -0.484
       Category 1     Category 2        0.015       0.009             0.006            1.640
       Category 2     Category 1        0.712       0.706             0.006            0.343
       Category 2     Category 2        0.161       0.167            -0.006           -0.419
     COG041         COG043
       Category 1     Category 1        0.058       0.064            -0.006           -0.629
       Category 1     Category 2        0.222       0.216             0.006            0.373
       Category 2     Category 1        0.085       0.080             0.006            0.568
       Category 2     Category 2        0.635       0.640            -0.006           -0.320
     COG041         COG044
       Category 1     Category 1        0.054       0.050             0.004            0.527
       Category 1     Category 2        0.226       0.230            -0.004           -0.273
       Category 2     Category 1        0.058       0.062            -0.004           -0.475
       Category 2     Category 2        0.662       0.657             0.004            0.242
     COG041         COG045
       Category 1     Category 1        0.133       0.123             0.010            0.795
       Category 1     Category 2        0.147       0.157            -0.010           -0.717
       Category 2     Category 1        0.240       0.249            -0.010           -0.603
       Category 2     Category 2        0.480       0.471             0.010            0.523
     COG041         COG046
       Category 1     Category 1        0.168       0.169            -0.001           -0.100
       Category 1     Category 2        0.112       0.111             0.001            0.120
       Category 2     Category 1        0.345       0.344             0.001            0.079
       Category 2     Category 2        0.375       0.376            -0.001           -0.078
     COG041         COG048
       Category 1     Category 1        0.045       0.057            -0.013           -1.476
       Category 1     Category 2        0.235       0.223             0.013            0.824
       Category 2     Category 1        0.064       0.051             0.013            1.559
       Category 2     Category 2        0.656       0.669            -0.013           -0.729
     COG041         COG049
       Category 1     Category 1        0.060       0.061            -0.002           -0.175
       Category 1     Category 2        0.221       0.219             0.002            0.101
       Category 2     Category 1        0.096       0.095             0.002            0.143
       Category 2     Category 2        0.624       0.625            -0.002           -0.087
     COG041         COG050
       Category 1     Category 1        0.106       0.097             0.009            0.820
       Category 1     Category 2        0.175       0.183            -0.009           -0.626
       Category 2     Category 1        0.168       0.177            -0.009           -0.635
       Category 2     Category 2        0.552       0.543             0.009            0.486
     COG041         COG051
       Category 1     Category 1        0.055       0.048             0.008            0.962
       Category 1     Category 2        0.225       0.232            -0.008           -0.486
       Category 2     Category 1        0.065       0.073            -0.008           -0.792
       Category 2     Category 2        0.655       0.647             0.008            0.430
     COG041         COG052
       Category 1     Category 1        0.114       0.123            -0.009           -0.747
       Category 1     Category 2        0.166       0.157             0.009            0.673
       Category 2     Category 1        0.203       0.194             0.009            0.620
       Category 2     Category 2        0.517       0.526            -0.009           -0.491
     COG041         COG053
       Category 1     Category 1        0.114       0.135            -0.021           -1.676
       Category 1     Category 2        0.166       0.145             0.021            1.623
       Category 2     Category 1        0.221       0.200             0.021            1.432
       Category 2     Category 2        0.499       0.520            -0.021           -1.145
     COG041         COG054
       Category 1     Category 1        0.114       0.106             0.007            0.661
       Category 1     Category 2        0.166       0.174            -0.007           -0.537
       Category 2     Category 1        0.218       0.225            -0.007           -0.488
       Category 2     Category 2        0.502       0.495             0.007            0.407
     COG041         COG055
       Category 1     Category 1        0.058       0.049             0.009            1.143
       Category 1     Category 2        0.222       0.231            -0.009           -0.586
       Category 2     Category 1        0.064       0.073            -0.009           -0.951
       Category 2     Category 2        0.656       0.647             0.009            0.517
     COG041         COG056
       Category 1     Category 1        0.146       0.155            -0.008           -0.633
       Category 1     Category 2        0.134       0.126             0.008            0.691
       Category 2     Category 1        0.295       0.287             0.008            0.506
       Category 2     Category 2        0.425       0.433            -0.008           -0.462
     COG041         COG057
       Category 1     Category 1        0.254       0.247             0.007            0.445
       Category 1     Category 2        0.026       0.033            -0.007           -1.078
       Category 2     Category 1        0.562       0.569            -0.007           -0.388
       Category 2     Category 2        0.158       0.151             0.007            0.536
     COG041         COG058
       Category 1     Category 1        0.147       0.149            -0.001           -0.103
       Category 1     Category 2        0.133       0.131             0.001            0.108
       Category 2     Category 1        0.287       0.286             0.001            0.081
       Category 2     Category 2        0.433       0.434            -0.001           -0.074
     COG041         COG060
       Category 1     Category 1        0.203       0.200             0.003            0.213
       Category 1     Category 2        0.077       0.080            -0.003           -0.314
       Category 2     Category 1        0.409       0.412            -0.003           -0.173
       Category 2     Category 2        0.311       0.308             0.003            0.185
     COG041         COG061
       Category 1     Category 1        0.238       0.233             0.005            0.340
       Category 1     Category 2        0.042       0.047            -0.005           -0.678
       Category 2     Category 1        0.521       0.526            -0.005           -0.288
       Category 2     Category 2        0.199       0.194             0.005            0.364
     COG041         COG062
       Category 1     Category 1        0.263       0.250             0.013            0.787
       Category 1     Category 2        0.018       0.030            -0.013           -1.994
       Category 2     Category 1        0.587       0.600            -0.013           -0.696
       Category 2     Category 2        0.133       0.120             0.013            1.049
     COG041         COG063
       Category 1     Category 1        0.267       0.261             0.006            0.370
       Category 1     Category 2        0.014       0.020            -0.006           -1.175
       Category 2     Category 1        0.620       0.626            -0.006           -0.336
       Category 2     Category 2        0.100       0.094             0.006            0.556
     COG041         COG064
       Category 1     Category 1        0.241       0.241             0.000            0.010
       Category 1     Category 2        0.039       0.039             0.000           -0.022
       Category 2     Category 1        0.522       0.522             0.000           -0.009
       Category 2     Category 2        0.198       0.197             0.000            0.011
     COG041         COG066
       Category 1     Category 1        0.257       0.250             0.007            0.448
       Category 1     Category 2        0.023       0.030            -0.007           -1.135
       Category 2     Category 1        0.567       0.574            -0.007           -0.393
       Category 2     Category 2        0.153       0.146             0.007            0.550
     COG043         COG044
       Category 1     Category 1        0.031       0.035            -0.004           -0.624
       Category 1     Category 2        0.112       0.108             0.004            0.371
       Category 2     Category 1        0.081       0.077             0.004            0.433
       Category 2     Category 2        0.775       0.780            -0.004           -0.278
     COG043         COG045
       Category 1     Category 1        0.077       0.071             0.006            0.659
       Category 1     Category 2        0.066       0.073            -0.006           -0.653
       Category 2     Category 1        0.295       0.301            -0.006           -0.369
       Category 2     Category 2        0.562       0.555             0.006            0.341
     COG043         COG046
       Category 1     Category 1        0.088       0.097            -0.009           -0.811
       Category 1     Category 2        0.055       0.047             0.009            1.137
       Category 2     Category 1        0.425       0.416             0.009            0.486
       Category 2     Category 2        0.432       0.440            -0.009           -0.483
     COG043         COG048
       Category 1     Category 1        0.028       0.045            -0.017           -2.224
       Category 1     Category 2        0.115       0.098             0.017            1.559
       Category 2     Category 1        0.080       0.063             0.017            1.910
       Category 2     Category 2        0.777       0.794            -0.017           -1.145
     COG043         COG049
       Category 1     Category 1        0.042       0.040             0.002            0.302
       Category 1     Category 2        0.101       0.104            -0.002           -0.193
       Category 2     Category 1        0.114       0.116            -0.002           -0.184
       Category 2     Category 2        0.743       0.741             0.002            0.135
     COG043         COG050
       Category 1     Category 1        0.065       0.058             0.007            0.760
       Category 1     Category 2        0.078       0.085            -0.007           -0.639
       Category 2     Category 1        0.208       0.215            -0.007           -0.434
       Category 2     Category 2        0.648       0.642             0.007            0.372
     COG043         COG051
       Category 1     Category 1        0.032       0.032             0.001            0.140
       Category 1     Category 2        0.111       0.112            -0.001           -0.078
       Category 2     Category 1        0.088       0.089            -0.001           -0.086
       Category 2     Category 2        0.769       0.768             0.001            0.058
     COG043         COG052
       Category 1     Category 1        0.099       0.078             0.021            2.093
       Category 1     Category 2        0.045       0.065            -0.021           -2.274
       Category 2     Category 1        0.218       0.239            -0.021           -1.318
       Category 2     Category 2        0.639       0.618             0.021            1.156
     COG043         COG053
       Category 1     Category 1        0.061       0.087            -0.027           -2.557
       Category 1     Category 2        0.083       0.056             0.027            3.143
       Category 2     Category 1        0.273       0.247             0.027            1.676
       Category 2     Category 2        0.583       0.610            -0.027           -1.481
     COG043         COG054
       Category 1     Category 1        0.076       0.060             0.016            1.807
       Category 1     Category 2        0.068       0.083            -0.016           -1.552
       Category 2     Category 1        0.256       0.272            -0.016           -0.965
       Category 2     Category 2        0.601       0.585             0.016            0.871
     COG043         COG055
       Category 1     Category 1        0.043       0.033             0.011            1.633
       Category 1     Category 2        0.100       0.111            -0.011           -0.924
       Category 2     Category 1        0.078       0.089            -0.011           -1.018
       Category 2     Category 2        0.778       0.767             0.011            0.687
     COG043         COG056
       Category 1     Category 1        0.089       0.092            -0.003           -0.244
       Category 1     Category 2        0.054       0.052             0.003            0.319
       Category 2     Category 1        0.352       0.349             0.003            0.148
       Category 2     Category 2        0.505       0.507            -0.003           -0.141
     COG043         COG057
       Category 1     Category 1        0.123       0.133            -0.009           -0.757
       Category 1     Category 2        0.020       0.011             0.009            2.478
       Category 2     Category 1        0.693       0.683             0.009            0.552
       Category 2     Category 2        0.164       0.173            -0.009           -0.678
     COG043         COG058
       Category 1     Category 1        0.087       0.087            -0.001           -0.080
       Category 1     Category 2        0.057       0.056             0.001            0.099
       Category 2     Category 1        0.348       0.347             0.001            0.048
       Category 2     Category 2        0.509       0.510            -0.001           -0.045
     COG043         COG060
       Category 1     Category 1        0.116       0.113             0.003            0.297
       Category 1     Category 2        0.027       0.031            -0.003           -0.547
       Category 2     Category 1        0.495       0.499            -0.003           -0.188
       Category 2     Category 2        0.361       0.358             0.003            0.196
     COG043         COG061
       Category 1     Category 1        0.133       0.126             0.006            0.529
       Category 1     Category 2        0.011       0.017            -0.006           -1.347
       Category 2     Category 1        0.627       0.633            -0.006           -0.364
       Category 2     Category 2        0.230       0.224             0.006            0.421
     COG043         COG062
       Category 1     Category 1        0.139       0.132             0.007            0.592
       Category 1     Category 2        0.004       0.011            -0.007           -1.885
       Category 2     Category 1        0.710       0.718            -0.007           -0.445
       Category 2     Category 2        0.146       0.139             0.007            0.580
     COG043         COG063
       Category 1     Category 1        0.137       0.137             0.000           -0.036
       Category 1     Category 2        0.007       0.006             0.000            0.158
       Category 2     Category 1        0.750       0.749             0.000            0.029
       Category 2     Category 2        0.107       0.107             0.000           -0.041
     COG043         COG064
       Category 1     Category 1        0.133       0.132             0.001            0.078
       Category 1     Category 2        0.011       0.012            -0.001           -0.245
       Category 2     Category 1        0.631       0.632            -0.001           -0.055
       Category 2     Category 2        0.226       0.225             0.001            0.063
     COG043         COG066
       Category 1     Category 1        0.137       0.134             0.003            0.223
       Category 1     Category 2        0.007       0.010            -0.003           -0.780
       Category 2     Category 1        0.687       0.690            -0.003           -0.164
       Category 2     Category 2        0.169       0.166             0.003            0.204
     COG044         COG045
       Category 1     Category 1        0.065       0.055             0.010            1.130
       Category 1     Category 2        0.047       0.057            -0.010           -1.116
       Category 2     Category 1        0.307       0.317            -0.010           -0.556
       Category 2     Category 2        0.581       0.571             0.010            0.522
     COG044         COG046
       Category 1     Category 1        0.076       0.076             0.000            0.017
       Category 1     Category 2        0.037       0.037             0.000           -0.024
       Category 2     Category 1        0.437       0.437             0.000           -0.009
       Category 2     Category 2        0.451       0.450             0.000            0.009
     COG044         COG048
       Category 1     Category 1        0.028       0.036            -0.007           -1.076
       Category 1     Category 2        0.084       0.077             0.007            0.752
       Category 2     Category 1        0.080       0.072             0.007            0.771
       Category 2     Category 2        0.808       0.815            -0.007           -0.515
     COG044         COG049
       Category 1     Category 1        0.034       0.031             0.003            0.419
       Category 1     Category 2        0.078       0.081            -0.003           -0.267
       Category 2     Category 1        0.122       0.124            -0.003           -0.221
       Category 2     Category 2        0.766       0.763             0.003            0.171
     COG044         COG050
       Category 1     Category 1        0.054       0.046             0.008            1.102
       Category 1     Category 2        0.058       0.067            -0.008           -0.922
       Category 2     Category 1        0.219       0.228            -0.008           -0.549
       Category 2     Category 2        0.668       0.660             0.008            0.486
     COG044         COG051
       Category 1     Category 1        0.030       0.025             0.005            0.879
       Category 1     Category 2        0.083       0.088            -0.005           -0.483
       Category 2     Category 1        0.091       0.096            -0.005           -0.464
       Category 2     Category 2        0.797       0.792             0.005            0.336
     COG044         COG052
       Category 1     Category 1        0.055       0.061            -0.006           -0.625
       Category 1     Category 2        0.057       0.051             0.006            0.678
       Category 2     Category 1        0.261       0.256             0.006            0.343
       Category 2     Category 2        0.627       0.632            -0.006           -0.310
     COG044         COG053
       Category 1     Category 1        0.062       0.068            -0.006           -0.641
       Category 1     Category 2        0.050       0.044             0.006            0.786
       Category 2     Category 1        0.272       0.266             0.006            0.366
       Category 2     Category 2        0.616       0.622            -0.006           -0.333
     COG044         COG054
       Category 1     Category 1        0.054       0.047             0.007            0.926
       Category 1     Category 2        0.058       0.065            -0.007           -0.792
       Category 2     Category 1        0.277       0.285            -0.007           -0.434
       Category 2     Category 2        0.610       0.603             0.007            0.400
     COG044         COG055
       Category 1     Category 1        0.030       0.026             0.004            0.722
       Category 1     Category 2        0.083       0.087            -0.004           -0.405
       Category 2     Category 1        0.092       0.096            -0.004           -0.387
       Category 2     Category 2        0.796       0.791             0.004            0.281
     COG044         COG056
       Category 1     Category 1        0.074       0.072             0.003            0.281
       Category 1     Category 2        0.038       0.041            -0.003           -0.367
       Category 2     Category 1        0.367       0.369            -0.003           -0.150
       Category 2     Category 2        0.521       0.518             0.003            0.145
     COG044         COG057
       Category 1     Category 1        0.095       0.104            -0.009           -0.796
       Category 1     Category 2        0.018       0.009             0.009            2.616
       Category 2     Category 1        0.721       0.712             0.009            0.536
       Category 2     Category 2        0.166       0.175            -0.009           -0.638
     COG044         COG058
       Category 1     Category 1        0.068       0.068            -0.001           -0.070
       Category 1     Category 2        0.045       0.044             0.001            0.086
       Category 2     Category 1        0.367       0.366             0.001            0.037
       Category 2     Category 2        0.521       0.522            -0.001           -0.035
     COG044         COG060
       Category 1     Category 1        0.091       0.088             0.002            0.238
       Category 1     Category 2        0.022       0.024            -0.002           -0.440
       Category 2     Category 1        0.521       0.523            -0.002           -0.135
       Category 2     Category 2        0.367       0.364             0.002            0.140
     COG044         COG061
       Category 1     Category 1        0.097       0.099            -0.001           -0.108
       Category 1     Category 2        0.015       0.014             0.001            0.276
       Category 2     Category 1        0.662       0.661             0.001            0.068
       Category 2     Category 2        0.226       0.227            -0.001           -0.077
     COG044         COG062
       Category 1     Category 1        0.104       0.103             0.001            0.083
       Category 1     Category 2        0.008       0.009            -0.001           -0.266
       Category 2     Category 1        0.746       0.747            -0.001           -0.058
       Category 2     Category 2        0.142       0.141             0.001            0.072
     COG044         COG063
       Category 1     Category 1        0.107       0.107             0.000           -0.032
       Category 1     Category 2        0.005       0.005             0.000            0.140
       Category 2     Category 1        0.779       0.779             0.000            0.024
       Category 2     Category 2        0.108       0.109             0.000           -0.032
     COG044         COG064
       Category 1     Category 1        0.101       0.103            -0.001           -0.118
       Category 1     Category 2        0.011       0.010             0.001            0.369
       Category 2     Category 1        0.662       0.660             0.001            0.076
       Category 2     Category 2        0.226       0.227            -0.001           -0.085
     COG044         COG066
       Category 1     Category 1        0.107       0.105             0.002            0.200
       Category 1     Category 2        0.005       0.008            -0.002           -0.701
       Category 2     Category 1        0.717       0.719            -0.002           -0.136
       Category 2     Category 2        0.171       0.168             0.002            0.163
     COG045         COG046
       Category 1     Category 1        0.223       0.211             0.013            0.833
       Category 1     Category 2        0.149       0.161            -0.013           -0.924
       Category 2     Category 1        0.290       0.302            -0.013           -0.740
       Category 2     Category 2        0.338       0.326             0.013            0.725
     COG045         COG048
       Category 1     Category 1        0.051       0.060            -0.008           -0.954
       Category 1     Category 2        0.321       0.312             0.008            0.488
       Category 2     Category 1        0.057       0.049             0.008            1.053
       Category 2     Category 2        0.571       0.579            -0.008           -0.458
     COG045         COG049
       Category 1     Category 1        0.088       0.087             0.001            0.131
       Category 1     Category 2        0.284       0.286            -0.001           -0.081
       Category 2     Category 1        0.068       0.069            -0.001           -0.145
       Category 2     Category 2        0.560       0.559             0.001            0.074
     COG045         COG050
       Category 1     Category 1        0.181       0.143             0.038            2.937
       Category 1     Category 2        0.191       0.229            -0.038           -2.451
       Category 2     Category 1        0.092       0.130            -0.038           -3.062
       Category 2     Category 2        0.536       0.498             0.038            2.059
     COG045         COG051
       Category 1     Category 1        0.072       0.068             0.004            0.402
       Category 1     Category 2        0.300       0.304            -0.004           -0.220
       Category 2     Category 1        0.049       0.052            -0.004           -0.454
       Category 2     Category 2        0.579       0.575             0.004            0.205
     COG045         COG052
       Category 1     Category 1        0.146       0.144             0.002            0.190
       Category 1     Category 2        0.226       0.228            -0.002           -0.159
       Category 2     Category 1        0.171       0.173            -0.002           -0.176
       Category 2     Category 2        0.457       0.455             0.002            0.134
     COG045         COG053
       Category 1     Category 1        0.157       0.156             0.001            0.106
       Category 1     Category 2        0.215       0.217            -0.001           -0.093
       Category 2     Category 1        0.177       0.179            -0.001           -0.100
       Category 2     Category 2        0.451       0.449             0.001            0.077
     COG045         COG054
       Category 1     Category 1        0.150       0.145             0.005            0.370
       Category 1     Category 2        0.222       0.227            -0.005           -0.312
       Category 2     Category 1        0.181       0.186            -0.005           -0.335
       Category 2     Category 2        0.447       0.442             0.005            0.263
     COG045         COG055
       Category 1     Category 1        0.066       0.070            -0.003           -0.372
       Category 1     Category 2        0.306       0.302             0.003            0.206
       Category 2     Category 1        0.055       0.052             0.003            0.427
       Category 2     Category 2        0.572       0.576            -0.003           -0.192
     COG045         COG056
       Category 1     Category 1        0.202       0.216            -0.014           -0.950
       Category 1     Category 2        0.171       0.156             0.014            1.077
       Category 2     Category 1        0.240       0.225             0.014            0.936
       Category 2     Category 2        0.388       0.403            -0.014           -0.797
     COG045         COG057
       Category 1     Category 1        0.314       0.319            -0.005           -0.288
       Category 1     Category 2        0.058       0.053             0.005            0.597
       Category 2     Category 1        0.502       0.497             0.005            0.268
       Category 2     Category 2        0.126       0.131            -0.005           -0.398
     COG045         COG058
       Category 1     Category 1        0.198       0.207            -0.009           -0.631
       Category 1     Category 2        0.175       0.165             0.009            0.688
       Category 2     Category 1        0.237       0.227             0.009            0.610
       Category 2     Category 2        0.391       0.400            -0.009           -0.521
     COG045         COG060
       Category 1     Category 1        0.271       0.275            -0.005           -0.293
       Category 1     Category 2        0.101       0.097             0.005            0.442
       Category 2     Category 1        0.341       0.336             0.005            0.277
       Category 2     Category 2        0.287       0.292            -0.005           -0.288
     COG045         COG061
       Category 1     Category 1        0.300       0.316            -0.016           -0.933
       Category 1     Category 2        0.072       0.056             0.016            1.891
       Category 2     Category 1        0.459       0.443             0.016            0.873
       Category 2     Category 2        0.169       0.185            -0.016           -1.117
     COG045         COG062
       Category 1     Category 1        0.342       0.336             0.006            0.356
       Category 1     Category 2        0.030       0.036            -0.006           -0.904
       Category 2     Category 1        0.507       0.514            -0.006           -0.337
       Category 2     Category 2        0.120       0.114             0.006            0.529
     COG045         COG063
       Category 1     Category 1        0.342       0.350            -0.008           -0.458
       Category 1     Category 2        0.030       0.022             0.008            1.500
       Category 2     Category 1        0.544       0.536             0.008            0.438
       Category 2     Category 2        0.084       0.092            -0.008           -0.757
     COG045         COG064
       Category 1     Category 1        0.318       0.340            -0.022           -1.248
       Category 1     Category 2        0.054       0.032             0.022            3.337
       Category 2     Category 1        0.445       0.423             0.022            1.196
       Category 2     Category 2        0.183       0.204            -0.022           -1.465
     COG045         COG066
       Category 1     Category 1        0.329       0.339            -0.010           -0.567
       Category 1     Category 2        0.043       0.033             0.010            1.493
       Category 2     Category 1        0.495       0.485             0.010            0.537
       Category 2     Category 2        0.133       0.142            -0.010           -0.768
     COG046         COG048
       Category 1     Category 1        0.072       0.081            -0.009           -0.887
       Category 1     Category 2        0.441       0.432             0.009            0.487
       Category 2     Category 1        0.037       0.028             0.009            1.473
       Category 2     Category 2        0.451       0.459            -0.009           -0.485
     COG046         COG049
       Category 1     Category 1        0.101       0.097             0.004            0.367
       Category 1     Category 2        0.411       0.415            -0.004           -0.221
       Category 2     Category 1        0.054       0.058            -0.004           -0.465
       Category 2     Category 2        0.433       0.429             0.004            0.220
     COG046         COG050
       Category 1     Category 1        0.157       0.161            -0.004           -0.307
       Category 1     Category 2        0.356       0.352             0.004            0.236
       Category 2     Category 1        0.116       0.112             0.004            0.357
       Category 2     Category 2        0.371       0.375            -0.004           -0.233
     COG046         COG051
       Category 1     Category 1        0.080       0.076             0.004            0.393
       Category 1     Category 2        0.433       0.437            -0.004           -0.210
       Category 2     Category 1        0.041       0.044            -0.004           -0.506
       Category 2     Category 2        0.447       0.443             0.004            0.210
     COG046         COG052
       Category 1     Category 1        0.162       0.198            -0.035           -2.403
       Category 1     Category 2        0.350       0.315             0.035            2.059
       Category 2     Category 1        0.154       0.119             0.035            2.955
       Category 2     Category 2        0.333       0.368            -0.035           -1.984
     COG046         COG053
       Category 1     Category 1        0.191       0.214            -0.023           -1.529
       Category 1     Category 2        0.322       0.299             0.023            1.370
       Category 2     Category 1        0.143       0.120             0.023            1.927
       Category 2     Category 2        0.344       0.367            -0.023           -1.301
     COG046         COG054
       Category 1     Category 1        0.183       0.184            -0.001           -0.103
       Category 1     Category 2        0.330       0.329             0.001            0.085
       Category 2     Category 1        0.149       0.147             0.001            0.113
       Category 2     Category 2        0.338       0.340            -0.001           -0.084
     COG046         COG055
       Category 1     Category 1        0.084       0.077             0.006            0.655
       Category 1     Category 2        0.429       0.435            -0.006           -0.353
       Category 2     Category 1        0.038       0.044            -0.006           -0.851
       Category 2     Category 2        0.449       0.443             0.006            0.353
     COG046         COG056
       Category 1     Category 1        0.263       0.259             0.003            0.200
       Category 1     Category 2        0.250       0.254            -0.003           -0.202
       Category 2     Category 1        0.179       0.182            -0.003           -0.227
       Category 2     Category 2        0.309       0.305             0.003            0.190
     COG046         COG057
       Category 1     Category 1        0.432       0.440            -0.008           -0.458
       Category 1     Category 2        0.081       0.073             0.008            0.876
       Category 2     Category 1        0.384       0.376             0.008            0.470
       Category 2     Category 2        0.103       0.111            -0.008           -0.724
     COG046         COG058
       Category 1     Category 1        0.258       0.252             0.007            0.421
       Category 1     Category 2        0.254       0.261            -0.007           -0.416
       Category 2     Category 1        0.176       0.183            -0.007           -0.473
       Category 2     Category 2        0.311       0.305             0.007            0.397
     COG046         COG060
       Category 1     Category 1        0.353       0.345             0.008            0.466
       Category 1     Category 2        0.160       0.168            -0.008           -0.593
       Category 2     Category 1        0.258       0.267            -0.008           -0.501
       Category 2     Category 2        0.229       0.221             0.008            0.534
     COG046         COG061
       Category 1     Category 1        0.425       0.412             0.013            0.706
       Category 1     Category 2        0.088       0.101            -0.013           -1.155
       Category 2     Category 1        0.334       0.347            -0.013           -0.730
       Category 2     Category 2        0.153       0.140             0.013            1.001
     COG046         COG062
       Category 1     Category 1        0.470       0.449             0.020            1.103
       Category 1     Category 2        0.043       0.063            -0.020           -2.250
       Category 2     Category 1        0.380       0.400            -0.020           -1.120
       Category 2     Category 2        0.107       0.087             0.020            1.950
     COG046         COG063
       Category 1     Category 1        0.478       0.469             0.009            0.476
       Category 1     Category 2        0.035       0.044            -0.009           -1.160
       Category 2     Category 1        0.409       0.417            -0.009           -0.482
       Category 2     Category 2        0.078       0.070             0.009            0.933
     COG046         COG064
       Category 1     Category 1        0.422       0.422             0.000           -0.009
       Category 1     Category 2        0.091       0.091             0.000            0.015
       Category 2     Category 1        0.341       0.341             0.000            0.009
       Category 2     Category 2        0.146       0.146             0.000           -0.012
     COG046         COG066
       Category 1     Category 1        0.463       0.445             0.018            0.987
       Category 1     Category 2        0.050       0.068            -0.018           -1.947
       Category 2     Category 1        0.361       0.379            -0.018           -1.011
       Category 2     Category 2        0.126       0.108             0.018            1.582
     COG048         COG049
       Category 1     Category 1        0.027       0.037            -0.010           -1.483
       Category 1     Category 2        0.081       0.071             0.010            1.097
       Category 2     Category 1        0.129       0.118             0.010            0.871
       Category 2     Category 2        0.763       0.774            -0.010           -0.672
     COG048         COG050
       Category 1     Category 1        0.047       0.051            -0.004           -0.491
       Category 1     Category 2        0.061       0.057             0.004            0.468
       Category 2     Category 1        0.226       0.222             0.004            0.261
       Category 2     Category 2        0.666       0.670            -0.004           -0.230
     COG048         COG051
       Category 1     Category 1        0.030       0.030             0.000           -0.042
       Category 1     Category 2        0.078       0.078             0.000            0.027
       Category 2     Category 1        0.091       0.090             0.000            0.025
       Category 2     Category 2        0.801       0.801             0.000           -0.018
     COG048         COG052
       Category 1     Category 1        0.051       0.071            -0.020           -2.110
       Category 1     Category 2        0.057       0.037             0.020            2.884
       Category 2     Category 1        0.265       0.245             0.020            1.263
       Category 2     Category 2        0.627       0.647            -0.020           -1.136
     COG048         COG053
       Category 1     Category 1        0.107       0.081             0.026            2.594
       Category 1     Category 2        0.001       0.027            -0.026           -4.335
       Category 2     Category 1        0.227       0.253            -0.026           -1.626
       Category 2     Category 2        0.664       0.638             0.026            1.472
     COG048         COG054
       Category 1     Category 1        0.051       0.050             0.002            0.212
       Category 1     Category 2        0.057       0.059            -0.002           -0.197
       Category 2     Category 1        0.280       0.282            -0.002           -0.103
       Category 2     Category 2        0.612       0.610             0.002            0.095
     COG048         COG055
       Category 1     Category 1        0.028       0.031            -0.003           -0.444
       Category 1     Category 2        0.080       0.077             0.003            0.290
       Category 2     Category 1        0.093       0.091             0.003            0.269
       Category 2     Category 2        0.798       0.801            -0.003           -0.194
     COG048         COG056
       Category 1     Category 1        0.054       0.079            -0.025           -2.513
       Category 1     Category 2        0.054       0.029             0.025            4.029
       Category 2     Category 1        0.387       0.362             0.025            1.411
       Category 2     Category 2        0.505       0.530            -0.025           -1.359
     COG048         COG057
       Category 1     Category 1        0.096       0.104            -0.008           -0.673
       Category 1     Category 2        0.012       0.005             0.008            3.017
       Category 2     Category 1        0.720       0.712             0.008            0.453
       Category 2     Category 2        0.172       0.179            -0.008           -0.534
     COG048         COG058
       Category 1     Category 1        0.058       0.075            -0.016           -1.699
       Category 1     Category 2        0.050       0.034             0.016            2.477
       Category 2     Category 1        0.376       0.360             0.016            0.930
       Category 2     Category 2        0.516       0.532            -0.016           -0.895
     COG048         COG060
       Category 1     Category 1        0.078       0.093            -0.014           -1.322
       Category 1     Category 2        0.030       0.016             0.014            3.086
       Category 2     Category 1        0.533       0.519             0.014            0.767
       Category 2     Category 2        0.359       0.373            -0.014           -0.793
     COG048         COG061
       Category 1     Category 1        0.087       0.100            -0.013           -1.189
       Category 1     Category 2        0.022       0.009             0.013            3.869
       Category 2     Category 1        0.673       0.659             0.013            0.752
       Category 2     Category 2        0.219       0.232            -0.013           -0.843
     COG048         COG062
       Category 1     Category 1        0.097       0.102            -0.005           -0.430
       Category 1     Category 2        0.011       0.006             0.005            1.684
       Category 2     Category 1        0.752       0.748             0.005            0.300
       Category 2     Category 2        0.139       0.144            -0.005           -0.371
     COG048         COG063
       Category 1     Category 1        0.100       0.106            -0.005           -0.484
       Category 1     Category 2        0.008       0.003             0.005            2.900
       Category 2     Category 1        0.786       0.781             0.005            0.360
       Category 2     Category 2        0.106       0.111            -0.005           -0.474
     COG048         COG064
       Category 1     Category 1        0.100       0.104            -0.004           -0.355
       Category 1     Category 2        0.008       0.004             0.004            1.688
       Category 2     Category 1        0.663       0.659             0.004            0.229
       Category 2     Category 2        0.229       0.233            -0.004           -0.256
     COG048         COG066
       Category 1     Category 1        0.099       0.104            -0.006           -0.504
       Category 1     Category 2        0.009       0.004             0.006            2.501
       Category 2     Category 1        0.725       0.720             0.006            0.343
       Category 2     Category 2        0.166       0.172            -0.006           -0.408
     COG049         COG050
       Category 1     Category 1        0.078       0.075             0.004            0.406
       Category 1     Category 2        0.077       0.081            -0.004           -0.391
       Category 2     Category 1        0.195       0.199            -0.004           -0.267
       Category 2     Category 2        0.650       0.646             0.004            0.223
     COG049         COG051
       Category 1     Category 1        0.068       0.065             0.002            0.260
       Category 1     Category 2        0.088       0.090            -0.002           -0.224
       Category 2     Category 1        0.053       0.055            -0.002           -0.282
       Category 2     Category 2        0.792       0.789             0.002            0.158
     COG049         COG052
       Category 1     Category 1        0.074       0.073             0.001            0.106
       Category 1     Category 2        0.081       0.082            -0.001           -0.101
       Category 2     Category 1        0.242       0.243            -0.001           -0.065
       Category 2     Category 2        0.602       0.601             0.001            0.057
     COG049         COG053
       Category 1     Category 1        0.069       0.081            -0.012           -1.207
       Category 1     Category 2        0.087       0.074             0.012            1.255
       Category 2     Category 1        0.265       0.253             0.012            0.758
       Category 2     Category 2        0.579       0.591            -0.012           -0.670
     COG049         COG054
       Category 1     Category 1        0.074       0.086            -0.011           -1.081
       Category 1     Category 2        0.081       0.070             0.011            1.184
       Category 2     Category 1        0.257       0.246             0.011            0.702
       Category 2     Category 2        0.587       0.598            -0.011           -0.617
     COG049         COG055
       Category 1     Category 1        0.062       0.069            -0.007           -0.719
       Category 1     Category 2        0.093       0.087             0.007            0.648
       Category 2     Category 1        0.060       0.053             0.007            0.815
       Category 2     Category 2        0.785       0.792            -0.007           -0.449
     COG049         COG056
       Category 1     Category 1        0.154       0.145             0.010            0.746
       Category 1     Category 2        0.001       0.011            -0.010           -2.516
       Category 2     Category 1        0.287       0.297            -0.010           -0.575
       Category 2     Category 2        0.558       0.548             0.010            0.527
     COG049         COG057
       Category 1     Category 1        0.142       0.139             0.003            0.206
       Category 1     Category 2        0.014       0.016            -0.003           -0.565
       Category 2     Category 1        0.674       0.677            -0.003           -0.152
       Category 2     Category 2        0.171       0.168             0.003            0.191
     COG049         COG058
       Category 1     Category 1        0.123       0.135            -0.012           -0.944
       Category 1     Category 2        0.032       0.021             0.012            2.271
       Category 2     Category 1        0.311       0.299             0.012            0.705
       Category 2     Category 2        0.533       0.545            -0.012           -0.648
     COG049         COG060
       Category 1     Category 1        0.150       0.152            -0.002           -0.150
       Category 1     Category 2        0.005       0.003             0.002            0.918
       Category 2     Category 1        0.461       0.459             0.002            0.108
       Category 2     Category 2        0.383       0.385            -0.002           -0.110
     COG049         COG061
       Category 1     Category 1        0.147       0.154            -0.006           -0.461
       Category 1     Category 2        0.008       0.002             0.006            3.719
       Category 2     Category 1        0.612       0.606             0.006            0.340
       Category 2     Category 2        0.233       0.239            -0.006           -0.390
     COG049         COG062
       Category 1     Category 1        0.152       0.153            -0.002           -0.116
       Category 1     Category 2        0.004       0.003             0.002            0.832
       Category 2     Category 1        0.698       0.697             0.002            0.091
       Category 2     Category 2        0.146       0.148            -0.002           -0.118
     COG049         COG063
       Category 1     Category 1        0.154       0.155            -0.001           -0.084
       Category 1     Category 2        0.001       0.000             0.001            2.026
       Category 2     Category 1        0.732       0.731             0.001            0.069
       Category 2     Category 2        0.112       0.113            -0.001           -0.096
     COG049         COG064
       Category 1     Category 1        0.145       0.151            -0.006           -0.458
       Category 1     Category 2        0.011       0.005             0.006            2.370
       Category 2     Category 1        0.618       0.612             0.006            0.336
       Category 2     Category 2        0.226       0.232            -0.006           -0.388
     COG049         COG066
       Category 1     Category 1        0.156       0.156             0.000            0.008
       Category 1     Category 2        0.000       0.000             0.000           -0.275
       Category 2     Category 1        0.668       0.669             0.000           -0.006
       Category 2     Category 2        0.176       0.176             0.000            0.007
     COG050         COG051
       Category 1     Category 1        0.064       0.059             0.005            0.539
       Category 1     Category 2        0.210       0.214            -0.005           -0.309
       Category 2     Category 1        0.057       0.062            -0.005           -0.528
       Category 2     Category 2        0.670       0.665             0.005            0.269
     COG050         COG052
       Category 1     Category 1        0.120       0.114             0.006            0.529
       Category 1     Category 2        0.153       0.159            -0.006           -0.460
       Category 2     Category 1        0.196       0.202            -0.006           -0.419
       Category 2     Category 2        0.530       0.524             0.006            0.337
     COG050         COG053
       Category 1     Category 1        0.122       0.125            -0.003           -0.246
       Category 1     Category 2        0.152       0.149             0.003            0.229
       Category 2     Category 1        0.212       0.209             0.003            0.200
       Category 2     Category 2        0.514       0.517            -0.003           -0.163
     COG050         COG054
       Category 1     Category 1        0.127       0.114             0.013            1.119
       Category 1     Category 2        0.146       0.159            -0.013           -0.973
       Category 2     Category 1        0.204       0.217            -0.013           -0.863
       Category 2     Category 2        0.522       0.509             0.013            0.712
     COG050         COG055
       Category 1     Category 1        0.065       0.061             0.004            0.470
       Category 1     Category 2        0.208       0.213            -0.004           -0.274
       Category 2     Category 1        0.057       0.061            -0.004           -0.469
       Category 2     Category 2        0.670       0.666             0.004            0.238
     COG050         COG056
       Category 1     Category 1        0.162       0.176            -0.013           -0.951
       Category 1     Category 2        0.111       0.098             0.013            1.220
       Category 2     Category 1        0.279       0.265             0.013            0.820
       Category 2     Category 2        0.448       0.461            -0.013           -0.726
     COG050         COG057
       Category 1     Category 1        0.233       0.239            -0.006           -0.373
       Category 1     Category 2        0.041       0.035             0.006            0.867
       Category 2     Category 1        0.583       0.577             0.006            0.322
       Category 2     Category 2        0.143       0.149            -0.006           -0.446
     COG050         COG058
       Category 1     Category 1        0.156       0.167            -0.011           -0.822
       Category 1     Category 2        0.118       0.106             0.011            0.994
       Category 2     Category 1        0.279       0.267             0.011            0.692
       Category 2     Category 2        0.448       0.459            -0.011           -0.615
     COG050         COG060
       Category 1     Category 1        0.211       0.216            -0.005           -0.352
       Category 1     Category 2        0.062       0.057             0.005            0.626
       Category 2     Category 1        0.401       0.395             0.005            0.297
       Category 2     Category 2        0.326       0.331            -0.005           -0.308
     COG050         COG061
       Category 1     Category 1        0.238       0.241            -0.003           -0.211
       Category 1     Category 2        0.035       0.032             0.003            0.513
       Category 2     Category 1        0.521       0.518             0.003            0.180
       Category 2     Category 2        0.206       0.209            -0.003           -0.222
     COG050         COG062
       Category 1     Category 1        0.250       0.252            -0.002           -0.113
       Category 1     Category 2        0.023       0.021             0.002            0.341
       Category 2     Category 1        0.599       0.598             0.002            0.100
       Category 2     Category 2        0.127       0.129            -0.002           -0.147
     COG050         COG063
       Category 1     Category 1        0.263       0.262             0.000            0.024
       Category 1     Category 2        0.011       0.011             0.000           -0.100
       Category 2     Category 1        0.624       0.624             0.000           -0.022
       Category 2     Category 2        0.103       0.102             0.000            0.035
     COG050         COG064
       Category 1     Category 1        0.240       0.261            -0.022           -1.360
       Category 1     Category 2        0.034       0.012             0.022            5.523
       Category 2     Category 1        0.524       0.502             0.022            1.195
       Category 2     Category 2        0.203       0.225            -0.022           -1.431
     COG050         COG066
       Category 1     Category 1        0.249       0.256            -0.007           -0.464
       Category 1     Category 2        0.024       0.017             0.007            1.573
       Category 2     Category 1        0.575       0.568             0.007            0.409
       Category 2     Category 2        0.152       0.159            -0.007           -0.554
     COG051         COG052
       Category 1     Category 1        0.065       0.058             0.007            0.847
       Category 1     Category 2        0.055       0.063            -0.007           -0.815
       Category 2     Category 1        0.252       0.259            -0.007           -0.451
       Category 2     Category 2        0.628       0.621             0.007            0.407
     COG051         COG053
       Category 1     Category 1        0.061       0.064            -0.003           -0.326
       Category 1     Category 2        0.060       0.057             0.003            0.345
       Category 2     Category 1        0.273       0.270             0.003            0.179
       Category 2     Category 2        0.606       0.609            -0.003           -0.163
     COG051         COG054
       Category 1     Category 1        0.066       0.067            -0.001           -0.118
       Category 1     Category 2        0.054       0.053             0.001            0.132
       Category 2     Category 1        0.265       0.264             0.001            0.067
       Category 2     Category 2        0.614       0.615            -0.001           -0.061
     COG051         COG055
       Category 1     Category 1        0.061       0.056             0.005            0.533
       Category 1     Category 2        0.060       0.064            -0.005           -0.502
       Category 2     Category 1        0.061       0.065            -0.005           -0.497
       Category 2     Category 2        0.819       0.814             0.005            0.316
     COG051         COG056
       Category 1     Category 1        0.111       0.112            -0.001           -0.119
       Category 1     Category 2        0.009       0.008             0.001            0.420
       Category 2     Category 1        0.330       0.329             0.001            0.080
       Category 2     Category 2        0.549       0.551            -0.001           -0.076
     COG051         COG057
       Category 1     Category 1        0.110       0.108             0.001            0.122
       Category 1     Category 2        0.011       0.012            -0.001           -0.344
       Category 2     Category 1        0.706       0.708            -0.001           -0.083
       Category 2     Category 2        0.173       0.172             0.001            0.100
     COG051         COG058
       Category 1     Category 1        0.120       0.105             0.015            1.328
       Category 1     Category 2        0.000       0.015            -0.015           -3.355
       Category 2     Category 1        0.314       0.329            -0.015           -0.868
       Category 2     Category 2        0.566       0.551             0.015            0.820
     COG051         COG060
       Category 1     Category 1        0.116       0.118            -0.001           -0.123
       Category 1     Category 2        0.004       0.003             0.001            0.775
       Category 2     Category 1        0.495       0.494             0.001            0.079
       Category 2     Category 2        0.384       0.386            -0.001           -0.081
     COG051         COG061
       Category 1     Category 1        0.116       0.119            -0.003           -0.215
       Category 1     Category 2        0.004       0.002             0.003            1.794
       Category 2     Category 1        0.643       0.640             0.003            0.145
       Category 2     Category 2        0.237       0.239            -0.003           -0.163
     COG051         COG062
       Category 1     Category 1        0.118       0.119            -0.001           -0.071
       Category 1     Category 2        0.003       0.002             0.001            0.536
       Category 2     Category 1        0.732       0.731             0.001            0.052
       Category 2     Category 2        0.147       0.148            -0.001           -0.065
     COG051         COG063
       Category 1     Category 1        0.118       0.120            -0.003           -0.211
       Category 1     Category 2        0.003       0.000             0.003            5.080
       Category 2     Category 1        0.769       0.766             0.003            0.162
       Category 2     Category 2        0.111       0.113            -0.003           -0.216
     COG051         COG064
       Category 1     Category 1        0.115       0.117            -0.002           -0.160
       Category 1     Category 2        0.005       0.004             0.002            0.865
       Category 2     Category 1        0.648       0.646             0.002            0.107
       Category 2     Category 2        0.231       0.233            -0.002           -0.121
     COG051         COG066
       Category 1     Category 1        0.120       0.120             0.000            0.008
       Category 1     Category 2        0.000       0.000             0.000           -0.267
       Category 2     Category 1        0.704       0.704             0.000           -0.006
       Category 2     Category 2        0.176       0.176             0.000            0.007
     COG052         COG053
       Category 1     Category 1        0.141       0.163            -0.022           -1.643
       Category 1     Category 2        0.176       0.154             0.022            1.684
       Category 2     Category 1        0.194       0.171             0.022            1.612
       Category 2     Category 2        0.490       0.512            -0.022           -1.214
     COG052         COG054
       Category 1     Category 1        0.157       0.123             0.034            2.785
       Category 1     Category 2        0.160       0.193            -0.034           -2.318
       Category 2     Category 1        0.175       0.208            -0.034           -2.255
       Category 2     Category 2        0.509       0.475             0.034            1.833
     COG052         COG055
       Category 1     Category 1        0.077       0.059             0.018            2.064
       Category 1     Category 2        0.240       0.257            -0.018           -1.114
       Category 2     Category 1        0.045       0.063            -0.018           -2.011
       Category 2     Category 2        0.639       0.621             0.018            1.004
     COG052         COG056
       Category 1     Category 1        0.180       0.183            -0.003           -0.180
       Category 1     Category 2        0.137       0.134             0.003            0.204
       Category 2     Category 1        0.261       0.259             0.003            0.159
       Category 2     Category 2        0.422       0.425            -0.003           -0.141
     COG052         COG057
       Category 1     Category 1        0.277       0.284            -0.007           -0.400
       Category 1     Category 2        0.039       0.033             0.007            1.017
       Category 2     Category 1        0.539       0.532             0.007            0.362
       Category 2     Category 2        0.145       0.151            -0.007           -0.504
     COG052         COG058
       Category 1     Category 1        0.171       0.175            -0.005           -0.325
       Category 1     Category 2        0.146       0.142             0.005            0.354
       Category 2     Category 1        0.264       0.259             0.005            0.282
       Category 2     Category 2        0.419       0.424            -0.005           -0.250
     COG052         COG060
       Category 1     Category 1        0.237       0.233             0.004            0.247
       Category 1     Category 2        0.080       0.084            -0.004           -0.377
       Category 2     Category 1        0.375       0.379            -0.004           -0.215
       Category 2     Category 2        0.309       0.305             0.004            0.227
     COG052         COG061
       Category 1     Category 1        0.277       0.268             0.009            0.570
       Category 1     Category 2        0.039       0.049            -0.009           -1.174
       Category 2     Category 1        0.482       0.491            -0.009           -0.505
       Category 2     Category 2        0.202       0.192             0.009            0.640
     COG052         COG062
       Category 1     Category 1        0.291       0.285             0.006            0.332
       Category 1     Category 2        0.026       0.031            -0.006           -0.862
       Category 2     Category 1        0.559       0.564            -0.006           -0.302
       Category 2     Category 2        0.124       0.119             0.006            0.463
     COG052         COG063
       Category 1     Category 1        0.302       0.297             0.004            0.257
       Category 1     Category 2        0.015       0.019            -0.004           -0.855
       Category 2     Category 1        0.585       0.589            -0.004           -0.238
       Category 2     Category 2        0.099       0.094             0.004            0.401
     COG052         COG064
       Category 1     Category 1        0.280       0.279             0.002            0.094
       Category 1     Category 2        0.037       0.038            -0.002           -0.219
       Category 2     Category 1        0.483       0.485            -0.002           -0.084
       Category 2     Category 2        0.200       0.199             0.002            0.105
     COG052         COG066
       Category 1     Category 1        0.288       0.287             0.001            0.069
       Category 1     Category 2        0.028       0.030            -0.001           -0.185
       Category 2     Category 1        0.536       0.537            -0.001           -0.063
       Category 2     Category 2        0.147       0.146             0.001            0.089
     COG053         COG054
       Category 1     Category 1        0.139       0.133             0.007            0.522
       Category 1     Category 2        0.195       0.201            -0.007           -0.442
       Category 2     Category 1        0.192       0.199            -0.007           -0.444
       Category 2     Category 2        0.474       0.467             0.007            0.355
     COG053         COG055
       Category 1     Category 1        0.065       0.066            -0.001           -0.072
       Category 1     Category 2        0.269       0.269             0.001            0.040
       Category 2     Category 1        0.057       0.056             0.001            0.077
       Category 2     Category 2        0.609       0.610            -0.001           -0.037
     COG053         COG056
       Category 1     Category 1        0.172       0.199            -0.027           -1.866
       Category 1     Category 2        0.162       0.135             0.027            2.182
       Category 2     Category 1        0.269       0.242             0.027            1.741
       Category 2     Category 2        0.396       0.424            -0.027           -1.509
     COG053         COG057
       Category 1     Category 1        0.286       0.303            -0.018           -1.060
       Category 1     Category 2        0.049       0.031             0.018            2.822
       Category 2     Category 1        0.530       0.513             0.018            0.975
       Category 2     Category 2        0.135       0.153            -0.018           -1.353
     COG053         COG058
       Category 1     Category 1        0.157       0.190            -0.034           -2.321
       Category 1     Category 2        0.177       0.144             0.034            2.598
       Category 2     Category 1        0.277       0.244             0.034            2.122
       Category 2     Category 2        0.388       0.422            -0.034           -1.845
     COG053         COG060
       Category 1     Category 1        0.226       0.252            -0.026           -1.618
       Category 1     Category 2        0.108       0.082             0.026            2.554
       Category 2     Category 1        0.386       0.360             0.026            1.463
       Category 2     Category 2        0.280       0.306            -0.026           -1.524
     COG053         COG061
       Category 1     Category 1        0.269       0.287            -0.018           -1.067
       Category 1     Category 2        0.065       0.047             0.018            2.276
       Category 2     Category 1        0.490       0.472             0.018            0.967
       Category 2     Category 2        0.176       0.194            -0.018           -1.221
     COG053         COG062
       Category 1     Category 1        0.298       0.304            -0.006           -0.349
       Category 1     Category 2        0.037       0.031             0.006            0.930
       Category 2     Category 1        0.552       0.546             0.006            0.322
       Category 2     Category 2        0.114       0.120            -0.006           -0.494
     COG053         COG063
       Category 1     Category 1        0.310       0.316            -0.006           -0.373
       Category 1     Category 2        0.024       0.018             0.006            1.306
       Category 2     Category 1        0.576       0.570             0.006            0.351
       Category 2     Category 2        0.089       0.096            -0.006           -0.590
     COG053         COG064
       Category 1     Category 1        0.294       0.299            -0.006           -0.339
       Category 1     Category 2        0.041       0.035             0.006            0.845
       Category 2     Category 1        0.470       0.464             0.006            0.311
       Category 2     Category 2        0.196       0.202            -0.006           -0.386
     COG053         COG066
       Category 1     Category 1        0.294       0.307            -0.013           -0.769
       Category 1     Category 2        0.041       0.028             0.013            2.167
       Category 2     Category 1        0.530       0.517             0.013            0.710
       Category 2     Category 2        0.135       0.148            -0.013           -0.998
     COG054         COG055
       Category 1     Category 1        0.073       0.069             0.004            0.392
       Category 1     Category 2        0.258       0.262            -0.004           -0.226
       Category 2     Category 1        0.049       0.052            -0.004           -0.447
       Category 2     Category 2        0.620       0.616             0.004            0.205
     COG054         COG056
       Category 1     Category 1        0.179       0.206            -0.028           -1.868
       Category 1     Category 2        0.153       0.125             0.028            2.285
       Category 2     Category 1        0.263       0.235             0.028            1.784
       Category 2     Category 2        0.406       0.434            -0.028           -1.525
     COG054         COG057
       Category 1     Category 1        0.294       0.281             0.012            0.744
       Category 1     Category 2        0.038       0.050            -0.012           -1.533
       Category 2     Category 1        0.522       0.535            -0.012           -0.671
       Category 2     Category 2        0.146       0.134             0.012            0.983
     COG054         COG058
       Category 1     Category 1        0.189       0.197            -0.007           -0.484
       Category 1     Category 2        0.142       0.135             0.007            0.563
       Category 2     Category 1        0.245       0.238             0.007            0.452
       Category 2     Category 2        0.424       0.431            -0.007           -0.389
     COG054         COG060
       Category 1     Category 1        0.250       0.257            -0.007           -0.437
       Category 1     Category 2        0.081       0.074             0.007            0.729
       Category 2     Category 1        0.361       0.354             0.007            0.399
       Category 2     Category 2        0.307       0.314            -0.007           -0.411
     COG054         COG061
       Category 1     Category 1        0.288       0.290            -0.001           -0.090
       Category 1     Category 2        0.043       0.042             0.001            0.203
       Category 2     Category 1        0.471       0.469             0.001            0.082
       Category 2     Category 2        0.198       0.199            -0.001           -0.102
     COG054         COG062
       Category 1     Category 1        0.298       0.304            -0.006           -0.373
       Category 1     Category 2        0.034       0.028             0.006            1.048
       Category 2     Category 1        0.552       0.546             0.006            0.344
       Category 2     Category 2        0.116       0.123            -0.006           -0.523
     COG054         COG063
       Category 1     Category 1        0.313       0.316            -0.004           -0.225
       Category 1     Category 2        0.019       0.015             0.004            0.857
       Category 2     Category 1        0.574       0.570             0.004            0.211
       Category 2     Category 2        0.095       0.099            -0.004           -0.351
     COG054         COG064
       Category 1     Category 1        0.299       0.285             0.014            0.841
       Category 1     Category 2        0.032       0.046            -0.014           -1.804
       Category 2     Category 1        0.464       0.478            -0.014           -0.760
       Category 2     Category 2        0.204       0.190             0.014            0.967
     COG054         COG066
       Category 1     Category 1        0.310       0.309             0.001            0.075
       Category 1     Category 2        0.022       0.023            -0.001           -0.232
       Category 2     Category 1        0.514       0.515            -0.001           -0.069
       Category 2     Category 2        0.154       0.153             0.001            0.096
     COG055         COG056
       Category 1     Category 1        0.110       0.116            -0.006           -0.517
       Category 1     Category 2        0.012       0.006             0.006            2.126
       Category 2     Category 1        0.332       0.325             0.006            0.353
       Category 2     Category 2        0.547       0.553            -0.006           -0.333
     COG055         COG057
       Category 1     Category 1        0.118       0.110             0.008            0.689
       Category 1     Category 2        0.004       0.012            -0.008           -1.980
       Category 2     Category 1        0.698       0.706            -0.008           -0.473
       Category 2     Category 2        0.180       0.172             0.008            0.571
     COG055         COG058
       Category 1     Category 1        0.112       0.109             0.004            0.309
       Category 1     Category 2        0.009       0.013            -0.004           -0.848
       Category 2     Category 1        0.322       0.326            -0.004           -0.205
       Category 2     Category 2        0.556       0.553             0.004            0.193
     COG055         COG060
       Category 1     Category 1        0.115       0.120            -0.005           -0.418
       Category 1     Category 2        0.007       0.002             0.005            3.240
       Category 2     Category 1        0.497       0.492             0.005            0.272
       Category 2     Category 2        0.382       0.387            -0.005           -0.279
     COG055         COG061
       Category 1     Category 1        0.120       0.121             0.000           -0.022
       Category 1     Category 2        0.001       0.001             0.000            0.214
       Category 2     Category 1        0.639       0.638             0.000            0.015
       Category 2     Category 2        0.240       0.240             0.000           -0.017
     COG055         COG062
       Category 1     Category 1        0.122       0.120             0.002            0.131
       Category 1     Category 2        0.000       0.002            -0.002           -1.075
       Category 2     Category 1        0.728       0.730            -0.002           -0.096
       Category 2     Category 2        0.150       0.149             0.002            0.119
     COG055         COG063
       Category 1     Category 1        0.122       0.122             0.000            0.009
       Category 1     Category 2        0.000       0.000             0.000           -0.283
       Category 2     Category 1        0.765       0.765             0.000           -0.007
       Category 2     Category 2        0.114       0.114             0.000            0.009
     COG055         COG064
       Category 1     Category 1        0.120       0.119             0.002            0.137
       Category 1     Category 2        0.001       0.003            -0.002           -0.813
       Category 2     Category 1        0.643       0.644            -0.002           -0.093
       Category 2     Category 2        0.235       0.234             0.002            0.105
     COG055         COG066
       Category 1     Category 1        0.122       0.122             0.000            0.003
       Category 1     Category 2        0.000       0.000             0.000           -0.167
       Category 2     Category 1        0.702       0.702             0.000           -0.002
       Category 2     Category 2        0.176       0.176             0.000            0.003
     COG056         COG057
       Category 1     Category 1        0.386       0.385             0.000            0.021
       Category 1     Category 2        0.055       0.056             0.000           -0.045
       Category 2     Category 1        0.430       0.431             0.000           -0.021
       Category 2     Category 2        0.129       0.128             0.000            0.031
     COG056         COG058
       Category 1     Category 1        0.334       0.327             0.007            0.409
       Category 1     Category 2        0.107       0.114            -0.007           -0.604
       Category 2     Category 1        0.100       0.107            -0.007           -0.620
       Category 2     Category 2        0.459       0.452             0.007            0.385
     COG056         COG060
       Category 1     Category 1        0.425       0.413             0.012            0.669
       Category 1     Category 2        0.016       0.028            -0.012           -1.985
       Category 2     Category 1        0.187       0.199            -0.012           -0.826
       Category 2     Category 2        0.372       0.360             0.012            0.687
     COG056         COG061
       Category 1     Category 1        0.413       0.426            -0.014           -0.747
       Category 1     Category 2        0.028       0.015             0.014            3.054
       Category 2     Category 1        0.346       0.333             0.014            0.783
       Category 2     Category 2        0.212       0.226            -0.014           -0.883
     COG056         COG062
       Category 1     Category 1        0.415       0.426            -0.011           -0.608
       Category 1     Category 2        0.026       0.015             0.011            2.503
       Category 2     Category 1        0.434       0.423             0.011            0.609
       Category 2     Category 2        0.124       0.136            -0.011           -0.879
     COG056         COG063
       Category 1     Category 1        0.434       0.439            -0.005           -0.267
       Category 1     Category 2        0.007       0.002             0.005            3.049
       Category 2     Category 1        0.452       0.447             0.005            0.266
       Category 2     Category 2        0.107       0.112            -0.005           -0.421
     COG056         COG064
       Category 1     Category 1        0.413       0.414            -0.001           -0.045
       Category 1     Category 2        0.028       0.028             0.001            0.135
       Category 2     Category 1        0.350       0.350             0.001            0.046
       Category 2     Category 2        0.208       0.209            -0.001           -0.054
     COG056         COG066
       Category 1     Category 1        0.437       0.440            -0.003           -0.182
       Category 1     Category 2        0.004       0.001             0.003            3.323
       Category 2     Category 1        0.387       0.384             0.003            0.186
       Category 2     Category 2        0.172       0.175            -0.003           -0.237
     COG057         COG058
       Category 1     Category 1        0.388       0.377             0.012            0.656
       Category 1     Category 2        0.428       0.439            -0.012           -0.641
       Category 2     Category 1        0.046       0.058            -0.012           -1.363
       Category 2     Category 2        0.138       0.126             0.012            0.957
     COG057         COG060
       Category 1     Category 1        0.535       0.524             0.010            0.558
       Category 1     Category 2        0.281       0.292            -0.010           -0.613
       Category 2     Category 1        0.077       0.087            -0.010           -0.987
       Category 2     Category 2        0.107       0.097             0.010            0.943
     COG057         COG061
       Category 1     Category 1        0.656       0.638             0.018            1.010
       Category 1     Category 2        0.160       0.178            -0.018           -1.270
       Category 2     Category 1        0.103       0.121            -0.018           -1.490
       Category 2     Category 2        0.081       0.063             0.018            1.993
     COG057         COG062
       Category 1     Category 1        0.713       0.705             0.008            0.494
       Category 1     Category 2        0.103       0.111            -0.008           -0.717
       Category 2     Category 1        0.137       0.145            -0.008           -0.640
       Category 2     Category 2        0.047       0.039             0.008            1.162
     COG057         COG063
       Category 1     Category 1        0.744       0.736             0.008            0.520
       Category 1     Category 2        0.072       0.080            -0.008           -0.844
       Category 2     Category 1        0.142       0.151            -0.008           -0.641
       Category 2     Category 2        0.042       0.034             0.008            1.274
     COG057         COG064
       Category 1     Category 1        0.654       0.649             0.004            0.251
       Category 1     Category 2        0.162       0.167            -0.004           -0.322
       Category 2     Category 1        0.110       0.114            -0.004           -0.377
       Category 2     Category 2        0.074       0.070             0.004            0.470
     COG057         COG066
       Category 1     Category 1        0.698       0.692             0.007            0.395
       Category 1     Category 2        0.118       0.124            -0.007           -0.553
       Category 2     Category 1        0.126       0.133            -0.007           -0.538
       Category 2     Category 2        0.058       0.051             0.007            0.826
     COG058         COG060
       Category 1     Category 1        0.398       0.387             0.011            0.619
       Category 1     Category 2        0.037       0.048            -0.011           -1.415
       Category 2     Category 1        0.214       0.225            -0.011           -0.722
       Category 2     Category 2        0.352       0.341             0.011            0.636
     COG058         COG061
       Category 1     Category 1        0.403       0.410            -0.007           -0.375
       Category 1     Category 2        0.031       0.024             0.007            1.198
       Category 2     Category 1        0.356       0.349             0.007            0.387
       Category 2     Category 2        0.210       0.217            -0.007           -0.448
     COG058         COG062
       Category 1     Category 1        0.413       0.415            -0.002           -0.119
       Category 1     Category 2        0.022       0.019             0.002            0.426
       Category 2     Category 1        0.437       0.435             0.002            0.119
       Category 2     Category 2        0.129       0.131            -0.002           -0.175
     COG058         COG063
       Category 1     Category 1        0.428       0.429            -0.002           -0.098
       Category 1     Category 2        0.007       0.005             0.002            0.687
       Category 2     Category 1        0.459       0.457             0.002            0.097
       Category 2     Category 2        0.107       0.109            -0.002           -0.155
     COG058         COG064
       Category 1     Category 1        0.402       0.399             0.003            0.171
       Category 1     Category 2        0.032       0.036            -0.003           -0.453
       Category 2     Category 1        0.361       0.364            -0.003           -0.174
       Category 2     Category 2        0.204       0.201             0.003            0.209
     COG058         COG066
       Category 1     Category 1        0.434       0.429             0.005            0.287
       Category 1     Category 2        0.000       0.005            -0.005           -1.970
       Category 2     Category 1        0.390       0.395            -0.005           -0.291
       Category 2     Category 2        0.176       0.171             0.005            0.378
     COG060         COG061
       Category 1     Category 1        0.551       0.566            -0.015           -0.847
       Category 1     Category 2        0.061       0.045             0.015            2.015
       Category 2     Category 1        0.208       0.193             0.015            1.064
       Category 2     Category 2        0.180       0.195            -0.015           -1.058
     COG060         COG062
       Category 1     Category 1        0.568       0.577            -0.009           -0.488
       Category 1     Category 2        0.043       0.034             0.009            1.321
       Category 2     Category 1        0.281       0.273             0.009            0.541
       Category 2     Category 2        0.107       0.116            -0.009           -0.753
     COG060         COG063
       Category 1     Category 1        0.598       0.602            -0.004           -0.241
       Category 1     Category 2        0.014       0.009             0.004            1.233
       Category 2     Category 1        0.288       0.284             0.004            0.261
       Category 2     Category 2        0.100       0.104            -0.004           -0.385
     COG060         COG064
       Category 1     Category 1        0.551       0.549             0.002            0.094
       Category 1     Category 2        0.061       0.063            -0.002           -0.194
       Category 2     Category 1        0.212       0.214            -0.002           -0.115
       Category 2     Category 2        0.176       0.174             0.002            0.124
     COG060         COG066
       Category 1     Category 1        0.599       0.603            -0.003           -0.180
       Category 1     Category 2        0.012       0.009             0.003            0.935
       Category 2     Category 1        0.225       0.221             0.003            0.212
       Category 2     Category 2        0.164       0.167            -0.003           -0.236
     COG061         COG062
       Category 1     Category 1        0.696       0.692             0.004            0.226
       Category 1     Category 2        0.064       0.067            -0.004           -0.417
       Category 2     Category 1        0.154       0.158            -0.004           -0.287
       Category 2     Category 2        0.087       0.083             0.004            0.379
     COG061         COG063
       Category 1     Category 1        0.744       0.727             0.018            1.081
       Category 1     Category 2        0.015       0.033            -0.018           -2.712
       Category 2     Category 1        0.142       0.160            -0.018           -1.315
       Category 2     Category 2        0.099       0.081             0.018            1.765
     COG061         COG064
       Category 1     Category 1        0.651       0.643             0.008            0.445
       Category 1     Category 2        0.108       0.116            -0.008           -0.666
       Category 2     Category 1        0.112       0.120            -0.008           -0.656
       Category 2     Category 2        0.129       0.121             0.008            0.655
     COG061         COG066
       Category 1     Category 1        0.719       0.710             0.008            0.483
       Category 1     Category 2        0.041       0.049            -0.008           -1.018
       Category 2     Category 1        0.106       0.114            -0.008           -0.690
       Category 2     Category 2        0.135       0.127             0.008            0.657
     COG062         COG063
       Category 1     Category 1        0.786       0.787             0.000           -0.023
       Category 1     Category 2        0.064       0.063             0.000            0.039
       Category 2     Category 1        0.100       0.100             0.000            0.031
       Category 2     Category 2        0.050       0.050             0.000           -0.043
     COG062         COG064
       Category 1     Category 1        0.694       0.686             0.008            0.457
       Category 1     Category 2        0.156       0.163            -0.008           -0.573
       Category 2     Category 1        0.069       0.077            -0.008           -0.796
       Category 2     Category 2        0.081       0.073             0.008            0.813
     COG062         COG066
       Category 1     Category 1        0.758       0.750             0.007            0.458
       Category 1     Category 2        0.092       0.099            -0.007           -0.662
       Category 2     Category 1        0.066       0.074            -0.007           -0.758
       Category 2     Category 2        0.084       0.077             0.007            0.744
     COG063         COG064
       Category 1     Category 1        0.724       0.720             0.004            0.267
       Category 1     Category 2        0.162       0.167            -0.004           -0.321
       Category 2     Category 1        0.039       0.044            -0.004           -0.587
       Category 2     Category 2        0.074       0.070             0.004            0.470
     COG063         COG066
       Category 1     Category 1        0.788       0.792            -0.005           -0.327
       Category 1     Category 2        0.099       0.094             0.005            0.455
       Category 2     Category 1        0.037       0.032             0.005            0.758
       Category 2     Category 2        0.077       0.082            -0.005           -0.484
     COG064         COG066
       Category 1     Category 1        0.710       0.696             0.015            0.874
       Category 1     Category 2        0.053       0.068            -0.015           -1.602
       Category 2     Category 1        0.114       0.128            -0.015           -1.202
       Category 2     Category 2        0.123       0.108             0.015            1.294


MODEL MODIFICATION INDICES

NOTE:  Modification indices for direct effects of observed dependent variables
regressed on covariates and residual covariances among observed dependent
variables may not be included.  To include these, request MODINDICES (ALL).

Minimum M.I. value for printing the modification index    10.000

                                   M.I.     E.P.C.  Std E.P.C.  StdYX E.P.C.

BY Statements

WM       BY COG043                15.348     0.851      0.370        0.370
WM       BY COG044                10.893     0.741      0.322        0.322
WM       BY COG046                32.504     1.001      0.435        0.435
WM       BY COG048               101.465    -2.430     -1.057       -1.057
WM       BY COG052                16.685     0.772      0.336        0.336
WM       BY COG053                73.233    -1.667     -0.726       -0.726
WM       BY COG054                25.484     1.090      0.474        0.474
WM       BY COG057                25.868     1.038      0.452        0.452
GDP      BY COG054                26.856     0.691      0.316        0.316
GDP      BY COG055                14.028     0.594      0.271        0.271
GDP      BY COG056                16.538    -0.550     -0.251       -0.251
FS       BY COG040                16.342    -0.527     -0.438       -0.438
FS       BY COG043                16.214     0.300      0.249        0.249
FS       BY COG045                18.393    -0.507     -0.421       -0.421
FS       BY COG046                38.854     0.376      0.312        0.312
FS       BY COG048               113.160    -0.883     -0.734       -0.734
FS       BY COG052                21.692     0.303      0.251        0.251
FS       BY COG053                94.012    -0.656     -0.545       -0.545
FS       BY COG057                41.992     0.455      0.378        0.378
FS       BY COG064                67.748     1.567      1.302        1.302

WITH Statements

COG045   WITH COG040              28.097     0.355      0.355        0.460
COG050   WITH COG040              12.982     0.259      0.259        0.365
COG050   WITH COG045              35.055     0.341      0.341        0.506
COG052   WITH COG043              15.679     0.262      0.262        0.417
COG052   WITH COG046              16.878    -0.279     -0.279       -0.381
COG052   WITH COG048              11.896    -0.302     -0.302       -0.673
COG053   WITH COG043              16.538    -0.338     -0.338       -0.603
COG053   WITH COG048             288.876     0.951      0.951        2.387
COG054   WITH COG052              17.473     0.249      0.249        0.343
COG055   WITH COG052              10.160     0.221      0.221        0.498
COG056   WITH COG048              18.007    -0.360     -0.360       -1.767
COG056   WITH COG049              29.468     0.241      0.241        1.183
COG056   WITH COG054              10.157    -0.209     -0.209       -0.636
COG058   WITH COG053              13.810    -0.244     -0.244       -0.593
COG060   WITH COG056              18.081     0.143      0.143        0.933
COG061   WITH COG048              10.521    -0.302     -0.302       -0.935
COG062   WITH COG046              10.209     0.223      0.223        0.321
COG063   WITH COG061              31.168     0.253      0.253        0.791
COG064   WITH COG045              15.113    -0.321     -0.321       -1.705
COG064   WITH COG050              28.633    -0.497     -0.497       -2.878


TECHNICAL 1 OUTPUT


     PARAMETER SPECIFICATION


           TAU
              COG040$1      COG041$1      COG043$1      COG044$1      COG045$1
              ________      ________      ________      ________      ________
                  1             2             3             4             5


           TAU
              COG046$1      COG048$1      COG049$1      COG050$1      COG051$1
              ________      ________      ________      ________      ________
                  6             7             8             9            10


           TAU
              COG052$1      COG053$1      COG054$1      COG055$1      COG056$1
              ________      ________      ________      ________      ________
                 11            12            13            14            15


           TAU
              COG057$1      COG058$1      COG060$1      COG061$1      COG062$1
              ________      ________      ________      ________      ________
                 16            17            18            19            20


           TAU
              COG063$1      COG064$1      COG066$1
              ________      ________      ________
                 21            22            23


           NU
              COG040        COG041        COG043        COG044        COG045
              ________      ________      ________      ________      ________
                  0             0             0             0             0


           NU
              COG046        COG048        COG049        COG050        COG051
              ________      ________      ________      ________      ________
                  0             0             0             0             0


           NU
              COG052        COG053        COG054        COG055        COG056
              ________      ________      ________      ________      ________
                  0             0             0             0             0


           NU
              COG057        COG058        COG060        COG061        COG062
              ________      ________      ________      ________      ________
                  0             0             0             0             0


           NU
              COG063        COG064        COG066        CBAGG
              ________      ________      ________      ________
                  0             0             0             0


           LAMBDA
              WM            GDP           FS            CBAGG
              ________      ________      ________      ________
 COG040             0             0             0             0
 COG041             0             0             0             0
 COG043             0            24             0             0
 COG044             0            25             0             0
 COG045            26             0             0             0
 COG046             0            27             0             0
 COG048             0            28             0             0
 COG049             0             0             0             0
 COG050            29             0             0             0
 COG051             0             0            30             0
 COG052             0            31             0             0
 COG053             0            32             0             0
 COG054             0             0            33             0
 COG055             0             0            34             0
 COG056             0             0            35             0
 COG057             0            36             0             0
 COG058             0             0            37             0
 COG060             0             0            38             0
 COG061             0             0            39             0
 COG062             0             0            40             0
 COG063             0             0            41             0
 COG064            42             0             0             0
 COG066             0             0            43             0
 CBAGG              0             0             0             0


           THETA
              COG040        COG041        COG043        COG044        COG045
              ________      ________      ________      ________      ________
 COG040             0
 COG041             0             0
 COG043             0             0             0
 COG044             0             0             0             0
 COG045             0             0             0             0             0
 COG046             0             0             0             0             0
 COG048             0             0             0             0             0
 COG049             0             0             0             0             0
 COG050             0             0             0             0             0
 COG051             0             0             0             0             0
 COG052             0             0             0             0             0
 COG053             0             0             0             0             0
 COG054             0             0             0             0             0
 COG055             0             0             0             0             0
 COG056             0             0             0             0             0
 COG057             0             0             0             0             0
 COG058             0             0             0             0             0
 COG060             0             0             0             0             0
 COG061             0             0             0             0             0
 COG062             0             0             0             0             0
 COG063             0             0             0             0             0
 COG064             0             0             0             0             0
 COG066             0             0             0             0             0
 CBAGG              0             0             0             0             0


           THETA
              COG046        COG048        COG049        COG050        COG051
              ________      ________      ________      ________      ________
 COG046             0
 COG048             0             0
 COG049             0             0             0
 COG050             0             0             0             0
 COG051             0             0             0             0             0
 COG052             0             0             0             0             0
 COG053             0             0             0             0             0
 COG054             0             0             0             0             0
 COG055             0             0             0             0             0
 COG056             0             0             0             0             0
 COG057             0             0             0             0             0
 COG058             0             0             0             0             0
 COG060             0             0             0             0             0
 COG061             0             0             0             0             0
 COG062             0             0             0             0             0
 COG063             0             0             0             0             0
 COG064             0             0             0             0             0
 COG066             0             0             0             0             0
 CBAGG              0             0             0             0             0


           THETA
              COG052        COG053        COG054        COG055        COG056
              ________      ________      ________      ________      ________
 COG052             0
 COG053             0             0
 COG054             0             0             0
 COG055             0             0             0             0
 COG056             0             0             0             0             0
 COG057             0             0             0             0             0
 COG058             0             0             0             0             0
 COG060             0             0             0             0             0
 COG061             0             0             0             0             0
 COG062             0             0             0             0             0
 COG063             0             0             0             0             0
 COG064             0             0             0             0             0
 COG066             0             0             0             0             0
 CBAGG              0             0             0             0             0


           THETA
              COG057        COG058        COG060        COG061        COG062
              ________      ________      ________      ________      ________
 COG057             0
 COG058             0             0
 COG060             0             0             0
 COG061             0             0             0             0
 COG062             0             0             0             0             0
 COG063             0             0             0             0             0
 COG064             0             0             0             0             0
 COG066             0             0             0             0             0
 CBAGG              0             0             0             0             0


           THETA
              COG063        COG064        COG066        CBAGG
              ________      ________      ________      ________
 COG063             0
 COG064             0             0
 COG066             0             0             0
 CBAGG              0             0             0             0


           ALPHA
              WM            GDP           FS            CBAGG
              ________      ________      ________      ________
                  0             0             0            44


           BETA
              WM            GDP           FS            CBAGG
              ________      ________      ________      ________
 WM                 0             0             0             0
 GDP                0             0             0             0
 FS                 0             0             0             0
 CBAGG              0             0             0             0


           PSI
              WM            GDP           FS            CBAGG
              ________      ________      ________      ________
 WM                45
 GDP               46            47
 FS                48            49            50
 CBAGG             51            52            53            54


     STARTING VALUES


           TAU
              COG040$1      COG041$1      COG043$1      COG044$1      COG045$1
              ________      ________      ________      ________      ________
               -1.140        -0.583        -1.065        -1.214        -0.326


           TAU
              COG046$1      COG048$1      COG049$1      COG050$1      COG051$1
              ________      ________      ________      ________      ________
                0.032        -1.236        -1.013        -0.603        -1.173


           TAU
              COG052$1      COG053$1      COG054$1      COG055$1      COG056$1
              ________      ________      ________      ________      ________
               -0.477        -0.428        -0.436        -1.166        -0.148


           TAU
              COG057$1      COG058$1      COG060$1      COG061$1      COG062$1
              ________      ________      ________      ________      ________
                0.900        -0.165         0.284         0.704         1.036


           TAU
              COG063$1      COG064$1      COG066$1
              ________      ________      ________
                1.207         0.717         0.931


           NU
              COG040        COG041        COG043        COG044        COG045
              ________      ________      ________      ________      ________
                0.000         0.000         0.000         0.000         0.000


           NU
              COG046        COG048        COG049        COG050        COG051
              ________      ________      ________      ________      ________
                0.000         0.000         0.000         0.000         0.000


           NU
              COG052        COG053        COG054        COG055        COG056
              ________      ________      ________      ________      ________
                0.000         0.000         0.000         0.000         0.000


           NU
              COG057        COG058        COG060        COG061        COG062
              ________      ________      ________      ________      ________
                0.000         0.000         0.000         0.000         0.000


           NU
              COG063        COG064        COG066        CBAGG
              ________      ________      ________      ________
                0.000         0.000         0.000         0.000


           LAMBDA
              WM            GDP           FS            CBAGG
              ________      ________      ________      ________
 COG040         1.000         0.000         0.000         0.000
 COG041         0.000         1.000         0.000         0.000
 COG043         0.000         0.875         0.000         0.000
 COG044         0.000         0.782         0.000         0.000
 COG045         1.119         0.000         0.000         0.000
 COG046         0.000         0.625         0.000         0.000
 COG048         0.000         0.941         0.000         0.000
 COG049         0.000         0.000         1.000         0.000
 COG050         1.058         0.000         0.000         0.000
 COG051         0.000         0.000         1.000         0.000
 COG052         0.000         0.887         0.000         0.000
 COG053         0.000         0.862         0.000         0.000
 COG054         0.000         0.000         1.000         0.000
 COG055         0.000         0.000         1.000         0.000
 COG056         0.000         0.000         1.000         0.000
 COG057         0.000         0.483         0.000         0.000
 COG058         0.000         0.000         1.000         0.000
 COG060         0.000         0.000         1.000         0.000
 COG061         0.000         0.000         1.000         0.000
 COG062         0.000         0.000         1.000         0.000
 COG063         0.000         0.000         1.000         0.000
 COG064         0.602         0.000         0.000         0.000
 COG066         0.000         0.000         1.000         0.000
 CBAGG          0.000         0.000         0.000         1.000


           THETA
              COG040        COG041        COG043        COG044        COG045
              ________      ________      ________      ________      ________
 COG040         1.000
 COG041         0.000         1.000
 COG043         0.000         0.000         1.000
 COG044         0.000         0.000         0.000         1.000
 COG045         0.000         0.000         0.000         0.000         1.000
 COG046         0.000         0.000         0.000         0.000         0.000
 COG048         0.000         0.000         0.000         0.000         0.000
 COG049         0.000         0.000         0.000         0.000         0.000
 COG050         0.000         0.000         0.000         0.000         0.000
 COG051         0.000         0.000         0.000         0.000         0.000
 COG052         0.000         0.000         0.000         0.000         0.000
 COG053         0.000         0.000         0.000         0.000         0.000
 COG054         0.000         0.000         0.000         0.000         0.000
 COG055         0.000         0.000         0.000         0.000         0.000
 COG056         0.000         0.000         0.000         0.000         0.000
 COG057         0.000         0.000         0.000         0.000         0.000
 COG058         0.000         0.000         0.000         0.000         0.000
 COG060         0.000         0.000         0.000         0.000         0.000
 COG061         0.000         0.000         0.000         0.000         0.000
 COG062         0.000         0.000         0.000         0.000         0.000
 COG063         0.000         0.000         0.000         0.000         0.000
 COG064         0.000         0.000         0.000         0.000         0.000
 COG066         0.000         0.000         0.000         0.000         0.000
 CBAGG          0.000         0.000         0.000         0.000         0.000


           THETA
              COG046        COG048        COG049        COG050        COG051
              ________      ________      ________      ________      ________
 COG046         1.000
 COG048         0.000         1.000
 COG049         0.000         0.000         1.000
 COG050         0.000         0.000         0.000         1.000
 COG051         0.000         0.000         0.000         0.000         1.000
 COG052         0.000         0.000         0.000         0.000         0.000
 COG053         0.000         0.000         0.000         0.000         0.000
 COG054         0.000         0.000         0.000         0.000         0.000
 COG055         0.000         0.000         0.000         0.000         0.000
 COG056         0.000         0.000         0.000         0.000         0.000
 COG057         0.000         0.000         0.000         0.000         0.000
 COG058         0.000         0.000         0.000         0.000         0.000
 COG060         0.000         0.000         0.000         0.000         0.000
 COG061         0.000         0.000         0.000         0.000         0.000
 COG062         0.000         0.000         0.000         0.000         0.000
 COG063         0.000         0.000         0.000         0.000         0.000
 COG064         0.000         0.000         0.000         0.000         0.000
 COG066         0.000         0.000         0.000         0.000         0.000
 CBAGG          0.000         0.000         0.000         0.000         0.000


           THETA
              COG052        COG053        COG054        COG055        COG056
              ________      ________      ________      ________      ________
 COG052         1.000
 COG053         0.000         1.000
 COG054         0.000         0.000         1.000
 COG055         0.000         0.000         0.000         1.000
 COG056         0.000         0.000         0.000         0.000         1.000
 COG057         0.000         0.000         0.000         0.000         0.000
 COG058         0.000         0.000         0.000         0.000         0.000
 COG060         0.000         0.000         0.000         0.000         0.000
 COG061         0.000         0.000         0.000         0.000         0.000
 COG062         0.000         0.000         0.000         0.000         0.000
 COG063         0.000         0.000         0.000         0.000         0.000
 COG064         0.000         0.000         0.000         0.000         0.000
 COG066         0.000         0.000         0.000         0.000         0.000
 CBAGG          0.000         0.000         0.000         0.000         0.000


           THETA
              COG057        COG058        COG060        COG061        COG062
              ________      ________      ________      ________      ________
 COG057         1.000
 COG058         0.000         1.000
 COG060         0.000         0.000         1.000
 COG061         0.000         0.000         0.000         1.000
 COG062         0.000         0.000         0.000         0.000         1.000
 COG063         0.000         0.000         0.000         0.000         0.000
 COG064         0.000         0.000         0.000         0.000         0.000
 COG066         0.000         0.000         0.000         0.000         0.000
 CBAGG          0.000         0.000         0.000         0.000         0.000


           THETA
              COG063        COG064        COG066        CBAGG
              ________      ________      ________      ________
 COG063         1.000
 COG064         0.000         1.000
 COG066         0.000         0.000         1.000
 CBAGG          0.000         0.000         0.000         0.000


           ALPHA
              WM            GDP           FS            CBAGG
              ________      ________      ________      ________
                0.000         0.000         0.000         0.000


           BETA
              WM            GDP           FS            CBAGG
              ________      ________      ________      ________
 WM             0.000         0.000         0.000         0.000
 GDP            0.000         0.000         0.000         0.000
 FS             0.000         0.000         0.000         0.000
 CBAGG          0.000         0.000         0.000         0.000


           PSI
              WM            GDP           FS            CBAGG
              ________      ________      ________      ________
 WM             0.050
 GDP            0.000         0.050
 FS             0.000         0.000         0.050
 CBAGG          0.000         0.000         0.000         0.500


TECHNICAL 4 OUTPUT


     ESTIMATES DERIVED FROM THE MODEL


           ESTIMATED MEANS FOR THE LATENT VARIABLES
              WM            GDP           FS            CBAGG
              ________      ________      ________      ________
                0.000         0.000         0.000         0.000


           ESTIMATED COVARIANCE MATRIX FOR THE LATENT VARIABLES
              WM            GDP           FS            CBAGG
              ________      ________      ________      ________
 WM             0.189
 GDP            0.122         0.209
 FS             0.255         0.205         0.690
 CBAGG          0.095         0.055         0.174         1.000


           ESTIMATED CORRELATION MATRIX FOR THE LATENT VARIABLES
              WM            GDP           FS            CBAGG
              ________      ________      ________      ________
 WM             1.000
 GDP            0.616         1.000
 FS             0.705         0.540         1.000
 CBAGG          0.218         0.121         0.209         1.000


     ESTIMATES DERIVED FROM THE MODEL


           S.E. FOR ESTIMATED MEANS FOR THE LATENT VARIABLES
              WM            GDP           FS            CBAGG
              ________      ________      ________      ________
                0.000         0.000         0.000         0.052


           EST./S.E. FOR ESTIMATED MEANS FOR THE LATENT VARIABLES
              WM            GDP           FS            CBAGG
              ________      ________      ________      ________
                0.000         0.000         0.000         0.000


           TWO-TAILED P-VALUE FOR ESTIMATED MEANS FOR THE LATENT VARIABLES
              WM            GDP           FS            CBAGG
              ________      ________      ________      ________
                1.000         1.000         1.000         1.000


           S.E. FOR ESTIMATED COVARIANCE MATRIX FOR THE LATENT VARIABLES
              WM            GDP           FS            CBAGG
              ________      ________      ________      ________
 WM             0.055
 GDP            0.027         0.049
 FS             0.043         0.030         0.050
 CBAGG          0.024         0.020         0.034         0.055


           EST./S.E. FOR ESTIMATED COVARIANCE MATRIX FOR THE LATENT VARIABLES
              WM            GDP           FS            CBAGG
              ________      ________      ________      ________
 WM             3.456
 GDP            4.616         4.229
 FS             5.892         6.864        13.831
 CBAGG          3.883         2.751         5.132        18.183


           TWO-TAILED P-VALUE FOR ESTIMATED COVARIANCE MATRIX FOR THE LATENT VARIABLES
              WM            GDP           FS            CBAGG
              ________      ________      ________      ________
 WM             0.001
 GDP            0.000         0.000
 FS             0.000         0.000         0.000
 CBAGG          0.000         0.006         0.000         0.000


           S.E. FOR ESTIMATED CORRELATION MATRIX FOR THE LATENT VARIABLES
              WM            GDP           FS            CBAGG
              ________      ________      ________      ________
 WM             0.000
 GDP            0.050         0.000
 FS             0.041         0.037         0.000
 CBAGG          0.045         0.041         0.039         0.000


           EST./S.E. FOR ESTIMATED CORRELATION MATRIX FOR THE LATENT VARIABLES
              WM            GDP           FS            CBAGG
              ________      ________      ________      ________
 WM           999.000
 GDP           12.411       999.000
 FS            17.299        14.412       999.000
 CBAGG          4.849         2.968         5.355       999.000


           TWO-TAILED P-VALUE FOR ESTIMATED CORRELATION MATRIX FOR THE LATENT VARIABLES
              WM            GDP           FS            CBAGG
              ________      ________      ________      ________
 WM             0.000
 GDP            0.000         0.000
 FS             0.000         0.000         0.000
 CBAGG          0.000         0.003         0.000         0.000


SAMPLE STATISTICS FOR ESTIMATED FACTOR SCORES


     SAMPLE STATISTICS


           Means
              WM            WM_SE         GDP           GDP_SE        FS
              ________      ________      ________      ________      ________
                0.018         0.228        -0.017         0.256         0.007


           Means
              FS_SE
              ________
                0.282


           Covariances
              WM            WM_SE         GDP           GDP_SE        FS
              ________      ________      ________      ________      ________
 WM             0.120
 WM_SE         -0.010         0.003
 GDP            0.096        -0.006         0.122
 GDP_SE         0.006         0.000         0.009         0.001
 FS             0.219        -0.017         0.179         0.012         0.563
 FS_SE         -0.005         0.002        -0.003         0.000        -0.011


           Covariances
              FS_SE
              ________
 FS_SE          0.003


           Correlations
              WM            WM_SE         GDP           GDP_SE        FS
              ________      ________      ________      ________      ________
 WM             1.000
 WM_SE         -0.544         1.000
 GDP            0.794        -0.333         1.000
 GDP_SE         0.597        -0.135         0.880         1.000
 FS             0.843        -0.419         0.683         0.503         1.000
 FS_SE         -0.263         0.552        -0.139         0.134        -0.271


           Correlations
              FS_SE
              ________
 FS_SE          1.000


SAVEDATA INFORMATION


  Save file
    ../../fscores_structural.dat

  Order and format of variables

    COG040         F10.3
    COG041         F10.3
    COG043         F10.3
    COG044         F10.3
    COG045         F10.3
    COG046         F10.3
    COG048         F10.3
    COG049         F10.3
    COG050         F10.3
    COG051         F10.3
    COG052         F10.3
    COG053         F10.3
    COG054         F10.3
    COG055         F10.3
    COG056         F10.3
    COG057         F10.3
    COG058         F10.3
    COG060         F10.3
    COG061         F10.3
    COG062         F10.3
    COG063         F10.3
    COG064         F10.3
    COG066         F10.3
    CBAGG          F10.3
    WM             F10.3
    WM_SE          F10.3
    GDP            F10.3
    GDP_SE         F10.3
    FS             F10.3
    FS_SE          F10.3

  Save file format
    30F10.3

  Save file record length    10000

  Save missing symbol        *


     Beginning Time:  14:45:24
        Ending Time:  14:45:24
       Elapsed Time:  00:00:00



MUTHEN & MUTHEN
3463 Stoner Ave.
Los Angeles, CA  90066

Tel: (310) 391-9971
Fax: (310) 391-8971
Web: www.StatModel.com
Support: Support@StatModel.com

Copyright (c) 1998-2021 Muthen & Muthen
