Mplus VERSION 8.6
MUTHEN & MUTHEN
06/04/2026   2:45 PM

INPUT INSTRUCTIONS

  TITLE:
    Structural model - BayLan outcome ~ WM + GDP + FS
    WLSMV estimator; items treated as categorical (binary)
    Factors: WM, GDP, FS (same measurement model as model_measurement.inp)

  DATA:
    FILE = "../../combined.dat";

  VARIABLE:
    NAMES ARE
      COG034 COG035 COG036 COG037 COG038 COG039 COG040 COG041
      COG042 COG043 COG044 COG045 COG046 COG047 COG048 COG049 COG050
      COG051 COG052 COG053 COG054 COG055 COG056 COG057 COG058
      COG060 COG061 COG062 COG063 COG064 COG065 COG066 COG067 COG068
      GA BirthWt Sex HdCirc IUGR GDiab PrEcl AntCor_P AntCor_C
      MomAge MomEdu DadEdu EthSAsian EthBlack EthMixed EthOther
      MomEng EPDSTot StimEnv PrLax PrOvr PrVrb PrSty
      CBInt CBExt CBTot CBAnx CBWth CBSom CBSlp CBAtt CBAgg
      ECSur ECNeg ECEff BayMot BayLan QchatTot;

    USEVARIABLES ARE
      COG040 COG041
      COG043 COG044 COG045 COG046 COG048 COG049 COG050
      COG051 COG052 COG053 COG054 COG055 COG056 COG057 COG058
      COG060 COG061 COG062 COG063 COG064 COG066
      BayLan;

    CATEGORICAL ARE
      COG040 COG041
      COG043 COG044 COG045 COG046 COG048 COG049 COG050
      COG051 COG052 COG053 COG054 COG055 COG056 COG057 COG058
      COG060 COG061 COG062 COG063 COG064 COG066;

    MISSING ARE ALL (-999);

  DEFINE:
    STANDARDIZE BayLan;

  ANALYSIS:
    ESTIMATOR = WLSMV;

  MODEL:
    ! Factor 1: Working Memory
    WM BY
      COG040 COG045 COG050 COG064;

    ! Factor 2: Goal-Directed Problem Solving
    GDP BY
      COG041 COG043 COG044 COG046
      COG048 COG052 COG053 COG057;

    ! Factor 3: Flexibility / Shift
    FS BY
      COG049 COG051 COG054 COG055 COG056
      COG058 COG060 COG061 COG062 COG063 COG066;

    WM  WITH GDP FS;
    GDP WITH FS;

    BayLan WITH WM GDP FS;

  OUTPUT:
    STANDARDIZED;
    MODINDICES(10);
    RESIDUAL;
    SAMPSTAT;
    TECH1;
    TECH4;
    CINTERVAL;

  SAVEDATA:
    FILE = "../../fscores_structural.dat";
    SAVE = FSCORES;



INPUT READING TERMINATED NORMALLY




Structural model - BayLan outcome ~ WM + GDP + FS
WLSMV estimator; items treated as categorical (binary)
Factors: WM, GDP, FS (same measurement model as model_measurement.inp)

SUMMARY OF ANALYSIS

Number of groups                                                 1
Number of observations                                         739

Number of dependent variables                                   24
Number of independent variables                                  0
Number of continuous latent variables                            3

Observed dependent variables

  Continuous
   BAYLAN

  Binary and ordered categorical (ordinal)
   COG040      COG041      COG043      COG044      COG045      COG046
   COG048      COG049      COG050      COG051      COG052      COG053
   COG054      COG055      COG056      COG057      COG058      COG060
   COG061      COG062      COG063      COG064      COG066

Continuous latent variables
   WM          GDP         FS


Estimator                                                    WLSMV
Maximum number of iterations                                  1000
Convergence criterion                                    0.500D-04
Maximum number of steepest descent iterations                   20
Maximum number of iterations for H1                           2000
Convergence criterion for H1                             0.100D-03
Parameterization                                             DELTA
Link                                                        PROBIT

Input data file(s)
  ../../combined.dat

Input data format  FREE


SUMMARY OF DATA

     Number of missing data patterns             2


COVARIANCE COVERAGE OF DATA

Minimum covariance coverage value   0.100


     PROPORTION OF DATA PRESENT


           Covariance Coverage
              COG040        COG041        COG043        COG044        COG045
              ________      ________      ________      ________      ________
 COG040         1.000
 COG041         1.000         1.000
 COG043         1.000         1.000         1.000
 COG044         1.000         1.000         1.000         1.000
 COG045         1.000         1.000         1.000         1.000         1.000
 COG046         1.000         1.000         1.000         1.000         1.000
 COG048         1.000         1.000         1.000         1.000         1.000
 COG049         1.000         1.000         1.000         1.000         1.000
 COG050         1.000         1.000         1.000         1.000         1.000
 COG051         1.000         1.000         1.000         1.000         1.000
 COG052         1.000         1.000         1.000         1.000         1.000
 COG053         1.000         1.000         1.000         1.000         1.000
 COG054         1.000         1.000         1.000         1.000         1.000
 COG055         1.000         1.000         1.000         1.000         1.000
 COG056         1.000         1.000         1.000         1.000         1.000
 COG057         1.000         1.000         1.000         1.000         1.000
 COG058         1.000         1.000         1.000         1.000         1.000
 COG060         1.000         1.000         1.000         1.000         1.000
 COG061         1.000         1.000         1.000         1.000         1.000
 COG062         1.000         1.000         1.000         1.000         1.000
 COG063         1.000         1.000         1.000         1.000         1.000
 COG064         1.000         1.000         1.000         1.000         1.000
 COG066         1.000         1.000         1.000         1.000         1.000
 BAYLAN         0.999         0.999         0.999         0.999         0.999


           Covariance Coverage
              COG046        COG048        COG049        COG050        COG051
              ________      ________      ________      ________      ________
 COG046         1.000
 COG048         1.000         1.000
 COG049         1.000         1.000         1.000
 COG050         1.000         1.000         1.000         1.000
 COG051         1.000         1.000         1.000         1.000         1.000
 COG052         1.000         1.000         1.000         1.000         1.000
 COG053         1.000         1.000         1.000         1.000         1.000
 COG054         1.000         1.000         1.000         1.000         1.000
 COG055         1.000         1.000         1.000         1.000         1.000
 COG056         1.000         1.000         1.000         1.000         1.000
 COG057         1.000         1.000         1.000         1.000         1.000
 COG058         1.000         1.000         1.000         1.000         1.000
 COG060         1.000         1.000         1.000         1.000         1.000
 COG061         1.000         1.000         1.000         1.000         1.000
 COG062         1.000         1.000         1.000         1.000         1.000
 COG063         1.000         1.000         1.000         1.000         1.000
 COG064         1.000         1.000         1.000         1.000         1.000
 COG066         1.000         1.000         1.000         1.000         1.000
 BAYLAN         0.999         0.999         0.999         0.999         0.999


           Covariance Coverage
              COG052        COG053        COG054        COG055        COG056
              ________      ________      ________      ________      ________
 COG052         1.000
 COG053         1.000         1.000
 COG054         1.000         1.000         1.000
 COG055         1.000         1.000         1.000         1.000
 COG056         1.000         1.000         1.000         1.000         1.000
 COG057         1.000         1.000         1.000         1.000         1.000
 COG058         1.000         1.000         1.000         1.000         1.000
 COG060         1.000         1.000         1.000         1.000         1.000
 COG061         1.000         1.000         1.000         1.000         1.000
 COG062         1.000         1.000         1.000         1.000         1.000
 COG063         1.000         1.000         1.000         1.000         1.000
 COG064         1.000         1.000         1.000         1.000         1.000
 COG066         1.000         1.000         1.000         1.000         1.000
 BAYLAN         0.999         0.999         0.999         0.999         0.999


           Covariance Coverage
              COG057        COG058        COG060        COG061        COG062
              ________      ________      ________      ________      ________
 COG057         1.000
 COG058         1.000         1.000
 COG060         1.000         1.000         1.000
 COG061         1.000         1.000         1.000         1.000
 COG062         1.000         1.000         1.000         1.000         1.000
 COG063         1.000         1.000         1.000         1.000         1.000
 COG064         1.000         1.000         1.000         1.000         1.000
 COG066         1.000         1.000         1.000         1.000         1.000
 BAYLAN         0.999         0.999         0.999         0.999         0.999


           Covariance Coverage
              COG063        COG064        COG066        BAYLAN
              ________      ________      ________      ________
 COG063         1.000
 COG064         1.000         1.000
 COG066         1.000         1.000         1.000
 BAYLAN         0.999         0.999         0.999         0.999


UNIVARIATE PROPORTIONS AND COUNTS FOR CATEGORICAL VARIABLES

    COG040
      Category 1    0.127           94.000
      Category 2    0.873          645.000
    COG041
      Category 1    0.280          207.000
      Category 2    0.720          532.000
    COG043
      Category 1    0.143          106.000
      Category 2    0.857          633.000
    COG044
      Category 1    0.112           83.000
      Category 2    0.888          656.000
    COG045
      Category 1    0.372          275.000
      Category 2    0.628          464.000
    COG046
      Category 1    0.513          379.000
      Category 2    0.487          360.000
    COG048
      Category 1    0.108           80.000
      Category 2    0.892          659.000
    COG049
      Category 1    0.156          115.000
      Category 2    0.844          624.000
    COG050
      Category 1    0.273          202.000
      Category 2    0.727          537.000
    COG051
      Category 1    0.120           89.000
      Category 2    0.880          650.000
    COG052
      Category 1    0.317          234.000
      Category 2    0.683          505.000
    COG053
      Category 1    0.334          247.000
      Category 2    0.666          492.000
    COG054
      Category 1    0.332          245.000
      Category 2    0.668          494.000
    COG055
      Category 1    0.122           90.000
      Category 2    0.878          649.000
    COG056
      Category 1    0.441          326.000
      Category 2    0.559          413.000
    COG057
      Category 1    0.816          603.000
      Category 2    0.184          136.000
    COG058
      Category 1    0.434          321.000
      Category 2    0.566          418.000
    COG060
      Category 1    0.612          452.000
      Category 2    0.388          287.000
    COG061
      Category 1    0.759          561.000
      Category 2    0.241          178.000
    COG062
      Category 1    0.850          628.000
      Category 2    0.150          111.000
    COG063
      Category 1    0.886          655.000
      Category 2    0.114           84.000
    COG064
      Category 1    0.763          564.000
      Category 2    0.237          175.000
    COG066
      Category 1    0.824          609.000
      Category 2    0.176          130.000


SAMPLE STATISTICS


     ESTIMATED SAMPLE STATISTICS


           MEANS/INTERCEPTS/THRESHOLDS
              COG040$1      COG041$1      COG043$1      COG044$1      COG045$1
              ________      ________      ________      ________      ________
               -1.140        -0.583        -1.065        -1.214        -0.326


           MEANS/INTERCEPTS/THRESHOLDS
              COG046$1      COG048$1      COG049$1      COG050$1      COG051$1
              ________      ________      ________      ________      ________
                0.032        -1.236        -1.013        -0.603        -1.173


           MEANS/INTERCEPTS/THRESHOLDS
              COG052$1      COG053$1      COG054$1      COG055$1      COG056$1
              ________      ________      ________      ________      ________
               -0.477        -0.428        -0.436        -1.166        -0.148


           MEANS/INTERCEPTS/THRESHOLDS
              COG057$1      COG058$1      COG060$1      COG061$1      COG062$1
              ________      ________      ________      ________      ________
                0.900        -0.165         0.284         0.704         1.036


           MEANS/INTERCEPTS/THRESHOLDS
              COG063$1      COG064$1      COG066$1      BAYLAN
              ________      ________      ________      ________
                1.207         0.717         0.931         0.000


           CORRELATION MATRIX (WITH VARIANCES ON THE DIAGONAL)
              COG040        COG041        COG043        COG044        COG045
              ________      ________      ________      ________      ________
 COG040
 COG041         0.088
 COG043         0.095         0.221
 COG044         0.340         0.318         0.291
 COG045         0.534         0.217         0.265         0.304
 COG046         0.193         0.179         0.160         0.241         0.214
 COG048         0.123         0.213         0.261         0.357         0.154
 COG049         0.307         0.188         0.310         0.301         0.315
 COG050         0.487         0.247         0.310         0.330         0.573
 COG051         0.265         0.293         0.283         0.339         0.335
 COG052         0.128         0.202         0.572         0.272         0.206
 COG053         0.080         0.160         0.152         0.329         0.231
 COG054         0.169         0.166         0.320         0.230         0.192
 COG055         0.187         0.319         0.438         0.334         0.262
 COG056         0.235         0.168         0.286         0.324         0.247
 COG057         0.084         0.315         0.107         0.063         0.104
 COG058         0.133         0.192         0.267         0.246         0.238
 COG060         0.202         0.249         0.351         0.322         0.297
 COG061         0.056         0.256         0.402         0.228         0.155
 COG062         0.230         0.351         0.447         0.230         0.314
 COG063         0.180         0.322         0.264         0.244         0.179
 COG064         0.325         0.276         0.396         0.313         0.300
 COG066         0.151         0.333         0.398         0.372         0.235
 BAYLAN         0.332         0.209         0.310         0.373         0.288


           CORRELATION MATRIX (WITH VARIANCES ON THE DIAGONAL)
              COG046        COG048        COG049        COG050        COG051
              ________      ________      ________      ________      ________
 COG048         0.221
 COG049         0.229         0.204
 COG050         0.126         0.262         0.400
 COG051         0.228         0.354         0.686         0.402
 COG052         0.000         0.242         0.277         0.273         0.343
 COG053         0.133         0.909         0.188         0.242         0.266
 COG054         0.087         0.218         0.249         0.289         0.335
 COG055         0.269         0.326         0.628         0.411         0.713
 COG056         0.229         0.086         0.904         0.311         0.723
 COG057         0.124         0.174         0.272         0.113         0.245
 COG058         0.226         0.151         0.564         0.276         0.897
 COG060         0.256         0.178         0.711         0.352         0.682
 COG061         0.284         0.079         0.489         0.317         0.534
 COG062         0.361         0.137         0.469         0.253         0.466
 COG063         0.302         0.129         0.550         0.371         0.397
 COG064         0.248         0.371         0.423         0.323         0.483
 COG066         0.386         0.230         0.697         0.302         0.652
 BAYLAN         0.166         0.456         0.380         0.349         0.411


           CORRELATION MATRIX (WITH VARIANCES ON THE DIAGONAL)
              COG052        COG053        COG054        COG055        COG056
              ________      ________      ________      ________      ________
 COG053         0.260
 COG054         0.380         0.211
 COG055         0.474         0.307         0.405
 COG056         0.281         0.168         0.223         0.688
 COG057         0.210         0.136         0.252         0.460         0.249
 COG058         0.231         0.082         0.310         0.732         0.791
 COG060         0.320         0.156         0.345         0.619         0.899
 COG061         0.354         0.140         0.340         0.662         0.641
 COG062         0.284         0.167         0.198         0.624         0.461
 COG063         0.347         0.206         0.293         0.572         0.650
 COG064         0.372         0.362         0.440         0.658         0.633
 COG066         0.320         0.201         0.431         0.654         0.805
 BAYLAN         0.279         0.428         0.253         0.484         0.400


           CORRELATION MATRIX (WITH VARIANCES ON THE DIAGONAL)
              COG057        COG058        COG060        COG061        COG062
              ________      ________      ________      ________      ________
 COG058         0.332
 COG060         0.332         0.800
 COG061         0.392         0.609         0.647
 COG062         0.280         0.503         0.504         0.563
 COG063         0.344         0.644         0.701         0.838         0.536
 COG064         0.337         0.590         0.636         0.615         0.521
 COG066         0.328         0.886         0.838         0.822         0.680
 BAYLAN         0.237         0.377         0.405         0.279         0.317


           CORRELATION MATRIX (WITH VARIANCES ON THE DIAGONAL)
              COG063        COG064        COG066        BAYLAN
              ________      ________      ________      ________
 COG064         0.620
 COG066         0.754         0.757
 BAYLAN         0.314         0.663         0.380         1.000


UNIVARIATE SAMPLE STATISTICS


     UNIVARIATE HIGHER-ORDER MOMENT DESCRIPTIVE STATISTICS

         Variable/         Mean/     Skewness/   Minimum/ % with                Percentiles
        Sample Size      Variance    Kurtosis    Maximum  Min/Max      20%/60%    40%/80%    Median

     BAYLAN                0.000      -0.378      -3.197    0.27%      -0.787     -0.107      0.079
             738.000       1.000       0.335       3.355    0.14%       0.264      0.820


     THIS ANALYSIS MAY HAVE MULTIPLE SOLUTIONS.  EXPLORE THIS USING RANDOM STARTS,
     FOR EXAMPLE, STARTS = 20.  USE A LARGE ENOUGH NUMBER OF STARTS SO THAT THE
     BEST FIT FUNCTION VALUE IS REPLICATED SEVERAL TIMES.


THE MODEL ESTIMATION TERMINATED NORMALLY



MODEL FIT INFORMATION

Number of Free Parameters                       54

Chi-Square Test of Model Fit

          Value                            857.855*
          Degrees of Freedom                   247
          P-Value                           0.0000

*   The chi-square value for MLM, MLMV, MLR, ULSMV, WLSM and WLSMV cannot be used
    for chi-square difference testing in the regular way.  MLM, MLR and WLSM
    chi-square difference testing is described on the Mplus website.  MLMV, WLSMV,
    and ULSMV difference testing is done using the DIFFTEST option.

RMSEA (Root Mean Square Error Of Approximation)

          Estimate                           0.058
          90 Percent C.I.                    0.054  0.062
          Probability RMSEA <= .05           0.001

CFI/TLI

          CFI                                0.929
          TLI                                0.921

Chi-Square Test of Model Fit for the Baseline Model

          Value                           8920.434
          Degrees of Freedom                   276
          P-Value                           0.0000

SRMR (Standardized Root Mean Square Residual)

          Value                              0.105

Optimum Function Value for Weighted Least-Squares Estimator

          Value                     0.58458198D+00



MODEL RESULTS

                                                    Two-Tailed
                    Estimate       S.E.  Est./S.E.    P-Value

 WM       BY
    COG040             1.000      0.000    999.000    999.000
    COG045             1.137      0.170      6.694      0.000
    COG050             1.351      0.203      6.665      0.000
    COG064             2.206      0.335      6.591      0.000

 GDP      BY
    COG041             1.000      0.000    999.000    999.000
    COG043             1.357      0.204      6.638      0.000
    COG044             1.301      0.200      6.517      0.000
    COG046             0.882      0.153      5.778      0.000
    COG048             1.838      0.246      7.460      0.000
    COG052             1.293      0.178      7.270      0.000
    COG053             1.561      0.211      7.384      0.000
    COG057             1.061      0.180      5.908      0.000

 FS       BY
    COG049             1.000      0.000    999.000    999.000
    COG051             0.970      0.056     17.221      0.000
    COG054             0.529      0.055      9.534      0.000
    COG055             1.023      0.053     19.137      0.000
    COG056             1.121      0.046     24.201      0.000
    COG058             0.990      0.044     22.623      0.000
    COG060             1.097      0.044     24.986      0.000
    COG061             0.977      0.047     20.601      0.000
    COG062             0.786      0.059     13.411      0.000
    COG063             1.003      0.054     18.596      0.000
    COG066             1.148      0.050     22.880      0.000

 WM       WITH
    GDP                0.125      0.026      4.739      0.000
    FS                 0.260      0.042      6.156      0.000
    BAYLAN             0.286      0.046      6.251      0.000

 GDP      WITH
    FS                 0.202      0.030      6.835      0.000
    BAYLAN             0.242      0.034      7.164      0.000

 BAYLAN   WITH
    FS                 0.373      0.035     10.707      0.000

 Means
    BAYLAN             0.000      0.038      0.000      1.000

 Thresholds
    COG040$1          -1.140      0.059    -19.376      0.000
    COG041$1          -0.583      0.049    -11.873      0.000
    COG043$1          -1.065      0.057    -18.689      0.000
    COG044$1          -1.214      0.061    -19.954      0.000
    COG045$1          -0.326      0.047     -6.940      0.000
    COG046$1           0.032      0.046      0.699      0.485
    COG048$1          -1.236      0.061    -20.100      0.000
    COG049$1          -1.013      0.056    -18.143      0.000
    COG050$1          -0.603      0.049    -12.231      0.000
    COG051$1          -1.173      0.060    -19.646      0.000
    COG052$1          -0.477      0.048     -9.927      0.000
    COG053$1          -0.428      0.048     -8.983      0.000
    COG054$1          -0.436      0.048     -9.128      0.000
    COG055$1          -1.166      0.060    -19.593      0.000
    COG056$1          -0.148      0.046     -3.199      0.001
    COG057$1           0.900      0.054     16.800      0.000
    COG058$1          -0.165      0.046     -3.567      0.000
    COG060$1           0.284      0.047      6.062      0.000
    COG061$1           0.704      0.050     13.931      0.000
    COG062$1           1.036      0.056     18.388      0.000
    COG063$1           1.207      0.061     19.904      0.000
    COG064$1           0.717      0.051     14.141      0.000
    COG066$1           0.931      0.054     17.192      0.000

 Variances
    BAYLAN             1.000      0.050     20.112      0.000
    WM                 0.200      0.055      3.635      0.000
    GDP                0.206      0.049      4.220      0.000
    FS                 0.686      0.051     13.461      0.000


QUALITY OF NUMERICAL RESULTS

     Condition Number for the Information Matrix              0.627E-03
       (ratio of smallest to largest eigenvalue)


STANDARDIZED MODEL RESULTS


STDYX Standardization

                                                    Two-Tailed
                    Estimate       S.E.  Est./S.E.    P-Value

 WM       BY
    COG040             0.448      0.062      7.271      0.000
    COG045             0.509      0.043     11.706      0.000
    COG050             0.605      0.044     13.843      0.000
    COG064             0.987      0.046     21.264      0.000

 GDP      BY
    COG041             0.454      0.054      8.440      0.000
    COG043             0.616      0.061     10.115      0.000
    COG044             0.591      0.065      9.038      0.000
    COG046             0.401      0.051      7.790      0.000
    COG048             0.835      0.050     16.770      0.000
    COG052             0.587      0.045     12.923      0.000
    COG053             0.709      0.037     19.041      0.000
    COG057             0.482      0.062      7.778      0.000

 FS       BY
    COG049             0.829      0.031     26.922      0.000
    COG051             0.804      0.041     19.706      0.000
    COG054             0.438      0.044      9.997      0.000
    COG055             0.848      0.037     22.790      0.000
    COG056             0.929      0.015     62.006      0.000
    COG058             0.820      0.022     37.193      0.000
    COG060             0.909      0.015     60.054      0.000
    COG061             0.810      0.026     31.655      0.000
    COG062             0.651      0.041     15.787      0.000
    COG063             0.831      0.031     26.726      0.000
    COG066             0.951      0.019     49.165      0.000

 WM       WITH
    GDP                0.614      0.050     12.387      0.000
    FS                 0.702      0.040     17.644      0.000
    BAYLAN             0.639      0.036     17.718      0.000

 GDP      WITH
    FS                 0.538      0.038     14.319      0.000
    BAYLAN             0.533      0.030     17.684      0.000

 BAYLAN   WITH
    FS                 0.450      0.032     14.102      0.000

 Means
    BAYLAN             0.000      0.038      0.000      1.000

 Thresholds
    COG040$1          -1.140      0.059    -19.376      0.000
    COG041$1          -0.583      0.049    -11.873      0.000
    COG043$1          -1.065      0.057    -18.689      0.000
    COG044$1          -1.214      0.061    -19.954      0.000
    COG045$1          -0.326      0.047     -6.940      0.000
    COG046$1           0.032      0.046      0.699      0.485
    COG048$1          -1.236      0.061    -20.100      0.000
    COG049$1          -1.013      0.056    -18.143      0.000
    COG050$1          -0.603      0.049    -12.231      0.000
    COG051$1          -1.173      0.060    -19.646      0.000
    COG052$1          -0.477      0.048     -9.927      0.000
    COG053$1          -0.428      0.048     -8.983      0.000
    COG054$1          -0.436      0.048     -9.128      0.000
    COG055$1          -1.166      0.060    -19.593      0.000
    COG056$1          -0.148      0.046     -3.199      0.001
    COG057$1           0.900      0.054     16.800      0.000
    COG058$1          -0.165      0.046     -3.567      0.000
    COG060$1           0.284      0.047      6.062      0.000
    COG061$1           0.704      0.050     13.931      0.000
    COG062$1           1.036      0.056     18.388      0.000
    COG063$1           1.207      0.061     19.904      0.000
    COG064$1           0.717      0.051     14.141      0.000
    COG066$1           0.931      0.054     17.192      0.000

 Variances
    BAYLAN             1.000      0.000    999.000    999.000
    WM                 1.000      0.000    999.000    999.000
    GDP                1.000      0.000    999.000    999.000
    FS                 1.000      0.000    999.000    999.000


STDY Standardization

                                                    Two-Tailed
                    Estimate       S.E.  Est./S.E.    P-Value

 WM       BY
    COG040             0.448      0.062      7.271      0.000
    COG045             0.509      0.043     11.706      0.000
    COG050             0.605      0.044     13.843      0.000
    COG064             0.987      0.046     21.264      0.000

 GDP      BY
    COG041             0.454      0.054      8.440      0.000
    COG043             0.616      0.061     10.115      0.000
    COG044             0.591      0.065      9.038      0.000
    COG046             0.401      0.051      7.790      0.000
    COG048             0.835      0.050     16.770      0.000
    COG052             0.587      0.045     12.923      0.000
    COG053             0.709      0.037     19.041      0.000
    COG057             0.482      0.062      7.778      0.000

 FS       BY
    COG049             0.829      0.031     26.922      0.000
    COG051             0.804      0.041     19.706      0.000
    COG054             0.438      0.044      9.997      0.000
    COG055             0.848      0.037     22.790      0.000
    COG056             0.929      0.015     62.006      0.000
    COG058             0.820      0.022     37.193      0.000
    COG060             0.909      0.015     60.054      0.000
    COG061             0.810      0.026     31.655      0.000
    COG062             0.651      0.041     15.787      0.000
    COG063             0.831      0.031     26.726      0.000
    COG066             0.951      0.019     49.165      0.000

 WM       WITH
    GDP                0.614      0.050     12.387      0.000
    FS                 0.702      0.040     17.644      0.000
    BAYLAN             0.639      0.036     17.718      0.000

 GDP      WITH
    FS                 0.538      0.038     14.319      0.000
    BAYLAN             0.533      0.030     17.684      0.000

 BAYLAN   WITH
    FS                 0.450      0.032     14.102      0.000

 Means
    BAYLAN             0.000      0.038      0.000      1.000

 Thresholds
    COG040$1          -1.140      0.059    -19.376      0.000
    COG041$1          -0.583      0.049    -11.873      0.000
    COG043$1          -1.065      0.057    -18.689      0.000
    COG044$1          -1.214      0.061    -19.954      0.000
    COG045$1          -0.326      0.047     -6.940      0.000
    COG046$1           0.032      0.046      0.699      0.485
    COG048$1          -1.236      0.061    -20.100      0.000
    COG049$1          -1.013      0.056    -18.143      0.000
    COG050$1          -0.603      0.049    -12.231      0.000
    COG051$1          -1.173      0.060    -19.646      0.000
    COG052$1          -0.477      0.048     -9.927      0.000
    COG053$1          -0.428      0.048     -8.983      0.000
    COG054$1          -0.436      0.048     -9.128      0.000
    COG055$1          -1.166      0.060    -19.593      0.000
    COG056$1          -0.148      0.046     -3.199      0.001
    COG057$1           0.900      0.054     16.800      0.000
    COG058$1          -0.165      0.046     -3.567      0.000
    COG060$1           0.284      0.047      6.062      0.000
    COG061$1           0.704      0.050     13.931      0.000
    COG062$1           1.036      0.056     18.388      0.000
    COG063$1           1.207      0.061     19.904      0.000
    COG064$1           0.717      0.051     14.141      0.000
    COG066$1           0.931      0.054     17.192      0.000

 Variances
    BAYLAN             1.000      0.000    999.000    999.000
    WM                 1.000      0.000    999.000    999.000
    GDP                1.000      0.000    999.000    999.000
    FS                 1.000      0.000    999.000    999.000


STD Standardization

                                                    Two-Tailed
                    Estimate       S.E.  Est./S.E.    P-Value

 WM       BY
    COG040             0.448      0.062      7.271      0.000
    COG045             0.509      0.043     11.706      0.000
    COG050             0.605      0.044     13.843      0.000
    COG064             0.987      0.046     21.264      0.000

 GDP      BY
    COG041             0.454      0.054      8.440      0.000
    COG043             0.616      0.061     10.115      0.000
    COG044             0.591      0.065      9.038      0.000
    COG046             0.401      0.051      7.790      0.000
    COG048             0.835      0.050     16.770      0.000
    COG052             0.587      0.045     12.923      0.000
    COG053             0.709      0.037     19.041      0.000
    COG057             0.482      0.062      7.778      0.000

 FS       BY
    COG049             0.829      0.031     26.922      0.000
    COG051             0.804      0.041     19.706      0.000
    COG054             0.438      0.044      9.997      0.000
    COG055             0.848      0.037     22.790      0.000
    COG056             0.929      0.015     62.006      0.000
    COG058             0.820      0.022     37.193      0.000
    COG060             0.909      0.015     60.054      0.000
    COG061             0.810      0.026     31.655      0.000
    COG062             0.651      0.041     15.787      0.000
    COG063             0.831      0.031     26.726      0.000
    COG066             0.951      0.019     49.165      0.000

 WM       WITH
    GDP                0.614      0.050     12.387      0.000
    FS                 0.702      0.040     17.644      0.000
    BAYLAN             0.639      0.044     14.569      0.000

 GDP      WITH
    FS                 0.538      0.038     14.319      0.000
    BAYLAN             0.533      0.036     14.859      0.000

 BAYLAN   WITH
    FS                 0.450      0.037     12.302      0.000

 Means
    BAYLAN             0.000      0.038      0.000      1.000

 Thresholds
    COG040$1          -1.140      0.059    -19.376      0.000
    COG041$1          -0.583      0.049    -11.873      0.000
    COG043$1          -1.065      0.057    -18.689      0.000
    COG044$1          -1.214      0.061    -19.954      0.000
    COG045$1          -0.326      0.047     -6.940      0.000
    COG046$1           0.032      0.046      0.699      0.485
    COG048$1          -1.236      0.061    -20.100      0.000
    COG049$1          -1.013      0.056    -18.143      0.000
    COG050$1          -0.603      0.049    -12.231      0.000
    COG051$1          -1.173      0.060    -19.646      0.000
    COG052$1          -0.477      0.048     -9.927      0.000
    COG053$1          -0.428      0.048     -8.983      0.000
    COG054$1          -0.436      0.048     -9.128      0.000
    COG055$1          -1.166      0.060    -19.593      0.000
    COG056$1          -0.148      0.046     -3.199      0.001
    COG057$1           0.900      0.054     16.800      0.000
    COG058$1          -0.165      0.046     -3.567      0.000
    COG060$1           0.284      0.047      6.062      0.000
    COG061$1           0.704      0.050     13.931      0.000
    COG062$1           1.036      0.056     18.388      0.000
    COG063$1           1.207      0.061     19.904      0.000
    COG064$1           0.717      0.051     14.141      0.000
    COG066$1           0.931      0.054     17.192      0.000

 Variances
    BAYLAN             1.000      0.050     20.112      0.000
    WM                 1.000      0.000    999.000    999.000
    GDP                1.000      0.000    999.000    999.000
    FS                 1.000      0.000    999.000    999.000


R-SQUARE

    Observed                                        Two-Tailed   Residual
    Variable        Estimate       S.E.  Est./S.E.    P-Value    Variance

    COG040             0.200      0.055      3.635      0.000      0.800
    COG041             0.206      0.049      4.220      0.000      0.794
    COG043             0.380      0.075      5.058      0.000      0.620
    COG044             0.349      0.077      4.519      0.000      0.651
    COG045             0.259      0.044      5.853      0.000      0.741
    COG046             0.160      0.041      3.895      0.000      0.840
    COG048             0.697      0.083      8.385      0.000      0.303
    COG049             0.686      0.051     13.461      0.000      0.314
    COG050             0.366      0.053      6.922      0.000      0.634
    COG051             0.646      0.066      9.853      0.000      0.354
    COG052             0.345      0.053      6.462      0.000      0.655
    COG053             0.502      0.053      9.521      0.000      0.498
    COG054             0.192      0.038      4.998      0.000      0.808
    COG055             0.719      0.063     11.395      0.000      0.281
    COG056             0.863      0.028     31.003      0.000      0.137
    COG057             0.232      0.060      3.889      0.000      0.768
    COG058             0.672      0.036     18.597      0.000      0.328
    COG060             0.826      0.028     30.027      0.000      0.174
    COG061             0.655      0.041     15.827      0.000      0.345
    COG062             0.424      0.054      7.894      0.000      0.576
    COG063             0.690      0.052     13.363      0.000      0.310
    COG064             0.975      0.092     10.632      0.000      0.025
    COG066             0.905      0.037     24.583      0.000      0.095


CONFIDENCE INTERVALS OF MODEL RESULTS

                  Lower .5%  Lower 2.5%    Lower 5%    Estimate    Upper 5%  Upper 2.5%   Upper .5%

 WM       BY
    COG040           1.000       1.000       1.000       1.000       1.000       1.000       1.000
    COG045           0.699       0.804       0.857       1.137       1.416       1.469       1.574
    COG050           0.829       0.954       1.017       1.351       1.684       1.748       1.873
    COG064           1.344       1.550       1.655       2.206       2.757       2.862       3.068

 GDP      BY
    COG041           1.000       1.000       1.000       1.000       1.000       1.000       1.000
    COG043           0.830       0.956       1.021       1.357       1.693       1.758       1.883
    COG044           0.787       0.910       0.973       1.301       1.630       1.693       1.816
    COG046           0.489       0.583       0.631       0.882       1.133       1.181       1.275
    COG048           1.204       1.355       1.433       1.838       2.244       2.321       2.473
    COG052           0.835       0.944       1.000       1.293       1.585       1.641       1.751
    COG053           1.016       1.146       1.213       1.561       1.908       1.975       2.105
    COG057           0.598       0.709       0.766       1.061       1.356       1.413       1.523

 FS       BY
    COG049           1.000       1.000       1.000       1.000       1.000       1.000       1.000
    COG051           0.825       0.860       0.878       0.970       1.063       1.081       1.115
    COG054           0.386       0.420       0.438       0.529       0.620       0.638       0.672
    COG055           0.886       0.919       0.935       1.023       1.111       1.128       1.161
    COG056           1.002       1.030       1.045       1.121       1.197       1.212       1.240
    COG058           0.877       0.904       0.918       0.990       1.062       1.075       1.102
    COG060           0.984       1.011       1.025       1.097       1.169       1.183       1.210
    COG061           0.855       0.884       0.899       0.977       1.055       1.070       1.099
    COG062           0.635       0.671       0.689       0.786       0.882       0.900       0.937
    COG063           0.864       0.897       0.914       1.003       1.092       1.109       1.142
    COG066           1.019       1.050       1.066       1.148       1.231       1.247       1.278

 WM       WITH
    GDP              0.057       0.073       0.081       0.125       0.168       0.176       0.193
    FS               0.151       0.178       0.191       0.260       0.330       0.343       0.369
    BAYLAN           0.168       0.196       0.211       0.286       0.361       0.375       0.404

 GDP      WITH
    FS               0.126       0.144       0.154       0.202       0.251       0.261       0.279
    BAYLAN           0.155       0.176       0.187       0.242       0.298       0.308       0.329

 BAYLAN   WITH
    FS               0.283       0.305       0.316       0.373       0.431       0.441       0.463

 Means
    BAYLAN          -0.098      -0.074      -0.062       0.000       0.062       0.074       0.098

 Thresholds
    COG040$1        -1.291      -1.255      -1.236      -1.140      -1.043      -1.024      -0.988
    COG041$1        -0.709      -0.679      -0.663      -0.583      -0.502      -0.486      -0.456
    COG043$1        -1.212      -1.177      -1.159      -1.065      -0.971      -0.953      -0.918
    COG044$1        -1.371      -1.334      -1.314      -1.214      -1.114      -1.095      -1.058
    COG045$1        -0.447      -0.418      -0.404      -0.326      -0.249      -0.234      -0.205
    COG046$1        -0.087      -0.058      -0.044       0.032       0.108       0.123       0.151
    COG048$1        -1.394      -1.356      -1.337      -1.236      -1.135      -1.115      -1.077
    COG049$1        -1.156      -1.122      -1.104      -1.013      -0.921      -0.903      -0.869
    COG050$1        -0.730      -0.699      -0.684      -0.603      -0.522      -0.506      -0.476
    COG051$1        -1.327      -1.290      -1.271      -1.173      -1.075      -1.056      -1.019
    COG052$1        -0.601      -0.571      -0.556      -0.477      -0.398      -0.383      -0.353
    COG053$1        -0.551      -0.522      -0.507      -0.428      -0.350      -0.335      -0.305
    COG054$1        -0.559      -0.529      -0.514      -0.436      -0.357      -0.342      -0.313
    COG055$1        -1.319      -1.283      -1.264      -1.166      -1.068      -1.049      -1.013
    COG056$1        -0.267      -0.239      -0.224      -0.148      -0.072      -0.057      -0.029
    COG057$1         0.762       0.795       0.812       0.900       0.988       1.005       1.038
    COG058$1        -0.285      -0.256      -0.241      -0.165      -0.089      -0.074      -0.046
    COG060$1         0.163       0.192       0.207       0.284       0.361       0.375       0.404
    COG061$1         0.573       0.605       0.620       0.704       0.787       0.802       0.834
    COG062$1         0.891       0.925       0.943       1.036       1.128       1.146       1.181
    COG063$1         1.051       1.088       1.107       1.207       1.307       1.326       1.363
    COG064$1         0.586       0.617       0.633       0.717       0.800       0.816       0.847
    COG066$1         0.792       0.825       0.842       0.931       1.020       1.037       1.071

 Variances
    BAYLAN           0.872       0.903       0.918       1.000       1.082       1.097       1.128
    WM               0.058       0.092       0.110       0.200       0.291       0.308       0.342
    GDP              0.080       0.110       0.126       0.206       0.287       0.302       0.332
    FS               0.555       0.587       0.603       0.686       0.770       0.786       0.818


CONFIDENCE INTERVALS OF STANDARDIZED MODEL RESULTS


STDYX Standardization

                  Lower .5%  Lower 2.5%    Lower 5%    Estimate    Upper 5%  Upper 2.5%   Upper .5%

 WM       BY
    COG040           0.289       0.327       0.346       0.448       0.549       0.568       0.606
    COG045           0.397       0.424       0.437       0.509       0.580       0.594       0.621
    COG050           0.492       0.519       0.533       0.605       0.676       0.690       0.717
    COG064           0.868       0.896       0.911       0.987       1.064       1.078       1.107

 GDP      BY
    COG041           0.315       0.349       0.366       0.454       0.543       0.560       0.593
    COG043           0.459       0.497       0.516       0.616       0.716       0.736       0.773
    COG044           0.422       0.463       0.483       0.591       0.698       0.719       0.759
    COG046           0.268       0.300       0.316       0.401       0.485       0.501       0.533
    COG048           0.707       0.737       0.753       0.835       0.917       0.932       0.963
    COG052           0.470       0.498       0.512       0.587       0.662       0.676       0.704
    COG053           0.613       0.636       0.647       0.709       0.770       0.782       0.804
    COG057           0.322       0.360       0.380       0.482       0.584       0.603       0.641

 FS       BY
    COG049           0.749       0.768       0.778       0.829       0.879       0.889       0.908
    COG051           0.699       0.724       0.737       0.804       0.871       0.884       0.909
    COG054           0.325       0.352       0.366       0.438       0.511       0.524       0.551
    COG055           0.752       0.775       0.787       0.848       0.909       0.921       0.944
    COG056           0.890       0.899       0.904       0.929       0.953       0.958       0.967
    COG058           0.763       0.777       0.784       0.820       0.856       0.863       0.877
    COG060           0.870       0.879       0.884       0.909       0.934       0.939       0.948
    COG061           0.744       0.759       0.768       0.810       0.852       0.860       0.876
    COG062           0.545       0.570       0.583       0.651       0.719       0.732       0.757
    COG063           0.751       0.770       0.780       0.831       0.882       0.892       0.911
    COG066           0.902       0.913       0.920       0.951       0.983       0.989       1.001

 WM       WITH
    GDP              0.486       0.517       0.532       0.614       0.695       0.711       0.742
    FS               0.600       0.624       0.637       0.702       0.768       0.780       0.805
    BAYLAN           0.546       0.568       0.579       0.639       0.698       0.709       0.731

 GDP      WITH
    FS               0.441       0.465       0.476       0.538       0.600       0.612       0.635
    BAYLAN           0.456       0.474       0.484       0.533       0.583       0.592       0.611

 BAYLAN   WITH
    FS               0.368       0.388       0.398       0.450       0.503       0.513       0.533

 Means
    BAYLAN          -0.098      -0.074      -0.062       0.000       0.062       0.074       0.098

 Thresholds
    COG040$1        -1.291      -1.255      -1.236      -1.140      -1.043      -1.024      -0.988
    COG041$1        -0.709      -0.679      -0.663      -0.583      -0.502      -0.486      -0.456
    COG043$1        -1.212      -1.177      -1.159      -1.065      -0.971      -0.953      -0.918
    COG044$1        -1.371      -1.334      -1.314      -1.214      -1.114      -1.095      -1.058
    COG045$1        -0.447      -0.418      -0.404      -0.326      -0.249      -0.234      -0.205
    COG046$1        -0.087      -0.058      -0.044       0.032       0.108       0.123       0.151
    COG048$1        -1.394      -1.356      -1.337      -1.236      -1.135      -1.115      -1.077
    COG049$1        -1.156      -1.122      -1.104      -1.013      -0.921      -0.903      -0.869
    COG050$1        -0.730      -0.699      -0.684      -0.603      -0.522      -0.506      -0.476
    COG051$1        -1.327      -1.290      -1.271      -1.173      -1.075      -1.056      -1.019
    COG052$1        -0.601      -0.571      -0.556      -0.477      -0.398      -0.383      -0.353
    COG053$1        -0.551      -0.522      -0.507      -0.428      -0.350      -0.335      -0.305
    COG054$1        -0.559      -0.529      -0.514      -0.436      -0.357      -0.342      -0.313
    COG055$1        -1.319      -1.283      -1.264      -1.166      -1.068      -1.049      -1.013
    COG056$1        -0.267      -0.239      -0.224      -0.148      -0.072      -0.057      -0.029
    COG057$1         0.762       0.795       0.812       0.900       0.988       1.005       1.038
    COG058$1        -0.285      -0.256      -0.241      -0.165      -0.089      -0.074      -0.046
    COG060$1         0.163       0.192       0.207       0.284       0.361       0.375       0.404
    COG061$1         0.573       0.605       0.620       0.704       0.787       0.802       0.834
    COG062$1         0.891       0.925       0.943       1.036       1.128       1.146       1.181
    COG063$1         1.051       1.088       1.107       1.207       1.307       1.326       1.363
    COG064$1         0.586       0.617       0.633       0.717       0.800       0.816       0.847
    COG066$1         0.792       0.825       0.842       0.931       1.020       1.037       1.071

 Variances
    BAYLAN           1.000       1.000       1.000       1.000       1.000       1.000       1.000
    WM               1.000       1.000       1.000       1.000       1.000       1.000       1.000
    GDP              1.000       1.000       1.000       1.000       1.000       1.000       1.000
    FS               1.000       1.000       1.000       1.000       1.000       1.000       1.000


STDY Standardization

                  Lower .5%  Lower 2.5%    Lower 5%    Estimate    Upper 5%  Upper 2.5%   Upper .5%

 WM       BY
    COG040           0.289       0.327       0.346       0.448       0.549       0.568       0.606
    COG045           0.397       0.424       0.437       0.509       0.580       0.594       0.621
    COG050           0.492       0.519       0.533       0.605       0.676       0.690       0.717
    COG064           0.868       0.896       0.911       0.987       1.064       1.078       1.107

 GDP      BY
    COG041           0.315       0.349       0.366       0.454       0.543       0.560       0.593
    COG043           0.459       0.497       0.516       0.616       0.716       0.736       0.773
    COG044           0.422       0.463       0.483       0.591       0.698       0.719       0.759
    COG046           0.268       0.300       0.316       0.401       0.485       0.501       0.533
    COG048           0.707       0.737       0.753       0.835       0.917       0.932       0.963
    COG052           0.470       0.498       0.512       0.587       0.662       0.676       0.704
    COG053           0.613       0.636       0.647       0.709       0.770       0.782       0.804
    COG057           0.322       0.360       0.380       0.482       0.584       0.603       0.641

 FS       BY
    COG049           0.749       0.768       0.778       0.829       0.879       0.889       0.908
    COG051           0.699       0.724       0.737       0.804       0.871       0.884       0.909
    COG054           0.325       0.352       0.366       0.438       0.511       0.524       0.551
    COG055           0.752       0.775       0.787       0.848       0.909       0.921       0.944
    COG056           0.890       0.899       0.904       0.929       0.953       0.958       0.967
    COG058           0.763       0.777       0.784       0.820       0.856       0.863       0.877
    COG060           0.870       0.879       0.884       0.909       0.934       0.939       0.948
    COG061           0.744       0.759       0.768       0.810       0.852       0.860       0.876
    COG062           0.545       0.570       0.583       0.651       0.719       0.732       0.757
    COG063           0.751       0.770       0.780       0.831       0.882       0.892       0.911
    COG066           0.902       0.913       0.920       0.951       0.983       0.989       1.001

 WM       WITH
    GDP              0.486       0.517       0.532       0.614       0.695       0.711       0.742
    FS               0.600       0.624       0.637       0.702       0.768       0.780       0.805
    BAYLAN           0.546       0.568       0.579       0.639       0.698       0.709       0.731

 GDP      WITH
    FS               0.441       0.465       0.476       0.538       0.600       0.612       0.635
    BAYLAN           0.456       0.474       0.484       0.533       0.583       0.592       0.611

 BAYLAN   WITH
    FS               0.368       0.388       0.398       0.450       0.503       0.513       0.533

 Means
    BAYLAN          -0.098      -0.074      -0.062       0.000       0.062       0.074       0.098

 Thresholds
    COG040$1        -1.291      -1.255      -1.236      -1.140      -1.043      -1.024      -0.988
    COG041$1        -0.709      -0.679      -0.663      -0.583      -0.502      -0.486      -0.456
    COG043$1        -1.212      -1.177      -1.159      -1.065      -0.971      -0.953      -0.918
    COG044$1        -1.371      -1.334      -1.314      -1.214      -1.114      -1.095      -1.058
    COG045$1        -0.447      -0.418      -0.404      -0.326      -0.249      -0.234      -0.205
    COG046$1        -0.087      -0.058      -0.044       0.032       0.108       0.123       0.151
    COG048$1        -1.394      -1.356      -1.337      -1.236      -1.135      -1.115      -1.077
    COG049$1        -1.156      -1.122      -1.104      -1.013      -0.921      -0.903      -0.869
    COG050$1        -0.730      -0.699      -0.684      -0.603      -0.522      -0.506      -0.476
    COG051$1        -1.327      -1.290      -1.271      -1.173      -1.075      -1.056      -1.019
    COG052$1        -0.601      -0.571      -0.556      -0.477      -0.398      -0.383      -0.353
    COG053$1        -0.551      -0.522      -0.507      -0.428      -0.350      -0.335      -0.305
    COG054$1        -0.559      -0.529      -0.514      -0.436      -0.357      -0.342      -0.313
    COG055$1        -1.319      -1.283      -1.264      -1.166      -1.068      -1.049      -1.013
    COG056$1        -0.267      -0.239      -0.224      -0.148      -0.072      -0.057      -0.029
    COG057$1         0.762       0.795       0.812       0.900       0.988       1.005       1.038
    COG058$1        -0.285      -0.256      -0.241      -0.165      -0.089      -0.074      -0.046
    COG060$1         0.163       0.192       0.207       0.284       0.361       0.375       0.404
    COG061$1         0.573       0.605       0.620       0.704       0.787       0.802       0.834
    COG062$1         0.891       0.925       0.943       1.036       1.128       1.146       1.181
    COG063$1         1.051       1.088       1.107       1.207       1.307       1.326       1.363
    COG064$1         0.586       0.617       0.633       0.717       0.800       0.816       0.847
    COG066$1         0.792       0.825       0.842       0.931       1.020       1.037       1.071

 Variances
    BAYLAN           1.000       1.000       1.000       1.000       1.000       1.000       1.000
    WM               1.000       1.000       1.000       1.000       1.000       1.000       1.000
    GDP              1.000       1.000       1.000       1.000       1.000       1.000       1.000
    FS               1.000       1.000       1.000       1.000       1.000       1.000       1.000


STD Standardization

                  Lower .5%  Lower 2.5%    Lower 5%    Estimate    Upper 5%  Upper 2.5%   Upper .5%

 WM       BY
    COG040           0.289       0.327       0.346       0.448       0.549       0.568       0.606
    COG045           0.397       0.424       0.437       0.509       0.580       0.594       0.621
    COG050           0.492       0.519       0.533       0.605       0.676       0.690       0.717
    COG064           0.868       0.896       0.911       0.987       1.064       1.078       1.107

 GDP      BY
    COG041           0.315       0.349       0.366       0.454       0.543       0.560       0.593
    COG043           0.459       0.497       0.516       0.616       0.716       0.736       0.773
    COG044           0.422       0.463       0.483       0.591       0.698       0.719       0.759
    COG046           0.268       0.300       0.316       0.401       0.485       0.501       0.533
    COG048           0.707       0.737       0.753       0.835       0.917       0.932       0.963
    COG052           0.470       0.498       0.512       0.587       0.662       0.676       0.704
    COG053           0.613       0.636       0.647       0.709       0.770       0.782       0.804
    COG057           0.322       0.360       0.380       0.482       0.584       0.603       0.641

 FS       BY
    COG049           0.749       0.768       0.778       0.829       0.879       0.889       0.908
    COG051           0.699       0.724       0.737       0.804       0.871       0.884       0.909
    COG054           0.325       0.352       0.366       0.438       0.511       0.524       0.551
    COG055           0.752       0.775       0.787       0.848       0.909       0.921       0.944
    COG056           0.890       0.899       0.904       0.929       0.953       0.958       0.967
    COG058           0.763       0.777       0.784       0.820       0.856       0.863       0.877
    COG060           0.870       0.879       0.884       0.909       0.934       0.939       0.948
    COG061           0.744       0.759       0.768       0.810       0.852       0.860       0.876
    COG062           0.545       0.570       0.583       0.651       0.719       0.732       0.757
    COG063           0.751       0.770       0.780       0.831       0.882       0.892       0.911
    COG066           0.902       0.913       0.920       0.951       0.983       0.989       1.001

 WM       WITH
    GDP              0.486       0.517       0.532       0.614       0.695       0.711       0.742
    FS               0.600       0.624       0.637       0.702       0.768       0.780       0.805
    BAYLAN           0.526       0.553       0.566       0.639       0.711       0.724       0.751

 GDP      WITH
    FS               0.441       0.465       0.476       0.538       0.600       0.612       0.635
    BAYLAN           0.441       0.463       0.474       0.533       0.592       0.604       0.626

 BAYLAN   WITH
    FS               0.356       0.379       0.390       0.450       0.511       0.522       0.545

 Means
    BAYLAN          -0.098      -0.074      -0.062       0.000       0.062       0.074       0.098

 Thresholds
    COG040$1        -1.291      -1.255      -1.236      -1.140      -1.043      -1.024      -0.988
    COG041$1        -0.709      -0.679      -0.663      -0.583      -0.502      -0.486      -0.456
    COG043$1        -1.212      -1.177      -1.159      -1.065      -0.971      -0.953      -0.918
    COG044$1        -1.371      -1.334      -1.314      -1.214      -1.114      -1.095      -1.058
    COG045$1        -0.447      -0.418      -0.404      -0.326      -0.249      -0.234      -0.205
    COG046$1        -0.087      -0.058      -0.044       0.032       0.108       0.123       0.151
    COG048$1        -1.394      -1.356      -1.337      -1.236      -1.135      -1.115      -1.077
    COG049$1        -1.156      -1.122      -1.104      -1.013      -0.921      -0.903      -0.869
    COG050$1        -0.730      -0.699      -0.684      -0.603      -0.522      -0.506      -0.476
    COG051$1        -1.327      -1.290      -1.271      -1.173      -1.075      -1.056      -1.019
    COG052$1        -0.601      -0.571      -0.556      -0.477      -0.398      -0.383      -0.353
    COG053$1        -0.551      -0.522      -0.507      -0.428      -0.350      -0.335      -0.305
    COG054$1        -0.559      -0.529      -0.514      -0.436      -0.357      -0.342      -0.313
    COG055$1        -1.319      -1.283      -1.264      -1.166      -1.068      -1.049      -1.013
    COG056$1        -0.267      -0.239      -0.224      -0.148      -0.072      -0.057      -0.029
    COG057$1         0.762       0.795       0.812       0.900       0.988       1.005       1.038
    COG058$1        -0.285      -0.256      -0.241      -0.165      -0.089      -0.074      -0.046
    COG060$1         0.163       0.192       0.207       0.284       0.361       0.375       0.404
    COG061$1         0.573       0.605       0.620       0.704       0.787       0.802       0.834
    COG062$1         0.891       0.925       0.943       1.036       1.128       1.146       1.181
    COG063$1         1.051       1.088       1.107       1.207       1.307       1.326       1.363
    COG064$1         0.586       0.617       0.633       0.717       0.800       0.816       0.847
    COG066$1         0.792       0.825       0.842       0.931       1.020       1.037       1.071

 Variances
    BAYLAN           0.872       0.903       0.918       1.000       1.082       1.097       1.128
    WM               1.000       1.000       1.000       1.000       1.000       1.000       1.000
    GDP              1.000       1.000       1.000       1.000       1.000       1.000       1.000
    FS               1.000       1.000       1.000       1.000       1.000       1.000       1.000


RESIDUAL OUTPUT


     ESTIMATED MODEL AND RESIDUALS (OBSERVED - ESTIMATED)


           Model Estimated Means/Intercepts/Thresholds
              COG040$1      COG041$1      COG043$1      COG044$1      COG045$1
              ________      ________      ________      ________      ________
               -1.140        -0.583        -1.065        -1.214        -0.326


           Model Estimated Means/Intercepts/Thresholds
              COG046$1      COG048$1      COG049$1      COG050$1      COG051$1
              ________      ________      ________      ________      ________
                0.032        -1.236        -1.013        -0.603        -1.173


           Model Estimated Means/Intercepts/Thresholds
              COG052$1      COG053$1      COG054$1      COG055$1      COG056$1
              ________      ________      ________      ________      ________
               -0.477        -0.428        -0.436        -1.166        -0.148


           Model Estimated Means/Intercepts/Thresholds
              COG057$1      COG058$1      COG060$1      COG061$1      COG062$1
              ________      ________      ________      ________      ________
                0.900        -0.165         0.284         0.704         1.036


           Model Estimated Means/Intercepts/Thresholds
              COG063$1      COG064$1      COG066$1      BAYLAN
              ________      ________      ________      ________
                1.207         0.717         0.931         0.000


           Residuals for Means/Intercepts/Thresholds
              COG040$1      COG041$1      COG043$1      COG044$1      COG045$1
              ________      ________      ________      ________      ________
                0.000         0.000         0.000         0.000         0.000


           Residuals for Means/Intercepts/Thresholds
              COG046$1      COG048$1      COG049$1      COG050$1      COG051$1
              ________      ________      ________      ________      ________
                0.000         0.000         0.000         0.000         0.000


           Residuals for Means/Intercepts/Thresholds
              COG052$1      COG053$1      COG054$1      COG055$1      COG056$1
              ________      ________      ________      ________      ________
                0.000         0.000         0.000         0.000         0.000


           Residuals for Means/Intercepts/Thresholds
              COG057$1      COG058$1      COG060$1      COG061$1      COG062$1
              ________      ________      ________      ________      ________
                0.000         0.000         0.000         0.000         0.000


           Residuals for Means/Intercepts/Thresholds
              COG063$1      COG064$1      COG066$1      BAYLAN
              ________      ________      ________      ________
                0.000         0.000         0.000         0.000


           Model Estimated Covariances/Correlations/Residual Correlations
              COG040        COG041        COG043        COG044        COG045
              ________      ________      ________      ________      ________
 COG040
 COG041         0.125
 COG043         0.169         0.280
 COG044         0.162         0.268         0.364
 COG045         0.228         0.142         0.192         0.185
 COG046         0.110         0.182         0.247         0.237         0.125
 COG048         0.229         0.379         0.514         0.493         0.261
 COG049         0.260         0.202         0.275         0.263         0.296
 COG050         0.271         0.169         0.229         0.219         0.308
 COG051         0.253         0.196         0.267         0.256         0.287
 COG052         0.161         0.267         0.362         0.347         0.183
 COG053         0.195         0.322         0.437         0.419         0.221
 COG054         0.138         0.107         0.145         0.139         0.157
 COG055         0.267         0.207         0.281         0.270         0.303
 COG056         0.292         0.227         0.308         0.295         0.332
 COG057         0.132         0.219         0.297         0.285         0.150
 COG058         0.258         0.200         0.272         0.261         0.293
 COG060         0.286         0.222         0.301         0.289         0.325
 COG061         0.254         0.198         0.268         0.257         0.289
 COG062         0.205         0.159         0.216         0.207         0.233
 COG063         0.261         0.203         0.276         0.264         0.297
 COG064         0.442         0.275         0.373         0.358         0.502
 COG066         0.299         0.233         0.316         0.303         0.340
 BAYLAN         0.286         0.242         0.329         0.315         0.325


           Model Estimated Covariances/Correlations/Residual Correlations
              COG046        COG048        COG049        COG050        COG051
              ________      ________      ________      ________      ________
 COG048         0.334
 COG049         0.179         0.372
 COG050         0.149         0.310         0.352
 COG051         0.173         0.361         0.666         0.341
 COG052         0.235         0.490         0.262         0.218         0.254
 COG053         0.284         0.592         0.316         0.263         0.307
 COG054         0.095         0.197         0.363         0.186         0.352
 COG055         0.183         0.381         0.703         0.360         0.682
 COG056         0.200         0.417         0.770         0.394         0.747
 COG057         0.193         0.402         0.215         0.179         0.208
 COG058         0.177         0.368         0.679         0.348         0.659
 COG060         0.196         0.408         0.753         0.386         0.731
 COG061         0.175         0.364         0.671         0.344         0.651
 COG062         0.140         0.292         0.539         0.276         0.523
 COG063         0.179         0.373         0.688         0.353         0.668
 COG064         0.243         0.506         0.574         0.597         0.557
 COG066         0.205         0.427         0.788         0.404         0.765
 BAYLAN         0.214         0.445         0.373         0.386         0.362


           Model Estimated Covariances/Correlations/Residual Correlations
              COG052        COG053        COG054        COG055        COG056
              ________      ________      ________      ________      ________
 COG053         0.416
 COG054         0.139         0.167
 COG055         0.268         0.323         0.372
 COG056         0.293         0.354         0.407         0.788
 COG057         0.283         0.341         0.114         0.220         0.241
 COG058         0.259         0.313         0.359         0.695         0.762
 COG060         0.287         0.347         0.398         0.771         0.844
 COG061         0.256         0.309         0.355         0.686         0.752
 COG062         0.206         0.248         0.285         0.552         0.605
 COG063         0.263         0.317         0.364         0.705         0.772
 COG064         0.356         0.430         0.304         0.588         0.644
 COG066         0.301         0.363         0.417         0.807         0.884
 BAYLAN         0.313         0.378         0.197         0.382         0.418


           Model Estimated Covariances/Correlations/Residual Correlations
              COG057        COG058        COG060        COG061        COG062
              ________      ________      ________      ________      ________
 COG058         0.213
 COG060         0.236         0.745
 COG061         0.210         0.664         0.736
 COG062         0.169         0.534         0.592         0.527
 COG063         0.215         0.681         0.755         0.673         0.541
 COG064         0.292         0.569         0.630         0.561         0.451
 COG066         0.247         0.780         0.865         0.770         0.619
 BAYLAN         0.257         0.369         0.409         0.365         0.293


           Model Estimated Covariances/Correlations/Residual Correlations
              COG063        COG064        COG066        BAYLAN
              ________      ________      ________      ________
 COG064         0.576
 COG066         0.791         0.660
 BAYLAN         0.374         0.630         0.429         1.000


           Model Estimated Correlations/Residual Correlations
              COG040        COG041        COG043        COG044        COG045
              ________      ________      ________      ________      ________
 COG040
 COG041         0.125
 COG043         0.169         0.280
 COG044         0.162         0.268         0.364
 COG045         0.228         0.142         0.192         0.185
 COG046         0.110         0.182         0.247         0.237         0.125
 COG048         0.229         0.379         0.514         0.493         0.261
 COG049         0.260         0.202         0.275         0.263         0.296
 COG050         0.271         0.169         0.229         0.219         0.308
 COG051         0.253         0.196         0.267         0.256         0.287
 COG052         0.161         0.267         0.362         0.347         0.183
 COG053         0.195         0.322         0.437         0.419         0.221
 COG054         0.138         0.107         0.145         0.139         0.157
 COG055         0.267         0.207         0.281         0.270         0.303
 COG056         0.292         0.227         0.308         0.295         0.332
 COG057         0.132         0.219         0.297         0.285         0.150
 COG058         0.258         0.200         0.272         0.261         0.293
 COG060         0.286         0.222         0.301         0.289         0.325
 COG061         0.254         0.198         0.268         0.257         0.289
 COG062         0.205         0.159         0.216         0.207         0.233
 COG063         0.261         0.203         0.276         0.264         0.297
 COG064         0.442         0.275         0.373         0.358         0.502
 COG066         0.299         0.233         0.316         0.303         0.340
 BAYLAN         0.286         0.242         0.329         0.315         0.325


           Model Estimated Correlations/Residual Correlations
              COG046        COG048        COG049        COG050        COG051
              ________      ________      ________      ________      ________
 COG048         0.334
 COG049         0.179         0.372
 COG050         0.149         0.310         0.352
 COG051         0.173         0.361         0.666         0.341
 COG052         0.235         0.490         0.262         0.218         0.254
 COG053         0.284         0.592         0.316         0.263         0.307
 COG054         0.095         0.197         0.363         0.186         0.352
 COG055         0.183         0.381         0.703         0.360         0.682
 COG056         0.200         0.417         0.770         0.394         0.747
 COG057         0.193         0.402         0.215         0.179         0.208
 COG058         0.177         0.368         0.679         0.348         0.659
 COG060         0.196         0.408         0.753         0.386         0.731
 COG061         0.175         0.364         0.671         0.344         0.651
 COG062         0.140         0.292         0.539         0.276         0.523
 COG063         0.179         0.373         0.688         0.353         0.668
 COG064         0.243         0.506         0.574         0.597         0.557
 COG066         0.205         0.427         0.788         0.404         0.765
 BAYLAN         0.214         0.445         0.373         0.386         0.362


           Model Estimated Correlations/Residual Correlations
              COG052        COG053        COG054        COG055        COG056
              ________      ________      ________      ________      ________
 COG053         0.416
 COG054         0.139         0.167
 COG055         0.268         0.323         0.372
 COG056         0.293         0.354         0.407         0.788
 COG057         0.283         0.341         0.114         0.220         0.241
 COG058         0.259         0.313         0.359         0.695         0.762
 COG060         0.287         0.347         0.398         0.771         0.844
 COG061         0.256         0.309         0.355         0.686         0.752
 COG062         0.206         0.248         0.285         0.552         0.605
 COG063         0.263         0.317         0.364         0.705         0.772
 COG064         0.356         0.430         0.304         0.588         0.644
 COG066         0.301         0.363         0.417         0.807         0.884
 BAYLAN         0.313         0.378         0.197         0.382         0.418


           Model Estimated Correlations/Residual Correlations
              COG057        COG058        COG060        COG061        COG062
              ________      ________      ________      ________      ________
 COG058         0.213
 COG060         0.236         0.745
 COG061         0.210         0.664         0.736
 COG062         0.169         0.534         0.592         0.527
 COG063         0.215         0.681         0.755         0.673         0.541
 COG064         0.292         0.569         0.630         0.561         0.451
 COG066         0.247         0.780         0.865         0.770         0.619
 BAYLAN         0.257         0.369         0.409         0.365         0.293


           Model Estimated Correlations/Residual Correlations
              COG063        COG064        COG066        BAYLAN
              ________      ________      ________      ________
 COG064         0.576
 COG066         0.791         0.660
 BAYLAN         0.374         0.630         0.429         1.000


           Residuals for Covariances/Correlations/Residual Correlations
              COG040        COG041        COG043        COG044        COG045
              ________      ________      ________      ________      ________
 COG040
 COG041        -0.037
 COG043        -0.074        -0.059
 COG044         0.178         0.049        -0.073
 COG045         0.307         0.075         0.073         0.119
 COG046         0.083        -0.002        -0.087         0.005         0.089
 COG048        -0.106        -0.166        -0.254        -0.136        -0.107
 COG049         0.047        -0.015         0.035         0.038         0.019
 COG050         0.217         0.078         0.082         0.110         0.265
 COG051         0.013         0.096         0.017         0.083         0.047
 COG052        -0.034        -0.065         0.210        -0.074         0.022
 COG053        -0.115        -0.162        -0.285        -0.090         0.010
 COG054         0.031         0.059         0.174         0.091         0.035
 COG055        -0.080         0.112         0.157         0.065        -0.041
 COG056        -0.057        -0.059        -0.022         0.028        -0.085
 COG057        -0.048         0.096        -0.190        -0.222        -0.047
 COG058        -0.124        -0.008        -0.005        -0.014        -0.055
 COG060        -0.084         0.027         0.050         0.033        -0.027
 COG061        -0.198         0.059         0.133        -0.030        -0.135
 COG062         0.025         0.192         0.231         0.023         0.081
 COG063        -0.081         0.119        -0.011        -0.021        -0.118
 COG064        -0.117         0.001         0.022        -0.045        -0.202
 COG066        -0.148         0.100         0.083         0.069        -0.105
 BAYLAN         0.047        -0.033        -0.018         0.058        -0.037


           Residuals for Covariances/Correlations/Residual Correlations
              COG046        COG048        COG049        COG050        COG051
              ________      ________      ________      ________      ________
 COG048        -0.114
 COG049         0.050        -0.168
 COG050        -0.022        -0.048         0.048
 COG051         0.054        -0.007         0.020         0.061
 COG052        -0.235        -0.248         0.015         0.055         0.089
 COG053        -0.150         0.318        -0.128        -0.021        -0.041
 COG054        -0.007         0.021        -0.114         0.103        -0.018
 COG055         0.086        -0.055        -0.075         0.051         0.031
 COG056         0.028        -0.331         0.135        -0.084        -0.024
 COG057        -0.069        -0.229         0.058        -0.066         0.036
 COG058         0.049        -0.218        -0.115        -0.073         0.238
 COG060         0.060        -0.230        -0.043        -0.034        -0.049
 COG061         0.109        -0.285        -0.181        -0.027        -0.117
 COG062         0.221        -0.155        -0.070        -0.023        -0.057
 COG063         0.122        -0.244        -0.138         0.019        -0.271
 COG064         0.005        -0.135        -0.151        -0.274        -0.074
 COG066         0.181        -0.197        -0.091        -0.102        -0.113
 BAYLAN        -0.047         0.011         0.007        -0.037         0.049


           Residuals for Covariances/Correlations/Residual Correlations
              COG052        COG053        COG054        COG055        COG056
              ________      ________      ________      ________      ________
 COG053        -0.156
 COG054         0.241         0.044
 COG055         0.206        -0.017         0.034
 COG056        -0.012        -0.186        -0.184        -0.099
 COG057        -0.072        -0.206         0.138         0.240         0.008
 COG058        -0.028        -0.231        -0.049         0.037         0.029
 COG060         0.032        -0.191        -0.054        -0.152         0.055
 COG061         0.098        -0.169        -0.015        -0.024        -0.111
 COG062         0.078        -0.081        -0.088         0.072        -0.144
 COG063         0.084        -0.111        -0.071        -0.133        -0.122
 COG064         0.017        -0.068         0.136         0.070        -0.011
 COG066         0.019        -0.161         0.014        -0.153        -0.078
 BAYLAN        -0.034         0.051         0.055         0.102        -0.019


           Residuals for Covariances/Correlations/Residual Correlations
              COG057        COG058        COG060        COG061        COG062
              ________      ________      ________      ________      ________
 COG058         0.119
 COG060         0.096         0.054
 COG061         0.182        -0.054        -0.089
 COG062         0.111        -0.031        -0.087         0.036
 COG063         0.129        -0.038        -0.054         0.165        -0.005
 COG064         0.045         0.021         0.006         0.054         0.070
 COG066         0.081         0.106        -0.026         0.052         0.061
 BAYLAN        -0.020         0.007        -0.005        -0.086         0.024


           Residuals for Covariances/Correlations/Residual Correlations
              COG063        COG064        COG066        BAYLAN
              ________      ________      ________      ________
 COG064         0.044
 COG066        -0.037         0.097
 BAYLAN        -0.060         0.033        -0.049         0.000


           Residuals for Correlations/Residual Correlations
              COG040        COG041        COG043        COG044        COG045
              ________      ________      ________      ________      ________
 COG040
 COG041        -0.037
 COG043        -0.074        -0.059
 COG044         0.178         0.049        -0.073
 COG045         0.307         0.075         0.073         0.119
 COG046         0.083        -0.002        -0.087         0.005         0.089
 COG048        -0.106        -0.166        -0.254        -0.136        -0.107
 COG049         0.047        -0.015         0.035         0.038         0.019
 COG050         0.217         0.078         0.082         0.110         0.265
 COG051         0.013         0.096         0.017         0.083         0.047
 COG052        -0.034        -0.065         0.210        -0.074         0.022
 COG053        -0.115        -0.162        -0.285        -0.090         0.010
 COG054         0.031         0.059         0.174         0.091         0.035
 COG055        -0.080         0.112         0.157         0.065        -0.041
 COG056        -0.057        -0.059        -0.022         0.028        -0.085
 COG057        -0.048         0.096        -0.190        -0.222        -0.047
 COG058        -0.124        -0.008        -0.005        -0.014        -0.055
 COG060        -0.084         0.027         0.050         0.033        -0.027
 COG061        -0.198         0.059         0.133        -0.030        -0.135
 COG062         0.025         0.192         0.231         0.023         0.081
 COG063        -0.081         0.119        -0.011        -0.021        -0.118
 COG064        -0.117         0.001         0.022        -0.045        -0.202
 COG066        -0.148         0.100         0.083         0.069        -0.105
 BAYLAN         0.047        -0.033        -0.018         0.058        -0.037


           Residuals for Correlations/Residual Correlations
              COG046        COG048        COG049        COG050        COG051
              ________      ________      ________      ________      ________
 COG048        -0.114
 COG049         0.050        -0.168
 COG050        -0.022        -0.048         0.048
 COG051         0.054        -0.007         0.020         0.061
 COG052        -0.235        -0.248         0.015         0.055         0.089
 COG053        -0.150         0.318        -0.128        -0.021        -0.041
 COG054        -0.007         0.021        -0.114         0.103        -0.018
 COG055         0.086        -0.055        -0.075         0.051         0.031
 COG056         0.028        -0.331         0.135        -0.084        -0.024
 COG057        -0.069        -0.229         0.058        -0.066         0.036
 COG058         0.049        -0.218        -0.115        -0.073         0.238
 COG060         0.060        -0.230        -0.043        -0.034        -0.049
 COG061         0.109        -0.285        -0.181        -0.027        -0.117
 COG062         0.221        -0.155        -0.070        -0.023        -0.057
 COG063         0.122        -0.244        -0.138         0.019        -0.271
 COG064         0.005        -0.135        -0.151        -0.274        -0.074
 COG066         0.181        -0.197        -0.091        -0.102        -0.113
 BAYLAN        -0.047         0.011         0.007        -0.037         0.049


           Residuals for Correlations/Residual Correlations
              COG052        COG053        COG054        COG055        COG056
              ________      ________      ________      ________      ________
 COG053        -0.156
 COG054         0.241         0.044
 COG055         0.206        -0.017         0.034
 COG056        -0.012        -0.186        -0.184        -0.099
 COG057        -0.072        -0.206         0.138         0.240         0.008
 COG058        -0.028        -0.231        -0.049         0.037         0.029
 COG060         0.032        -0.191        -0.054        -0.152         0.055
 COG061         0.098        -0.169        -0.015        -0.024        -0.111
 COG062         0.078        -0.081        -0.088         0.072        -0.144
 COG063         0.084        -0.111        -0.071        -0.133        -0.122
 COG064         0.017        -0.068         0.136         0.070        -0.011
 COG066         0.019        -0.161         0.014        -0.153        -0.078
 BAYLAN        -0.034         0.051         0.055         0.102        -0.019


           Residuals for Correlations/Residual Correlations
              COG057        COG058        COG060        COG061        COG062
              ________      ________      ________      ________      ________
 COG058         0.119
 COG060         0.096         0.054
 COG061         0.182        -0.054        -0.089
 COG062         0.111        -0.031        -0.087         0.036
 COG063         0.129        -0.038        -0.054         0.165        -0.005
 COG064         0.045         0.021         0.006         0.054         0.070
 COG066         0.081         0.106        -0.026         0.052         0.061
 BAYLAN        -0.020         0.007        -0.005        -0.086         0.024


           Residuals for Correlations/Residual Correlations
              COG063        COG064        COG066        BAYLAN
              ________      ________      ________      ________
 COG064         0.044
 COG066        -0.037         0.097
 BAYLAN        -0.060         0.033        -0.049         0.000


     UNIVARIATE PROPORTIONS FOR CATEGORICAL VARIABLES

     Variable          Observed      Estimated      Residual (Obs.-Est.)    Stand. Residual
     COG040
       Category  1       0.127          0.127                  0.000                0.000
       Category  2       0.873          0.873                  0.000                0.000
     COG041
       Category  1       0.280          0.280                  0.000                0.000
       Category  2       0.720          0.720                  0.000                0.000
     COG043
       Category  1       0.143          0.143                  0.000                0.000
       Category  2       0.857          0.857                  0.000                0.000
     COG044
       Category  1       0.112          0.112                  0.000                0.000
       Category  2       0.888          0.888                  0.000                0.000
     COG045
       Category  1       0.372          0.372                  0.000                0.000
       Category  2       0.628          0.628                  0.000                0.000
     COG046
       Category  1       0.513          0.513                  0.000                0.000
       Category  2       0.487          0.487                  0.000                0.000
     COG048
       Category  1       0.108          0.108                  0.000                0.000
       Category  2       0.892          0.892                  0.000                0.000
     COG049
       Category  1       0.156          0.156                  0.000                0.000
       Category  2       0.844          0.844                  0.000                0.000
     COG050
       Category  1       0.273          0.273                  0.000                0.000
       Category  2       0.727          0.727                  0.000                0.000
     COG051
       Category  1       0.120          0.120                  0.000                0.000
       Category  2       0.880          0.880                  0.000                0.000
     COG052
       Category  1       0.317          0.317                  0.000                0.000
       Category  2       0.683          0.683                  0.000                0.000
     COG053
       Category  1       0.334          0.334                  0.000                0.000
       Category  2       0.666          0.666                  0.000                0.000
     COG054
       Category  1       0.332          0.332                  0.000                0.000
       Category  2       0.668          0.668                  0.000                0.000
     COG055
       Category  1       0.122          0.122                  0.000                0.000
       Category  2       0.878          0.878                  0.000                0.000
     COG056
       Category  1       0.441          0.441                  0.000                0.000
       Category  2       0.559          0.559                  0.000                0.000
     COG057
       Category  1       0.816          0.816                  0.000                0.000
       Category  2       0.184          0.184                  0.000                0.000
     COG058
       Category  1       0.434          0.434                  0.000                0.000
       Category  2       0.566          0.566                  0.000                0.000
     COG060
       Category  1       0.612          0.612                  0.000                0.000
       Category  2       0.388          0.388                  0.000                0.000
     COG061
       Category  1       0.759          0.759                  0.000                0.000
       Category  2       0.241          0.241                  0.000                0.000
     COG062
       Category  1       0.850          0.850                  0.000                0.000
       Category  2       0.150          0.150                  0.000                0.000
     COG063
       Category  1       0.886          0.886                  0.000                0.000
       Category  2       0.114          0.114                  0.000                0.000
     COG064
       Category  1       0.763          0.763                  0.000                0.000
       Category  2       0.237          0.237                  0.000                0.000
     COG066
       Category  1       0.824          0.824                  0.000                0.000
       Category  2       0.176          0.176                  0.000                0.000


     BIVARIATE PROPORTIONS FOR CATEGORICAL VARIABLES

     Variable       Variable          Observed     Estimated    Residual (Obs.-Est.)  Stand. Residual
     COG040         COG041
       Category 1     Category 1        0.042       0.045            -0.003           -0.367
       Category 1     Category 2        0.085       0.082             0.003            0.276
       Category 2     Category 1        0.238       0.235             0.003            0.179
       Category 2     Category 2        0.635       0.637            -0.003           -0.158
     COG040         COG043
       Category 1     Category 1        0.023       0.027            -0.004           -0.679
       Category 1     Category 2        0.104       0.100             0.004            0.367
       Category 2     Category 1        0.120       0.116             0.004            0.343
       Category 2     Category 2        0.752       0.756            -0.004           -0.257
     COG040         COG044
       Category 1     Category 1        0.031       0.021             0.010            1.809
       Category 1     Category 2        0.096       0.106            -0.010           -0.853
       Category 2     Category 1        0.081       0.091            -0.010           -0.912
       Category 2     Category 2        0.792       0.782             0.010            0.635
     COG040         COG045
       Category 1     Category 1        0.093       0.066             0.027            2.995
       Category 1     Category 2        0.034       0.061            -0.027           -3.103
       Category 2     Category 1        0.279       0.306            -0.027           -1.614
       Category 2     Category 2        0.594       0.567             0.027            1.501
     COG040         COG046
       Category 1     Category 1        0.081       0.074             0.007            0.708
       Category 1     Category 2        0.046       0.053            -0.007           -0.831
       Category 2     Category 1        0.432       0.438            -0.007           -0.374
       Category 2     Category 2        0.441       0.434             0.007            0.375
     COG040         COG048
       Category 1     Category 1        0.019       0.024            -0.005           -0.917
       Category 1     Category 2        0.108       0.103             0.005            0.463
       Category 2     Category 1        0.089       0.084             0.005            0.507
       Category 2     Category 2        0.783       0.789            -0.005           -0.345
     COG040         COG049
       Category 1     Category 1        0.038       0.035             0.003            0.466
       Category 1     Category 2        0.089       0.092            -0.003           -0.295
       Category 2     Category 1        0.118       0.121            -0.003           -0.262
       Category 2     Category 2        0.755       0.752             0.003            0.198
     COG040         COG050
       Category 1     Category 1        0.074       0.055             0.019            2.278
       Category 1     Category 2        0.053       0.072            -0.019           -2.015
       Category 2     Category 1        0.199       0.218            -0.019           -1.261
       Category 2     Category 2        0.674       0.655             0.019            1.095
     COG040         COG051
       Category 1     Category 1        0.028       0.028             0.001            0.118
       Category 1     Category 2        0.099       0.099            -0.001           -0.065
       Category 2     Category 1        0.092       0.093            -0.001           -0.067
       Category 2     Category 2        0.781       0.780             0.001            0.047
     COG040         COG052
       Category 1     Category 1        0.050       0.053            -0.003           -0.328
       Category 1     Category 2        0.077       0.074             0.003            0.279
       Category 2     Category 1        0.267       0.264             0.003            0.166
       Category 2     Category 2        0.606       0.609            -0.003           -0.150
     COG040         COG053
       Category 1     Category 1        0.049       0.058            -0.009           -1.077
       Category 1     Category 2        0.078       0.069             0.009            0.991
       Category 2     Category 1        0.286       0.276             0.009            0.563
       Category 2     Category 2        0.587       0.597            -0.009           -0.513
     COG040         COG054
       Category 1     Category 1        0.055       0.053             0.003            0.309
       Category 1     Category 2        0.072       0.074            -0.003           -0.264
       Category 2     Category 1        0.276       0.279            -0.003           -0.154
       Category 2     Category 2        0.597       0.594             0.003            0.141
     COG040         COG055
       Category 1     Category 1        0.024       0.029            -0.004           -0.716
       Category 1     Category 2        0.103       0.098             0.004            0.401
       Category 2     Category 1        0.097       0.093             0.004            0.412
       Category 2     Category 2        0.775       0.780            -0.004           -0.289
     COG040         COG056
       Category 1     Category 1        0.076       0.081            -0.005           -0.483
       Category 1     Category 2        0.051       0.047             0.005            0.624
       Category 2     Category 1        0.365       0.361             0.005            0.274
       Category 2     Category 2        0.507       0.512            -0.005           -0.263
     COG040         COG057
       Category 1     Category 1        0.108       0.111            -0.002           -0.206
       Category 1     Category 2        0.019       0.017             0.002            0.505
       Category 2     Category 1        0.708       0.705             0.002            0.141
       Category 2     Category 2        0.165       0.167            -0.002           -0.173
     COG040         COG058
       Category 1     Category 1        0.066       0.077            -0.011           -1.075
       Category 1     Category 2        0.061       0.050             0.011            1.309
       Category 2     Category 1        0.368       0.358             0.011            0.597
       Category 2     Category 2        0.505       0.515            -0.011           -0.573
     COG040         COG060
       Category 1     Category 1        0.093       0.099            -0.006           -0.550
       Category 1     Category 2        0.034       0.028             0.006            1.002
       Category 2     Category 1        0.518       0.512             0.006            0.329
       Category 2     Category 2        0.355       0.361            -0.006           -0.343
     COG040         COG061
       Category 1     Category 1        0.100       0.111            -0.011           -0.967
       Category 1     Category 2        0.027       0.016             0.011            2.434
       Category 2     Category 1        0.659       0.648             0.011            0.637
       Category 2     Category 2        0.214       0.225            -0.011           -0.728
     COG040         COG062
       Category 1     Category 1        0.118       0.117             0.001            0.076
       Category 1     Category 2        0.009       0.010            -0.001           -0.241
       Category 2     Category 1        0.732       0.733            -0.001           -0.055
       Category 2     Category 2        0.141       0.140             0.001            0.070
     COG040         COG063
       Category 1     Category 1        0.119       0.121            -0.002           -0.187
       Category 1     Category 2        0.008       0.006             0.002            0.799
       Category 2     Category 1        0.767       0.765             0.002            0.144
       Category 2     Category 2        0.106       0.108            -0.002           -0.197
     COG040         COG064
       Category 1     Category 1        0.115       0.120            -0.005           -0.405
       Category 1     Category 2        0.012       0.007             0.005            1.540
       Category 2     Category 1        0.648       0.643             0.005            0.274
       Category 2     Category 2        0.225       0.229            -0.005           -0.313
     COG040         COG066
       Category 1     Category 1        0.112       0.118            -0.006           -0.504
       Category 1     Category 2        0.015       0.009             0.006            1.735
       Category 2     Category 1        0.712       0.706             0.006            0.357
       Category 2     Category 2        0.161       0.167            -0.006           -0.437
     COG041         COG043
       Category 1     Category 1        0.058       0.063            -0.005           -0.579
       Category 1     Category 2        0.222       0.217             0.005            0.342
       Category 2     Category 1        0.085       0.080             0.005            0.520
       Category 2     Category 2        0.635       0.640            -0.005           -0.294
     COG041         COG044
       Category 1     Category 1        0.054       0.050             0.004            0.475
       Category 1     Category 2        0.226       0.230            -0.004           -0.247
       Category 2     Category 1        0.058       0.062            -0.004           -0.430
       Category 2     Category 2        0.662       0.658             0.004            0.219
     COG041         COG045
       Category 1     Category 1        0.133       0.123             0.010            0.831
       Category 1     Category 2        0.147       0.158            -0.010           -0.749
       Category 2     Category 1        0.240       0.250            -0.010           -0.630
       Category 2     Category 2        0.480       0.470             0.010            0.546
     COG041         COG046
       Category 1     Category 1        0.168       0.168             0.000           -0.024
       Category 1     Category 2        0.112       0.112             0.000            0.028
       Category 2     Category 1        0.345       0.345             0.000            0.019
       Category 2     Category 2        0.375       0.375             0.000           -0.018
     COG041         COG048
       Category 1     Category 1        0.045       0.057            -0.013           -1.471
       Category 1     Category 2        0.235       0.223             0.013            0.821
       Category 2     Category 1        0.064       0.051             0.013            1.552
       Category 2     Category 2        0.656       0.669            -0.013           -0.726
     COG041         COG049
       Category 1     Category 1        0.060       0.061            -0.001           -0.151
       Category 1     Category 2        0.221       0.219             0.001            0.087
       Category 2     Category 1        0.096       0.095             0.001            0.123
       Category 2     Category 2        0.624       0.625            -0.001           -0.074
     COG041         COG050
       Category 1     Category 1        0.106       0.096             0.009            0.876
       Category 1     Category 2        0.175       0.184            -0.009           -0.666
       Category 2     Category 1        0.168       0.177            -0.009           -0.676
       Category 2     Category 2        0.552       0.543             0.009            0.518
     COG041         COG051
       Category 1     Category 1        0.055       0.048             0.008            0.968
       Category 1     Category 2        0.225       0.232            -0.008           -0.489
       Category 2     Category 1        0.065       0.073            -0.008           -0.796
       Category 2     Category 2        0.655       0.647             0.008            0.432
     COG041         COG052
       Category 1     Category 1        0.114       0.122            -0.008           -0.699
       Category 1     Category 2        0.166       0.158             0.008            0.627
       Category 2     Category 1        0.203       0.195             0.008            0.578
       Category 2     Category 2        0.517       0.525            -0.008           -0.458
     COG041         COG053
       Category 1     Category 1        0.114       0.135            -0.021           -1.706
       Category 1     Category 2        0.166       0.145             0.021            1.657
       Category 2     Category 1        0.221       0.199             0.021            1.461
       Category 2     Category 2        0.499       0.521            -0.021           -1.168
     COG041         COG054
       Category 1     Category 1        0.114       0.106             0.008            0.664
       Category 1     Category 2        0.166       0.174            -0.008           -0.539
       Category 2     Category 1        0.218       0.225            -0.008           -0.489
       Category 2     Category 2        0.502       0.495             0.008            0.409
     COG041         COG055
       Category 1     Category 1        0.058       0.049             0.009            1.130
       Category 1     Category 2        0.222       0.231            -0.009           -0.580
       Category 2     Category 1        0.064       0.073            -0.009           -0.942
       Category 2     Category 2        0.656       0.647             0.009            0.511
     COG041         COG056
       Category 1     Category 1        0.146       0.154            -0.008           -0.606
       Category 1     Category 2        0.134       0.126             0.008            0.660
       Category 2     Category 1        0.295       0.287             0.008            0.484
       Category 2     Category 2        0.425       0.433            -0.008           -0.442
     COG041         COG057
       Category 1     Category 1        0.254       0.247             0.007            0.465
       Category 1     Category 2        0.026       0.033            -0.007           -1.121
       Category 2     Category 1        0.562       0.569            -0.007           -0.405
       Category 2     Category 2        0.158       0.151             0.007            0.560
     COG041         COG058
       Category 1     Category 1        0.147       0.149            -0.001           -0.084
       Category 1     Category 2        0.133       0.132             0.001            0.089
       Category 2     Category 1        0.287       0.286             0.001            0.066
       Category 2     Category 2        0.433       0.434            -0.001           -0.061
     COG041         COG060
       Category 1     Category 1        0.203       0.200             0.003            0.231
       Category 1     Category 2        0.077       0.081            -0.003           -0.339
       Category 2     Category 1        0.409       0.412            -0.003           -0.187
       Category 2     Category 2        0.311       0.308             0.003            0.200
     COG041         COG061
       Category 1     Category 1        0.238       0.233             0.006            0.359
       Category 1     Category 2        0.042       0.048            -0.006           -0.713
       Category 2     Category 1        0.521       0.527            -0.006           -0.304
       Category 2     Category 2        0.199       0.193             0.006            0.384
     COG041         COG062
       Category 1     Category 1        0.263       0.250             0.013            0.791
       Category 1     Category 2        0.018       0.030            -0.013           -2.001
       Category 2     Category 1        0.587       0.600            -0.013           -0.699
       Category 2     Category 2        0.133       0.120             0.013            1.053
     COG041         COG063
       Category 1     Category 1        0.267       0.260             0.006            0.380
       Category 1     Category 2        0.014       0.020            -0.006           -1.200
       Category 2     Category 1        0.620       0.626            -0.006           -0.344
       Category 2     Category 2        0.100       0.094             0.006            0.571
     COG041         COG064
       Category 1     Category 1        0.241       0.241             0.000            0.006
       Category 1     Category 2        0.039       0.039             0.000           -0.012
       Category 2     Category 1        0.522       0.522             0.000           -0.005
       Category 2     Category 2        0.198       0.197             0.000            0.006
     COG041         COG066
       Category 1     Category 1        0.257       0.250             0.007            0.460
       Category 1     Category 2        0.023       0.030            -0.007           -1.160
       Category 2     Category 1        0.567       0.574            -0.007           -0.402
       Category 2     Category 2        0.153       0.146             0.007            0.564
     COG043         COG044
       Category 1     Category 1        0.031       0.036            -0.005           -0.670
       Category 1     Category 2        0.112       0.108             0.005            0.401
       Category 2     Category 1        0.081       0.077             0.005            0.467
       Category 2     Category 2        0.775       0.780            -0.005           -0.300
     COG043         COG045
       Category 1     Category 1        0.077       0.070             0.007            0.716
       Category 1     Category 2        0.066       0.073            -0.007           -0.704
       Category 2     Category 1        0.295       0.302            -0.007           -0.399
       Category 2     Category 2        0.562       0.555             0.007            0.369
     COG043         COG046
       Category 1     Category 1        0.088       0.096            -0.008           -0.715
       Category 1     Category 2        0.055       0.048             0.008            0.987
       Category 2     Category 1        0.425       0.417             0.008            0.427
       Category 2     Category 2        0.432       0.439            -0.008           -0.424
     COG043         COG048
       Category 1     Category 1        0.028       0.045            -0.017           -2.193
       Category 1     Category 2        0.115       0.098             0.017            1.530
       Category 2     Category 1        0.080       0.063             0.017            1.873
       Category 2     Category 2        0.777       0.793            -0.017           -1.125
     COG043         COG049
       Category 1     Category 1        0.042       0.039             0.003            0.352
       Category 1     Category 2        0.101       0.104            -0.003           -0.224
       Category 2     Category 1        0.114       0.116            -0.003           -0.214
       Category 2     Category 2        0.743       0.740             0.003            0.156
     COG043         COG050
       Category 1     Category 1        0.065       0.058             0.007            0.846
       Category 1     Category 2        0.078       0.086            -0.007           -0.704
       Category 2     Category 1        0.208       0.216            -0.007           -0.479
       Category 2     Category 2        0.648       0.641             0.007            0.411
     COG043         COG051
       Category 1     Category 1        0.032       0.031             0.001            0.163
       Category 1     Category 2        0.111       0.112            -0.001           -0.090
       Category 2     Category 1        0.088       0.089            -0.001           -0.100
       Category 2     Category 2        0.769       0.768             0.001            0.067
     COG043         COG052
       Category 1     Category 1        0.099       0.077             0.021            2.186
       Category 1     Category 2        0.045       0.066            -0.021           -2.349
       Category 2     Category 1        0.218       0.239            -0.021           -1.368
       Category 2     Category 2        0.639       0.617             0.021            1.201
     COG043         COG053
       Category 1     Category 1        0.061       0.088            -0.027           -2.569
       Category 1     Category 2        0.083       0.056             0.027            3.165
       Category 2     Category 1        0.273       0.247             0.027            1.685
       Category 2     Category 2        0.583       0.610            -0.027           -1.489
     COG043         COG054
       Category 1     Category 1        0.076       0.060             0.016            1.820
       Category 1     Category 2        0.068       0.084            -0.016           -1.561
       Category 2     Category 1        0.256       0.272            -0.016           -0.971
       Category 2     Category 2        0.601       0.585             0.016            0.877
     COG043         COG055
       Category 1     Category 1        0.043       0.033             0.011            1.632
       Category 1     Category 2        0.100       0.111            -0.011           -0.924
       Category 2     Category 1        0.078       0.089            -0.011           -1.018
       Category 2     Category 2        0.778       0.767             0.011            0.686
     COG043         COG056
       Category 1     Category 1        0.089       0.091            -0.002           -0.197
       Category 1     Category 2        0.054       0.052             0.002            0.256
       Category 2     Category 1        0.352       0.350             0.002            0.119
       Category 2     Category 2        0.505       0.507            -0.002           -0.114
     COG043         COG057
       Category 1     Category 1        0.123       0.132            -0.009           -0.734
       Category 1     Category 2        0.020       0.011             0.009            2.368
       Category 2     Category 1        0.693       0.684             0.009            0.535
       Category 2     Category 2        0.164       0.173            -0.009           -0.657
     COG043         COG058
       Category 1     Category 1        0.087       0.087             0.000           -0.045
       Category 1     Category 2        0.057       0.056             0.000            0.055
       Category 2     Category 1        0.348       0.347             0.000            0.027
       Category 2     Category 2        0.509       0.509             0.000           -0.025
     COG043         COG060
       Category 1     Category 1        0.116       0.113             0.004            0.328
       Category 1     Category 2        0.027       0.031            -0.004           -0.599
       Category 2     Category 1        0.495       0.499            -0.004           -0.207
       Category 2     Category 2        0.361       0.357             0.004            0.216
     COG043         COG061
       Category 1     Category 1        0.133       0.126             0.007            0.555
       Category 1     Category 2        0.011       0.018            -0.007           -1.401
       Category 2     Category 1        0.627       0.633            -0.007           -0.382
       Category 2     Category 2        0.230       0.223             0.007            0.442
     COG043         COG062
       Category 1     Category 1        0.139       0.132             0.007            0.599
       Category 1     Category 2        0.004       0.012            -0.007           -1.901
       Category 2     Category 1        0.710       0.718            -0.007           -0.451
       Category 2     Category 2        0.146       0.139             0.007            0.587
     COG043         COG063
       Category 1     Category 1        0.137       0.137             0.000           -0.025
       Category 1     Category 2        0.007       0.006             0.000            0.106
       Category 2     Category 1        0.750       0.749             0.000            0.020
       Category 2     Category 2        0.107       0.107             0.000           -0.028
     COG043         COG064
       Category 1     Category 1        0.133       0.132             0.001            0.083
       Category 1     Category 2        0.011       0.012            -0.001           -0.259
       Category 2     Category 1        0.631       0.632            -0.001           -0.058
       Category 2     Category 2        0.226       0.225             0.001            0.067
     COG043         COG066
       Category 1     Category 1        0.137       0.134             0.003            0.239
       Category 1     Category 2        0.007       0.010            -0.003           -0.827
       Category 2     Category 1        0.687       0.690            -0.003           -0.176
       Category 2     Category 2        0.169       0.166             0.003            0.218
     COG044         COG045
       Category 1     Category 1        0.065       0.056             0.009            1.112
       Category 1     Category 2        0.047       0.057            -0.009           -1.102
       Category 2     Category 1        0.307       0.317            -0.009           -0.548
       Category 2     Category 2        0.581       0.571             0.009            0.515
     COG044         COG046
       Category 1     Category 1        0.076       0.075             0.000            0.035
       Category 1     Category 2        0.037       0.037             0.000           -0.048
       Category 2     Category 1        0.437       0.437             0.000           -0.018
       Category 2     Category 2        0.451       0.450             0.000            0.018
     COG044         COG048
       Category 1     Category 1        0.028       0.037            -0.008           -1.205
       Category 1     Category 2        0.084       0.076             0.008            0.858
       Category 2     Category 1        0.080       0.071             0.008            0.880
       Category 2     Category 2        0.808       0.816            -0.008           -0.586
     COG044         COG049
       Category 1     Category 1        0.034       0.031             0.002            0.366
       Category 1     Category 2        0.078       0.081            -0.002           -0.234
       Category 2     Category 1        0.122       0.124            -0.002           -0.194
       Category 2     Category 2        0.766       0.764             0.002            0.150
     COG044         COG050
       Category 1     Category 1        0.054       0.046             0.008            1.093
       Category 1     Category 2        0.058       0.067            -0.008           -0.916
       Category 2     Category 1        0.219       0.228            -0.008           -0.545
       Category 2     Category 2        0.668       0.660             0.008            0.482
     COG044         COG051
       Category 1     Category 1        0.030       0.025             0.005            0.804
       Category 1     Category 2        0.083       0.087            -0.005           -0.446
       Category 2     Category 1        0.091       0.095            -0.005           -0.429
       Category 2     Category 2        0.797       0.792             0.005            0.310
     COG044         COG052
       Category 1     Category 1        0.055       0.061            -0.006           -0.672
       Category 1     Category 2        0.057       0.051             0.006            0.734
       Category 2     Category 1        0.261       0.255             0.006            0.370
       Category 2     Category 2        0.627       0.632            -0.006           -0.334
     COG044         COG053
       Category 1     Category 1        0.062       0.070            -0.007           -0.787
       Category 1     Category 2        0.050       0.043             0.007            0.990
       Category 2     Category 1        0.272       0.265             0.007            0.454
       Category 2     Category 2        0.616       0.623            -0.007           -0.413
     COG044         COG054
       Category 1     Category 1        0.054       0.047             0.007            0.883
       Category 1     Category 2        0.058       0.065            -0.007           -0.760
       Category 2     Category 1        0.277       0.284            -0.007           -0.415
       Category 2     Category 2        0.610       0.603             0.007            0.383
     COG044         COG055
       Category 1     Category 1        0.030       0.026             0.004            0.621
       Category 1     Category 2        0.083       0.086            -0.004           -0.353
       Category 2     Category 1        0.092       0.096            -0.004           -0.337
       Category 2     Category 2        0.796       0.792             0.004            0.244
     COG044         COG056
       Category 1     Category 1        0.074       0.072             0.002            0.230
       Category 1     Category 2        0.038       0.040            -0.002           -0.303
       Category 2     Category 1        0.367       0.369            -0.002           -0.123
       Category 2     Category 2        0.521       0.519             0.002            0.119
     COG044         COG057
       Category 1     Category 1        0.095       0.104            -0.009           -0.808
       Category 1     Category 2        0.018       0.009             0.009            2.679
       Category 2     Category 1        0.721       0.712             0.009            0.544
       Category 2     Category 2        0.166       0.176            -0.009           -0.648
     COG044         COG058
       Category 1     Category 1        0.068       0.069            -0.001           -0.121
       Category 1     Category 2        0.045       0.044             0.001            0.150
       Category 2     Category 1        0.367       0.366             0.001            0.064
       Category 2     Category 2        0.521       0.522            -0.001           -0.061
     COG044         COG060
       Category 1     Category 1        0.091       0.089             0.002            0.196
       Category 1     Category 2        0.022       0.024            -0.002           -0.367
       Category 2     Category 1        0.521       0.523            -0.002           -0.112
       Category 2     Category 2        0.367       0.365             0.002            0.116
     COG044         COG061
       Category 1     Category 1        0.097       0.099            -0.001           -0.126
       Category 1     Category 2        0.015       0.014             0.001            0.325
       Category 2     Category 1        0.662       0.660             0.001            0.079
       Category 2     Category 2        0.226       0.227            -0.001           -0.089
     COG044         COG062
       Category 1     Category 1        0.104       0.103             0.001            0.066
       Category 1     Category 2        0.008       0.009            -0.001           -0.215
       Category 2     Category 1        0.746       0.746            -0.001           -0.046
       Category 2     Category 2        0.142       0.141             0.001            0.058
     COG044         COG063
       Category 1     Category 1        0.107       0.107             0.000           -0.042
       Category 1     Category 2        0.005       0.005             0.000            0.186
       Category 2     Category 1        0.779       0.779             0.000            0.031
       Category 2     Category 2        0.108       0.109             0.000           -0.042
     COG044         COG064
       Category 1     Category 1        0.101       0.103            -0.002           -0.160
       Category 1     Category 2        0.011       0.009             0.002            0.516
       Category 2     Category 1        0.662       0.660             0.002            0.103
       Category 2     Category 2        0.226       0.228            -0.002           -0.116
     COG044         COG066
       Category 1     Category 1        0.107       0.105             0.002            0.181
       Category 1     Category 2        0.005       0.007            -0.002           -0.644
       Category 2     Category 1        0.717       0.719            -0.002           -0.123
       Category 2     Category 2        0.171       0.168             0.002            0.148
     COG045         COG046
       Category 1     Category 1        0.223       0.210             0.014            0.903
       Category 1     Category 2        0.149       0.162            -0.014           -0.997
       Category 2     Category 1        0.290       0.303            -0.014           -0.800
       Category 2     Category 2        0.338       0.325             0.014            0.785
     COG045         COG048
       Category 1     Category 1        0.051       0.059            -0.008           -0.928
       Category 1     Category 2        0.321       0.313             0.008            0.474
       Category 2     Category 1        0.057       0.049             0.008            1.020
       Category 2     Category 2        0.571       0.579            -0.008           -0.445
     COG045         COG049
       Category 1     Category 1        0.088       0.086             0.002            0.189
       Category 1     Category 2        0.284       0.286            -0.002           -0.117
       Category 2     Category 1        0.068       0.070            -0.002           -0.208
       Category 2     Category 2        0.560       0.558             0.002            0.107
     COG045         COG050
       Category 1     Category 1        0.181       0.142             0.039            3.061
       Category 1     Category 2        0.191       0.230            -0.039           -2.539
       Category 2     Category 1        0.092       0.131            -0.039           -3.163
       Category 2     Category 2        0.536       0.497             0.039            2.137
     COG045         COG051
       Category 1     Category 1        0.072       0.068             0.004            0.432
       Category 1     Category 2        0.300       0.304            -0.004           -0.236
       Category 2     Category 1        0.049       0.053            -0.004           -0.485
       Category 2     Category 2        0.579       0.575             0.004            0.219
     COG045         COG052
       Category 1     Category 1        0.146       0.143             0.003            0.246
       Category 1     Category 2        0.226       0.229            -0.003           -0.205
       Category 2     Category 1        0.171       0.174            -0.003           -0.227
       Category 2     Category 2        0.457       0.454             0.003            0.173
     COG045         COG053
       Category 1     Category 1        0.157       0.156             0.001            0.108
       Category 1     Category 2        0.215       0.217            -0.001           -0.095
       Category 2     Category 1        0.177       0.179            -0.001           -0.103
       Category 2     Category 2        0.451       0.449             0.001            0.079
     COG045         COG054
       Category 1     Category 1        0.150       0.145             0.005            0.388
       Category 1     Category 2        0.222       0.227            -0.005           -0.327
       Category 2     Category 1        0.181       0.186            -0.005           -0.351
       Category 2     Category 2        0.447       0.442             0.005            0.275
     COG045         COG055
       Category 1     Category 1        0.066       0.070            -0.003           -0.366
       Category 1     Category 2        0.306       0.302             0.003            0.203
       Category 2     Category 1        0.055       0.052             0.003            0.420
       Category 2     Category 2        0.572       0.576            -0.003           -0.189
     COG045         COG056
       Category 1     Category 1        0.202       0.215            -0.013           -0.882
       Category 1     Category 2        0.171       0.157             0.013            0.995
       Category 2     Category 1        0.240       0.226             0.013            0.866
       Category 2     Category 2        0.388       0.402            -0.013           -0.739
     COG045         COG057
       Category 1     Category 1        0.314       0.318            -0.005           -0.264
       Category 1     Category 2        0.058       0.054             0.005            0.545
       Category 2     Category 1        0.502       0.498             0.005            0.246
       Category 2     Category 2        0.126       0.130            -0.005           -0.365
     COG045         COG058
       Category 1     Category 1        0.198       0.206            -0.009           -0.579
       Category 1     Category 2        0.175       0.166             0.009            0.629
       Category 2     Category 1        0.237       0.228             0.009            0.558
       Category 2     Category 2        0.391       0.400            -0.009           -0.478
     COG045         COG060
       Category 1     Category 1        0.271       0.275            -0.004           -0.243
       Category 1     Category 2        0.101       0.098             0.004            0.365
       Category 2     Category 1        0.341       0.337             0.004            0.229
       Category 2     Category 2        0.287       0.291            -0.004           -0.238
     COG045         COG061
       Category 1     Category 1        0.300       0.316            -0.015           -0.889
       Category 1     Category 2        0.072       0.057             0.015            1.788
       Category 2     Category 1        0.459       0.444             0.015            0.831
       Category 2     Category 2        0.169       0.184            -0.015           -1.065
     COG045         COG062
       Category 1     Category 1        0.342       0.336             0.006            0.370
       Category 1     Category 2        0.030       0.036            -0.006           -0.937
       Category 2     Category 1        0.507       0.514            -0.006           -0.350
       Category 2     Category 2        0.120       0.114             0.006            0.551
     COG045         COG063
       Category 1     Category 1        0.342       0.350            -0.008           -0.435
       Category 1     Category 2        0.030       0.022             0.008            1.412
       Category 2     Category 1        0.544       0.536             0.008            0.416
       Category 2     Category 2        0.084       0.092            -0.008           -0.720
     COG045         COG064
       Category 1     Category 1        0.318       0.340            -0.022           -1.243
       Category 1     Category 2        0.054       0.032             0.022            3.319
       Category 2     Category 1        0.445       0.424             0.022            1.191
       Category 2     Category 2        0.183       0.204            -0.022           -1.459
     COG045         COG066
       Category 1     Category 1        0.329       0.338            -0.009           -0.536
       Category 1     Category 2        0.043       0.034             0.009            1.400
       Category 2     Category 1        0.495       0.486             0.009            0.507
       Category 2     Category 2        0.133       0.142            -0.009           -0.727
     COG046         COG048
       Category 1     Category 1        0.072       0.080            -0.008           -0.816
       Category 1     Category 2        0.441       0.433             0.008            0.446
       Category 2     Category 1        0.037       0.028             0.008            1.332
       Category 2     Category 2        0.451       0.459            -0.008           -0.444
     COG046         COG049
       Category 1     Category 1        0.101       0.097             0.005            0.434
       Category 1     Category 2        0.411       0.416            -0.005           -0.260
       Category 2     Category 1        0.054       0.059            -0.005           -0.545
       Category 2     Category 2        0.433       0.428             0.005            0.259
     COG046         COG050
       Category 1     Category 1        0.157       0.160            -0.003           -0.219
       Category 1     Category 2        0.356       0.353             0.003            0.168
       Category 2     Category 1        0.116       0.113             0.003            0.254
       Category 2     Category 2        0.371       0.374            -0.003           -0.166
     COG046         COG051
       Category 1     Category 1        0.080       0.076             0.004            0.441
       Category 1     Category 2        0.433       0.437            -0.004           -0.235
       Category 2     Category 1        0.041       0.045            -0.004           -0.563
       Category 2     Category 2        0.447       0.442             0.004            0.235
     COG046         COG052
       Category 1     Category 1        0.162       0.196            -0.034           -2.299
       Category 1     Category 2        0.350       0.317             0.034            1.961
       Category 2     Category 1        0.154       0.121             0.034            2.801
       Category 2     Category 2        0.333       0.366            -0.034           -1.894
     COG046         COG053
       Category 1     Category 1        0.191       0.213            -0.022           -1.474
       Category 1     Category 2        0.322       0.300             0.022            1.317
       Category 2     Category 1        0.143       0.121             0.022            1.848
       Category 2     Category 2        0.344       0.366            -0.022           -1.252
     COG046         COG054
       Category 1     Category 1        0.183       0.184            -0.001           -0.072
       Category 1     Category 2        0.330       0.329             0.001            0.059
       Category 2     Category 1        0.149       0.148             0.001            0.079
       Category 2     Category 2        0.338       0.339            -0.001           -0.059
     COG046         COG055
       Category 1     Category 1        0.084       0.077             0.007            0.692
       Category 1     Category 2        0.429       0.436            -0.007           -0.372
       Category 2     Category 1        0.038       0.045            -0.007           -0.893
       Category 2     Category 2        0.449       0.442             0.007            0.371
     COG046         COG056
       Category 1     Category 1        0.263       0.258             0.005            0.284
       Category 1     Category 2        0.250       0.255            -0.005           -0.286
       Category 2     Category 1        0.179       0.183            -0.005           -0.322
       Category 2     Category 2        0.309       0.304             0.005            0.271
     COG046         COG057
       Category 1     Category 1        0.432       0.439            -0.007           -0.403
       Category 1     Category 2        0.081       0.074             0.007            0.765
       Category 2     Category 1        0.384       0.377             0.007            0.413
       Category 2     Category 2        0.103       0.110            -0.007           -0.639
     COG046         COG058
       Category 1     Category 1        0.258       0.251             0.008            0.491
       Category 1     Category 2        0.254       0.262            -0.008           -0.483
       Category 2     Category 1        0.176       0.184            -0.008           -0.549
       Category 2     Category 2        0.311       0.303             0.008            0.462
     COG046         COG060
       Category 1     Category 1        0.353       0.344             0.009            0.535
       Category 1     Category 2        0.160       0.169            -0.009           -0.678
       Category 2     Category 1        0.258       0.268            -0.009           -0.574
       Category 2     Category 2        0.229       0.219             0.009            0.614
     COG046         COG061
       Category 1     Category 1        0.425       0.411             0.014            0.762
       Category 1     Category 2        0.088       0.102            -0.014           -1.240
       Category 2     Category 1        0.334       0.348            -0.014           -0.787
       Category 2     Category 2        0.153       0.139             0.014            1.084
     COG046         COG062
       Category 1     Category 1        0.470       0.449             0.021            1.128
       Category 1     Category 2        0.043       0.064            -0.021           -2.294
       Category 2     Category 1        0.380       0.401            -0.021           -1.145
       Category 2     Category 2        0.107       0.086             0.021            1.999
     COG046         COG063
       Category 1     Category 1        0.478       0.468             0.009            0.509
       Category 1     Category 2        0.035       0.045            -0.009           -1.232
       Category 2     Category 1        0.409       0.418            -0.009           -0.515
       Category 2     Category 2        0.078       0.069             0.009            1.002
     COG046         COG064
       Category 1     Category 1        0.422       0.422             0.001            0.037
       Category 1     Category 2        0.091       0.091            -0.001           -0.064
       Category 2     Category 1        0.341       0.342            -0.001           -0.039
       Category 2     Category 2        0.146       0.145             0.001            0.052
     COG046         COG066
       Category 1     Category 1        0.463       0.444             0.019            1.035
       Category 1     Category 2        0.050       0.069            -0.019           -2.029
       Category 2     Category 1        0.361       0.380            -0.019           -1.059
       Category 2     Category 2        0.126       0.107             0.019            1.664
     COG048         COG049
       Category 1     Category 1        0.027       0.037            -0.010           -1.480
       Category 1     Category 2        0.081       0.071             0.010            1.094
       Category 2     Category 1        0.129       0.118             0.010            0.869
       Category 2     Category 2        0.763       0.774            -0.010           -0.671
     COG048         COG050
       Category 1     Category 1        0.047       0.051            -0.004           -0.440
       Category 1     Category 2        0.061       0.057             0.004            0.417
       Category 2     Category 1        0.226       0.222             0.004            0.233
       Category 2     Category 2        0.666       0.669            -0.004           -0.206
     COG048         COG051
       Category 1     Category 1        0.030       0.030             0.000           -0.069
       Category 1     Category 2        0.078       0.078             0.000            0.044
       Category 2     Category 1        0.091       0.090             0.000            0.041
       Category 2     Category 2        0.801       0.802             0.000           -0.029
     COG048         COG052
       Category 1     Category 1        0.051       0.071            -0.020           -2.086
       Category 1     Category 2        0.057       0.037             0.020            2.837
       Category 2     Category 1        0.265       0.245             0.020            1.246
       Category 2     Category 2        0.627       0.646            -0.020           -1.122
     COG048         COG053
       Category 1     Category 1        0.107       0.082             0.025            2.480
       Category 1     Category 2        0.001       0.026            -0.025           -4.244
       Category 2     Category 1        0.227       0.252            -0.025           -1.565
       Category 2     Category 2        0.664       0.639             0.025            1.416
     COG048         COG054
       Category 1     Category 1        0.051       0.050             0.002            0.196
       Category 1     Category 2        0.057       0.058            -0.002           -0.182
       Category 2     Category 1        0.280       0.282            -0.002           -0.095
       Category 2     Category 2        0.612       0.610             0.002            0.088
     COG048         COG055
       Category 1     Category 1        0.028       0.032            -0.003           -0.501
       Category 1     Category 2        0.080       0.077             0.003            0.330
       Category 2     Category 1        0.093       0.090             0.003            0.306
       Category 2     Category 2        0.798       0.802            -0.003           -0.220
     COG048         COG056
       Category 1     Category 1        0.054       0.079            -0.025           -2.511
       Category 1     Category 2        0.054       0.029             0.025            4.025
       Category 2     Category 1        0.387       0.362             0.025            1.410
       Category 2     Category 2        0.505       0.530            -0.025           -1.358
     COG048         COG057
       Category 1     Category 1        0.096       0.104            -0.007           -0.666
       Category 1     Category 2        0.012       0.005             0.007            2.966
       Category 2     Category 1        0.720       0.712             0.007            0.449
       Category 2     Category 2        0.172       0.179            -0.007           -0.529
     COG048         COG058
       Category 1     Category 1        0.058       0.075            -0.016           -1.705
       Category 1     Category 2        0.050       0.034             0.016            2.488
       Category 2     Category 1        0.376       0.360             0.016            0.934
       Category 2     Category 2        0.516       0.532            -0.016           -0.898
     COG048         COG060
       Category 1     Category 1        0.078       0.093            -0.014           -1.326
       Category 1     Category 2        0.030       0.016             0.014            3.099
       Category 2     Category 1        0.533       0.519             0.014            0.769
       Category 2     Category 2        0.359       0.373            -0.014           -0.795
     COG048         COG061
       Category 1     Category 1        0.087       0.100            -0.013           -1.184
       Category 1     Category 2        0.022       0.009             0.013            3.838
       Category 2     Category 1        0.673       0.659             0.013            0.748
       Category 2     Category 2        0.219       0.232            -0.013           -0.840
     COG048         COG062
       Category 1     Category 1        0.097       0.102            -0.005           -0.435
       Category 1     Category 2        0.011       0.006             0.005            1.707
       Category 2     Category 1        0.752       0.748             0.005            0.303
       Category 2     Category 2        0.139       0.144            -0.005           -0.375
     COG048         COG063
       Category 1     Category 1        0.100       0.106            -0.005           -0.483
       Category 1     Category 2        0.008       0.003             0.005            2.884
       Category 2     Category 1        0.786       0.781             0.005            0.359
       Category 2     Category 2        0.106       0.111            -0.005           -0.473
     COG048         COG064
       Category 1     Category 1        0.100       0.104            -0.004           -0.370
       Category 1     Category 2        0.008       0.004             0.004            1.802
       Category 2     Category 1        0.663       0.659             0.004            0.239
       Category 2     Category 2        0.229       0.233            -0.004           -0.268
     COG048         COG066
       Category 1     Category 1        0.099       0.104            -0.006           -0.504
       Category 1     Category 2        0.009       0.004             0.006            2.507
       Category 2     Category 1        0.725       0.720             0.006            0.343
       Category 2     Category 2        0.166       0.172            -0.006           -0.409
     COG049         COG050
       Category 1     Category 1        0.078       0.074             0.005            0.503
       Category 1     Category 2        0.077       0.082            -0.005           -0.479
       Category 2     Category 1        0.195       0.200            -0.005           -0.329
       Category 2     Category 2        0.650       0.645             0.005            0.275
     COG049         COG051
       Category 1     Category 1        0.068       0.066             0.002            0.229
       Category 1     Category 2        0.088       0.090            -0.002           -0.198
       Category 2     Category 1        0.053       0.055            -0.002           -0.249
       Category 2     Category 2        0.792       0.790             0.002            0.139
     COG049         COG052
       Category 1     Category 1        0.074       0.073             0.001            0.150
       Category 1     Category 2        0.081       0.083            -0.001           -0.142
       Category 2     Category 1        0.242       0.244            -0.001           -0.091
       Category 2     Category 2        0.602       0.601             0.001            0.080
     COG049         COG053
       Category 1     Category 1        0.069       0.081            -0.012           -1.236
       Category 1     Category 2        0.087       0.074             0.012            1.290
       Category 2     Category 1        0.265       0.253             0.012            0.778
       Category 2     Category 2        0.579       0.592            -0.012           -0.688
     COG049         COG054
       Category 1     Category 1        0.074       0.086            -0.011           -1.097
       Category 1     Category 2        0.081       0.070             0.011            1.205
       Category 2     Category 1        0.257       0.246             0.011            0.714
       Category 2     Category 2        0.587       0.599            -0.011           -0.627
     COG049         COG055
       Category 1     Category 1        0.062       0.070            -0.008           -0.821
       Category 1     Category 2        0.093       0.086             0.008            0.748
       Category 2     Category 1        0.060       0.052             0.008            0.944
       Category 2     Category 2        0.785       0.793            -0.008           -0.516
     COG049         COG056
       Category 1     Category 1        0.154       0.144             0.010            0.771
       Category 1     Category 2        0.001       0.011            -0.010           -2.561
       Category 2     Category 1        0.287       0.297            -0.010           -0.593
       Category 2     Category 2        0.558       0.548             0.010            0.544
     COG049         COG057
       Category 1     Category 1        0.142       0.139             0.003            0.221
       Category 1     Category 2        0.014       0.016            -0.003           -0.603
       Category 2     Category 1        0.674       0.677            -0.003           -0.163
       Category 2     Category 2        0.171       0.168             0.003            0.205
     COG049         COG058
       Category 1     Category 1        0.123       0.135            -0.012           -0.936
       Category 1     Category 2        0.032       0.021             0.012            2.244
       Category 2     Category 1        0.311       0.299             0.012            0.698
       Category 2     Category 2        0.533       0.545            -0.012           -0.642
     COG049         COG060
       Category 1     Category 1        0.150       0.152            -0.002           -0.145
       Category 1     Category 2        0.005       0.003             0.002            0.884
       Category 2     Category 1        0.461       0.460             0.002            0.105
       Category 2     Category 2        0.383       0.385            -0.002           -0.107
     COG049         COG061
       Category 1     Category 1        0.147       0.153            -0.006           -0.452
       Category 1     Category 2        0.008       0.002             0.006            3.537
       Category 2     Category 1        0.612       0.606             0.006            0.333
       Category 2     Category 2        0.233       0.239            -0.006           -0.382
     COG049         COG062
       Category 1     Category 1        0.152       0.153            -0.002           -0.118
       Category 1     Category 2        0.004       0.002             0.002            0.850
       Category 2     Category 1        0.698       0.697             0.002            0.092
       Category 2     Category 2        0.146       0.148            -0.002           -0.120
     COG049         COG063
       Category 1     Category 1        0.154       0.155            -0.001           -0.083
       Category 1     Category 2        0.001       0.000             0.001            1.920
       Category 2     Category 1        0.732       0.731             0.001            0.068
       Category 2     Category 2        0.112       0.113            -0.001           -0.095
     COG049         COG064
       Category 1     Category 1        0.145       0.151            -0.006           -0.466
       Category 1     Category 2        0.011       0.005             0.006            2.438
       Category 2     Category 1        0.618       0.612             0.006            0.342
       Category 2     Category 2        0.226       0.232            -0.006           -0.395
     COG049         COG066
       Category 1     Category 1        0.156       0.156             0.000            0.008
       Category 1     Category 2        0.000       0.000             0.000           -0.284
       Category 2     Category 1        0.668       0.669             0.000           -0.006
       Category 2     Category 2        0.176       0.176             0.000            0.008
     COG050         COG051
       Category 1     Category 1        0.064       0.058             0.005            0.598
       Category 1     Category 2        0.210       0.215            -0.005           -0.341
       Category 2     Category 1        0.057       0.062            -0.005           -0.582
       Category 2     Category 2        0.670       0.665             0.005            0.297
     COG050         COG052
       Category 1     Category 1        0.120       0.113             0.007            0.612
       Category 1     Category 2        0.153       0.160            -0.007           -0.529
       Category 2     Category 1        0.196       0.203            -0.007           -0.482
       Category 2     Category 2        0.530       0.523             0.007            0.389
     COG050         COG053
       Category 1     Category 1        0.122       0.125            -0.003           -0.226
       Category 1     Category 2        0.152       0.149             0.003            0.210
       Category 2     Category 1        0.212       0.210             0.003            0.183
       Category 2     Category 2        0.514       0.517            -0.003           -0.149
     COG050         COG054
       Category 1     Category 1        0.127       0.114             0.013            1.155
       Category 1     Category 2        0.146       0.160            -0.013           -1.001
       Category 2     Category 1        0.204       0.218            -0.013           -0.888
       Category 2     Category 2        0.522       0.509             0.013            0.733
     COG050         COG055
       Category 1     Category 1        0.065       0.061             0.004            0.499
       Category 1     Category 2        0.208       0.213            -0.004           -0.291
       Category 2     Category 1        0.057       0.061            -0.004           -0.496
       Category 2     Category 2        0.670       0.665             0.004            0.252
     COG050         COG056
       Category 1     Category 1        0.162       0.174            -0.012           -0.849
       Category 1     Category 2        0.111       0.099             0.012            1.078
       Category 2     Category 1        0.279       0.267             0.012            0.728
       Category 2     Category 2        0.448       0.460            -0.012           -0.646
     COG050         COG057
       Category 1     Category 1        0.233       0.238            -0.005           -0.341
       Category 1     Category 2        0.041       0.035             0.005            0.789
       Category 2     Category 1        0.583       0.578             0.005            0.294
       Category 2     Category 2        0.143       0.149            -0.005           -0.409
     COG050         COG058
       Category 1     Category 1        0.156       0.166            -0.010           -0.741
       Category 1     Category 2        0.118       0.108             0.010            0.889
       Category 2     Category 1        0.279       0.269             0.010            0.622
       Category 2     Category 2        0.448       0.458            -0.010           -0.553
     COG050         COG060
       Category 1     Category 1        0.211       0.215            -0.004           -0.280
       Category 1     Category 2        0.062       0.058             0.004            0.492
       Category 2     Category 1        0.401       0.396             0.004            0.235
       Category 2     Category 2        0.326       0.330            -0.004           -0.244
     COG050         COG061
       Category 1     Category 1        0.238       0.241            -0.002           -0.153
       Category 1     Category 2        0.035       0.033             0.002            0.368
       Category 2     Category 1        0.521       0.519             0.002            0.131
       Category 2     Category 2        0.206       0.208            -0.002           -0.162
     COG050         COG062
       Category 1     Category 1        0.250       0.252            -0.001           -0.092
       Category 1     Category 2        0.023       0.022             0.001            0.277
       Category 2     Category 1        0.599       0.598             0.001            0.082
       Category 2     Category 2        0.127       0.129            -0.001           -0.120
     COG050         COG063
       Category 1     Category 1        0.263       0.262             0.001            0.051
       Category 1     Category 2        0.011       0.012            -0.001           -0.209
       Category 2     Category 1        0.624       0.625            -0.001           -0.046
       Category 2     Category 2        0.103       0.102             0.001            0.074
     COG050         COG064
       Category 1     Category 1        0.240       0.261            -0.022           -1.341
       Category 1     Category 2        0.034       0.012             0.022            5.378
       Category 2     Category 1        0.524       0.502             0.022            1.179
       Category 2     Category 2        0.203       0.225            -0.022           -1.412
     COG050         COG066
       Category 1     Category 1        0.249       0.256            -0.007           -0.426
       Category 1     Category 2        0.024       0.018             0.007            1.415
       Category 2     Category 1        0.575       0.568             0.007            0.375
       Category 2     Category 2        0.152       0.158            -0.007           -0.509
     COG051         COG052
       Category 1     Category 1        0.065       0.058             0.007            0.867
       Category 1     Category 2        0.055       0.063            -0.007           -0.831
       Category 2     Category 1        0.252       0.259            -0.007           -0.461
       Category 2     Category 2        0.628       0.620             0.007            0.416
     COG051         COG053
       Category 1     Category 1        0.061       0.064            -0.003           -0.378
       Category 1     Category 2        0.060       0.056             0.003            0.402
       Category 2     Category 1        0.273       0.270             0.003            0.209
       Category 2     Category 2        0.606       0.610            -0.003           -0.190
     COG051         COG054
       Category 1     Category 1        0.066       0.068            -0.001           -0.162
       Category 1     Category 2        0.054       0.053             0.001            0.182
       Category 2     Category 1        0.265       0.264             0.001            0.092
       Category 2     Category 2        0.614       0.616            -0.001           -0.084
     COG051         COG055
       Category 1     Category 1        0.061       0.058             0.003            0.362
       Category 1     Category 2        0.060       0.063            -0.003           -0.349
       Category 2     Category 1        0.061       0.064            -0.003           -0.345
       Category 2     Category 2        0.819       0.816             0.003            0.218
     COG051         COG056
       Category 1     Category 1        0.111       0.113            -0.002           -0.138
       Category 1     Category 2        0.009       0.008             0.002            0.492
       Category 2     Category 1        0.330       0.329             0.002            0.093
       Category 2     Category 2        0.549       0.551            -0.002           -0.087
     COG051         COG057
       Category 1     Category 1        0.110       0.108             0.001            0.128
       Category 1     Category 2        0.011       0.012            -0.001           -0.361
       Category 2     Category 1        0.706       0.708            -0.001           -0.087
       Category 2     Category 2        0.173       0.172             0.001            0.105
     COG051         COG058
       Category 1     Category 1        0.120       0.106             0.015            1.294
       Category 1     Category 2        0.000       0.015            -0.015           -3.313
       Category 2     Category 1        0.314       0.329            -0.015           -0.847
       Category 2     Category 2        0.566       0.551             0.015            0.800
     COG051         COG060
       Category 1     Category 1        0.116       0.118            -0.002           -0.135
       Category 1     Category 2        0.004       0.002             0.002            0.880
       Category 2     Category 1        0.495       0.494             0.002            0.087
       Category 2     Category 2        0.384       0.386            -0.002           -0.089
     COG051         COG061
       Category 1     Category 1        0.116       0.119            -0.003           -0.215
       Category 1     Category 2        0.004       0.001             0.003            1.802
       Category 2     Category 1        0.643       0.640             0.003            0.145
       Category 2     Category 2        0.237       0.239            -0.003           -0.163
     COG051         COG062
       Category 1     Category 1        0.118       0.119            -0.001           -0.079
       Category 1     Category 2        0.003       0.002             0.001            0.604
       Category 2     Category 1        0.732       0.731             0.001            0.057
       Category 2     Category 2        0.147       0.148            -0.001           -0.071
     COG051         COG063
       Category 1     Category 1        0.118       0.120            -0.003           -0.211
       Category 1     Category 2        0.003       0.000             0.003            5.162
       Category 2     Category 1        0.769       0.766             0.003            0.162
       Category 2     Category 2        0.111       0.113            -0.003           -0.217
     COG051         COG064
       Category 1     Category 1        0.115       0.117            -0.002           -0.176
       Category 1     Category 2        0.005       0.003             0.002            0.984
       Category 2     Category 1        0.648       0.646             0.002            0.119
       Category 2     Category 2        0.231       0.233            -0.002           -0.134
     COG051         COG066
       Category 1     Category 1        0.120       0.120             0.000            0.007
       Category 1     Category 2        0.000       0.000             0.000           -0.253
       Category 2     Category 1        0.704       0.704             0.000           -0.005
       Category 2     Category 2        0.176       0.176             0.000            0.006
     COG052         COG053
       Category 1     Category 1        0.141       0.163            -0.023           -1.663
       Category 1     Category 2        0.176       0.153             0.023            1.707
       Category 2     Category 1        0.194       0.171             0.023            1.634
       Category 2     Category 2        0.490       0.512            -0.023           -1.230
     COG052         COG054
       Category 1     Category 1        0.157       0.123             0.034            2.796
       Category 1     Category 2        0.160       0.193            -0.034           -2.326
       Category 2     Category 1        0.175       0.208            -0.034           -2.263
       Category 2     Category 2        0.509       0.475             0.034            1.840
     COG052         COG055
       Category 1     Category 1        0.077       0.059             0.018            2.059
       Category 1     Category 2        0.240       0.257            -0.018           -1.112
       Category 2     Category 1        0.045       0.063            -0.018           -2.008
       Category 2     Category 2        0.639       0.621             0.018            1.002
     COG052         COG056
       Category 1     Category 1        0.180       0.182            -0.002           -0.130
       Category 1     Category 2        0.137       0.135             0.002            0.147
       Category 2     Category 1        0.261       0.259             0.002            0.115
       Category 2     Category 2        0.422       0.424            -0.002           -0.102
     COG052         COG057
       Category 1     Category 1        0.277       0.284            -0.006           -0.369
       Category 1     Category 2        0.039       0.033             0.006            0.928
       Category 2     Category 1        0.539       0.532             0.006            0.333
       Category 2     Category 2        0.145       0.151            -0.006           -0.464
     COG052         COG058
       Category 1     Category 1        0.171       0.175            -0.004           -0.289
       Category 1     Category 2        0.146       0.142             0.004            0.314
       Category 2     Category 1        0.264       0.260             0.004            0.250
       Category 2     Category 2        0.419       0.424            -0.004           -0.222
     COG052         COG060
       Category 1     Category 1        0.237       0.232             0.004            0.281
       Category 1     Category 2        0.080       0.084            -0.004           -0.428
       Category 2     Category 1        0.375       0.379            -0.004           -0.245
       Category 2     Category 2        0.309       0.304             0.004            0.258
     COG052         COG061
       Category 1     Category 1        0.277       0.268             0.010            0.602
       Category 1     Category 2        0.039       0.049            -0.010           -1.234
       Category 2     Category 1        0.482       0.492            -0.010           -0.533
       Category 2     Category 2        0.202       0.192             0.010            0.677
     COG052         COG062
       Category 1     Category 1        0.291       0.285             0.006            0.340
       Category 1     Category 2        0.026       0.031            -0.006           -0.882
       Category 2     Category 1        0.559       0.565            -0.006           -0.310
       Category 2     Category 2        0.124       0.119             0.006            0.475
     COG052         COG063
       Category 1     Category 1        0.302       0.297             0.005            0.273
       Category 1     Category 2        0.015       0.019            -0.005           -0.902
       Category 2     Category 1        0.585       0.589            -0.005           -0.253
       Category 2     Category 2        0.099       0.094             0.005            0.427
     COG052         COG064
       Category 1     Category 1        0.280       0.279             0.002            0.097
       Category 1     Category 2        0.037       0.038            -0.002           -0.228
       Category 2     Category 1        0.483       0.485            -0.002           -0.087
       Category 2     Category 2        0.200       0.199             0.002            0.110
     COG052         COG066
       Category 1     Category 1        0.288       0.287             0.002            0.090
       Category 1     Category 2        0.028       0.030            -0.002           -0.240
       Category 2     Category 1        0.536       0.537            -0.002           -0.082
       Category 2     Category 2        0.147       0.146             0.002            0.116
     COG053         COG054
       Category 1     Category 1        0.139       0.133             0.006            0.485
       Category 1     Category 2        0.195       0.201            -0.006           -0.412
       Category 2     Category 1        0.192       0.198            -0.006           -0.414
       Category 2     Category 2        0.474       0.468             0.006            0.331
     COG053         COG055
       Category 1     Category 1        0.065       0.066            -0.001           -0.154
       Category 1     Category 2        0.269       0.268             0.001            0.087
       Category 2     Category 1        0.057       0.055             0.001            0.167
       Category 2     Category 2        0.609       0.610            -0.001           -0.079
     COG053         COG056
       Category 1     Category 1        0.172       0.200            -0.028           -1.902
       Category 1     Category 2        0.162       0.134             0.028            2.230
       Category 2     Category 1        0.269       0.241             0.028            1.778
       Category 2     Category 2        0.396       0.424            -0.028           -1.539
     COG053         COG057
       Category 1     Category 1        0.286       0.304            -0.018           -1.067
       Category 1     Category 2        0.049       0.031             0.018            2.844
       Category 2     Category 1        0.530       0.512             0.018            0.981
       Category 2     Category 2        0.135       0.153            -0.018           -1.361
     COG053         COG058
       Category 1     Category 1        0.157       0.191            -0.034           -2.360
       Category 1     Category 2        0.177       0.143             0.034            2.650
       Category 2     Category 1        0.277       0.243             0.034            2.163
       Category 2     Category 2        0.388       0.423            -0.034           -1.879
     COG053         COG060
       Category 1     Category 1        0.226       0.252            -0.026           -1.655
       Category 1     Category 2        0.108       0.082             0.026            2.623
       Category 2     Category 1        0.386       0.359             0.026            1.499
       Category 2     Category 2        0.280       0.307            -0.026           -1.559
     COG053         COG061
       Category 1     Category 1        0.269       0.287            -0.018           -1.079
       Category 1     Category 2        0.065       0.047             0.018            2.307
       Category 2     Category 1        0.490       0.472             0.018            0.978
       Category 2     Category 2        0.176       0.194            -0.018           -1.235
     COG053         COG062
       Category 1     Category 1        0.298       0.304            -0.006           -0.367
       Category 1     Category 2        0.037       0.030             0.006            0.985
       Category 2     Category 1        0.552       0.546             0.006            0.339
       Category 2     Category 2        0.114       0.120            -0.006           -0.520
     COG053         COG063
       Category 1     Category 1        0.310       0.316            -0.007           -0.382
       Category 1     Category 2        0.024       0.018             0.007            1.342
       Category 2     Category 1        0.576       0.570             0.007            0.359
       Category 2     Category 2        0.089       0.096            -0.007           -0.603
     COG053         COG064
       Category 1     Category 1        0.294       0.300            -0.007           -0.398
       Category 1     Category 2        0.041       0.034             0.007            1.010
       Category 2     Category 1        0.470       0.463             0.007            0.366
       Category 2     Category 2        0.196       0.203            -0.007           -0.454
     COG053         COG066
       Category 1     Category 1        0.294       0.307            -0.013           -0.788
       Category 1     Category 2        0.041       0.027             0.013            2.235
       Category 2     Category 1        0.530       0.517             0.013            0.728
       Category 2     Category 2        0.135       0.149            -0.013           -1.022
     COG054         COG055
       Category 1     Category 1        0.073       0.070             0.003            0.312
       Category 1     Category 2        0.258       0.261            -0.003           -0.181
       Category 2     Category 1        0.049       0.052            -0.003           -0.360
       Category 2     Category 2        0.620       0.617             0.003            0.164
     COG054         COG056
       Category 1     Category 1        0.179       0.207            -0.028           -1.889
       Category 1     Category 2        0.153       0.125             0.028            2.315
       Category 2     Category 1        0.263       0.234             0.028            1.806
       Category 2     Category 2        0.406       0.434            -0.028           -1.544
     COG054         COG057
       Category 1     Category 1        0.294       0.281             0.012            0.749
       Category 1     Category 2        0.038       0.050            -0.012           -1.542
       Category 2     Category 1        0.522       0.535            -0.012           -0.675
       Category 2     Category 2        0.146       0.134             0.012            0.990
     COG054         COG058
       Category 1     Category 1        0.189       0.197            -0.008           -0.514
       Category 1     Category 2        0.142       0.135             0.008            0.599
       Category 2     Category 1        0.245       0.237             0.008            0.481
       Category 2     Category 2        0.424       0.431            -0.008           -0.413
     COG054         COG060
       Category 1     Category 1        0.250       0.258            -0.007           -0.463
       Category 1     Category 2        0.081       0.074             0.007            0.775
       Category 2     Category 1        0.361       0.354             0.007            0.424
       Category 2     Category 2        0.307       0.315            -0.007           -0.436
     COG054         COG061
       Category 1     Category 1        0.288       0.290            -0.002           -0.093
       Category 1     Category 2        0.043       0.042             0.002            0.210
       Category 2     Category 1        0.471       0.469             0.002            0.084
       Category 2     Category 2        0.198       0.199            -0.002           -0.105
     COG054         COG062
       Category 1     Category 1        0.298       0.304            -0.007           -0.387
       Category 1     Category 2        0.034       0.027             0.007            1.094
       Category 2     Category 1        0.552       0.546             0.007            0.358
       Category 2     Category 2        0.116       0.123            -0.007           -0.543
     COG054         COG063
       Category 1     Category 1        0.313       0.316            -0.004           -0.228
       Category 1     Category 2        0.019       0.015             0.004            0.873
       Category 2     Category 1        0.574       0.570             0.004            0.215
       Category 2     Category 2        0.095       0.099            -0.004           -0.356
     COG054         COG064
       Category 1     Category 1        0.299       0.286             0.014            0.813
       Category 1     Category 2        0.032       0.046            -0.014           -1.752
       Category 2     Category 1        0.464       0.478            -0.014           -0.735
       Category 2     Category 2        0.204       0.191             0.014            0.934
     COG054         COG066
       Category 1     Category 1        0.310       0.309             0.001            0.063
       Category 1     Category 2        0.022       0.023            -0.001           -0.195
       Category 2     Category 1        0.514       0.515            -0.001           -0.058
       Category 2     Category 2        0.154       0.153             0.001            0.081
     COG055         COG056
       Category 1     Category 1        0.110       0.116            -0.007           -0.571
       Category 1     Category 2        0.012       0.005             0.007            2.485
       Category 2     Category 1        0.332       0.325             0.007            0.391
       Category 2     Category 2        0.547       0.553            -0.007           -0.368
     COG055         COG057
       Category 1     Category 1        0.118       0.110             0.008            0.689
       Category 1     Category 2        0.004       0.012            -0.008           -1.979
       Category 2     Category 1        0.698       0.706            -0.008           -0.473
       Category 2     Category 2        0.180       0.172             0.008            0.570
     COG055         COG058
       Category 1     Category 1        0.112       0.110             0.003            0.234
       Category 1     Category 2        0.009       0.012            -0.003           -0.667
       Category 2     Category 1        0.322       0.325            -0.003           -0.156
       Category 2     Category 2        0.556       0.553             0.003            0.147
     COG055         COG060
       Category 1     Category 1        0.115       0.120            -0.005           -0.442
       Category 1     Category 2        0.007       0.001             0.005            3.752
       Category 2     Category 1        0.497       0.491             0.005            0.288
       Category 2     Category 2        0.382       0.387            -0.005           -0.295
     COG055         COG061
       Category 1     Category 1        0.120       0.121             0.000           -0.029
       Category 1     Category 2        0.001       0.001             0.000            0.300
       Category 2     Category 1        0.639       0.638             0.000            0.020
       Category 2     Category 2        0.240       0.240             0.000           -0.022
     COG055         COG062
       Category 1     Category 1        0.122       0.120             0.001            0.118
       Category 1     Category 2        0.000       0.001            -0.001           -1.024
       Category 2     Category 1        0.728       0.729            -0.001           -0.087
       Category 2     Category 2        0.150       0.149             0.001            0.108
     COG055         COG063
       Category 1     Category 1        0.122       0.122             0.000            0.008
       Category 1     Category 2        0.000       0.000             0.000           -0.261
       Category 2     Category 1        0.765       0.765             0.000           -0.006
       Category 2     Category 2        0.114       0.114             0.000            0.008
     COG055         COG064
       Category 1     Category 1        0.120       0.119             0.001            0.111
       Category 1     Category 2        0.001       0.003            -0.001           -0.695
       Category 2     Category 1        0.643       0.644            -0.001           -0.075
       Category 2     Category 2        0.235       0.234             0.001            0.085
     COG055         COG066
       Category 1     Category 1        0.122       0.122             0.000            0.002
       Category 1     Category 2        0.000       0.000             0.000           -0.136
       Category 2     Category 1        0.702       0.702             0.000           -0.001
       Category 2     Category 2        0.176       0.176             0.000            0.002
     COG056         COG057
       Category 1     Category 1        0.386       0.385             0.001            0.044
       Category 1     Category 2        0.055       0.056            -0.001           -0.094
       Category 2     Category 1        0.430       0.431            -0.001           -0.044
       Category 2     Category 2        0.129       0.128             0.001            0.065
     COG056         COG058
       Category 1     Category 1        0.334       0.327             0.007            0.423
       Category 1     Category 2        0.107       0.114            -0.007           -0.624
       Category 2     Category 1        0.100       0.107            -0.007           -0.641
       Category 2     Category 2        0.459       0.451             0.007            0.399
     COG056         COG060
       Category 1     Category 1        0.425       0.412             0.012            0.686
       Category 1     Category 2        0.016       0.029            -0.012           -2.023
       Category 2     Category 1        0.187       0.199            -0.012           -0.845
       Category 2     Category 2        0.372       0.360             0.012            0.703
     COG056         COG061
       Category 1     Category 1        0.413       0.426            -0.013           -0.710
       Category 1     Category 2        0.028       0.015             0.013            2.843
       Category 2     Category 1        0.346       0.333             0.013            0.745
       Category 2     Category 2        0.212       0.225            -0.013           -0.840
     COG056         COG062
       Category 1     Category 1        0.415       0.427            -0.011           -0.615
       Category 1     Category 2        0.026       0.015             0.011            2.541
       Category 2     Category 1        0.434       0.423             0.011            0.615
       Category 2     Category 2        0.124       0.136            -0.011           -0.888
     COG056         COG063
       Category 1     Category 1        0.434       0.439            -0.005           -0.260
       Category 1     Category 2        0.007       0.002             0.005            2.869
       Category 2     Category 1        0.452       0.447             0.005            0.259
       Category 2     Category 2        0.107       0.112            -0.005           -0.409
     COG056         COG064
       Category 1     Category 1        0.413       0.414            -0.001           -0.069
       Category 1     Category 2        0.028       0.027             0.001            0.209
       Category 2     Category 1        0.350       0.349             0.001            0.071
       Category 2     Category 2        0.208       0.210            -0.001           -0.083
     COG056         COG066
       Category 1     Category 1        0.437       0.440            -0.003           -0.179
       Category 1     Category 2        0.004       0.001             0.003            3.136
       Category 2     Category 1        0.387       0.384             0.003            0.182
       Category 2     Category 2        0.172       0.175            -0.003           -0.233
     COG057         COG058
       Category 1     Category 1        0.388       0.376             0.012            0.673
       Category 1     Category 2        0.428       0.440            -0.012           -0.657
       Category 2     Category 1        0.046       0.058            -0.012           -1.396
       Category 2     Category 2        0.138       0.126             0.012            0.983
     COG057         COG060
       Category 1     Category 1        0.535       0.524             0.011            0.578
       Category 1     Category 2        0.281       0.292            -0.011           -0.635
       Category 2     Category 1        0.077       0.088            -0.011           -1.020
       Category 2     Category 2        0.107       0.096             0.011            0.979
     COG057         COG061
       Category 1     Category 1        0.656       0.638             0.018            1.034
       Category 1     Category 2        0.160       0.178            -0.018           -1.299
       Category 2     Category 1        0.103       0.121            -0.018           -1.523
       Category 2     Category 2        0.081       0.063             0.018            2.046
     COG057         COG062
       Category 1     Category 1        0.713       0.705             0.008            0.501
       Category 1     Category 2        0.103       0.111            -0.008           -0.727
       Category 2     Category 1        0.137       0.145            -0.008           -0.649
       Category 2     Category 2        0.047       0.039             0.008            1.181
     COG057         COG063
       Category 1     Category 1        0.744       0.736             0.009            0.536
       Category 1     Category 2        0.072       0.080            -0.009           -0.869
       Category 2     Category 1        0.142       0.151            -0.009           -0.660
       Category 2     Category 2        0.042       0.033             0.009            1.318
     COG057         COG064
       Category 1     Category 1        0.654       0.649             0.004            0.256
       Category 1     Category 2        0.162       0.167            -0.004           -0.327
       Category 2     Category 1        0.110       0.114            -0.004           -0.384
       Category 2     Category 2        0.074       0.070             0.004            0.478
     COG057         COG066
       Category 1     Category 1        0.698       0.691             0.007            0.414
       Category 1     Category 2        0.118       0.125            -0.007           -0.579
       Category 2     Category 1        0.126       0.133            -0.007           -0.563
       Category 2     Category 2        0.058       0.051             0.007            0.868
     COG058         COG060
       Category 1     Category 1        0.398       0.387             0.011            0.609
       Category 1     Category 2        0.037       0.047            -0.011           -1.395
       Category 2     Category 1        0.214       0.225            -0.011           -0.710
       Category 2     Category 2        0.352       0.341             0.011            0.625
     COG058         COG061
       Category 1     Category 1        0.403       0.410            -0.006           -0.353
       Category 1     Category 2        0.031       0.025             0.006            1.119
       Category 2     Category 1        0.356       0.349             0.006            0.365
       Category 2     Category 2        0.210       0.216            -0.006           -0.422
     COG058         COG062
       Category 1     Category 1        0.413       0.415            -0.002           -0.132
       Category 1     Category 2        0.022       0.019             0.002            0.473
       Category 2     Category 1        0.437       0.435             0.002            0.131
       Category 2     Category 2        0.129       0.131            -0.002           -0.193
     COG058         COG063
       Category 1     Category 1        0.428       0.429            -0.002           -0.093
       Category 1     Category 2        0.007       0.005             0.002            0.645
       Category 2     Category 1        0.459       0.457             0.002            0.092
       Category 2     Category 2        0.107       0.109            -0.002           -0.147
     COG058         COG064
       Category 1     Category 1        0.402       0.399             0.003            0.139
       Category 1     Category 2        0.032       0.035            -0.003           -0.372
       Category 2     Category 1        0.361       0.364            -0.003           -0.142
       Category 2     Category 2        0.204       0.202             0.003            0.170
     COG058         COG066
       Category 1     Category 1        0.434       0.429             0.005            0.287
       Category 1     Category 2        0.000       0.005            -0.005           -1.970
       Category 2     Category 1        0.390       0.395            -0.005           -0.290
       Category 2     Category 2        0.176       0.171             0.005            0.377
     COG060         COG061
       Category 1     Category 1        0.551       0.565            -0.015           -0.809
       Category 1     Category 2        0.061       0.046             0.015            1.912
       Category 2     Category 1        0.208       0.194             0.015            1.015
       Category 2     Category 2        0.180       0.195            -0.015           -1.013
     COG060         COG062
       Category 1     Category 1        0.568       0.578            -0.009           -0.506
       Category 1     Category 2        0.043       0.034             0.009            1.377
       Category 2     Category 1        0.281       0.272             0.009            0.561
       Category 2     Category 2        0.107       0.116            -0.009           -0.780
     COG060         COG063
       Category 1     Category 1        0.598       0.602            -0.004           -0.230
       Category 1     Category 2        0.014       0.009             0.004            1.166
       Category 2     Category 1        0.288       0.284             0.004            0.249
       Category 2     Category 2        0.100       0.104            -0.004           -0.368
     COG060         COG064
       Category 1     Category 1        0.551       0.550             0.001            0.050
       Category 1     Category 2        0.061       0.062            -0.001           -0.104
       Category 2     Category 1        0.212       0.213            -0.001           -0.061
       Category 2     Category 2        0.176       0.175             0.001            0.066
     COG060         COG066
       Category 1     Category 1        0.599       0.603            -0.003           -0.179
       Category 1     Category 2        0.012       0.009             0.003            0.929
       Category 2     Category 1        0.225       0.221             0.003            0.211
       Category 2     Category 2        0.164       0.167            -0.003           -0.235
     COG061         COG062
       Category 1     Category 1        0.696       0.692             0.004            0.230
       Category 1     Category 2        0.064       0.068            -0.004           -0.423
       Category 2     Category 1        0.154       0.158            -0.004           -0.291
       Category 2     Category 2        0.087       0.083             0.004            0.386
     COG061         COG063
       Category 1     Category 1        0.744       0.726             0.018            1.121
       Category 1     Category 2        0.015       0.033            -0.018           -2.789
       Category 2     Category 1        0.142       0.160            -0.018           -1.363
       Category 2     Category 2        0.099       0.080             0.018            1.840
     COG061         COG064
       Category 1     Category 1        0.651       0.643             0.008            0.436
       Category 1     Category 2        0.108       0.116            -0.008           -0.653
       Category 2     Category 1        0.112       0.120            -0.008           -0.643
       Category 2     Category 2        0.129       0.121             0.008            0.641
     COG061         COG066
       Category 1     Category 1        0.719       0.710             0.009            0.532
       Category 1     Category 2        0.041       0.049            -0.009           -1.113
       Category 2     Category 1        0.106       0.114            -0.009           -0.758
       Category 2     Category 2        0.135       0.126             0.009            0.726
     COG062         COG063
       Category 1     Category 1        0.786       0.787             0.000           -0.025
       Category 1     Category 2        0.064       0.063             0.000            0.043
       Category 2     Category 1        0.100       0.100             0.000            0.035
       Category 2     Category 2        0.050       0.050             0.000           -0.047
     COG062         COG064
       Category 1     Category 1        0.694       0.687             0.007            0.424
       Category 1     Category 2        0.156       0.163            -0.007           -0.532
       Category 2     Category 1        0.069       0.076            -0.007           -0.741
       Category 2     Category 2        0.081       0.074             0.007            0.751
     COG062         COG066
       Category 1     Category 1        0.758       0.751             0.007            0.440
       Category 1     Category 2        0.092       0.099            -0.007           -0.637
       Category 2     Category 1        0.066       0.073            -0.007           -0.730
       Category 2     Category 2        0.084       0.077             0.007            0.714
     COG063         COG064
       Category 1     Category 1        0.724       0.720             0.004            0.254
       Category 1     Category 2        0.162       0.167            -0.004           -0.306
       Category 2     Category 1        0.039       0.043            -0.004           -0.560
       Category 2     Category 2        0.074       0.070             0.004            0.447
     COG063         COG066
       Category 1     Category 1        0.788       0.792            -0.004           -0.296
       Category 1     Category 2        0.099       0.094             0.004            0.411
       Category 2     Category 1        0.037       0.032             0.004            0.681
       Category 2     Category 2        0.077       0.082            -0.004           -0.439
     COG064         COG066
       Category 1     Category 1        0.710       0.696             0.014            0.837
       Category 1     Category 2        0.053       0.067            -0.014           -1.540
       Category 2     Category 1        0.114       0.128            -0.014           -1.152
       Category 2     Category 2        0.123       0.109             0.014            1.235


MODEL MODIFICATION INDICES

NOTE:  Modification indices for direct effects of observed dependent variables
regressed on covariates and residual covariances among observed dependent
variables may not be included.  To include these, request MODINDICES (ALL).

Minimum M.I. value for printing the modification index    10.000

                                   M.I.     E.P.C.  Std E.P.C.  StdYX E.P.C.

BY Statements

WM       BY COG043                13.904     0.776      0.347        0.347
WM       BY COG044                12.613     0.770      0.345        0.345
WM       BY COG046                27.022     0.878      0.393        0.393
WM       BY COG048                95.351    -2.265     -1.014       -1.014
WM       BY COG052                16.312     0.735      0.329        0.329
WM       BY COG053                68.050    -1.564     -0.700       -0.700
WM       BY COG054                25.087     0.931      0.417        0.417
WM       BY COG055                10.881     0.750      0.336        0.336
WM       BY COG057                24.364     0.976      0.437        0.437
GDP      BY COG054                28.892     0.692      0.314        0.314
GDP      BY COG055                18.032     0.646      0.293        0.293
GDP      BY COG056                15.975    -0.516     -0.234       -0.234
FS       BY COG040                16.252    -0.469     -0.389       -0.389
FS       BY COG041                11.611     0.214      0.178        0.178
FS       BY COG043                16.196     0.293      0.243        0.243
FS       BY COG045                10.293    -0.323     -0.267       -0.267
FS       BY COG046                38.049     0.364      0.301        0.301
FS       BY COG048               108.719    -0.852     -0.706       -0.706
FS       BY COG052                23.014     0.304      0.252        0.252
FS       BY COG053                94.230    -0.649     -0.538       -0.538
FS       BY COG057                41.476     0.445      0.369        0.369
FS       BY COG064                33.731     0.879      0.728        0.728

WITH Statements

COG045   WITH COG040              27.464     0.348      0.348        0.452
COG050   WITH COG040              12.640     0.253      0.253        0.355
COG050   WITH COG045              37.216     0.345      0.345        0.504
COG052   WITH COG043              16.643     0.265      0.265        0.416
COG052   WITH COG046              15.254    -0.262     -0.262       -0.353
COG052   WITH COG048              11.487    -0.293     -0.293       -0.656
COG053   WITH COG043              16.583    -0.334     -0.334       -0.601
COG053   WITH COG048             259.358     0.879      0.879        2.263
COG054   WITH COG052              17.706     0.249      0.249        0.342
COG055   WITH COG052              10.158     0.219      0.219        0.511
COG056   WITH COG048              18.000    -0.357     -0.357       -1.749
COG056   WITH COG049              30.487     0.241      0.241        1.162
COG056   WITH COG054              10.416    -0.211     -0.211       -0.632
COG058   WITH COG053              14.364    -0.247     -0.247       -0.612
COG060   WITH COG056              18.666     0.143      0.143        0.923
COG061   WITH COG048              10.438    -0.299     -0.299       -0.925
COG062   WITH COG046              10.730     0.227      0.227        0.327
COG063   WITH COG061              33.491     0.259      0.259        0.794
COG064   WITH COG045              14.828    -0.314     -0.314       -2.293
COG064   WITH COG050              27.121    -0.475     -0.475       -3.757


TECHNICAL 1 OUTPUT


     PARAMETER SPECIFICATION


           TAU
              COG040$1      COG041$1      COG043$1      COG044$1      COG045$1
              ________      ________      ________      ________      ________
                  1             2             3             4             5


           TAU
              COG046$1      COG048$1      COG049$1      COG050$1      COG051$1
              ________      ________      ________      ________      ________
                  6             7             8             9            10


           TAU
              COG052$1      COG053$1      COG054$1      COG055$1      COG056$1
              ________      ________      ________      ________      ________
                 11            12            13            14            15


           TAU
              COG057$1      COG058$1      COG060$1      COG061$1      COG062$1
              ________      ________      ________      ________      ________
                 16            17            18            19            20


           TAU
              COG063$1      COG064$1      COG066$1
              ________      ________      ________
                 21            22            23


           NU
              COG040        COG041        COG043        COG044        COG045
              ________      ________      ________      ________      ________
                  0             0             0             0             0


           NU
              COG046        COG048        COG049        COG050        COG051
              ________      ________      ________      ________      ________
                  0             0             0             0             0


           NU
              COG052        COG053        COG054        COG055        COG056
              ________      ________      ________      ________      ________
                  0             0             0             0             0


           NU
              COG057        COG058        COG060        COG061        COG062
              ________      ________      ________      ________      ________
                  0             0             0             0             0


           NU
              COG063        COG064        COG066        BAYLAN
              ________      ________      ________      ________
                  0             0             0             0


           LAMBDA
              WM            GDP           FS            BAYLAN
              ________      ________      ________      ________
 COG040             0             0             0             0
 COG041             0             0             0             0
 COG043             0            24             0             0
 COG044             0            25             0             0
 COG045            26             0             0             0
 COG046             0            27             0             0
 COG048             0            28             0             0
 COG049             0             0             0             0
 COG050            29             0             0             0
 COG051             0             0            30             0
 COG052             0            31             0             0
 COG053             0            32             0             0
 COG054             0             0            33             0
 COG055             0             0            34             0
 COG056             0             0            35             0
 COG057             0            36             0             0
 COG058             0             0            37             0
 COG060             0             0            38             0
 COG061             0             0            39             0
 COG062             0             0            40             0
 COG063             0             0            41             0
 COG064            42             0             0             0
 COG066             0             0            43             0
 BAYLAN             0             0             0             0


           THETA
              COG040        COG041        COG043        COG044        COG045
              ________      ________      ________      ________      ________
 COG040             0
 COG041             0             0
 COG043             0             0             0
 COG044             0             0             0             0
 COG045             0             0             0             0             0
 COG046             0             0             0             0             0
 COG048             0             0             0             0             0
 COG049             0             0             0             0             0
 COG050             0             0             0             0             0
 COG051             0             0             0             0             0
 COG052             0             0             0             0             0
 COG053             0             0             0             0             0
 COG054             0             0             0             0             0
 COG055             0             0             0             0             0
 COG056             0             0             0             0             0
 COG057             0             0             0             0             0
 COG058             0             0             0             0             0
 COG060             0             0             0             0             0
 COG061             0             0             0             0             0
 COG062             0             0             0             0             0
 COG063             0             0             0             0             0
 COG064             0             0             0             0             0
 COG066             0             0             0             0             0
 BAYLAN             0             0             0             0             0


           THETA
              COG046        COG048        COG049        COG050        COG051
              ________      ________      ________      ________      ________
 COG046             0
 COG048             0             0
 COG049             0             0             0
 COG050             0             0             0             0
 COG051             0             0             0             0             0
 COG052             0             0             0             0             0
 COG053             0             0             0             0             0
 COG054             0             0             0             0             0
 COG055             0             0             0             0             0
 COG056             0             0             0             0             0
 COG057             0             0             0             0             0
 COG058             0             0             0             0             0
 COG060             0             0             0             0             0
 COG061             0             0             0             0             0
 COG062             0             0             0             0             0
 COG063             0             0             0             0             0
 COG064             0             0             0             0             0
 COG066             0             0             0             0             0
 BAYLAN             0             0             0             0             0


           THETA
              COG052        COG053        COG054        COG055        COG056
              ________      ________      ________      ________      ________
 COG052             0
 COG053             0             0
 COG054             0             0             0
 COG055             0             0             0             0
 COG056             0             0             0             0             0
 COG057             0             0             0             0             0
 COG058             0             0             0             0             0
 COG060             0             0             0             0             0
 COG061             0             0             0             0             0
 COG062             0             0             0             0             0
 COG063             0             0             0             0             0
 COG064             0             0             0             0             0
 COG066             0             0             0             0             0
 BAYLAN             0             0             0             0             0


           THETA
              COG057        COG058        COG060        COG061        COG062
              ________      ________      ________      ________      ________
 COG057             0
 COG058             0             0
 COG060             0             0             0
 COG061             0             0             0             0
 COG062             0             0             0             0             0
 COG063             0             0             0             0             0
 COG064             0             0             0             0             0
 COG066             0             0             0             0             0
 BAYLAN             0             0             0             0             0


           THETA
              COG063        COG064        COG066        BAYLAN
              ________      ________      ________      ________
 COG063             0
 COG064             0             0
 COG066             0             0             0
 BAYLAN             0             0             0             0


           ALPHA
              WM            GDP           FS            BAYLAN
              ________      ________      ________      ________
                  0             0             0            44


           BETA
              WM            GDP           FS            BAYLAN
              ________      ________      ________      ________
 WM                 0             0             0             0
 GDP                0             0             0             0
 FS                 0             0             0             0
 BAYLAN             0             0             0             0


           PSI
              WM            GDP           FS            BAYLAN
              ________      ________      ________      ________
 WM                45
 GDP               46            47
 FS                48            49            50
 BAYLAN            51            52            53            54


     STARTING VALUES


           TAU
              COG040$1      COG041$1      COG043$1      COG044$1      COG045$1
              ________      ________      ________      ________      ________
               -1.140        -0.583        -1.065        -1.214        -0.326


           TAU
              COG046$1      COG048$1      COG049$1      COG050$1      COG051$1
              ________      ________      ________      ________      ________
                0.032        -1.236        -1.013        -0.603        -1.173


           TAU
              COG052$1      COG053$1      COG054$1      COG055$1      COG056$1
              ________      ________      ________      ________      ________
               -0.477        -0.428        -0.436        -1.166        -0.148


           TAU
              COG057$1      COG058$1      COG060$1      COG061$1      COG062$1
              ________      ________      ________      ________      ________
                0.900        -0.165         0.284         0.704         1.036


           TAU
              COG063$1      COG064$1      COG066$1
              ________      ________      ________
                1.207         0.717         0.931


           NU
              COG040        COG041        COG043        COG044        COG045
              ________      ________      ________      ________      ________
                0.000         0.000         0.000         0.000         0.000


           NU
              COG046        COG048        COG049        COG050        COG051
              ________      ________      ________      ________      ________
                0.000         0.000         0.000         0.000         0.000


           NU
              COG052        COG053        COG054        COG055        COG056
              ________      ________      ________      ________      ________
                0.000         0.000         0.000         0.000         0.000


           NU
              COG057        COG058        COG060        COG061        COG062
              ________      ________      ________      ________      ________
                0.000         0.000         0.000         0.000         0.000


           NU
              COG063        COG064        COG066        BAYLAN
              ________      ________      ________      ________
                0.000         0.000         0.000         0.000


           LAMBDA
              WM            GDP           FS            BAYLAN
              ________      ________      ________      ________
 COG040         1.000         0.000         0.000         0.000
 COG041         0.000         1.000         0.000         0.000
 COG043         0.000         0.875         0.000         0.000
 COG044         0.000         0.782         0.000         0.000
 COG045         1.119         0.000         0.000         0.000
 COG046         0.000         0.625         0.000         0.000
 COG048         0.000         0.941         0.000         0.000
 COG049         0.000         0.000         1.000         0.000
 COG050         1.058         0.000         0.000         0.000
 COG051         0.000         0.000         1.000         0.000
 COG052         0.000         0.887         0.000         0.000
 COG053         0.000         0.862         0.000         0.000
 COG054         0.000         0.000         1.000         0.000
 COG055         0.000         0.000         1.000         0.000
 COG056         0.000         0.000         1.000         0.000
 COG057         0.000         0.483         0.000         0.000
 COG058         0.000         0.000         1.000         0.000
 COG060         0.000         0.000         1.000         0.000
 COG061         0.000         0.000         1.000         0.000
 COG062         0.000         0.000         1.000         0.000
 COG063         0.000         0.000         1.000         0.000
 COG064         0.602         0.000         0.000         0.000
 COG066         0.000         0.000         1.000         0.000
 BAYLAN         0.000         0.000         0.000         1.000


           THETA
              COG040        COG041        COG043        COG044        COG045
              ________      ________      ________      ________      ________
 COG040         1.000
 COG041         0.000         1.000
 COG043         0.000         0.000         1.000
 COG044         0.000         0.000         0.000         1.000
 COG045         0.000         0.000         0.000         0.000         1.000
 COG046         0.000         0.000         0.000         0.000         0.000
 COG048         0.000         0.000         0.000         0.000         0.000
 COG049         0.000         0.000         0.000         0.000         0.000
 COG050         0.000         0.000         0.000         0.000         0.000
 COG051         0.000         0.000         0.000         0.000         0.000
 COG052         0.000         0.000         0.000         0.000         0.000
 COG053         0.000         0.000         0.000         0.000         0.000
 COG054         0.000         0.000         0.000         0.000         0.000
 COG055         0.000         0.000         0.000         0.000         0.000
 COG056         0.000         0.000         0.000         0.000         0.000
 COG057         0.000         0.000         0.000         0.000         0.000
 COG058         0.000         0.000         0.000         0.000         0.000
 COG060         0.000         0.000         0.000         0.000         0.000
 COG061         0.000         0.000         0.000         0.000         0.000
 COG062         0.000         0.000         0.000         0.000         0.000
 COG063         0.000         0.000         0.000         0.000         0.000
 COG064         0.000         0.000         0.000         0.000         0.000
 COG066         0.000         0.000         0.000         0.000         0.000
 BAYLAN         0.000         0.000         0.000         0.000         0.000


           THETA
              COG046        COG048        COG049        COG050        COG051
              ________      ________      ________      ________      ________
 COG046         1.000
 COG048         0.000         1.000
 COG049         0.000         0.000         1.000
 COG050         0.000         0.000         0.000         1.000
 COG051         0.000         0.000         0.000         0.000         1.000
 COG052         0.000         0.000         0.000         0.000         0.000
 COG053         0.000         0.000         0.000         0.000         0.000
 COG054         0.000         0.000         0.000         0.000         0.000
 COG055         0.000         0.000         0.000         0.000         0.000
 COG056         0.000         0.000         0.000         0.000         0.000
 COG057         0.000         0.000         0.000         0.000         0.000
 COG058         0.000         0.000         0.000         0.000         0.000
 COG060         0.000         0.000         0.000         0.000         0.000
 COG061         0.000         0.000         0.000         0.000         0.000
 COG062         0.000         0.000         0.000         0.000         0.000
 COG063         0.000         0.000         0.000         0.000         0.000
 COG064         0.000         0.000         0.000         0.000         0.000
 COG066         0.000         0.000         0.000         0.000         0.000
 BAYLAN         0.000         0.000         0.000         0.000         0.000


           THETA
              COG052        COG053        COG054        COG055        COG056
              ________      ________      ________      ________      ________
 COG052         1.000
 COG053         0.000         1.000
 COG054         0.000         0.000         1.000
 COG055         0.000         0.000         0.000         1.000
 COG056         0.000         0.000         0.000         0.000         1.000
 COG057         0.000         0.000         0.000         0.000         0.000
 COG058         0.000         0.000         0.000         0.000         0.000
 COG060         0.000         0.000         0.000         0.000         0.000
 COG061         0.000         0.000         0.000         0.000         0.000
 COG062         0.000         0.000         0.000         0.000         0.000
 COG063         0.000         0.000         0.000         0.000         0.000
 COG064         0.000         0.000         0.000         0.000         0.000
 COG066         0.000         0.000         0.000         0.000         0.000
 BAYLAN         0.000         0.000         0.000         0.000         0.000


           THETA
              COG057        COG058        COG060        COG061        COG062
              ________      ________      ________      ________      ________
 COG057         1.000
 COG058         0.000         1.000
 COG060         0.000         0.000         1.000
 COG061         0.000         0.000         0.000         1.000
 COG062         0.000         0.000         0.000         0.000         1.000
 COG063         0.000         0.000         0.000         0.000         0.000
 COG064         0.000         0.000         0.000         0.000         0.000
 COG066         0.000         0.000         0.000         0.000         0.000
 BAYLAN         0.000         0.000         0.000         0.000         0.000


           THETA
              COG063        COG064        COG066        BAYLAN
              ________      ________      ________      ________
 COG063         1.000
 COG064         0.000         1.000
 COG066         0.000         0.000         1.000
 BAYLAN         0.000         0.000         0.000         0.000


           ALPHA
              WM            GDP           FS            BAYLAN
              ________      ________      ________      ________
                0.000         0.000         0.000         0.000


           BETA
              WM            GDP           FS            BAYLAN
              ________      ________      ________      ________
 WM             0.000         0.000         0.000         0.000
 GDP            0.000         0.000         0.000         0.000
 FS             0.000         0.000         0.000         0.000
 BAYLAN         0.000         0.000         0.000         0.000


           PSI
              WM            GDP           FS            BAYLAN
              ________      ________      ________      ________
 WM             0.050
 GDP            0.000         0.050
 FS             0.000         0.000         0.050
 BAYLAN         0.000         0.000         0.000         0.500


TECHNICAL 4 OUTPUT


     ESTIMATES DERIVED FROM THE MODEL


           ESTIMATED MEANS FOR THE LATENT VARIABLES
              WM            GDP           FS            BAYLAN
              ________      ________      ________      ________
                0.000         0.000         0.000         0.000


           ESTIMATED COVARIANCE MATRIX FOR THE LATENT VARIABLES
              WM            GDP           FS            BAYLAN
              ________      ________      ________      ________
 WM             0.200
 GDP            0.125         0.206
 FS             0.260         0.202         0.686
 BAYLAN         0.286         0.242         0.373         1.000


           ESTIMATED CORRELATION MATRIX FOR THE LATENT VARIABLES
              WM            GDP           FS            BAYLAN
              ________      ________      ________      ________
 WM             1.000
 GDP            0.614         1.000
 FS             0.702         0.538         1.000
 BAYLAN         0.639         0.533         0.450         1.000


     ESTIMATES DERIVED FROM THE MODEL


           S.E. FOR ESTIMATED MEANS FOR THE LATENT VARIABLES
              WM            GDP           FS            BAYLAN
              ________      ________      ________      ________
                0.000         0.000         0.000         0.038


           EST./S.E. FOR ESTIMATED MEANS FOR THE LATENT VARIABLES
              WM            GDP           FS            BAYLAN
              ________      ________      ________      ________
                0.000         0.000         0.000         0.000


           TWO-TAILED P-VALUE FOR ESTIMATED MEANS FOR THE LATENT VARIABLES
              WM            GDP           FS            BAYLAN
              ________      ________      ________      ________
                1.000         1.000         1.000         1.000


           S.E. FOR ESTIMATED COVARIANCE MATRIX FOR THE LATENT VARIABLES
              WM            GDP           FS            BAYLAN
              ________      ________      ________      ________
 WM             0.055
 GDP            0.026         0.049
 FS             0.042         0.030         0.051
 BAYLAN         0.046         0.034         0.035         0.050


           EST./S.E. FOR ESTIMATED COVARIANCE MATRIX FOR THE LATENT VARIABLES
              WM            GDP           FS            BAYLAN
              ________      ________      ________      ________
 WM             3.635
 GDP            4.739         4.220
 FS             6.156         6.835        13.461
 BAYLAN         6.251         7.164        10.707        20.112


           TWO-TAILED P-VALUE FOR ESTIMATED COVARIANCE MATRIX FOR THE LATENT VARIABLES
              WM            GDP           FS            BAYLAN
              ________      ________      ________      ________
 WM             0.000
 GDP            0.000         0.000
 FS             0.000         0.000         0.000
 BAYLAN         0.000         0.000         0.000         0.000


           S.E. FOR ESTIMATED CORRELATION MATRIX FOR THE LATENT VARIABLES
              WM            GDP           FS            BAYLAN
              ________      ________      ________      ________
 WM             0.000
 GDP            0.050         0.000
 FS             0.040         0.038         0.000
 BAYLAN         0.036         0.030         0.032         0.000


           EST./S.E. FOR ESTIMATED CORRELATION MATRIX FOR THE LATENT VARIABLES
              WM            GDP           FS            BAYLAN
              ________      ________      ________      ________
 WM           999.000
 GDP           12.387       999.000
 FS            17.644        14.319       999.000
 BAYLAN        17.718        17.684        14.102       999.000


           TWO-TAILED P-VALUE FOR ESTIMATED CORRELATION MATRIX FOR THE LATENT VARIABLES
              WM            GDP           FS            BAYLAN
              ________      ________      ________      ________
 WM             0.000
 GDP            0.000         0.000
 FS             0.000         0.000         0.000
 BAYLAN         0.000         0.000         0.000         0.000


SAMPLE STATISTICS FOR ESTIMATED FACTOR SCORES


     SAMPLE STATISTICS


           Means
              WM            WM_SE         GDP           GDP_SE        FS
              ________      ________      ________      ________      ________
                0.021         0.236        -0.017         0.255         0.007


           Means
              FS_SE
              ________
                0.282


           Covariances
              WM            WM_SE         GDP           GDP_SE        FS
              ________      ________      ________      ________      ________
 WM             0.125
 WM_SE         -0.012         0.004
 GDP            0.097        -0.007         0.121
 GDP_SE         0.007         0.000         0.010         0.001
 FS             0.223        -0.018         0.177         0.012         0.559
 FS_SE         -0.005         0.002        -0.002         0.000        -0.010


           Covariances
              FS_SE
              ________
 FS_SE          0.003


           Correlations
              WM            WM_SE         GDP           GDP_SE        FS
              ________      ________      ________      ________      ________
 WM             1.000
 WM_SE         -0.502         1.000
 GDP            0.792        -0.293         1.000
 GDP_SE         0.595        -0.095         0.881         1.000
 FS             0.842        -0.377         0.680         0.503         1.000
 FS_SE         -0.251         0.503        -0.123         0.148        -0.247


           Correlations
              FS_SE
              ________
 FS_SE          1.000


SAVEDATA INFORMATION


  Save file
    ../../fscores_structural.dat

  Order and format of variables

    COG040         F10.3
    COG041         F10.3
    COG043         F10.3
    COG044         F10.3
    COG045         F10.3
    COG046         F10.3
    COG048         F10.3
    COG049         F10.3
    COG050         F10.3
    COG051         F10.3
    COG052         F10.3
    COG053         F10.3
    COG054         F10.3
    COG055         F10.3
    COG056         F10.3
    COG057         F10.3
    COG058         F10.3
    COG060         F10.3
    COG061         F10.3
    COG062         F10.3
    COG063         F10.3
    COG064         F10.3
    COG066         F10.3
    BAYLAN         F10.3
    WM             F10.3
    WM_SE          F10.3
    GDP            F10.3
    GDP_SE         F10.3
    FS             F10.3
    FS_SE          F10.3

  Save file format
    30F10.3

  Save file record length    10000

  Save missing symbol        *


     Beginning Time:  14:45:34
        Ending Time:  14:45:34
       Elapsed Time:  00:00:00



MUTHEN & MUTHEN
3463 Stoner Ave.
Los Angeles, CA  90066

Tel: (310) 391-9971
Fax: (310) 391-8971
Web: www.StatModel.com
Support: Support@StatModel.com

Copyright (c) 1998-2021 Muthen & Muthen
