Mplus VERSION 8.6
MUTHEN & MUTHEN
06/04/2026   2:45 PM

INPUT INSTRUCTIONS

  TITLE:
    Structural model - UNIDIM - BayLan outcome ~ COG
    WLSMV estimator; items treated as categorical (binary)
    Single factor: COG (all items load on one factor)

  DATA:
    FILE = "../../combined.dat";

  VARIABLE:
    NAMES ARE
      COG034 COG035 COG036 COG037 COG038 COG039 COG040 COG041
      COG042 COG043 COG044 COG045 COG046 COG047 COG048 COG049 COG050
      COG051 COG052 COG053 COG054 COG055 COG056 COG057 COG058
      COG060 COG061 COG062 COG063 COG064 COG065 COG066 COG067 COG068
      GA BirthWt Sex HdCirc IUGR GDiab PrEcl AntCor_P AntCor_C
      MomAge MomEdu DadEdu EthSAsian EthBlack EthMixed EthOther
      MomEng EPDSTot StimEnv PrLax PrOvr PrVrb PrSty
      CBInt CBExt CBTot CBAnx CBWth CBSom CBSlp CBAtt CBAgg
      ECSur ECNeg ECEff BayMot BayLan QchatTot;

    USEVARIABLES ARE
      COG040 COG041
      COG043 COG044 COG045 COG046 COG048 COG049 COG050
      COG051 COG052 COG053 COG054 COG055 COG056 COG057 COG058
      COG060 COG061 COG062 COG063 COG064 COG066
      BayLan;

    CATEGORICAL ARE
      COG040 COG041
      COG043 COG044 COG045 COG046 COG048 COG049 COG050
      COG051 COG052 COG053 COG054 COG055 COG056 COG057 COG058
      COG060 COG061 COG062 COG063 COG064 COG066;

    MISSING ARE ALL (-999);

  DEFINE:
    STANDARDIZE BayLan;

  ANALYSIS:
    ESTIMATOR = WLSMV;

  MODEL:
    COG BY
      COG040 COG045 COG050 COG064
      COG041 COG043 COG044 COG046
      COG048 COG052 COG053 COG057
      COG049 COG051 COG054 COG055 COG056
      COG058 COG060 COG061 COG062 COG063 COG066;

    BayLan WITH COG;

  OUTPUT:
    STANDARDIZED;
    MODINDICES(10);
    RESIDUAL;
    SAMPSTAT;
    TECH1;
    TECH4;
    CINTERVAL;

  SAVEDATA:
    FILE = "../../fscores_structural.dat";
    SAVE = FSCORES;



INPUT READING TERMINATED NORMALLY




Structural model - UNIDIM - BayLan outcome ~ COG
WLSMV estimator; items treated as categorical (binary)
Single factor: COG (all items load on one factor)

SUMMARY OF ANALYSIS

Number of groups                                                 1
Number of observations                                         739

Number of dependent variables                                   24
Number of independent variables                                  0
Number of continuous latent variables                            1

Observed dependent variables

  Continuous
   BAYLAN

  Binary and ordered categorical (ordinal)
   COG040      COG041      COG043      COG044      COG045      COG046
   COG048      COG049      COG050      COG051      COG052      COG053
   COG054      COG055      COG056      COG057      COG058      COG060
   COG061      COG062      COG063      COG064      COG066

Continuous latent variables
   COG


Estimator                                                    WLSMV
Maximum number of iterations                                  1000
Convergence criterion                                    0.500D-04
Maximum number of steepest descent iterations                   20
Maximum number of iterations for H1                           2000
Convergence criterion for H1                             0.100D-03
Parameterization                                             DELTA
Link                                                        PROBIT

Input data file(s)
  ../../combined.dat

Input data format  FREE


SUMMARY OF DATA

     Number of missing data patterns             2


COVARIANCE COVERAGE OF DATA

Minimum covariance coverage value   0.100


     PROPORTION OF DATA PRESENT


           Covariance Coverage
              COG040        COG041        COG043        COG044        COG045
              ________      ________      ________      ________      ________
 COG040         1.000
 COG041         1.000         1.000
 COG043         1.000         1.000         1.000
 COG044         1.000         1.000         1.000         1.000
 COG045         1.000         1.000         1.000         1.000         1.000
 COG046         1.000         1.000         1.000         1.000         1.000
 COG048         1.000         1.000         1.000         1.000         1.000
 COG049         1.000         1.000         1.000         1.000         1.000
 COG050         1.000         1.000         1.000         1.000         1.000
 COG051         1.000         1.000         1.000         1.000         1.000
 COG052         1.000         1.000         1.000         1.000         1.000
 COG053         1.000         1.000         1.000         1.000         1.000
 COG054         1.000         1.000         1.000         1.000         1.000
 COG055         1.000         1.000         1.000         1.000         1.000
 COG056         1.000         1.000         1.000         1.000         1.000
 COG057         1.000         1.000         1.000         1.000         1.000
 COG058         1.000         1.000         1.000         1.000         1.000
 COG060         1.000         1.000         1.000         1.000         1.000
 COG061         1.000         1.000         1.000         1.000         1.000
 COG062         1.000         1.000         1.000         1.000         1.000
 COG063         1.000         1.000         1.000         1.000         1.000
 COG064         1.000         1.000         1.000         1.000         1.000
 COG066         1.000         1.000         1.000         1.000         1.000
 BAYLAN         0.999         0.999         0.999         0.999         0.999


           Covariance Coverage
              COG046        COG048        COG049        COG050        COG051
              ________      ________      ________      ________      ________
 COG046         1.000
 COG048         1.000         1.000
 COG049         1.000         1.000         1.000
 COG050         1.000         1.000         1.000         1.000
 COG051         1.000         1.000         1.000         1.000         1.000
 COG052         1.000         1.000         1.000         1.000         1.000
 COG053         1.000         1.000         1.000         1.000         1.000
 COG054         1.000         1.000         1.000         1.000         1.000
 COG055         1.000         1.000         1.000         1.000         1.000
 COG056         1.000         1.000         1.000         1.000         1.000
 COG057         1.000         1.000         1.000         1.000         1.000
 COG058         1.000         1.000         1.000         1.000         1.000
 COG060         1.000         1.000         1.000         1.000         1.000
 COG061         1.000         1.000         1.000         1.000         1.000
 COG062         1.000         1.000         1.000         1.000         1.000
 COG063         1.000         1.000         1.000         1.000         1.000
 COG064         1.000         1.000         1.000         1.000         1.000
 COG066         1.000         1.000         1.000         1.000         1.000
 BAYLAN         0.999         0.999         0.999         0.999         0.999


           Covariance Coverage
              COG052        COG053        COG054        COG055        COG056
              ________      ________      ________      ________      ________
 COG052         1.000
 COG053         1.000         1.000
 COG054         1.000         1.000         1.000
 COG055         1.000         1.000         1.000         1.000
 COG056         1.000         1.000         1.000         1.000         1.000
 COG057         1.000         1.000         1.000         1.000         1.000
 COG058         1.000         1.000         1.000         1.000         1.000
 COG060         1.000         1.000         1.000         1.000         1.000
 COG061         1.000         1.000         1.000         1.000         1.000
 COG062         1.000         1.000         1.000         1.000         1.000
 COG063         1.000         1.000         1.000         1.000         1.000
 COG064         1.000         1.000         1.000         1.000         1.000
 COG066         1.000         1.000         1.000         1.000         1.000
 BAYLAN         0.999         0.999         0.999         0.999         0.999


           Covariance Coverage
              COG057        COG058        COG060        COG061        COG062
              ________      ________      ________      ________      ________
 COG057         1.000
 COG058         1.000         1.000
 COG060         1.000         1.000         1.000
 COG061         1.000         1.000         1.000         1.000
 COG062         1.000         1.000         1.000         1.000         1.000
 COG063         1.000         1.000         1.000         1.000         1.000
 COG064         1.000         1.000         1.000         1.000         1.000
 COG066         1.000         1.000         1.000         1.000         1.000
 BAYLAN         0.999         0.999         0.999         0.999         0.999


           Covariance Coverage
              COG063        COG064        COG066        BAYLAN
              ________      ________      ________      ________
 COG063         1.000
 COG064         1.000         1.000
 COG066         1.000         1.000         1.000
 BAYLAN         0.999         0.999         0.999         0.999


UNIVARIATE PROPORTIONS AND COUNTS FOR CATEGORICAL VARIABLES

    COG040
      Category 1    0.127           94.000
      Category 2    0.873          645.000
    COG041
      Category 1    0.280          207.000
      Category 2    0.720          532.000
    COG043
      Category 1    0.143          106.000
      Category 2    0.857          633.000
    COG044
      Category 1    0.112           83.000
      Category 2    0.888          656.000
    COG045
      Category 1    0.372          275.000
      Category 2    0.628          464.000
    COG046
      Category 1    0.513          379.000
      Category 2    0.487          360.000
    COG048
      Category 1    0.108           80.000
      Category 2    0.892          659.000
    COG049
      Category 1    0.156          115.000
      Category 2    0.844          624.000
    COG050
      Category 1    0.273          202.000
      Category 2    0.727          537.000
    COG051
      Category 1    0.120           89.000
      Category 2    0.880          650.000
    COG052
      Category 1    0.317          234.000
      Category 2    0.683          505.000
    COG053
      Category 1    0.334          247.000
      Category 2    0.666          492.000
    COG054
      Category 1    0.332          245.000
      Category 2    0.668          494.000
    COG055
      Category 1    0.122           90.000
      Category 2    0.878          649.000
    COG056
      Category 1    0.441          326.000
      Category 2    0.559          413.000
    COG057
      Category 1    0.816          603.000
      Category 2    0.184          136.000
    COG058
      Category 1    0.434          321.000
      Category 2    0.566          418.000
    COG060
      Category 1    0.612          452.000
      Category 2    0.388          287.000
    COG061
      Category 1    0.759          561.000
      Category 2    0.241          178.000
    COG062
      Category 1    0.850          628.000
      Category 2    0.150          111.000
    COG063
      Category 1    0.886          655.000
      Category 2    0.114           84.000
    COG064
      Category 1    0.763          564.000
      Category 2    0.237          175.000
    COG066
      Category 1    0.824          609.000
      Category 2    0.176          130.000


SAMPLE STATISTICS


     ESTIMATED SAMPLE STATISTICS


           MEANS/INTERCEPTS/THRESHOLDS
              COG040$1      COG041$1      COG043$1      COG044$1      COG045$1
              ________      ________      ________      ________      ________
               -1.140        -0.583        -1.065        -1.214        -0.326


           MEANS/INTERCEPTS/THRESHOLDS
              COG046$1      COG048$1      COG049$1      COG050$1      COG051$1
              ________      ________      ________      ________      ________
                0.032        -1.236        -1.013        -0.603        -1.173


           MEANS/INTERCEPTS/THRESHOLDS
              COG052$1      COG053$1      COG054$1      COG055$1      COG056$1
              ________      ________      ________      ________      ________
               -0.477        -0.428        -0.436        -1.166        -0.148


           MEANS/INTERCEPTS/THRESHOLDS
              COG057$1      COG058$1      COG060$1      COG061$1      COG062$1
              ________      ________      ________      ________      ________
                0.900        -0.165         0.284         0.704         1.036


           MEANS/INTERCEPTS/THRESHOLDS
              COG063$1      COG064$1      COG066$1      BAYLAN
              ________      ________      ________      ________
                1.207         0.717         0.931         0.000


           CORRELATION MATRIX (WITH VARIANCES ON THE DIAGONAL)
              COG040        COG041        COG043        COG044        COG045
              ________      ________      ________      ________      ________
 COG040
 COG041         0.088
 COG043         0.095         0.221
 COG044         0.340         0.318         0.291
 COG045         0.534         0.217         0.265         0.304
 COG046         0.193         0.179         0.160         0.241         0.214
 COG048         0.123         0.213         0.261         0.357         0.154
 COG049         0.307         0.188         0.310         0.301         0.315
 COG050         0.487         0.247         0.310         0.330         0.573
 COG051         0.265         0.293         0.283         0.339         0.335
 COG052         0.128         0.202         0.572         0.272         0.206
 COG053         0.080         0.160         0.152         0.329         0.231
 COG054         0.169         0.166         0.320         0.230         0.192
 COG055         0.187         0.319         0.438         0.334         0.262
 COG056         0.235         0.168         0.286         0.324         0.247
 COG057         0.084         0.315         0.107         0.063         0.104
 COG058         0.133         0.192         0.267         0.246         0.238
 COG060         0.202         0.249         0.351         0.322         0.297
 COG061         0.056         0.256         0.402         0.228         0.155
 COG062         0.230         0.351         0.447         0.230         0.314
 COG063         0.180         0.322         0.264         0.244         0.179
 COG064         0.325         0.276         0.396         0.313         0.300
 COG066         0.151         0.333         0.398         0.372         0.235
 BAYLAN         0.332         0.209         0.310         0.373         0.288


           CORRELATION MATRIX (WITH VARIANCES ON THE DIAGONAL)
              COG046        COG048        COG049        COG050        COG051
              ________      ________      ________      ________      ________
 COG048         0.221
 COG049         0.229         0.204
 COG050         0.126         0.262         0.400
 COG051         0.228         0.354         0.686         0.402
 COG052         0.000         0.242         0.277         0.273         0.343
 COG053         0.133         0.909         0.188         0.242         0.266
 COG054         0.087         0.218         0.249         0.289         0.335
 COG055         0.269         0.326         0.628         0.411         0.713
 COG056         0.229         0.086         0.904         0.311         0.723
 COG057         0.124         0.174         0.272         0.113         0.245
 COG058         0.226         0.151         0.564         0.276         0.897
 COG060         0.256         0.178         0.711         0.352         0.682
 COG061         0.284         0.079         0.489         0.317         0.534
 COG062         0.361         0.137         0.469         0.253         0.466
 COG063         0.302         0.129         0.550         0.371         0.397
 COG064         0.248         0.371         0.423         0.323         0.483
 COG066         0.386         0.230         0.697         0.302         0.652
 BAYLAN         0.166         0.456         0.380         0.349         0.411


           CORRELATION MATRIX (WITH VARIANCES ON THE DIAGONAL)
              COG052        COG053        COG054        COG055        COG056
              ________      ________      ________      ________      ________
 COG053         0.260
 COG054         0.380         0.211
 COG055         0.474         0.307         0.405
 COG056         0.281         0.168         0.223         0.688
 COG057         0.210         0.136         0.252         0.460         0.249
 COG058         0.231         0.082         0.310         0.732         0.791
 COG060         0.320         0.156         0.345         0.619         0.899
 COG061         0.354         0.140         0.340         0.662         0.641
 COG062         0.284         0.167         0.198         0.624         0.461
 COG063         0.347         0.206         0.293         0.572         0.650
 COG064         0.372         0.362         0.440         0.658         0.633
 COG066         0.320         0.201         0.431         0.654         0.805
 BAYLAN         0.279         0.428         0.253         0.484         0.400


           CORRELATION MATRIX (WITH VARIANCES ON THE DIAGONAL)
              COG057        COG058        COG060        COG061        COG062
              ________      ________      ________      ________      ________
 COG058         0.332
 COG060         0.332         0.800
 COG061         0.392         0.609         0.647
 COG062         0.280         0.503         0.504         0.563
 COG063         0.344         0.644         0.701         0.838         0.536
 COG064         0.337         0.590         0.636         0.615         0.521
 COG066         0.328         0.886         0.838         0.822         0.680
 BAYLAN         0.237         0.377         0.405         0.279         0.317


           CORRELATION MATRIX (WITH VARIANCES ON THE DIAGONAL)
              COG063        COG064        COG066        BAYLAN
              ________      ________      ________      ________
 COG064         0.620
 COG066         0.754         0.757
 BAYLAN         0.314         0.663         0.380         1.000


UNIVARIATE SAMPLE STATISTICS


     UNIVARIATE HIGHER-ORDER MOMENT DESCRIPTIVE STATISTICS

         Variable/         Mean/     Skewness/   Minimum/ % with                Percentiles
        Sample Size      Variance    Kurtosis    Maximum  Min/Max      20%/60%    40%/80%    Median

     BAYLAN                0.000      -0.378      -3.197    0.27%      -0.787     -0.107      0.079
             738.000       1.000       0.335       3.355    0.14%       0.264      0.820


     THIS ANALYSIS MAY HAVE MULTIPLE SOLUTIONS.  EXPLORE THIS USING RANDOM STARTS,
     FOR EXAMPLE, STARTS = 20.  USE A LARGE ENOUGH NUMBER OF STARTS SO THAT THE
     BEST FIT FUNCTION VALUE IS REPLICATED SEVERAL TIMES.


THE MODEL ESTIMATION TERMINATED NORMALLY



MODEL FIT INFORMATION

Number of Free Parameters                       49

Chi-Square Test of Model Fit

          Value                           1311.379*
          Degrees of Freedom                   252
          P-Value                           0.0000

*   The chi-square value for MLM, MLMV, MLR, ULSMV, WLSM and WLSMV cannot be used
    for chi-square difference testing in the regular way.  MLM, MLR and WLSM
    chi-square difference testing is described on the Mplus website.  MLMV, WLSMV,
    and ULSMV difference testing is done using the DIFFTEST option.

RMSEA (Root Mean Square Error Of Approximation)

          Estimate                           0.075
          90 Percent C.I.                    0.071  0.079
          Probability RMSEA <= .05           0.000

CFI/TLI

          CFI                                0.877
          TLI                                0.866

Chi-Square Test of Model Fit for the Baseline Model

          Value                           8920.434
          Degrees of Freedom                   276
          P-Value                           0.0000

SRMR (Standardized Root Mean Square Residual)

          Value                              0.114

Optimum Function Value for Weighted Least-Squares Estimator

          Value                     0.91141625D+00



MODEL RESULTS

                                                    Two-Tailed
                    Estimate       S.E.  Est./S.E.    P-Value

 COG      BY
    COG040             1.000      0.000    999.000    999.000
    COG045             1.177      0.195      6.049      0.000
    COG050             1.419      0.235      6.037      0.000
    COG064             2.217      0.368      6.031      0.000
    COG041             1.008      0.202      4.985      0.000
    COG043             1.378      0.269      5.121      0.000
    COG044             1.298      0.244      5.318      0.000
    COG046             0.937      0.188      4.974      0.000
    COG048             1.654      0.292      5.667      0.000
    COG052             1.291      0.234      5.521      0.000
    COG053             1.400      0.252      5.546      0.000
    COG057             1.110      0.224      4.964      0.000
    COG049             2.298      0.382      6.021      0.000
    COG051             2.210      0.372      5.940      0.000
    COG054             1.234      0.228      5.424      0.000
    COG055             2.354      0.390      6.035      0.000
    COG056             2.621      0.430      6.094      0.000
    COG058             2.269      0.378      5.997      0.000
    COG060             2.573      0.422      6.098      0.000
    COG061             2.269      0.381      5.958      0.000
    COG062             1.817      0.309      5.871      0.000
    COG063             2.318      0.387      5.987      0.000
    COG066             2.649      0.437      6.064      0.000

 BAYLAN   WITH
    COG                0.191      0.035      5.435      0.000

 Means
    BAYLAN             0.000      0.038      0.000      1.000

 Thresholds
    COG040$1          -1.140      0.059    -19.376      0.000
    COG041$1          -0.583      0.049    -11.873      0.000
    COG043$1          -1.065      0.057    -18.689      0.000
    COG044$1          -1.214      0.061    -19.954      0.000
    COG045$1          -0.326      0.047     -6.940      0.000
    COG046$1           0.032      0.046      0.699      0.485
    COG048$1          -1.236      0.061    -20.100      0.000
    COG049$1          -1.013      0.056    -18.143      0.000
    COG050$1          -0.603      0.049    -12.231      0.000
    COG051$1          -1.173      0.060    -19.646      0.000
    COG052$1          -0.477      0.048     -9.927      0.000
    COG053$1          -0.428      0.048     -8.983      0.000
    COG054$1          -0.436      0.048     -9.128      0.000
    COG055$1          -1.166      0.060    -19.593      0.000
    COG056$1          -0.148      0.046     -3.199      0.001
    COG057$1           0.900      0.054     16.800      0.000
    COG058$1          -0.165      0.046     -3.567      0.000
    COG060$1           0.284      0.047      6.062      0.000
    COG061$1           0.704      0.050     13.931      0.000
    COG062$1           1.036      0.056     18.388      0.000
    COG063$1           1.207      0.061     19.904      0.000
    COG064$1           0.717      0.051     14.141      0.000
    COG066$1           0.931      0.054     17.192      0.000

 Variances
    BAYLAN             1.000      0.050     20.112      0.000
    COG                0.122      0.040      3.048      0.002


QUALITY OF NUMERICAL RESULTS

     Condition Number for the Information Matrix              0.309E-05
       (ratio of smallest to largest eigenvalue)


STANDARDIZED MODEL RESULTS


STDYX Standardization

                                                    Two-Tailed
                    Estimate       S.E.  Est./S.E.    P-Value

 COG      BY
    COG040             0.349      0.057      6.097      0.000
    COG045             0.411      0.041     10.007      0.000
    COG050             0.495      0.040     12.236      0.000
    COG064             0.774      0.028     28.003      0.000
    COG041             0.352      0.045      7.781      0.000
    COG043             0.481      0.052      9.213      0.000
    COG044             0.453      0.057      7.963      0.000
    COG046             0.327      0.043      7.645      0.000
    COG048             0.578      0.053     10.909      0.000
    COG052             0.451      0.040     11.156      0.000
    COG053             0.489      0.038     12.906      0.000
    COG057             0.388      0.049      7.863      0.000
    COG049             0.802      0.031     26.037      0.000
    COG051             0.772      0.040     19.143      0.000
    COG054             0.431      0.042     10.229      0.000
    COG055             0.822      0.036     22.814      0.000
    COG056             0.915      0.015     60.809      0.000
    COG058             0.792      0.022     36.242      0.000
    COG060             0.899      0.015     59.743      0.000
    COG061             0.792      0.025     31.465      0.000
    COG062             0.634      0.040     15.809      0.000
    COG063             0.809      0.031     26.194      0.000
    COG066             0.925      0.019     48.036      0.000

 BAYLAN   WITH
    COG                0.547      0.027     20.196      0.000

 Means
    BAYLAN             0.000      0.038      0.000      1.000

 Thresholds
    COG040$1          -1.140      0.059    -19.376      0.000
    COG041$1          -0.583      0.049    -11.873      0.000
    COG043$1          -1.065      0.057    -18.689      0.000
    COG044$1          -1.214      0.061    -19.954      0.000
    COG045$1          -0.326      0.047     -6.940      0.000
    COG046$1           0.032      0.046      0.699      0.485
    COG048$1          -1.236      0.061    -20.100      0.000
    COG049$1          -1.013      0.056    -18.143      0.000
    COG050$1          -0.603      0.049    -12.231      0.000
    COG051$1          -1.173      0.060    -19.646      0.000
    COG052$1          -0.477      0.048     -9.927      0.000
    COG053$1          -0.428      0.048     -8.983      0.000
    COG054$1          -0.436      0.048     -9.128      0.000
    COG055$1          -1.166      0.060    -19.593      0.000
    COG056$1          -0.148      0.046     -3.199      0.001
    COG057$1           0.900      0.054     16.800      0.000
    COG058$1          -0.165      0.046     -3.567      0.000
    COG060$1           0.284      0.047      6.062      0.000
    COG061$1           0.704      0.050     13.931      0.000
    COG062$1           1.036      0.056     18.388      0.000
    COG063$1           1.207      0.061     19.904      0.000
    COG064$1           0.717      0.051     14.141      0.000
    COG066$1           0.931      0.054     17.192      0.000

 Variances
    BAYLAN             1.000      0.000    999.000    999.000
    COG                1.000      0.000    999.000    999.000


STDY Standardization

                                                    Two-Tailed
                    Estimate       S.E.  Est./S.E.    P-Value

 COG      BY
    COG040             0.349      0.057      6.097      0.000
    COG045             0.411      0.041     10.007      0.000
    COG050             0.495      0.040     12.236      0.000
    COG064             0.774      0.028     28.003      0.000
    COG041             0.352      0.045      7.781      0.000
    COG043             0.481      0.052      9.213      0.000
    COG044             0.453      0.057      7.963      0.000
    COG046             0.327      0.043      7.645      0.000
    COG048             0.578      0.053     10.909      0.000
    COG052             0.451      0.040     11.156      0.000
    COG053             0.489      0.038     12.906      0.000
    COG057             0.388      0.049      7.863      0.000
    COG049             0.802      0.031     26.037      0.000
    COG051             0.772      0.040     19.143      0.000
    COG054             0.431      0.042     10.229      0.000
    COG055             0.822      0.036     22.814      0.000
    COG056             0.915      0.015     60.809      0.000
    COG058             0.792      0.022     36.242      0.000
    COG060             0.899      0.015     59.743      0.000
    COG061             0.792      0.025     31.465      0.000
    COG062             0.634      0.040     15.809      0.000
    COG063             0.809      0.031     26.194      0.000
    COG066             0.925      0.019     48.036      0.000

 BAYLAN   WITH
    COG                0.547      0.027     20.196      0.000

 Means
    BAYLAN             0.000      0.038      0.000      1.000

 Thresholds
    COG040$1          -1.140      0.059    -19.376      0.000
    COG041$1          -0.583      0.049    -11.873      0.000
    COG043$1          -1.065      0.057    -18.689      0.000
    COG044$1          -1.214      0.061    -19.954      0.000
    COG045$1          -0.326      0.047     -6.940      0.000
    COG046$1           0.032      0.046      0.699      0.485
    COG048$1          -1.236      0.061    -20.100      0.000
    COG049$1          -1.013      0.056    -18.143      0.000
    COG050$1          -0.603      0.049    -12.231      0.000
    COG051$1          -1.173      0.060    -19.646      0.000
    COG052$1          -0.477      0.048     -9.927      0.000
    COG053$1          -0.428      0.048     -8.983      0.000
    COG054$1          -0.436      0.048     -9.128      0.000
    COG055$1          -1.166      0.060    -19.593      0.000
    COG056$1          -0.148      0.046     -3.199      0.001
    COG057$1           0.900      0.054     16.800      0.000
    COG058$1          -0.165      0.046     -3.567      0.000
    COG060$1           0.284      0.047      6.062      0.000
    COG061$1           0.704      0.050     13.931      0.000
    COG062$1           1.036      0.056     18.388      0.000
    COG063$1           1.207      0.061     19.904      0.000
    COG064$1           0.717      0.051     14.141      0.000
    COG066$1           0.931      0.054     17.192      0.000

 Variances
    BAYLAN             1.000      0.000    999.000    999.000
    COG                1.000      0.000    999.000    999.000


STD Standardization

                                                    Two-Tailed
                    Estimate       S.E.  Est./S.E.    P-Value

 COG      BY
    COG040             0.349      0.057      6.097      0.000
    COG045             0.411      0.041     10.007      0.000
    COG050             0.495      0.040     12.236      0.000
    COG064             0.774      0.028     28.003      0.000
    COG041             0.352      0.045      7.781      0.000
    COG043             0.481      0.052      9.213      0.000
    COG044             0.453      0.057      7.963      0.000
    COG046             0.327      0.043      7.645      0.000
    COG048             0.578      0.053     10.909      0.000
    COG052             0.451      0.040     11.156      0.000
    COG053             0.489      0.038     12.906      0.000
    COG057             0.388      0.049      7.863      0.000
    COG049             0.802      0.031     26.037      0.000
    COG051             0.772      0.040     19.143      0.000
    COG054             0.431      0.042     10.229      0.000
    COG055             0.822      0.036     22.814      0.000
    COG056             0.915      0.015     60.809      0.000
    COG058             0.792      0.022     36.242      0.000
    COG060             0.899      0.015     59.743      0.000
    COG061             0.792      0.025     31.465      0.000
    COG062             0.634      0.040     15.809      0.000
    COG063             0.809      0.031     26.194      0.000
    COG066             0.925      0.019     48.036      0.000

 BAYLAN   WITH
    COG                0.547      0.034     16.057      0.000

 Means
    BAYLAN             0.000      0.038      0.000      1.000

 Thresholds
    COG040$1          -1.140      0.059    -19.376      0.000
    COG041$1          -0.583      0.049    -11.873      0.000
    COG043$1          -1.065      0.057    -18.689      0.000
    COG044$1          -1.214      0.061    -19.954      0.000
    COG045$1          -0.326      0.047     -6.940      0.000
    COG046$1           0.032      0.046      0.699      0.485
    COG048$1          -1.236      0.061    -20.100      0.000
    COG049$1          -1.013      0.056    -18.143      0.000
    COG050$1          -0.603      0.049    -12.231      0.000
    COG051$1          -1.173      0.060    -19.646      0.000
    COG052$1          -0.477      0.048     -9.927      0.000
    COG053$1          -0.428      0.048     -8.983      0.000
    COG054$1          -0.436      0.048     -9.128      0.000
    COG055$1          -1.166      0.060    -19.593      0.000
    COG056$1          -0.148      0.046     -3.199      0.001
    COG057$1           0.900      0.054     16.800      0.000
    COG058$1          -0.165      0.046     -3.567      0.000
    COG060$1           0.284      0.047      6.062      0.000
    COG061$1           0.704      0.050     13.931      0.000
    COG062$1           1.036      0.056     18.388      0.000
    COG063$1           1.207      0.061     19.904      0.000
    COG064$1           0.717      0.051     14.141      0.000
    COG066$1           0.931      0.054     17.192      0.000

 Variances
    BAYLAN             1.000      0.050     20.112      0.000
    COG                1.000      0.000    999.000    999.000


R-SQUARE

    Observed                                        Two-Tailed   Residual
    Variable        Estimate       S.E.  Est./S.E.    P-Value    Variance

    COG040             0.122      0.040      3.048      0.002      0.878
    COG041             0.124      0.032      3.890      0.000      0.876
    COG043             0.232      0.050      4.607      0.000      0.768
    COG044             0.205      0.052      3.981      0.000      0.795
    COG045             0.169      0.034      5.003      0.000      0.831
    COG046             0.107      0.028      3.822      0.000      0.893
    COG048             0.334      0.061      5.454      0.000      0.666
    COG049             0.644      0.049     13.019      0.000      0.356
    COG050             0.245      0.040      6.118      0.000      0.755
    COG051             0.595      0.062      9.572      0.000      0.405
    COG052             0.203      0.036      5.578      0.000      0.797
    COG053             0.239      0.037      6.453      0.000      0.761
    COG054             0.186      0.036      5.115      0.000      0.814
    COG055             0.676      0.059     11.407      0.000      0.324
    COG056             0.838      0.028     30.404      0.000      0.162
    COG057             0.150      0.038      3.931      0.000      0.850
    COG058             0.628      0.035     18.121      0.000      0.372
    COG060             0.808      0.027     29.871      0.000      0.192
    COG061             0.628      0.040     15.733      0.000      0.372
    COG062             0.403      0.051      7.904      0.000      0.597
    COG063             0.655      0.050     13.097      0.000      0.345
    COG064             0.599      0.043     14.002      0.000      0.401
    COG066             0.856      0.036     24.018      0.000      0.144


CONFIDENCE INTERVALS OF MODEL RESULTS

                  Lower .5%  Lower 2.5%    Lower 5%    Estimate    Upper 5%  Upper 2.5%   Upper .5%

 COG      BY
    COG040           1.000       1.000       1.000       1.000       1.000       1.000       1.000
    COG045           0.676       0.796       0.857       1.177       1.497       1.558       1.678
    COG050           0.813       0.958       1.032       1.419       1.805       1.879       2.024
    COG064           1.270       1.496       1.612       2.217       2.821       2.937       3.163
    COG041           0.487       0.612       0.675       1.008       1.341       1.404       1.529
    COG043           0.685       0.851       0.936       1.378       1.821       1.906       2.072
    COG044           0.669       0.819       0.896       1.298       1.699       1.776       1.926
    COG046           0.452       0.568       0.627       0.937       1.246       1.306       1.422
    COG048           0.902       1.082       1.174       1.654       2.134       2.226       2.406
    COG052           0.689       0.833       0.907       1.291       1.676       1.750       1.894
    COG053           0.750       0.905       0.984       1.400       1.815       1.894       2.049
    COG057           0.534       0.672       0.742       1.110       1.478       1.548       1.686
    COG049           1.315       1.550       1.670       2.298       2.925       3.046       3.281
    COG051           1.251       1.481       1.598       2.210       2.821       2.939       3.168
    COG054           0.648       0.788       0.860       1.234       1.609       1.680       1.821
    COG055           1.349       1.589       1.712       2.354       2.995       3.118       3.358
    COG056           1.513       1.778       1.914       2.621       3.329       3.464       3.729
    COG058           1.294       1.527       1.647       2.269       2.891       3.011       3.244
    COG060           1.486       1.746       1.879       2.573       3.267       3.400       3.660
    COG061           1.288       1.522       1.642       2.269       2.895       3.015       3.250
    COG062           1.020       1.210       1.308       1.817       2.326       2.423       2.614
    COG063           1.321       1.559       1.681       2.318       2.955       3.077       3.315
    COG066           1.524       1.793       1.930       2.649       3.368       3.505       3.774

 BAYLAN   WITH
    COG              0.101       0.122       0.133       0.191       0.249       0.260       0.282

 Means
    BAYLAN          -0.098      -0.074      -0.062       0.000       0.062       0.074       0.098

 Thresholds
    COG040$1        -1.291      -1.255      -1.236      -1.140      -1.043      -1.024      -0.988
    COG041$1        -0.709      -0.679      -0.663      -0.583      -0.502      -0.486      -0.456
    COG043$1        -1.212      -1.177      -1.159      -1.065      -0.971      -0.953      -0.918
    COG044$1        -1.371      -1.334      -1.314      -1.214      -1.114      -1.095      -1.058
    COG045$1        -0.447      -0.418      -0.404      -0.326      -0.249      -0.234      -0.205
    COG046$1        -0.087      -0.058      -0.044       0.032       0.108       0.123       0.151
    COG048$1        -1.394      -1.356      -1.337      -1.236      -1.135      -1.115      -1.077
    COG049$1        -1.156      -1.122      -1.104      -1.013      -0.921      -0.903      -0.869
    COG050$1        -0.730      -0.699      -0.684      -0.603      -0.522      -0.506      -0.476
    COG051$1        -1.327      -1.290      -1.271      -1.173      -1.075      -1.056      -1.019
    COG052$1        -0.601      -0.571      -0.556      -0.477      -0.398      -0.383      -0.353
    COG053$1        -0.551      -0.522      -0.507      -0.428      -0.350      -0.335      -0.305
    COG054$1        -0.559      -0.529      -0.514      -0.436      -0.357      -0.342      -0.313
    COG055$1        -1.319      -1.283      -1.264      -1.166      -1.068      -1.049      -1.013
    COG056$1        -0.267      -0.239      -0.224      -0.148      -0.072      -0.057      -0.029
    COG057$1         0.762       0.795       0.812       0.900       0.988       1.005       1.038
    COG058$1        -0.285      -0.256      -0.241      -0.165      -0.089      -0.074      -0.046
    COG060$1         0.163       0.192       0.207       0.284       0.361       0.375       0.404
    COG061$1         0.573       0.605       0.620       0.704       0.787       0.802       0.834
    COG062$1         0.891       0.925       0.943       1.036       1.128       1.146       1.181
    COG063$1         1.051       1.088       1.107       1.207       1.307       1.326       1.363
    COG064$1         0.586       0.617       0.633       0.717       0.800       0.816       0.847
    COG066$1         0.792       0.825       0.842       0.931       1.020       1.037       1.071

 Variances
    BAYLAN           0.872       0.903       0.918       1.000       1.082       1.097       1.128
    COG              0.019       0.044       0.056       0.122       0.188       0.200       0.225


CONFIDENCE INTERVALS OF STANDARDIZED MODEL RESULTS


STDYX Standardization

                  Lower .5%  Lower 2.5%    Lower 5%    Estimate    Upper 5%  Upper 2.5%   Upper .5%

 COG      BY
    COG040           0.202       0.237       0.255       0.349       0.443       0.462       0.497
    COG045           0.305       0.331       0.343       0.411       0.479       0.492       0.517
    COG050           0.391       0.416       0.429       0.495       0.562       0.575       0.600
    COG064           0.703       0.720       0.729       0.774       0.820       0.828       0.845
    COG041           0.236       0.263       0.278       0.352       0.426       0.441       0.469
    COG043           0.347       0.379       0.395       0.481       0.567       0.584       0.616
    COG044           0.307       0.342       0.360       0.453       0.547       0.565       0.600
    COG046           0.217       0.243       0.257       0.327       0.397       0.411       0.437
    COG048           0.441       0.474       0.490       0.578       0.665       0.681       0.714
    COG052           0.347       0.372       0.384       0.451       0.517       0.530       0.555
    COG053           0.391       0.415       0.426       0.489       0.551       0.563       0.586
    COG057           0.261       0.291       0.307       0.388       0.469       0.484       0.515
    COG049           0.723       0.742       0.752       0.802       0.853       0.863       0.882
    COG051           0.668       0.693       0.705       0.772       0.838       0.851       0.875
    COG054           0.323       0.348       0.362       0.431       0.500       0.514       0.540
    COG055           0.729       0.751       0.763       0.822       0.881       0.893       0.915
    COG056           0.877       0.886       0.891       0.915       0.940       0.945       0.954
    COG058           0.736       0.750       0.756       0.792       0.828       0.835       0.849
    COG060           0.860       0.869       0.874       0.899       0.923       0.928       0.937
    COG061           0.727       0.743       0.751       0.792       0.834       0.842       0.857
    COG062           0.531       0.556       0.568       0.634       0.701       0.713       0.738
    COG063           0.730       0.749       0.759       0.809       0.860       0.870       0.889
    COG066           0.876       0.887       0.893       0.925       0.957       0.963       0.975

 BAYLAN   WITH
    COG              0.477       0.494       0.503       0.547       0.592       0.600       0.617

 Means
    BAYLAN          -0.098      -0.074      -0.062       0.000       0.062       0.074       0.098

 Thresholds
    COG040$1        -1.291      -1.255      -1.236      -1.140      -1.043      -1.024      -0.988
    COG041$1        -0.709      -0.679      -0.663      -0.583      -0.502      -0.486      -0.456
    COG043$1        -1.212      -1.177      -1.159      -1.065      -0.971      -0.953      -0.918
    COG044$1        -1.371      -1.334      -1.314      -1.214      -1.114      -1.095      -1.058
    COG045$1        -0.447      -0.418      -0.404      -0.326      -0.249      -0.234      -0.205
    COG046$1        -0.087      -0.058      -0.044       0.032       0.108       0.123       0.151
    COG048$1        -1.394      -1.356      -1.337      -1.236      -1.135      -1.115      -1.077
    COG049$1        -1.156      -1.122      -1.104      -1.013      -0.921      -0.903      -0.869
    COG050$1        -0.730      -0.699      -0.684      -0.603      -0.522      -0.506      -0.476
    COG051$1        -1.327      -1.290      -1.271      -1.173      -1.075      -1.056      -1.019
    COG052$1        -0.601      -0.571      -0.556      -0.477      -0.398      -0.383      -0.353
    COG053$1        -0.551      -0.522      -0.507      -0.428      -0.350      -0.335      -0.305
    COG054$1        -0.559      -0.529      -0.514      -0.436      -0.357      -0.342      -0.313
    COG055$1        -1.319      -1.283      -1.264      -1.166      -1.068      -1.049      -1.013
    COG056$1        -0.267      -0.239      -0.224      -0.148      -0.072      -0.057      -0.029
    COG057$1         0.762       0.795       0.812       0.900       0.988       1.005       1.038
    COG058$1        -0.285      -0.256      -0.241      -0.165      -0.089      -0.074      -0.046
    COG060$1         0.163       0.192       0.207       0.284       0.361       0.375       0.404
    COG061$1         0.573       0.605       0.620       0.704       0.787       0.802       0.834
    COG062$1         0.891       0.925       0.943       1.036       1.128       1.146       1.181
    COG063$1         1.051       1.088       1.107       1.207       1.307       1.326       1.363
    COG064$1         0.586       0.617       0.633       0.717       0.800       0.816       0.847
    COG066$1         0.792       0.825       0.842       0.931       1.020       1.037       1.071

 Variances
    BAYLAN           1.000       1.000       1.000       1.000       1.000       1.000       1.000
    COG              1.000       1.000       1.000       1.000       1.000       1.000       1.000


STDY Standardization

                  Lower .5%  Lower 2.5%    Lower 5%    Estimate    Upper 5%  Upper 2.5%   Upper .5%

 COG      BY
    COG040           0.202       0.237       0.255       0.349       0.443       0.462       0.497
    COG045           0.305       0.331       0.343       0.411       0.479       0.492       0.517
    COG050           0.391       0.416       0.429       0.495       0.562       0.575       0.600
    COG064           0.703       0.720       0.729       0.774       0.820       0.828       0.845
    COG041           0.236       0.263       0.278       0.352       0.426       0.441       0.469
    COG043           0.347       0.379       0.395       0.481       0.567       0.584       0.616
    COG044           0.307       0.342       0.360       0.453       0.547       0.565       0.600
    COG046           0.217       0.243       0.257       0.327       0.397       0.411       0.437
    COG048           0.441       0.474       0.490       0.578       0.665       0.681       0.714
    COG052           0.347       0.372       0.384       0.451       0.517       0.530       0.555
    COG053           0.391       0.415       0.426       0.489       0.551       0.563       0.586
    COG057           0.261       0.291       0.307       0.388       0.469       0.484       0.515
    COG049           0.723       0.742       0.752       0.802       0.853       0.863       0.882
    COG051           0.668       0.693       0.705       0.772       0.838       0.851       0.875
    COG054           0.323       0.348       0.362       0.431       0.500       0.514       0.540
    COG055           0.729       0.751       0.763       0.822       0.881       0.893       0.915
    COG056           0.877       0.886       0.891       0.915       0.940       0.945       0.954
    COG058           0.736       0.750       0.756       0.792       0.828       0.835       0.849
    COG060           0.860       0.869       0.874       0.899       0.923       0.928       0.937
    COG061           0.727       0.743       0.751       0.792       0.834       0.842       0.857
    COG062           0.531       0.556       0.568       0.634       0.701       0.713       0.738
    COG063           0.730       0.749       0.759       0.809       0.860       0.870       0.889
    COG066           0.876       0.887       0.893       0.925       0.957       0.963       0.975

 BAYLAN   WITH
    COG              0.477       0.494       0.503       0.547       0.592       0.600       0.617

 Means
    BAYLAN          -0.098      -0.074      -0.062       0.000       0.062       0.074       0.098

 Thresholds
    COG040$1        -1.291      -1.255      -1.236      -1.140      -1.043      -1.024      -0.988
    COG041$1        -0.709      -0.679      -0.663      -0.583      -0.502      -0.486      -0.456
    COG043$1        -1.212      -1.177      -1.159      -1.065      -0.971      -0.953      -0.918
    COG044$1        -1.371      -1.334      -1.314      -1.214      -1.114      -1.095      -1.058
    COG045$1        -0.447      -0.418      -0.404      -0.326      -0.249      -0.234      -0.205
    COG046$1        -0.087      -0.058      -0.044       0.032       0.108       0.123       0.151
    COG048$1        -1.394      -1.356      -1.337      -1.236      -1.135      -1.115      -1.077
    COG049$1        -1.156      -1.122      -1.104      -1.013      -0.921      -0.903      -0.869
    COG050$1        -0.730      -0.699      -0.684      -0.603      -0.522      -0.506      -0.476
    COG051$1        -1.327      -1.290      -1.271      -1.173      -1.075      -1.056      -1.019
    COG052$1        -0.601      -0.571      -0.556      -0.477      -0.398      -0.383      -0.353
    COG053$1        -0.551      -0.522      -0.507      -0.428      -0.350      -0.335      -0.305
    COG054$1        -0.559      -0.529      -0.514      -0.436      -0.357      -0.342      -0.313
    COG055$1        -1.319      -1.283      -1.264      -1.166      -1.068      -1.049      -1.013
    COG056$1        -0.267      -0.239      -0.224      -0.148      -0.072      -0.057      -0.029
    COG057$1         0.762       0.795       0.812       0.900       0.988       1.005       1.038
    COG058$1        -0.285      -0.256      -0.241      -0.165      -0.089      -0.074      -0.046
    COG060$1         0.163       0.192       0.207       0.284       0.361       0.375       0.404
    COG061$1         0.573       0.605       0.620       0.704       0.787       0.802       0.834
    COG062$1         0.891       0.925       0.943       1.036       1.128       1.146       1.181
    COG063$1         1.051       1.088       1.107       1.207       1.307       1.326       1.363
    COG064$1         0.586       0.617       0.633       0.717       0.800       0.816       0.847
    COG066$1         0.792       0.825       0.842       0.931       1.020       1.037       1.071

 Variances
    BAYLAN           1.000       1.000       1.000       1.000       1.000       1.000       1.000
    COG              1.000       1.000       1.000       1.000       1.000       1.000       1.000


STD Standardization

                  Lower .5%  Lower 2.5%    Lower 5%    Estimate    Upper 5%  Upper 2.5%   Upper .5%

 COG      BY
    COG040           0.202       0.237       0.255       0.349       0.443       0.462       0.497
    COG045           0.305       0.331       0.343       0.411       0.479       0.492       0.517
    COG050           0.391       0.416       0.429       0.495       0.562       0.575       0.600
    COG064           0.703       0.720       0.729       0.774       0.820       0.828       0.845
    COG041           0.236       0.263       0.278       0.352       0.426       0.441       0.469
    COG043           0.347       0.379       0.395       0.481       0.567       0.584       0.616
    COG044           0.307       0.342       0.360       0.453       0.547       0.565       0.600
    COG046           0.217       0.243       0.257       0.327       0.397       0.411       0.437
    COG048           0.441       0.474       0.490       0.578       0.665       0.681       0.714
    COG052           0.347       0.372       0.384       0.451       0.517       0.530       0.555
    COG053           0.391       0.415       0.426       0.489       0.551       0.563       0.586
    COG057           0.261       0.291       0.307       0.388       0.469       0.484       0.515
    COG049           0.723       0.742       0.752       0.802       0.853       0.863       0.882
    COG051           0.668       0.693       0.705       0.772       0.838       0.851       0.875
    COG054           0.323       0.348       0.362       0.431       0.500       0.514       0.540
    COG055           0.729       0.751       0.763       0.822       0.881       0.893       0.915
    COG056           0.877       0.886       0.891       0.915       0.940       0.945       0.954
    COG058           0.736       0.750       0.756       0.792       0.828       0.835       0.849
    COG060           0.860       0.869       0.874       0.899       0.923       0.928       0.937
    COG061           0.727       0.743       0.751       0.792       0.834       0.842       0.857
    COG062           0.531       0.556       0.568       0.634       0.701       0.713       0.738
    COG063           0.730       0.749       0.759       0.809       0.860       0.870       0.889
    COG066           0.876       0.887       0.893       0.925       0.957       0.963       0.975

 BAYLAN   WITH
    COG              0.460       0.480       0.491       0.547       0.603       0.614       0.635

 Means
    BAYLAN          -0.098      -0.074      -0.062       0.000       0.062       0.074       0.098

 Thresholds
    COG040$1        -1.291      -1.255      -1.236      -1.140      -1.043      -1.024      -0.988
    COG041$1        -0.709      -0.679      -0.663      -0.583      -0.502      -0.486      -0.456
    COG043$1        -1.212      -1.177      -1.159      -1.065      -0.971      -0.953      -0.918
    COG044$1        -1.371      -1.334      -1.314      -1.214      -1.114      -1.095      -1.058
    COG045$1        -0.447      -0.418      -0.404      -0.326      -0.249      -0.234      -0.205
    COG046$1        -0.087      -0.058      -0.044       0.032       0.108       0.123       0.151
    COG048$1        -1.394      -1.356      -1.337      -1.236      -1.135      -1.115      -1.077
    COG049$1        -1.156      -1.122      -1.104      -1.013      -0.921      -0.903      -0.869
    COG050$1        -0.730      -0.699      -0.684      -0.603      -0.522      -0.506      -0.476
    COG051$1        -1.327      -1.290      -1.271      -1.173      -1.075      -1.056      -1.019
    COG052$1        -0.601      -0.571      -0.556      -0.477      -0.398      -0.383      -0.353
    COG053$1        -0.551      -0.522      -0.507      -0.428      -0.350      -0.335      -0.305
    COG054$1        -0.559      -0.529      -0.514      -0.436      -0.357      -0.342      -0.313
    COG055$1        -1.319      -1.283      -1.264      -1.166      -1.068      -1.049      -1.013
    COG056$1        -0.267      -0.239      -0.224      -0.148      -0.072      -0.057      -0.029
    COG057$1         0.762       0.795       0.812       0.900       0.988       1.005       1.038
    COG058$1        -0.285      -0.256      -0.241      -0.165      -0.089      -0.074      -0.046
    COG060$1         0.163       0.192       0.207       0.284       0.361       0.375       0.404
    COG061$1         0.573       0.605       0.620       0.704       0.787       0.802       0.834
    COG062$1         0.891       0.925       0.943       1.036       1.128       1.146       1.181
    COG063$1         1.051       1.088       1.107       1.207       1.307       1.326       1.363
    COG064$1         0.586       0.617       0.633       0.717       0.800       0.816       0.847
    COG066$1         0.792       0.825       0.842       0.931       1.020       1.037       1.071

 Variances
    BAYLAN           0.872       0.903       0.918       1.000       1.082       1.097       1.128
    COG              1.000       1.000       1.000       1.000       1.000       1.000       1.000


RESIDUAL OUTPUT


     ESTIMATED MODEL AND RESIDUALS (OBSERVED - ESTIMATED)


           Model Estimated Means/Intercepts/Thresholds
              COG040$1      COG041$1      COG043$1      COG044$1      COG045$1
              ________      ________      ________      ________      ________
               -1.140        -0.583        -1.065        -1.214        -0.326


           Model Estimated Means/Intercepts/Thresholds
              COG046$1      COG048$1      COG049$1      COG050$1      COG051$1
              ________      ________      ________      ________      ________
                0.032        -1.236        -1.013        -0.603        -1.173


           Model Estimated Means/Intercepts/Thresholds
              COG052$1      COG053$1      COG054$1      COG055$1      COG056$1
              ________      ________      ________      ________      ________
               -0.477        -0.428        -0.436        -1.166        -0.148


           Model Estimated Means/Intercepts/Thresholds
              COG057$1      COG058$1      COG060$1      COG061$1      COG062$1
              ________      ________      ________      ________      ________
                0.900        -0.165         0.284         0.704         1.036


           Model Estimated Means/Intercepts/Thresholds
              COG063$1      COG064$1      COG066$1      BAYLAN
              ________      ________      ________      ________
                1.207         0.717         0.931         0.000


           Residuals for Means/Intercepts/Thresholds
              COG040$1      COG041$1      COG043$1      COG044$1      COG045$1
              ________      ________      ________      ________      ________
                0.000         0.000         0.000         0.000         0.000


           Residuals for Means/Intercepts/Thresholds
              COG046$1      COG048$1      COG049$1      COG050$1      COG051$1
              ________      ________      ________      ________      ________
                0.000         0.000         0.000         0.000         0.000


           Residuals for Means/Intercepts/Thresholds
              COG052$1      COG053$1      COG054$1      COG055$1      COG056$1
              ________      ________      ________      ________      ________
                0.000         0.000         0.000         0.000         0.000


           Residuals for Means/Intercepts/Thresholds
              COG057$1      COG058$1      COG060$1      COG061$1      COG062$1
              ________      ________      ________      ________      ________
                0.000         0.000         0.000         0.000         0.000


           Residuals for Means/Intercepts/Thresholds
              COG063$1      COG064$1      COG066$1      BAYLAN
              ________      ________      ________      ________
                0.000         0.000         0.000         0.000


           Model Estimated Covariances/Correlations/Residual Correlations
              COG040        COG041        COG043        COG044        COG045
              ________      ________      ________      ________      ________
 COG040
 COG041         0.123
 COG043         0.168         0.169
 COG044         0.158         0.160         0.218
 COG045         0.144         0.145         0.198         0.186
 COG046         0.114         0.115         0.157         0.148         0.134
 COG048         0.202         0.203         0.278         0.262         0.237
 COG049         0.280         0.282         0.386         0.364         0.330
 COG050         0.173         0.174         0.238         0.225         0.204
 COG051         0.269         0.272         0.371         0.350         0.317
 COG052         0.157         0.159         0.217         0.204         0.185
 COG053         0.171         0.172         0.235         0.221         0.201
 COG054         0.151         0.152         0.208         0.195         0.177
 COG055         0.287         0.289         0.396         0.373         0.338
 COG056         0.320         0.322         0.441         0.415         0.376
 COG057         0.135         0.136         0.187         0.176         0.159
 COG058         0.277         0.279         0.381         0.359         0.326
 COG060         0.314         0.316         0.433         0.407         0.369
 COG061         0.277         0.279         0.381         0.359         0.326
 COG062         0.222         0.223         0.305         0.288         0.261
 COG063         0.283         0.285         0.390         0.367         0.333
 COG064         0.270         0.273         0.373         0.351         0.318
 COG066         0.323         0.326         0.445         0.419         0.380
 BAYLAN         0.191         0.193         0.263         0.248         0.225


           Model Estimated Covariances/Correlations/Residual Correlations
              COG046        COG048        COG049        COG050        COG051
              ________      ________      ________      ________      ________
 COG048         0.189
 COG049         0.262         0.463
 COG050         0.162         0.286         0.398
 COG051         0.252         0.446         0.619         0.382
 COG052         0.148         0.260         0.362         0.223         0.348
 COG053         0.160         0.282         0.392         0.242         0.377
 COG054         0.141         0.249         0.346         0.214         0.333
 COG055         0.269         0.475         0.660         0.407         0.634
 COG056         0.299         0.529         0.735         0.454         0.706
 COG057         0.127         0.224         0.311         0.192         0.299
 COG058         0.259         0.458         0.636         0.393         0.611
 COG060         0.294         0.519         0.721         0.445         0.693
 COG061         0.259         0.458         0.636         0.393         0.611
 COG062         0.208         0.366         0.509         0.314         0.490
 COG063         0.265         0.468         0.650         0.401         0.625
 COG064         0.253         0.447         0.621         0.384         0.597
 COG066         0.303         0.534         0.742         0.458         0.714
 BAYLAN         0.179         0.316         0.439         0.271         0.422


           Model Estimated Covariances/Correlations/Residual Correlations
              COG052        COG053        COG054        COG055        COG056
              ________      ________      ________      ________      ________
 COG053         0.220
 COG054         0.194         0.211
 COG055         0.371         0.402         0.354
 COG056         0.413         0.447         0.395         0.752
 COG057         0.175         0.189         0.167         0.319         0.355
 COG058         0.357         0.387         0.342         0.651         0.725
 COG060         0.405         0.439         0.387         0.739         0.823
 COG061         0.357         0.387         0.342         0.651         0.725
 COG062         0.286         0.310         0.274         0.522         0.581
 COG063         0.365         0.396         0.349         0.665         0.741
 COG064         0.349         0.378         0.334         0.636         0.709
 COG066         0.417         0.452         0.399         0.760         0.847
 BAYLAN         0.247         0.267         0.236         0.450         0.501


           Model Estimated Covariances/Correlations/Residual Correlations
              COG057        COG058        COG060        COG061        COG062
              ________      ________      ________      ________      ________
 COG058         0.307
 COG060         0.348         0.712
 COG061         0.307         0.628         0.712
 COG062         0.246         0.503         0.570         0.503
 COG063         0.314         0.641         0.727         0.641         0.514
 COG064         0.300         0.613         0.696         0.613         0.491
 COG066         0.359         0.733         0.831         0.733         0.587
 BAYLAN         0.212         0.434         0.492         0.434         0.347


           Model Estimated Covariances/Correlations/Residual Correlations
              COG063        COG064        COG066        BAYLAN
              ________      ________      ________      ________
 COG064         0.627
 COG066         0.749         0.716
 BAYLAN         0.443         0.424         0.506         1.000


           Model Estimated Correlations/Residual Correlations
              COG040        COG041        COG043        COG044        COG045
              ________      ________      ________      ________      ________
 COG040
 COG041         0.123
 COG043         0.168         0.169
 COG044         0.158         0.160         0.218
 COG045         0.144         0.145         0.198         0.186
 COG046         0.114         0.115         0.157         0.148         0.134
 COG048         0.202         0.203         0.278         0.262         0.237
 COG049         0.280         0.282         0.386         0.364         0.330
 COG050         0.173         0.174         0.238         0.225         0.204
 COG051         0.269         0.272         0.371         0.350         0.317
 COG052         0.157         0.159         0.217         0.204         0.185
 COG053         0.171         0.172         0.235         0.221         0.201
 COG054         0.151         0.152         0.208         0.195         0.177
 COG055         0.287         0.289         0.396         0.373         0.338
 COG056         0.320         0.322         0.441         0.415         0.376
 COG057         0.135         0.136         0.187         0.176         0.159
 COG058         0.277         0.279         0.381         0.359         0.326
 COG060         0.314         0.316         0.433         0.407         0.369
 COG061         0.277         0.279         0.381         0.359         0.326
 COG062         0.222         0.223         0.305         0.288         0.261
 COG063         0.283         0.285         0.390         0.367         0.333
 COG064         0.270         0.273         0.373         0.351         0.318
 COG066         0.323         0.326         0.445         0.419         0.380
 BAYLAN         0.191         0.193         0.263         0.248         0.225


           Model Estimated Correlations/Residual Correlations
              COG046        COG048        COG049        COG050        COG051
              ________      ________      ________      ________      ________
 COG048         0.189
 COG049         0.262         0.463
 COG050         0.162         0.286         0.398
 COG051         0.252         0.446         0.619         0.382
 COG052         0.148         0.260         0.362         0.223         0.348
 COG053         0.160         0.282         0.392         0.242         0.377
 COG054         0.141         0.249         0.346         0.214         0.333
 COG055         0.269         0.475         0.660         0.407         0.634
 COG056         0.299         0.529         0.735         0.454         0.706
 COG057         0.127         0.224         0.311         0.192         0.299
 COG058         0.259         0.458         0.636         0.393         0.611
 COG060         0.294         0.519         0.721         0.445         0.693
 COG061         0.259         0.458         0.636         0.393         0.611
 COG062         0.208         0.366         0.509         0.314         0.490
 COG063         0.265         0.468         0.650         0.401         0.625
 COG064         0.253         0.447         0.621         0.384         0.597
 COG066         0.303         0.534         0.742         0.458         0.714
 BAYLAN         0.179         0.316         0.439         0.271         0.422


           Model Estimated Correlations/Residual Correlations
              COG052        COG053        COG054        COG055        COG056
              ________      ________      ________      ________      ________
 COG053         0.220
 COG054         0.194         0.211
 COG055         0.371         0.402         0.354
 COG056         0.413         0.447         0.395         0.752
 COG057         0.175         0.189         0.167         0.319         0.355
 COG058         0.357         0.387         0.342         0.651         0.725
 COG060         0.405         0.439         0.387         0.739         0.823
 COG061         0.357         0.387         0.342         0.651         0.725
 COG062         0.286         0.310         0.274         0.522         0.581
 COG063         0.365         0.396         0.349         0.665         0.741
 COG064         0.349         0.378         0.334         0.636         0.709
 COG066         0.417         0.452         0.399         0.760         0.847
 BAYLAN         0.247         0.267         0.236         0.450         0.501


           Model Estimated Correlations/Residual Correlations
              COG057        COG058        COG060        COG061        COG062
              ________      ________      ________      ________      ________
 COG058         0.307
 COG060         0.348         0.712
 COG061         0.307         0.628         0.712
 COG062         0.246         0.503         0.570         0.503
 COG063         0.314         0.641         0.727         0.641         0.514
 COG064         0.300         0.613         0.696         0.613         0.491
 COG066         0.359         0.733         0.831         0.733         0.587
 BAYLAN         0.212         0.434         0.492         0.434         0.347


           Model Estimated Correlations/Residual Correlations
              COG063        COG064        COG066        BAYLAN
              ________      ________      ________      ________
 COG064         0.627
 COG066         0.749         0.716
 BAYLAN         0.443         0.424         0.506         1.000


           Residuals for Covariances/Correlations/Residual Correlations
              COG040        COG041        COG043        COG044        COG045
              ________      ________      ________      ________      ________
 COG040
 COG041        -0.035
 COG043        -0.073         0.052
 COG044         0.182         0.158         0.073
 COG045         0.391         0.072         0.067         0.118
 COG046         0.079         0.064         0.003         0.093         0.079
 COG048        -0.079         0.010        -0.017         0.096        -0.084
 COG049         0.027        -0.095        -0.077        -0.062        -0.014
 COG050         0.314         0.072         0.072         0.105         0.369
 COG051        -0.004         0.021        -0.088        -0.011         0.017
 COG052        -0.030         0.043         0.355         0.068         0.020
 COG053        -0.090        -0.012        -0.083         0.107         0.030
 COG054         0.019         0.015         0.112         0.035         0.015
 COG055        -0.100         0.030         0.042        -0.038        -0.076
 COG056        -0.085        -0.154        -0.155        -0.091        -0.129
 COG057        -0.051         0.179        -0.080        -0.113        -0.055
 COG058        -0.143        -0.087        -0.115        -0.113        -0.088
 COG060        -0.112        -0.067        -0.081        -0.086        -0.072
 COG061        -0.220        -0.023         0.021        -0.131        -0.171
 COG062         0.008         0.128         0.142        -0.057         0.053
 COG063        -0.102         0.037        -0.125        -0.123        -0.154
 COG064         0.054         0.004         0.023        -0.038        -0.018
 COG066        -0.172         0.007        -0.047        -0.047        -0.145
 BAYLAN         0.141         0.016         0.047         0.125         0.063


           Residuals for Covariances/Correlations/Residual Correlations
              COG046        COG048        COG049        COG050        COG051
              ________      ________      ________      ________      ________
 COG048         0.032
 COG049        -0.034        -0.260
 COG050        -0.036        -0.024         0.003
 COG051        -0.025        -0.092         0.067         0.020
 COG052        -0.148        -0.018        -0.085         0.050        -0.005
 COG053        -0.027         0.627        -0.204         0.000        -0.112
 COG054        -0.054        -0.031        -0.097         0.076         0.002
 COG055         0.000        -0.149        -0.032         0.004         0.079
 COG056        -0.071        -0.442         0.170        -0.143         0.017
 COG057        -0.003        -0.050        -0.039        -0.079        -0.054
 COG058        -0.034        -0.307        -0.072        -0.117         0.286
 COG060        -0.038        -0.341        -0.011        -0.094        -0.012
 COG061         0.024        -0.378        -0.146        -0.076        -0.077
 COG062         0.154        -0.229        -0.040        -0.061        -0.023
 COG063         0.037        -0.338        -0.099        -0.030        -0.228
 COG064        -0.005        -0.076        -0.198        -0.060        -0.114
 COG066         0.083        -0.304        -0.045        -0.156        -0.062
 BAYLAN        -0.013         0.140        -0.059         0.078        -0.012


           Residuals for Covariances/Correlations/Residual Correlations
              COG052        COG053        COG054        COG055        COG056
              ________      ________      ________      ________      ________
 COG053         0.040
 COG054         0.186         0.000
 COG055         0.103        -0.095         0.051
 COG056        -0.132        -0.279        -0.172        -0.064
 COG057         0.036        -0.054         0.085         0.141        -0.106
 COG058        -0.126        -0.305        -0.031         0.081         0.066
 COG060        -0.086        -0.284        -0.043        -0.120         0.077
 COG061        -0.004        -0.247        -0.002         0.011        -0.084
 COG062        -0.002        -0.143        -0.076         0.102        -0.120
 COG063        -0.018        -0.189        -0.056        -0.094        -0.091
 COG064         0.023        -0.016         0.106         0.022        -0.075
 COG066        -0.097        -0.251         0.033        -0.107        -0.042
 BAYLAN         0.032         0.161         0.017         0.034        -0.101


           Residuals for Covariances/Correlations/Residual Correlations
              COG057        COG058        COG060        COG061        COG062
              ________      ________      ________      ________      ________
 COG058         0.025
 COG060        -0.017         0.088
 COG061         0.085        -0.018        -0.065
 COG062         0.034         0.000        -0.066         0.060
 COG063         0.031         0.002        -0.026         0.197         0.023
 COG064         0.037        -0.023        -0.060         0.002         0.030
 COG066        -0.031         0.153         0.007         0.089         0.093
 BAYLAN         0.024        -0.057        -0.087        -0.155        -0.030


           Residuals for Covariances/Correlations/Residual Correlations
              COG063        COG064        COG066        BAYLAN
              ________      ________      ________      ________
 COG064        -0.007
 COG066         0.005         0.040
 BAYLAN        -0.129         0.239        -0.126         0.000


           Residuals for Correlations/Residual Correlations
              COG040        COG041        COG043        COG044        COG045
              ________      ________      ________      ________      ________
 COG040
 COG041        -0.035
 COG043        -0.073         0.052
 COG044         0.182         0.158         0.073
 COG045         0.391         0.072         0.067         0.118
 COG046         0.079         0.064         0.003         0.093         0.079
 COG048        -0.079         0.010        -0.017         0.096        -0.084
 COG049         0.027        -0.095        -0.077        -0.062        -0.014
 COG050         0.314         0.072         0.072         0.105         0.369
 COG051        -0.004         0.021        -0.088        -0.011         0.017
 COG052        -0.030         0.043         0.355         0.068         0.020
 COG053        -0.090        -0.012        -0.083         0.107         0.030
 COG054         0.019         0.015         0.112         0.035         0.015
 COG055        -0.100         0.030         0.042        -0.038        -0.076
 COG056        -0.085        -0.154        -0.155        -0.091        -0.129
 COG057        -0.051         0.179        -0.080        -0.113        -0.055
 COG058        -0.143        -0.087        -0.115        -0.113        -0.088
 COG060        -0.112        -0.067        -0.081        -0.086        -0.072
 COG061        -0.220        -0.023         0.021        -0.131        -0.171
 COG062         0.008         0.128         0.142        -0.057         0.053
 COG063        -0.102         0.037        -0.125        -0.123        -0.154
 COG064         0.054         0.004         0.023        -0.038        -0.018
 COG066        -0.172         0.007        -0.047        -0.047        -0.145
 BAYLAN         0.141         0.016         0.047         0.125         0.063


           Residuals for Correlations/Residual Correlations
              COG046        COG048        COG049        COG050        COG051
              ________      ________      ________      ________      ________
 COG048         0.032
 COG049        -0.034        -0.260
 COG050        -0.036        -0.024         0.003
 COG051        -0.025        -0.092         0.067         0.020
 COG052        -0.148        -0.018        -0.085         0.050        -0.005
 COG053        -0.027         0.627        -0.204         0.000        -0.112
 COG054        -0.054        -0.031        -0.097         0.076         0.002
 COG055         0.000        -0.149        -0.032         0.004         0.079
 COG056        -0.071        -0.442         0.170        -0.143         0.017
 COG057        -0.003        -0.050        -0.039        -0.079        -0.054
 COG058        -0.034        -0.307        -0.072        -0.117         0.286
 COG060        -0.038        -0.341        -0.011        -0.094        -0.012
 COG061         0.024        -0.378        -0.146        -0.076        -0.077
 COG062         0.154        -0.229        -0.040        -0.061        -0.023
 COG063         0.037        -0.338        -0.099        -0.030        -0.228
 COG064        -0.005        -0.076        -0.198        -0.060        -0.114
 COG066         0.083        -0.304        -0.045        -0.156        -0.062
 BAYLAN        -0.013         0.140        -0.059         0.078        -0.012


           Residuals for Correlations/Residual Correlations
              COG052        COG053        COG054        COG055        COG056
              ________      ________      ________      ________      ________
 COG053         0.040
 COG054         0.186         0.000
 COG055         0.103        -0.095         0.051
 COG056        -0.132        -0.279        -0.172        -0.064
 COG057         0.036        -0.054         0.085         0.141        -0.106
 COG058        -0.126        -0.305        -0.031         0.081         0.066
 COG060        -0.086        -0.284        -0.043        -0.120         0.077
 COG061        -0.004        -0.247        -0.002         0.011        -0.084
 COG062        -0.002        -0.143        -0.076         0.102        -0.120
 COG063        -0.018        -0.189        -0.056        -0.094        -0.091
 COG064         0.023        -0.016         0.106         0.022        -0.075
 COG066        -0.097        -0.251         0.033        -0.107        -0.042
 BAYLAN         0.032         0.161         0.017         0.034        -0.101


           Residuals for Correlations/Residual Correlations
              COG057        COG058        COG060        COG061        COG062
              ________      ________      ________      ________      ________
 COG058         0.025
 COG060        -0.017         0.088
 COG061         0.085        -0.018        -0.065
 COG062         0.034         0.000        -0.066         0.060
 COG063         0.031         0.002        -0.026         0.197         0.023
 COG064         0.037        -0.023        -0.060         0.002         0.030
 COG066        -0.031         0.153         0.007         0.089         0.093
 BAYLAN         0.024        -0.057        -0.087        -0.155        -0.030


           Residuals for Correlations/Residual Correlations
              COG063        COG064        COG066        BAYLAN
              ________      ________      ________      ________
 COG064        -0.007
 COG066         0.005         0.040
 BAYLAN        -0.129         0.239        -0.126         0.000


     UNIVARIATE PROPORTIONS FOR CATEGORICAL VARIABLES

     Variable          Observed      Estimated      Residual (Obs.-Est.)    Stand. Residual
     COG040
       Category  1       0.127          0.127                  0.000                0.000
       Category  2       0.873          0.873                  0.000                0.000
     COG041
       Category  1       0.280          0.280                  0.000                0.000
       Category  2       0.720          0.720                  0.000                0.000
     COG043
       Category  1       0.143          0.143                  0.000                0.000
       Category  2       0.857          0.857                  0.000                0.000
     COG044
       Category  1       0.112          0.112                  0.000                0.000
       Category  2       0.888          0.888                  0.000                0.000
     COG045
       Category  1       0.372          0.372                  0.000                0.000
       Category  2       0.628          0.628                  0.000                0.000
     COG046
       Category  1       0.513          0.513                  0.000                0.000
       Category  2       0.487          0.487                  0.000                0.000
     COG048
       Category  1       0.108          0.108                  0.000                0.000
       Category  2       0.892          0.892                  0.000                0.000
     COG049
       Category  1       0.156          0.156                  0.000                0.000
       Category  2       0.844          0.844                  0.000                0.000
     COG050
       Category  1       0.273          0.273                  0.000                0.000
       Category  2       0.727          0.727                  0.000                0.000
     COG051
       Category  1       0.120          0.120                  0.000                0.000
       Category  2       0.880          0.880                  0.000                0.000
     COG052
       Category  1       0.317          0.317                  0.000                0.000
       Category  2       0.683          0.683                  0.000                0.000
     COG053
       Category  1       0.334          0.334                  0.000                0.000
       Category  2       0.666          0.666                  0.000                0.000
     COG054
       Category  1       0.332          0.332                  0.000                0.000
       Category  2       0.668          0.668                  0.000                0.000
     COG055
       Category  1       0.122          0.122                  0.000                0.000
       Category  2       0.878          0.878                  0.000                0.000
     COG056
       Category  1       0.441          0.441                  0.000                0.000
       Category  2       0.559          0.559                  0.000                0.000
     COG057
       Category  1       0.816          0.816                  0.000                0.000
       Category  2       0.184          0.184                  0.000                0.000
     COG058
       Category  1       0.434          0.434                  0.000                0.000
       Category  2       0.566          0.566                  0.000                0.000
     COG060
       Category  1       0.612          0.612                  0.000                0.000
       Category  2       0.388          0.388                  0.000                0.000
     COG061
       Category  1       0.759          0.759                  0.000                0.000
       Category  2       0.241          0.241                  0.000                0.000
     COG062
       Category  1       0.850          0.850                  0.000                0.000
       Category  2       0.150          0.150                  0.000                0.000
     COG063
       Category  1       0.886          0.886                  0.000                0.000
       Category  2       0.114          0.114                  0.000                0.000
     COG064
       Category  1       0.763          0.763                  0.000                0.000
       Category  2       0.237          0.237                  0.000                0.000
     COG066
       Category  1       0.824          0.824                  0.000                0.000
       Category  2       0.176          0.176                  0.000                0.000


     BIVARIATE PROPORTIONS FOR CATEGORICAL VARIABLES

     Variable       Variable          Observed     Estimated    Residual (Obs.-Est.)  Stand. Residual
     COG040         COG041
       Category 1     Category 1        0.042       0.045            -0.003           -0.350
       Category 1     Category 2        0.085       0.083             0.003            0.262
       Category 2     Category 1        0.238       0.236             0.003            0.170
       Category 2     Category 2        0.635       0.637            -0.003           -0.150
     COG040         COG043
       Category 1     Category 1        0.023       0.027            -0.004           -0.668
       Category 1     Category 2        0.104       0.100             0.004            0.361
       Category 2     Category 1        0.120       0.116             0.004            0.338
       Category 2     Category 2        0.752       0.756            -0.004           -0.252
     COG040         COG044
       Category 1     Category 1        0.031       0.021             0.010            1.855
       Category 1     Category 2        0.096       0.106            -0.010           -0.870
       Category 2     Category 1        0.081       0.091            -0.010           -0.930
       Category 2     Category 2        0.792       0.782             0.010            0.648
     COG040         COG045
       Category 1     Category 1        0.093       0.059             0.034            3.974
       Category 1     Category 2        0.034       0.068            -0.034           -3.711
       Category 2     Category 1        0.279       0.313            -0.034           -2.018
       Category 2     Category 2        0.594       0.560             0.034            1.885
     COG040         COG046
       Category 1     Category 1        0.081       0.075             0.006            0.671
       Category 1     Category 2        0.046       0.053            -0.006           -0.791
       Category 2     Category 1        0.432       0.438            -0.006           -0.356
       Category 2     Category 2        0.441       0.435             0.006            0.356
     COG040         COG048
       Category 1     Category 1        0.019       0.023            -0.004           -0.687
       Category 1     Category 2        0.108       0.104             0.004            0.335
       Category 2     Category 1        0.089       0.086             0.004            0.366
       Category 2     Category 2        0.783       0.787            -0.004           -0.250
     COG040         COG049
       Category 1     Category 1        0.038       0.036             0.002            0.267
       Category 1     Category 2        0.089       0.091            -0.002           -0.173
       Category 2     Category 1        0.118       0.120            -0.002           -0.153
       Category 2     Category 2        0.755       0.753             0.002            0.115
     COG040         COG050
       Category 1     Category 1        0.074       0.047             0.027            3.446
       Category 1     Category 2        0.053       0.080            -0.027           -2.705
       Category 2     Category 1        0.199       0.226            -0.027           -1.752
       Category 2     Category 2        0.674       0.647             0.027            1.533
     COG040         COG051
       Category 1     Category 1        0.028       0.029             0.000           -0.040
       Category 1     Category 2        0.099       0.099             0.000            0.023
       Category 2     Category 1        0.092       0.092             0.000            0.023
       Category 2     Category 2        0.781       0.781             0.000           -0.016
     COG040         COG052
       Category 1     Category 1        0.050       0.052            -0.002           -0.291
       Category 1     Category 2        0.077       0.075             0.002            0.247
       Category 2     Category 1        0.267       0.264             0.002            0.147
       Category 2     Category 2        0.606       0.609            -0.002           -0.133
     COG040         COG053
       Category 1     Category 1        0.049       0.056            -0.007           -0.860
       Category 1     Category 2        0.078       0.071             0.007            0.769
       Category 2     Category 1        0.286       0.278             0.007            0.441
       Category 2     Category 2        0.587       0.595            -0.007           -0.403
     COG040         COG054
       Category 1     Category 1        0.055       0.054             0.002            0.182
       Category 1     Category 2        0.072       0.073            -0.002           -0.158
       Category 2     Category 1        0.276       0.278            -0.002           -0.092
       Category 2     Category 2        0.597       0.595             0.002            0.084
     COG040         COG055
       Category 1     Category 1        0.024       0.030            -0.006           -0.893
       Category 1     Category 2        0.103       0.097             0.006            0.514
       Category 2     Category 1        0.097       0.092             0.006            0.527
       Category 2     Category 2        0.775       0.781            -0.006           -0.368
     COG040         COG056
       Category 1     Category 1        0.076       0.083            -0.007           -0.710
       Category 1     Category 2        0.051       0.044             0.007            0.953
       Category 2     Category 1        0.365       0.358             0.007            0.409
       Category 2     Category 2        0.507       0.515            -0.007           -0.392
     COG040         COG057
       Category 1     Category 1        0.108       0.111            -0.003           -0.218
       Category 1     Category 2        0.019       0.016             0.003            0.538
       Category 2     Category 1        0.708       0.705             0.003            0.150
       Category 2     Category 2        0.165       0.168            -0.003           -0.183
     COG040         COG058
       Category 1     Category 1        0.066       0.078            -0.012           -1.229
       Category 1     Category 2        0.061       0.049             0.012            1.534
       Category 2     Category 1        0.368       0.356             0.012            0.690
       Category 2     Category 2        0.505       0.517            -0.012           -0.661
     COG040         COG060
       Category 1     Category 1        0.093       0.101            -0.008           -0.724
       Category 1     Category 2        0.034       0.026             0.008            1.378
       Category 2     Category 1        0.518       0.510             0.008            0.437
       Category 2     Category 2        0.355       0.363            -0.008           -0.454
     COG040         COG061
       Category 1     Category 1        0.100       0.112            -0.012           -1.059
       Category 1     Category 2        0.027       0.015             0.012            2.773
       Category 2     Category 1        0.659       0.647             0.012            0.700
       Category 2     Category 2        0.214       0.226            -0.012           -0.799
     COG040         COG062
       Category 1     Category 1        0.118       0.117             0.000            0.024
       Category 1     Category 2        0.009       0.010             0.000           -0.078
       Category 2     Category 1        0.732       0.732             0.000           -0.017
       Category 2     Category 2        0.141       0.140             0.000            0.022
     COG040         COG063
       Category 1     Category 1        0.119       0.122            -0.003           -0.231
       Category 1     Category 2        0.008       0.005             0.003            1.039
       Category 2     Category 1        0.767       0.764             0.003            0.178
       Category 2     Category 2        0.106       0.108            -0.003           -0.243
     COG040         COG064
       Category 1     Category 1        0.115       0.112             0.003            0.220
       Category 1     Category 2        0.012       0.015            -0.003           -0.577
       Category 2     Category 1        0.648       0.651            -0.003           -0.146
       Category 2     Category 2        0.225       0.222             0.003            0.167
     COG040         COG066
       Category 1     Category 1        0.112       0.119            -0.007           -0.574
       Category 1     Category 2        0.015       0.008             0.007            2.079
       Category 2     Category 1        0.712       0.705             0.007            0.407
       Category 2     Category 2        0.161       0.168            -0.007           -0.497
     COG041         COG043
       Category 1     Category 1        0.058       0.054             0.004            0.532
       Category 1     Category 2        0.222       0.226            -0.004           -0.287
       Category 2     Category 1        0.085       0.090            -0.004           -0.420
       Category 2     Category 2        0.635       0.630             0.004            0.249
     COG041         COG044
       Category 1     Category 1        0.054       0.042             0.012            1.600
       Category 1     Category 2        0.226       0.238            -0.012           -0.756
       Category 2     Category 1        0.058       0.070            -0.012           -1.262
       Category 2     Category 2        0.662       0.650             0.012            0.675
     COG041         COG045
       Category 1     Category 1        0.133       0.123             0.010            0.799
       Category 1     Category 2        0.147       0.157            -0.010           -0.721
       Category 2     Category 1        0.240       0.249            -0.010           -0.607
       Category 2     Category 2        0.480       0.471             0.010            0.526
     COG041         COG046
       Category 1     Category 1        0.168       0.159             0.009            0.645
       Category 1     Category 2        0.112       0.121            -0.009           -0.723
       Category 2     Category 1        0.345       0.354            -0.009           -0.493
       Category 2     Category 2        0.375       0.366             0.009            0.490
     COG041         COG048
       Category 1     Category 1        0.045       0.044             0.001            0.092
       Category 1     Category 2        0.235       0.236            -0.001           -0.044
       Category 2     Category 1        0.064       0.064            -0.001           -0.077
       Category 2     Category 2        0.656       0.656             0.001            0.040
     COG041         COG049
       Category 1     Category 1        0.060       0.068            -0.009           -0.941
       Category 1     Category 2        0.221       0.212             0.009            0.581
       Category 2     Category 1        0.096       0.087             0.009            0.840
       Category 2     Category 2        0.624       0.633            -0.009           -0.492
     COG041         COG050
       Category 1     Category 1        0.106       0.097             0.009            0.809
       Category 1     Category 2        0.175       0.183            -0.009           -0.618
       Category 2     Category 1        0.168       0.177            -0.009           -0.627
       Category 2     Category 2        0.552       0.543             0.009            0.480
     COG041         COG051
       Category 1     Category 1        0.055       0.054             0.002            0.207
       Category 1     Category 2        0.225       0.226            -0.002           -0.111
       Category 2     Category 1        0.065       0.067            -0.002           -0.187
       Category 2     Category 2        0.655       0.653             0.002            0.098
     COG041         COG052
       Category 1     Category 1        0.114       0.108             0.005            0.479
       Category 1     Category 2        0.166       0.172            -0.005           -0.394
       Category 2     Category 1        0.203       0.208            -0.005           -0.366
       Category 2     Category 2        0.517       0.511             0.005            0.298
     COG041         COG053
       Category 1     Category 1        0.114       0.115            -0.002           -0.133
       Category 1     Category 2        0.166       0.165             0.002            0.114
       Category 2     Category 1        0.221       0.219             0.002            0.102
       Category 2     Category 2        0.499       0.501            -0.002           -0.085
     COG041         COG054
       Category 1     Category 1        0.114       0.112             0.002            0.161
       Category 1     Category 2        0.166       0.168            -0.002           -0.135
       Category 2     Category 1        0.218       0.220            -0.002           -0.122
       Category 2     Category 2        0.502       0.500             0.002            0.101
     COG041         COG055
       Category 1     Category 1        0.058       0.056             0.002            0.291
       Category 1     Category 2        0.222       0.224            -0.002           -0.160
       Category 2     Category 1        0.064       0.066            -0.002           -0.268
       Category 2     Category 2        0.656       0.654             0.002            0.140
     COG041         COG056
       Category 1     Category 1        0.146       0.168            -0.021           -1.555
       Category 1     Category 2        0.134       0.113             0.021            1.837
       Category 2     Category 1        0.295       0.274             0.021            1.303
       Category 2     Category 2        0.425       0.446            -0.021           -1.168
     COG041         COG057
       Category 1     Category 1        0.254       0.240             0.014            0.894
       Category 1     Category 2        0.026       0.040            -0.014           -1.955
       Category 2     Category 1        0.562       0.576            -0.014           -0.773
       Category 2     Category 2        0.158       0.144             0.014            1.087
     COG041         COG058
       Category 1     Category 1        0.147       0.159            -0.012           -0.889
       Category 1     Category 2        0.133       0.121             0.012            0.999
       Category 2     Category 1        0.287       0.275             0.012            0.729
       Category 2     Category 2        0.433       0.445            -0.012           -0.655
     COG041         COG060
       Category 1     Category 1        0.203       0.211            -0.008           -0.562
       Category 1     Category 2        0.077       0.069             0.008            0.908
       Category 2     Category 1        0.409       0.400             0.008            0.469
       Category 2     Category 2        0.311       0.320            -0.008           -0.492
     COG041         COG061
       Category 1     Category 1        0.238       0.240            -0.002           -0.134
       Category 1     Category 2        0.042       0.040             0.002            0.294
       Category 2     Category 1        0.521       0.519             0.002            0.115
       Category 2     Category 2        0.199       0.201            -0.002           -0.143
     COG041         COG062
       Category 1     Category 1        0.263       0.254             0.008            0.509
       Category 1     Category 2        0.018       0.026            -0.008           -1.399
       Category 2     Category 1        0.587       0.595            -0.008           -0.451
       Category 2     Category 2        0.133       0.124             0.008            0.671
     COG041         COG063
       Category 1     Category 1        0.267       0.265             0.002            0.112
       Category 1     Category 2        0.014       0.015            -0.002           -0.403
       Category 2     Category 1        0.620       0.622            -0.002           -0.102
       Category 2     Category 2        0.100       0.098             0.002            0.166
     COG041         COG064
       Category 1     Category 1        0.241       0.241             0.000            0.022
       Category 1     Category 2        0.039       0.040             0.000           -0.047
       Category 2     Category 1        0.522       0.523             0.000           -0.019
       Category 2     Category 2        0.198       0.197             0.000            0.023
     COG041         COG066
       Category 1     Category 1        0.257       0.257             0.001            0.032
       Category 1     Category 2        0.023       0.024            -0.001           -0.091
       Category 2     Category 1        0.567       0.567            -0.001           -0.028
       Category 2     Category 2        0.153       0.152             0.001            0.038
     COG043         COG044
       Category 1     Category 1        0.031       0.027             0.004            0.713
       Category 1     Category 2        0.112       0.117            -0.004           -0.359
       Category 2     Category 1        0.081       0.085            -0.004           -0.413
       Category 2     Category 2        0.775       0.771             0.004            0.275
     COG043         COG045
       Category 1     Category 1        0.077       0.071             0.006            0.661
       Category 1     Category 2        0.066       0.073            -0.006           -0.654
       Category 2     Category 1        0.295       0.301            -0.006           -0.370
       Category 2     Category 2        0.562       0.555             0.006            0.341
     COG043         COG046
       Category 1     Category 1        0.088       0.088             0.000            0.023
       Category 1     Category 2        0.055       0.056             0.000           -0.028
       Category 2     Category 1        0.425       0.425             0.000           -0.013
       Category 2     Category 2        0.432       0.431             0.000            0.013
     COG043         COG048
       Category 1     Category 1        0.028       0.029            -0.001           -0.161
       Category 1     Category 2        0.115       0.114             0.001            0.085
       Category 2     Category 1        0.080       0.079             0.001            0.101
       Category 2     Category 2        0.777       0.778            -0.001           -0.065
     COG043         COG049
       Category 1     Category 1        0.042       0.048            -0.006           -0.744
       Category 1     Category 2        0.101       0.096             0.006            0.539
       Category 2     Category 1        0.114       0.108             0.006            0.511
       Category 2     Category 2        0.743       0.749            -0.006           -0.366
     COG043         COG050
       Category 1     Category 1        0.065       0.059             0.006            0.741
       Category 1     Category 2        0.078       0.085            -0.006           -0.625
       Category 2     Category 1        0.208       0.215            -0.006           -0.424
       Category 2     Category 2        0.648       0.642             0.006            0.363
     COG043         COG051
       Category 1     Category 1        0.032       0.038            -0.006           -0.815
       Category 1     Category 2        0.111       0.105             0.006            0.509
       Category 2     Category 1        0.088       0.082             0.006            0.569
       Category 2     Category 2        0.769       0.774            -0.006           -0.374
     COG043         COG052
       Category 1     Category 1        0.099       0.064             0.035            3.881
       Category 1     Category 2        0.045       0.080            -0.035           -3.507
       Category 2     Category 1        0.218       0.253            -0.035           -2.184
       Category 2     Category 2        0.639       0.604             0.035            1.940
     COG043         COG053
       Category 1     Category 1        0.061       0.068            -0.007           -0.804
       Category 1     Category 2        0.083       0.075             0.007            0.770
       Category 2     Category 1        0.273       0.266             0.007            0.459
       Category 2     Category 2        0.583       0.591            -0.007           -0.413
     COG043         COG054
       Category 1     Category 1        0.076       0.065             0.010            1.140
       Category 1     Category 2        0.068       0.078            -0.010           -1.051
       Category 2     Category 1        0.256       0.266            -0.010           -0.638
       Category 2     Category 2        0.601       0.590             0.010            0.573
     COG043         COG055
       Category 1     Category 1        0.043       0.040             0.003            0.422
       Category 1     Category 2        0.100       0.103            -0.003           -0.272
       Category 2     Category 1        0.078       0.082            -0.003           -0.303
       Category 2     Category 2        0.778       0.775             0.003            0.198
     COG043         COG056
       Category 1     Category 1        0.089       0.104            -0.015           -1.295
       Category 1     Category 2        0.054       0.040             0.015            2.026
       Category 2     Category 1        0.352       0.337             0.015            0.836
       Category 2     Category 2        0.505       0.519            -0.015           -0.791
     COG043         COG057
       Category 1     Category 1        0.123       0.127            -0.004           -0.336
       Category 1     Category 2        0.020       0.016             0.004            0.886
       Category 2     Category 1        0.693       0.689             0.004            0.242
       Category 2     Category 2        0.164       0.168            -0.004           -0.299
     COG043         COG058
       Category 1     Category 1        0.087       0.097            -0.011           -0.984
       Category 1     Category 2        0.057       0.046             0.011            1.391
       Category 2     Category 1        0.348       0.337             0.011            0.617
       Category 2     Category 2        0.509       0.520            -0.011           -0.584
     COG043         COG060
       Category 1     Category 1        0.116       0.122            -0.006           -0.495
       Category 1     Category 2        0.027       0.021             0.006            1.128
       Category 2     Category 1        0.495       0.489             0.006            0.324
       Category 2     Category 2        0.361       0.367            -0.006           -0.336
     COG043         COG061
       Category 1     Category 1        0.133       0.132             0.001            0.077
       Category 1     Category 2        0.011       0.012            -0.001           -0.242
       Category 2     Category 1        0.627       0.627            -0.001           -0.054
       Category 2     Category 2        0.230       0.229             0.001            0.062
     COG043         COG062
       Category 1     Category 1        0.139       0.135             0.004            0.329
       Category 1     Category 2        0.004       0.008            -0.004           -1.249
       Category 2     Category 1        0.710       0.715            -0.004           -0.249
       Category 2     Category 2        0.146       0.142             0.004            0.323
     COG043         COG063
       Category 1     Category 1        0.137       0.140            -0.003           -0.242
       Category 1     Category 2        0.007       0.004             0.003            1.385
       Category 2     Category 1        0.750       0.747             0.003            0.193
       Category 2     Category 2        0.107       0.110            -0.003           -0.268
     COG043         COG064
       Category 1     Category 1        0.133       0.132             0.001            0.086
       Category 1     Category 2        0.011       0.012            -0.001           -0.269
       Category 2     Category 1        0.631       0.632            -0.001           -0.060
       Category 2     Category 2        0.226       0.225             0.001            0.070
     COG043         COG066
       Category 1     Category 1        0.137       0.138            -0.001           -0.115
       Category 1     Category 2        0.007       0.005             0.001            0.549
       Category 2     Category 1        0.687       0.686             0.001            0.086
       Category 2     Category 2        0.169       0.171            -0.001           -0.106
     COG044         COG045
       Category 1     Category 1        0.065       0.056             0.009            1.095
       Category 1     Category 2        0.047       0.057            -0.009           -1.087
       Category 2     Category 1        0.307       0.316            -0.009           -0.540
       Category 2     Category 2        0.581       0.571             0.009            0.508
     COG044         COG046
       Category 1     Category 1        0.076       0.069             0.007            0.746
       Category 1     Category 2        0.037       0.043            -0.007           -0.926
       Category 2     Category 1        0.437       0.444            -0.007           -0.380
       Category 2     Category 2        0.451       0.444             0.007            0.380
     COG044         COG048
       Category 1     Category 1        0.028       0.023             0.005            0.917
       Category 1     Category 2        0.084       0.089            -0.005           -0.486
       Category 2     Category 1        0.080       0.085            -0.005           -0.497
       Category 2     Category 2        0.808       0.803             0.005            0.348
     COG044         COG049
       Category 1     Category 1        0.034       0.038            -0.004           -0.582
       Category 1     Category 2        0.078       0.074             0.004            0.424
       Category 2     Category 1        0.122       0.118             0.004            0.345
       Category 2     Category 2        0.766       0.770            -0.004           -0.264
     COG044         COG050
       Category 1     Category 1        0.054       0.046             0.008            1.039
       Category 1     Category 2        0.058       0.066            -0.008           -0.877
       Category 2     Category 1        0.219       0.227            -0.008           -0.520
       Category 2     Category 2        0.668       0.660             0.008            0.460
     COG044         COG051
       Category 1     Category 1        0.030       0.030            -0.001           -0.100
       Category 1     Category 2        0.083       0.082             0.001            0.063
       Category 2     Category 1        0.091       0.090             0.001            0.060
       Category 2     Category 2        0.797       0.798            -0.001           -0.043
     COG044         COG052
       Category 1     Category 1        0.055       0.050             0.005            0.651
       Category 1     Category 2        0.057       0.062            -0.005           -0.589
       Category 2     Category 1        0.261       0.266            -0.005           -0.322
       Category 2     Category 2        0.627       0.621             0.005            0.293
     COG044         COG053
       Category 1     Category 1        0.062       0.054             0.008            1.021
       Category 1     Category 2        0.050       0.059            -0.008           -0.981
       Category 2     Category 1        0.272       0.280            -0.008           -0.512
       Category 2     Category 2        0.616       0.607             0.008            0.471
     COG044         COG054
       Category 1     Category 1        0.054       0.051             0.003            0.331
       Category 1     Category 2        0.058       0.061            -0.003           -0.306
       Category 2     Category 1        0.277       0.280            -0.003           -0.163
       Category 2     Category 2        0.610       0.608             0.003            0.150
     COG044         COG055
       Category 1     Category 1        0.030       0.032            -0.002           -0.350
       Category 1     Category 2        0.083       0.080             0.002            0.227
       Category 2     Category 1        0.092       0.090             0.002            0.216
       Category 2     Category 2        0.796       0.798            -0.002           -0.154
     COG044         COG056
       Category 1     Category 1        0.074       0.082            -0.007           -0.705
       Category 1     Category 2        0.038       0.031             0.007            1.117
       Category 2     Category 1        0.367       0.360             0.007            0.402
       Category 2     Category 2        0.521       0.528            -0.007           -0.387
     COG044         COG057
       Category 1     Category 1        0.095       0.100            -0.005           -0.451
       Category 1     Category 2        0.018       0.013             0.005            1.211
       Category 2     Category 1        0.721       0.716             0.005            0.300
       Category 2     Category 2        0.166       0.171            -0.005           -0.359
     COG044         COG058
       Category 1     Category 1        0.068       0.076            -0.009           -0.901
       Category 1     Category 2        0.045       0.036             0.009            1.288
       Category 2     Category 1        0.367       0.358             0.009            0.500
       Category 2     Category 2        0.521       0.530            -0.009           -0.480
     COG044         COG060
       Category 1     Category 1        0.091       0.096            -0.005           -0.477
       Category 1     Category 2        0.022       0.016             0.005            1.103
       Category 2     Category 1        0.521       0.516             0.005            0.281
       Category 2     Category 2        0.367       0.372            -0.005           -0.291
     COG044         COG061
       Category 1     Category 1        0.097       0.103            -0.006           -0.506
       Category 1     Category 2        0.015       0.009             0.006            1.608
       Category 2     Category 1        0.662       0.656             0.006            0.324
       Category 2     Category 2        0.226       0.232            -0.006           -0.364
     COG044         COG062
       Category 1     Category 1        0.104       0.106            -0.002           -0.151
       Category 1     Category 2        0.008       0.006             0.002            0.581
       Category 2     Category 1        0.746       0.744             0.002            0.106
       Category 2     Category 2        0.142       0.144            -0.002           -0.132
     COG044         COG063
       Category 1     Category 1        0.107       0.109            -0.002           -0.218
       Category 1     Category 2        0.005       0.003             0.002            1.260
       Category 2     Category 1        0.779       0.777             0.002            0.163
       Category 2     Category 2        0.108       0.111            -0.002           -0.216
     COG044         COG064
       Category 1     Category 1        0.101       0.103            -0.002           -0.135
       Category 1     Category 2        0.011       0.009             0.002            0.428
       Category 2     Category 1        0.662       0.660             0.002            0.087
       Category 2     Category 2        0.226       0.227            -0.002           -0.098
     COG044         COG066
       Category 1     Category 1        0.107       0.108            -0.001           -0.105
       Category 1     Category 2        0.005       0.004             0.001            0.505
       Category 2     Category 1        0.717       0.716             0.001            0.072
       Category 2     Category 2        0.171       0.172            -0.001           -0.087
     COG045         COG046
       Category 1     Category 1        0.223       0.211             0.012            0.807
       Category 1     Category 2        0.149       0.161            -0.012           -0.896
       Category 2     Category 1        0.290       0.302            -0.012           -0.717
       Category 2     Category 2        0.338       0.326             0.012            0.702
     COG045         COG048
       Category 1     Category 1        0.051       0.058            -0.006           -0.734
       Category 1     Category 2        0.321       0.314             0.006            0.369
       Category 2     Category 1        0.057       0.051             0.006            0.781
       Category 2     Category 2        0.571       0.577            -0.006           -0.346
     COG045         COG049
       Category 1     Category 1        0.088       0.089            -0.001           -0.138
       Category 1     Category 2        0.284       0.283             0.001            0.087
       Category 2     Category 1        0.068       0.066             0.001            0.158
       Category 2     Category 2        0.560       0.562            -0.001           -0.079
     COG045         COG050
       Category 1     Category 1        0.181       0.128             0.053            4.342
       Category 1     Category 2        0.191       0.244            -0.053           -3.376
       Category 2     Category 1        0.092       0.145            -0.053           -4.115
       Category 2     Category 2        0.536       0.483             0.053            2.903
     COG045         COG051
       Category 1     Category 1        0.072       0.070             0.001            0.157
       Category 1     Category 2        0.300       0.302            -0.001           -0.087
       Category 2     Category 1        0.049       0.050            -0.001           -0.184
       Category 2     Category 2        0.579       0.578             0.001            0.081
     COG045         COG052
       Category 1     Category 1        0.146       0.143             0.003            0.223
       Category 1     Category 2        0.226       0.229            -0.003           -0.186
       Category 2     Category 1        0.171       0.173            -0.003           -0.207
       Category 2     Category 2        0.457       0.454             0.003            0.157
     COG045         COG053
       Category 1     Category 1        0.157       0.153             0.004            0.332
       Category 1     Category 2        0.215       0.220            -0.004           -0.289
       Category 2     Category 1        0.177       0.182            -0.004           -0.310
       Category 2     Category 2        0.451       0.446             0.004            0.240
     COG045         COG054
       Category 1     Category 1        0.150       0.148             0.002            0.161
       Category 1     Category 2        0.222       0.224            -0.002           -0.137
       Category 2     Category 1        0.181       0.183            -0.002           -0.148
       Category 2     Category 2        0.447       0.444             0.002            0.115
     COG045         COG055
       Category 1     Category 1        0.066       0.073            -0.006           -0.670
       Category 1     Category 2        0.306       0.299             0.006            0.380
       Category 2     Category 1        0.055       0.049             0.006            0.806
       Category 2     Category 2        0.572       0.579            -0.006           -0.353
     COG045         COG056
       Category 1     Category 1        0.202       0.222            -0.020           -1.340
       Category 1     Category 2        0.171       0.150             0.020            1.560
       Category 2     Category 1        0.240       0.219             0.020            1.347
       Category 2     Category 2        0.388       0.409            -0.020           -1.133
     COG045         COG057
       Category 1     Category 1        0.314       0.319            -0.005           -0.313
       Category 1     Category 2        0.058       0.053             0.005            0.653
       Category 2     Category 1        0.502       0.497             0.005            0.292
       Category 2     Category 2        0.126       0.131            -0.005           -0.432
     COG045         COG058
       Category 1     Category 1        0.198       0.211            -0.014           -0.919
       Category 1     Category 2        0.175       0.161             0.014            1.021
       Category 2     Category 1        0.237       0.223             0.014            0.901
       Category 2     Category 2        0.391       0.405            -0.014           -0.764
     COG045         COG060
       Category 1     Category 1        0.271       0.281            -0.011           -0.638
       Category 1     Category 2        0.101       0.091             0.011            0.998
       Category 2     Category 1        0.341       0.330             0.011            0.610
       Category 2     Category 2        0.287       0.297            -0.011           -0.628
     COG045         COG061
       Category 1     Category 1        0.300       0.320            -0.019           -1.121
       Category 1     Category 2        0.072       0.052             0.019            2.345
       Category 2     Category 1        0.459       0.439             0.019            1.054
       Category 2     Category 2        0.169       0.188            -0.019           -1.337
     COG045         COG062
       Category 1     Category 1        0.342       0.338             0.004            0.240
       Category 1     Category 2        0.030       0.034            -0.004           -0.626
       Category 2     Category 1        0.507       0.512            -0.004           -0.227
       Category 2     Category 2        0.120       0.116             0.004            0.354
     COG045         COG063
       Category 1     Category 1        0.342       0.352            -0.010           -0.560
       Category 1     Category 2        0.030       0.020             0.010            1.914
       Category 2     Category 1        0.544       0.534             0.010            0.536
       Category 2     Category 2        0.084       0.094            -0.010           -0.918
     COG045         COG064
       Category 1     Category 1        0.318       0.320            -0.002           -0.114
       Category 1     Category 2        0.054       0.052             0.002            0.239
       Category 2     Category 1        0.445       0.443             0.002            0.107
       Category 2     Category 2        0.183       0.185            -0.002           -0.137
     COG045         COG066
       Category 1     Category 1        0.329       0.342            -0.013           -0.734
       Category 1     Category 2        0.043       0.030             0.013            2.024
       Category 2     Category 1        0.495       0.482             0.013            0.696
       Category 2     Category 2        0.133       0.145            -0.013           -0.987
     COG046         COG048
       Category 1     Category 1        0.072       0.069             0.002            0.246
       Category 1     Category 2        0.441       0.443            -0.002           -0.126
       Category 2     Category 1        0.037       0.039            -0.002           -0.323
       Category 2     Category 2        0.451       0.448             0.002            0.126
     COG046         COG049
       Category 1     Category 1        0.101       0.105            -0.003           -0.284
       Category 1     Category 2        0.411       0.408             0.003            0.177
       Category 2     Category 1        0.054       0.051             0.003            0.395
       Category 2     Category 2        0.433       0.436            -0.003           -0.175
     COG046         COG050
       Category 1     Category 1        0.157       0.162            -0.005           -0.350
       Category 1     Category 2        0.356       0.351             0.005            0.270
       Category 2     Category 1        0.116       0.112             0.005            0.409
       Category 2     Category 2        0.371       0.376            -0.005           -0.266
     COG046         COG051
       Category 1     Category 1        0.080       0.082            -0.002           -0.191
       Category 1     Category 2        0.433       0.431             0.002            0.106
       Category 2     Category 1        0.041       0.039             0.002            0.271
       Category 2     Category 2        0.447       0.448            -0.002           -0.105
     COG046         COG052
       Category 1     Category 1        0.162       0.183            -0.021           -1.474
       Category 1     Category 2        0.350       0.329             0.021            1.214
       Category 2     Category 1        0.154       0.133             0.021            1.679
       Category 2     Category 2        0.333       0.354            -0.021           -1.193
     COG046         COG053
       Category 1     Category 1        0.191       0.195            -0.004           -0.266
       Category 1     Category 2        0.322       0.318             0.004            0.226
       Category 2     Category 1        0.143       0.140             0.004            0.304
       Category 2     Category 2        0.344       0.348            -0.004           -0.221
     COG046         COG054
       Category 1     Category 1        0.183       0.190            -0.008           -0.539
       Category 1     Category 2        0.330       0.322             0.008            0.452
       Category 2     Category 1        0.149       0.141             0.008            0.608
       Category 2     Category 2        0.338       0.346            -0.008           -0.445
     COG046         COG055
       Category 1     Category 1        0.084       0.084             0.000           -0.001
       Category 1     Category 2        0.429       0.429             0.000            0.001
       Category 2     Category 1        0.038       0.038             0.000            0.002
       Category 2     Category 2        0.449       0.449             0.000           -0.001
     COG046         COG056
       Category 1     Category 1        0.263       0.274            -0.012           -0.702
       Category 1     Category 2        0.250       0.239             0.012            0.734
       Category 2     Category 1        0.179       0.167             0.012            0.839
       Category 2     Category 2        0.309       0.320            -0.012           -0.671
     COG046         COG057
       Category 1     Category 1        0.432       0.432             0.000           -0.016
       Category 1     Category 2        0.081       0.081             0.000            0.029
       Category 2     Category 1        0.384       0.384             0.000            0.016
       Category 2     Category 2        0.103       0.103             0.000           -0.026
     COG046         COG058
       Category 1     Category 1        0.258       0.264            -0.005           -0.333
       Category 1     Category 2        0.254       0.249             0.005            0.340
       Category 2     Category 1        0.176       0.171             0.005            0.391
       Category 2     Category 2        0.311       0.317            -0.005           -0.316
     COG046         COG060
       Category 1     Category 1        0.353       0.359            -0.006           -0.345
       Category 1     Category 2        0.160       0.154             0.006            0.460
       Category 2     Category 1        0.258       0.252             0.006            0.381
       Category 2     Category 2        0.229       0.235            -0.006           -0.391
     COG046         COG061
       Category 1     Category 1        0.425       0.422             0.003            0.171
       Category 1     Category 2        0.088       0.091            -0.003           -0.293
       Category 2     Category 1        0.334       0.337            -0.003           -0.178
       Category 2     Category 2        0.153       0.150             0.003            0.236
     COG046         COG062
       Category 1     Category 1        0.470       0.455             0.014            0.784
       Category 1     Category 2        0.043       0.058            -0.014           -1.675
       Category 2     Category 1        0.380       0.395            -0.014           -0.799
       Category 2     Category 2        0.107       0.093             0.014            1.347
     COG046         COG063
       Category 1     Category 1        0.478       0.475             0.003            0.152
       Category 1     Category 2        0.035       0.038            -0.003           -0.398
       Category 2     Category 1        0.409       0.411            -0.003           -0.155
       Category 2     Category 2        0.078       0.076             0.003            0.288
     COG046         COG064
       Category 1     Category 1        0.422       0.423            -0.001           -0.035
       Category 1     Category 2        0.091       0.090             0.001            0.060
       Category 2     Category 1        0.341       0.340             0.001            0.036
       Category 2     Category 2        0.146       0.147            -0.001           -0.048
     COG046         COG066
       Category 1     Category 1        0.463       0.454             0.009            0.477
       Category 1     Category 2        0.050       0.059            -0.009           -1.010
       Category 2     Category 1        0.361       0.370            -0.009           -0.492
       Category 2     Category 2        0.126       0.117             0.009            0.739
     COG048         COG049
       Category 1     Category 1        0.027       0.044            -0.017           -2.224
       Category 1     Category 2        0.081       0.064             0.017            1.854
       Category 2     Category 1        0.129       0.112             0.017            1.444
       Category 2     Category 2        0.763       0.780            -0.017           -1.099
     COG048         COG050
       Category 1     Category 1        0.047       0.049            -0.002           -0.223
       Category 1     Category 2        0.061       0.059             0.002            0.205
       Category 2     Category 1        0.226       0.224             0.002            0.116
       Category 2     Category 2        0.666       0.668            -0.002           -0.103
     COG048         COG051
       Category 1     Category 1        0.030       0.035            -0.006           -0.832
       Category 1     Category 2        0.078       0.073             0.006            0.592
       Category 2     Category 1        0.091       0.085             0.006            0.552
       Category 2     Category 2        0.801       0.807            -0.006           -0.390
     COG048         COG052
       Category 1     Category 1        0.051       0.053            -0.001           -0.166
       Category 1     Category 2        0.057       0.055             0.001            0.162
       Category 2     Category 1        0.265       0.264             0.001            0.084
       Category 2     Category 2        0.627       0.628            -0.001           -0.077
     COG048         COG053
       Category 1     Category 1        0.107       0.057             0.050            5.912
       Category 1     Category 2        0.001       0.052            -0.050           -6.176
       Category 2     Category 1        0.227       0.278            -0.050           -3.052
       Category 2     Category 2        0.664       0.614             0.050            2.807
     COG048         COG054
       Category 1     Category 1        0.051       0.054            -0.002           -0.281
       Category 1     Category 2        0.057       0.055             0.002            0.279
       Category 2     Category 1        0.280       0.278             0.002            0.142
       Category 2     Category 2        0.612       0.614            -0.002           -0.130
     COG048         COG055
       Category 1     Category 1        0.028       0.038            -0.009           -1.319
       Category 1     Category 2        0.080       0.071             0.009            0.980
       Category 2     Category 1        0.093       0.084             0.009            0.905
       Category 2     Category 2        0.798       0.808            -0.009           -0.637
     COG048         COG056
       Category 1     Category 1        0.054       0.087            -0.033           -3.198
       Category 1     Category 2        0.054       0.021             0.033            6.309
       Category 2     Category 1        0.387       0.354             0.033            1.888
       Category 2     Category 2        0.505       0.538            -0.033           -1.811
     COG048         COG057
       Category 1     Category 1        0.096       0.098            -0.002           -0.176
       Category 1     Category 2        0.012       0.010             0.002            0.519
       Category 2     Category 1        0.720       0.718             0.002            0.116
       Category 2     Category 2        0.172       0.174            -0.002           -0.138
     COG048         COG058
       Category 1     Category 1        0.058       0.081            -0.023           -2.311
       Category 1     Category 2        0.050       0.027             0.023            3.912
       Category 2     Category 1        0.376       0.353             0.023            1.323
       Category 2     Category 2        0.516       0.539            -0.023           -1.268
     COG048         COG060
       Category 1     Category 1        0.078       0.098            -0.020           -1.819
       Category 1     Category 2        0.030       0.010             0.020            5.492
       Category 2     Category 1        0.533       0.513             0.020            1.084
       Category 2     Category 2        0.359       0.379            -0.020           -1.117
     COG048         COG061
       Category 1     Category 1        0.087       0.103            -0.016           -1.450
       Category 1     Category 2        0.022       0.005             0.016            5.981
       Category 2     Category 1        0.673       0.656             0.016            0.927
       Category 2     Category 2        0.219       0.235            -0.016           -1.038
     COG048         COG062
       Category 1     Category 1        0.097       0.104            -0.007           -0.592
       Category 1     Category 2        0.011       0.004             0.007            2.805
       Category 2     Category 1        0.752       0.746             0.007            0.415
       Category 2     Category 2        0.139       0.146            -0.007           -0.512
     COG048         COG063
       Category 1     Category 1        0.100       0.107            -0.007           -0.591
       Category 1     Category 2        0.008       0.001             0.007            4.890
       Category 2     Category 1        0.786       0.779             0.007            0.441
       Category 2     Category 2        0.106       0.112            -0.007           -0.579
     COG048         COG064
       Category 1     Category 1        0.100       0.103            -0.003           -0.225
       Category 1     Category 2        0.008       0.006             0.003            0.915
       Category 2     Category 1        0.663       0.661             0.003            0.144
       Category 2     Category 2        0.229       0.231            -0.003           -0.162
     COG048         COG066
       Category 1     Category 1        0.099       0.106            -0.008           -0.675
       Category 1     Category 2        0.009       0.002             0.008            4.901
       Category 2     Category 1        0.725       0.718             0.008            0.463
       Category 2     Category 2        0.166       0.174            -0.008           -0.549
     COG049         COG050
       Category 1     Category 1        0.078       0.078             0.000            0.027
       Category 1     Category 2        0.077       0.077             0.000           -0.027
       Category 2     Category 1        0.195       0.195             0.000           -0.018
       Category 2     Category 2        0.650       0.649             0.000            0.015
     COG049         COG051
       Category 1     Category 1        0.068       0.061             0.007            0.762
       Category 1     Category 2        0.088       0.095            -0.007           -0.623
       Category 2     Category 1        0.053       0.059            -0.007           -0.771
       Category 2     Category 2        0.792       0.785             0.007            0.444
     COG049         COG052
       Category 1     Category 1        0.074       0.083            -0.008           -0.834
       Category 1     Category 2        0.081       0.073             0.008            0.886
       Category 2     Category 1        0.242       0.234             0.008            0.544
       Category 2     Category 2        0.602       0.611            -0.008           -0.472
     COG049         COG053
       Category 1     Category 1        0.069       0.089            -0.020           -1.925
       Category 1     Category 2        0.087       0.066             0.020            2.203
       Category 2     Category 1        0.265       0.245             0.020            1.275
       Category 2     Category 2        0.579       0.599            -0.020           -1.119
     COG049         COG054
       Category 1     Category 1        0.074       0.084            -0.010           -0.935
       Category 1     Category 2        0.081       0.072             0.010            1.006
       Category 2     Category 1        0.257       0.248             0.010            0.601
       Category 2     Category 2        0.587       0.597            -0.010           -0.529
     COG049         COG055
       Category 1     Category 1        0.062       0.065            -0.003           -0.349
       Category 1     Category 2        0.093       0.090             0.003            0.302
       Category 2     Category 1        0.060       0.056             0.003            0.375
       Category 2     Category 2        0.785       0.788            -0.003           -0.211
     COG049         COG056
       Category 1     Category 1        0.154       0.141             0.013            1.035
       Category 1     Category 2        0.001       0.015            -0.013           -3.003
       Category 2     Category 1        0.287       0.300            -0.013           -0.786
       Category 2     Category 2        0.558       0.544             0.013            0.723
     COG049         COG057
       Category 1     Category 1        0.142       0.144            -0.002           -0.137
       Category 1     Category 2        0.014       0.012             0.002            0.444
       Category 2     Category 1        0.674       0.672             0.002            0.102
       Category 2     Category 2        0.171       0.172            -0.002           -0.127
     COG049         COG058
       Category 1     Category 1        0.123       0.130            -0.007           -0.593
       Category 1     Category 2        0.032       0.025             0.007            1.276
       Category 2     Category 1        0.311       0.304             0.007            0.434
       Category 2     Category 2        0.533       0.540            -0.007           -0.401
     COG049         COG060
       Category 1     Category 1        0.150       0.151            -0.001           -0.039
       Category 1     Category 2        0.005       0.005             0.001            0.198
       Category 2     Category 1        0.461       0.461             0.001            0.028
       Category 2     Category 2        0.383       0.383            -0.001           -0.028
     COG049         COG061
       Category 1     Category 1        0.147       0.153            -0.005           -0.387
       Category 1     Category 2        0.008       0.003             0.005            2.551
       Category 2     Category 1        0.612       0.607             0.005            0.285
       Category 2     Category 2        0.233       0.238            -0.005           -0.327
     COG049         COG062
       Category 1     Category 1        0.152       0.152            -0.001           -0.071
       Category 1     Category 2        0.004       0.003             0.001            0.458
       Category 2     Category 1        0.698       0.697             0.001            0.056
       Category 2     Category 2        0.146       0.147            -0.001           -0.072
     COG049         COG063
       Category 1     Category 1        0.154       0.155            -0.001           -0.068
       Category 1     Category 2        0.001       0.000             0.001            1.166
       Category 2     Category 1        0.732       0.731             0.001            0.056
       Category 2     Category 2        0.112       0.113            -0.001           -0.078
     COG049         COG064
       Category 1     Category 1        0.145       0.152            -0.008           -0.571
       Category 1     Category 2        0.011       0.003             0.008            3.597
       Category 2     Category 1        0.618       0.611             0.008            0.421
       Category 2     Category 2        0.226       0.234            -0.008           -0.485
     COG049         COG066
       Category 1     Category 1        0.156       0.155             0.000            0.024
       Category 1     Category 2        0.000       0.000             0.000           -0.481
       Category 2     Category 1        0.668       0.669             0.000           -0.018
       Category 2     Category 2        0.176       0.176             0.000            0.022
     COG050         COG051
       Category 1     Category 1        0.064       0.062             0.002            0.192
       Category 1     Category 2        0.210       0.211            -0.002           -0.113
       Category 2     Category 1        0.057       0.059            -0.002           -0.197
       Category 2     Category 2        0.670       0.668             0.002            0.098
     COG050         COG052
       Category 1     Category 1        0.120       0.114             0.006            0.550
       Category 1     Category 2        0.153       0.159            -0.006           -0.478
       Category 2     Category 1        0.196       0.203            -0.006           -0.435
       Category 2     Category 2        0.530       0.524             0.006            0.350
     COG050         COG053
       Category 1     Category 1        0.122       0.122             0.000            0.000
       Category 1     Category 2        0.152       0.152             0.000            0.000
       Category 2     Category 1        0.212       0.212             0.000            0.000
       Category 2     Category 2        0.514       0.514             0.000            0.000
     COG050         COG054
       Category 1     Category 1        0.127       0.117             0.010            0.841
       Category 1     Category 2        0.146       0.156            -0.010           -0.746
       Category 2     Category 1        0.204       0.214            -0.010           -0.659
       Category 2     Category 2        0.522       0.512             0.010            0.541
     COG050         COG055
       Category 1     Category 1        0.065       0.065             0.000            0.034
       Category 1     Category 2        0.208       0.209             0.000           -0.021
       Category 2     Category 1        0.057       0.057             0.000           -0.036
       Category 2     Category 2        0.670       0.670             0.000            0.018
     COG050         COG056
       Category 1     Category 1        0.162       0.183            -0.020           -1.439
       Category 1     Category 2        0.111       0.091             0.020            1.938
       Category 2     Category 1        0.279       0.258             0.020            1.270
       Category 2     Category 2        0.448       0.468            -0.020           -1.114
     COG050         COG057
       Category 1     Category 1        0.233       0.239            -0.006           -0.408
       Category 1     Category 2        0.041       0.034             0.006            0.957
       Category 2     Category 1        0.583       0.577             0.006            0.352
       Category 2     Category 2        0.143       0.150            -0.006           -0.487
     COG050         COG058
       Category 1     Category 1        0.156       0.172            -0.016           -1.187
       Category 1     Category 2        0.118       0.101             0.016            1.485
       Category 2     Category 1        0.279       0.262             0.016            1.018
       Category 2     Category 2        0.448       0.464            -0.016           -0.898
     COG050         COG060
       Category 1     Category 1        0.211       0.223            -0.012           -0.752
       Category 1     Category 2        0.062       0.051             0.012            1.426
       Category 2     Category 1        0.401       0.389             0.012            0.642
       Category 2     Category 2        0.326       0.338            -0.012           -0.662
     COG050         COG061
       Category 1     Category 1        0.238       0.245            -0.007           -0.421
       Category 1     Category 2        0.035       0.029             0.007            1.087
       Category 2     Category 1        0.521       0.514             0.007            0.362
       Category 2     Category 2        0.206       0.212            -0.007           -0.443
     COG050         COG062
       Category 1     Category 1        0.250       0.254            -0.004           -0.239
       Category 1     Category 2        0.023       0.019             0.004            0.759
       Category 2     Category 1        0.599       0.596             0.004            0.212
       Category 2     Category 2        0.127       0.131            -0.004           -0.309
     COG050         COG063
       Category 1     Category 1        0.263       0.264            -0.001           -0.078
       Category 1     Category 2        0.011       0.010             0.001            0.352
       Category 2     Category 1        0.624       0.623             0.001            0.071
       Category 2     Category 2        0.103       0.104            -0.001           -0.112
     COG050         COG064
       Category 1     Category 1        0.240       0.245            -0.005           -0.330
       Category 1     Category 2        0.034       0.029             0.005            0.852
       Category 2     Category 1        0.524       0.518             0.005            0.284
       Category 2     Category 2        0.203       0.208            -0.005           -0.350
     COG050         COG066
       Category 1     Category 1        0.249       0.259            -0.010           -0.631
       Category 1     Category 2        0.024       0.014             0.010            2.340
       Category 2     Category 1        0.575       0.565             0.010            0.558
       Category 2     Category 2        0.152       0.162            -0.010           -0.751
     COG051         COG052
       Category 1     Category 1        0.065       0.065             0.000           -0.044
       Category 1     Category 2        0.055       0.055             0.000            0.047
       Category 2     Category 1        0.252       0.251             0.000            0.025
       Category 2     Category 2        0.628       0.628             0.000           -0.022
     COG051         COG053
       Category 1     Category 1        0.061       0.070            -0.009           -1.001
       Category 1     Category 2        0.060       0.050             0.009            1.173
       Category 2     Category 1        0.273       0.264             0.009            0.580
       Category 2     Category 2        0.606       0.616            -0.009           -0.526
     COG051         COG054
       Category 1     Category 1        0.066       0.066             0.000            0.020
       Category 1     Category 2        0.054       0.054             0.000           -0.022
       Category 2     Category 1        0.265       0.265             0.000           -0.011
       Category 2     Category 2        0.614       0.614             0.000            0.010
     COG051         COG055
       Category 1     Category 1        0.061       0.053             0.007            0.905
       Category 1     Category 2        0.060       0.067            -0.007           -0.814
       Category 2     Category 1        0.061       0.068            -0.007           -0.807
       Category 2     Category 2        0.819       0.811             0.007            0.520
     COG051         COG056
       Category 1     Category 1        0.111       0.110             0.001            0.102
       Category 1     Category 2        0.009       0.011            -0.001           -0.310
       Category 2     Category 1        0.330       0.331            -0.001           -0.068
       Category 2     Category 2        0.549       0.548             0.001            0.064
     COG051         COG057
       Category 1     Category 1        0.110       0.112            -0.002           -0.174
       Category 1     Category 2        0.011       0.009             0.002            0.588
       Category 2     Category 1        0.706       0.704             0.002            0.120
       Category 2     Category 2        0.173       0.175            -0.002           -0.145
     COG051         COG058
       Category 1     Category 1        0.120       0.102             0.018            1.648
       Category 1     Category 2        0.000       0.018            -0.018           -3.718
       Category 2     Category 1        0.314       0.332            -0.018           -1.059
       Category 2     Category 2        0.566       0.547             0.018            1.003
     COG051         COG060
       Category 1     Category 1        0.116       0.117             0.000           -0.035
       Category 1     Category 2        0.004       0.004             0.000            0.186
       Category 2     Category 1        0.495       0.495             0.000            0.022
       Category 2     Category 2        0.384       0.385             0.000           -0.023
     COG051         COG061
       Category 1     Category 1        0.116       0.118            -0.002           -0.155
       Category 1     Category 2        0.004       0.002             0.002            1.066
       Category 2     Category 1        0.643       0.641             0.002            0.104
       Category 2     Category 2        0.237       0.239            -0.002           -0.118
     COG051         COG062
       Category 1     Category 1        0.118       0.118             0.000           -0.035
       Category 1     Category 2        0.003       0.002             0.000            0.233
       Category 2     Category 1        0.732       0.732             0.000            0.025
       Category 2     Category 2        0.147       0.148             0.000           -0.031
     COG051         COG063
       Category 1     Category 1        0.118       0.120            -0.002           -0.198
       Category 1     Category 2        0.003       0.000             0.002            3.471
       Category 2     Category 1        0.769       0.766             0.002            0.152
       Category 2     Category 2        0.111       0.113            -0.002           -0.203
     COG051         COG064
       Category 1     Category 1        0.115       0.118            -0.003           -0.253
       Category 1     Category 2        0.005       0.002             0.003            1.660
       Category 2     Category 1        0.648       0.645             0.003            0.170
       Category 2     Category 2        0.231       0.234            -0.003           -0.192
     COG051         COG066
       Category 1     Category 1        0.120       0.120             0.000            0.022
       Category 1     Category 2        0.000       0.000             0.000           -0.438
       Category 2     Category 1        0.704       0.704             0.000           -0.015
       Category 2     Category 2        0.176       0.176             0.000            0.019
     COG052         COG053
       Category 1     Category 1        0.141       0.135             0.006            0.439
       Category 1     Category 2        0.176       0.181            -0.006           -0.389
       Category 2     Category 1        0.194       0.199            -0.006           -0.376
       Category 2     Category 2        0.490       0.484             0.006            0.300
     COG052         COG054
       Category 1     Category 1        0.157       0.131             0.026            2.118
       Category 1     Category 2        0.160       0.186            -0.026           -1.835
       Category 2     Category 1        0.175       0.201            -0.026           -1.782
       Category 2     Category 2        0.509       0.483             0.026            1.429
     COG052         COG055
       Category 1     Category 1        0.077       0.068             0.009            0.992
       Category 1     Category 2        0.240       0.249            -0.009           -0.578
       Category 2     Category 1        0.045       0.054            -0.009           -1.106
       Category 2     Category 2        0.639       0.630             0.009            0.517
     COG052         COG056
       Category 1     Category 1        0.180       0.200            -0.020           -1.358
       Category 1     Category 2        0.137       0.117             0.020            1.692
       Category 2     Category 1        0.261       0.241             0.020            1.270
       Category 2     Category 2        0.422       0.442            -0.020           -1.094
     COG052         COG057
       Category 1     Category 1        0.277       0.274             0.003            0.188
       Category 1     Category 2        0.039       0.042            -0.003           -0.417
       Category 2     Category 1        0.539       0.542            -0.003           -0.169
       Category 2     Category 2        0.145       0.142             0.003            0.241
     COG052         COG058
       Category 1     Category 1        0.171       0.189            -0.019           -1.299
       Category 1     Category 2        0.146       0.127             0.019            1.526
       Category 2     Category 1        0.264       0.245             0.019            1.183
       Category 2     Category 2        0.419       0.438            -0.019           -1.025
     COG052         COG060
       Category 1     Category 1        0.237       0.248            -0.012           -0.729
       Category 1     Category 2        0.080       0.068             0.012            1.248
       Category 2     Category 1        0.375       0.363             0.012            0.655
       Category 2     Category 2        0.309       0.320            -0.012           -0.675
     COG052         COG061
       Category 1     Category 1        0.277       0.278             0.000           -0.022
       Category 1     Category 2        0.039       0.039             0.000            0.051
       Category 2     Category 1        0.482       0.481             0.000            0.020
       Category 2     Category 2        0.202       0.202             0.000           -0.025
     COG052         COG062
       Category 1     Category 1        0.291       0.291             0.000           -0.009
       Category 1     Category 2        0.026       0.026             0.000            0.027
       Category 2     Category 1        0.559       0.559             0.000            0.009
       Category 2     Category 2        0.124       0.125             0.000           -0.013
     COG052         COG063
       Category 1     Category 1        0.302       0.303            -0.001           -0.055
       Category 1     Category 2        0.015       0.014             0.001            0.216
       Category 2     Category 1        0.585       0.584             0.001            0.051
       Category 2     Category 2        0.099       0.100            -0.001           -0.085
     COG052         COG064
       Category 1     Category 1        0.280       0.278             0.002            0.137
       Category 1     Category 2        0.037       0.039            -0.002           -0.318
       Category 2     Category 1        0.483       0.485            -0.002           -0.123
       Category 2     Category 2        0.200       0.198             0.002            0.154
     COG052         COG066
       Category 1     Category 1        0.288       0.296            -0.007           -0.436
       Category 1     Category 2        0.028       0.021             0.007            1.386
       Category 2     Category 1        0.536       0.529             0.007            0.399
       Category 2     Category 2        0.147       0.155            -0.007           -0.550
     COG053         COG054
       Category 1     Category 1        0.139       0.139             0.000            0.003
       Category 1     Category 2        0.195       0.195             0.000           -0.003
       Category 2     Category 1        0.192       0.192             0.000           -0.003
       Category 2     Category 2        0.474       0.474             0.000            0.002
     COG053         COG055
       Category 1     Category 1        0.065       0.073            -0.008           -0.855
       Category 1     Category 2        0.269       0.261             0.008            0.507
       Category 2     Category 1        0.057       0.049             0.008            1.035
       Category 2     Category 2        0.609       0.617            -0.008           -0.458
     COG053         COG056
       Category 1     Category 1        0.172       0.215            -0.043           -2.831
       Category 1     Category 2        0.162       0.120             0.043            3.581
       Category 2     Category 1        0.269       0.227             0.043            2.777
       Category 2     Category 2        0.396       0.439            -0.043           -2.342
     COG053         COG057
       Category 1     Category 1        0.286       0.290            -0.005           -0.292
       Category 1     Category 2        0.049       0.044             0.005            0.649
       Category 2     Category 1        0.530       0.526             0.005            0.266
       Category 2     Category 2        0.135       0.140            -0.005           -0.382
     COG053         COG058
       Category 1     Category 1        0.157       0.203            -0.046           -3.090
       Category 1     Category 2        0.177       0.132             0.046            3.675
       Category 2     Category 1        0.277       0.232             0.046            2.944
       Category 2     Category 2        0.388       0.434            -0.046           -2.507
     COG053         COG060
       Category 1     Category 1        0.226       0.265            -0.039           -2.426
       Category 1     Category 2        0.108       0.069             0.039            4.231
       Category 2     Category 1        0.386       0.346             0.039            2.252
       Category 2     Category 2        0.280       0.320            -0.039           -2.297
     COG053         COG061
       Category 1     Category 1        0.269       0.295            -0.026           -1.549
       Category 1     Category 2        0.065       0.039             0.026            3.653
       Category 2     Category 1        0.490       0.464             0.026            1.417
       Category 2     Category 2        0.176       0.202            -0.026           -1.761
     COG053         COG062
       Category 1     Category 1        0.298       0.308            -0.011           -0.632
       Category 1     Category 2        0.037       0.026             0.011            1.843
       Category 2     Category 1        0.552       0.541             0.011            0.586
       Category 2     Category 2        0.114       0.124            -0.011           -0.885
     COG053         COG063
       Category 1     Category 1        0.310       0.321            -0.011           -0.627
       Category 1     Category 2        0.024       0.014             0.011            2.529
       Category 2     Category 1        0.576       0.566             0.011            0.591
       Category 2     Category 2        0.089       0.100            -0.011           -0.976
     COG053         COG064
       Category 1     Category 1        0.294       0.295            -0.002           -0.099
       Category 1     Category 2        0.041       0.039             0.002            0.233
       Category 2     Category 1        0.470       0.468             0.002            0.090
       Category 2     Category 2        0.196       0.198            -0.002           -0.113
     COG053         COG066
       Category 1     Category 1        0.294       0.314            -0.020           -1.183
       Category 1     Category 2        0.041       0.020             0.020            3.884
       Category 2     Category 1        0.530       0.510             0.020            1.098
       Category 2     Category 2        0.135       0.156            -0.020           -1.515
     COG054         COG055
       Category 1     Category 1        0.073       0.069             0.004            0.477
       Category 1     Category 2        0.258       0.263            -0.004           -0.274
       Category 2     Category 1        0.049       0.053            -0.004           -0.537
       Category 2     Category 2        0.620       0.615             0.004            0.248
     COG054         COG056
       Category 1     Category 1        0.179       0.205            -0.026           -1.762
       Category 1     Category 2        0.153       0.127             0.026            2.138
       Category 2     Category 1        0.263       0.236             0.026            1.674
       Category 2     Category 2        0.406       0.432            -0.026           -1.436
     COG054         COG057
       Category 1     Category 1        0.294       0.286             0.008            0.452
       Category 1     Category 2        0.038       0.045            -0.008           -0.982
       Category 2     Category 1        0.522       0.530            -0.008           -0.410
       Category 2     Category 2        0.146       0.139             0.008            0.592
     COG054         COG058
       Category 1     Category 1        0.189       0.194            -0.005           -0.327
       Category 1     Category 2        0.142       0.137             0.005            0.376
       Category 2     Category 1        0.245       0.240             0.005            0.303
       Category 2     Category 2        0.424       0.428            -0.005           -0.262
     COG054         COG060
       Category 1     Category 1        0.250       0.256            -0.006           -0.368
       Category 1     Category 2        0.081       0.075             0.006            0.609
       Category 2     Category 1        0.361       0.355             0.006            0.336
       Category 2     Category 2        0.307       0.313            -0.006           -0.347
     COG054         COG061
       Category 1     Category 1        0.288       0.288             0.000           -0.011
       Category 1     Category 2        0.043       0.043             0.000            0.025
       Category 2     Category 1        0.471       0.471             0.000            0.010
       Category 2     Category 2        0.198       0.198             0.000           -0.013
     COG054         COG062
       Category 1     Category 1        0.298       0.303            -0.006           -0.336
       Category 1     Category 2        0.034       0.028             0.006            0.935
       Category 2     Category 1        0.552       0.546             0.006            0.311
       Category 2     Category 2        0.116       0.122            -0.006           -0.473
     COG054         COG063
       Category 1     Category 1        0.313       0.316            -0.003           -0.181
       Category 1     Category 2        0.019       0.016             0.003            0.672
       Category 2     Category 1        0.574       0.571             0.003            0.170
       Category 2     Category 2        0.095       0.098            -0.003           -0.283
     COG054         COG064
       Category 1     Category 1        0.299       0.289             0.010            0.629
       Category 1     Category 2        0.032       0.043            -0.010           -1.405
       Category 2     Category 1        0.464       0.475            -0.010           -0.570
       Category 2     Category 2        0.204       0.194             0.010            0.720
     COG054         COG066
       Category 1     Category 1        0.310       0.307             0.002            0.145
       Category 1     Category 2        0.022       0.024            -0.002           -0.435
       Category 2     Category 1        0.514       0.517            -0.002           -0.134
       Category 2     Category 2        0.154       0.152             0.002            0.186
     COG055         COG056
       Category 1     Category 1        0.110       0.114            -0.005           -0.386
       Category 1     Category 2        0.012       0.008             0.005            1.405
       Category 2     Category 1        0.332       0.327             0.005            0.261
       Category 2     Category 2        0.547       0.551            -0.005           -0.246
     COG055         COG057
       Category 1     Category 1        0.118       0.114             0.004            0.359
       Category 1     Category 2        0.004       0.008            -0.004           -1.258
       Category 2     Category 1        0.698       0.702            -0.004           -0.249
       Category 2     Category 2        0.180       0.176             0.004            0.299
     COG055         COG058
       Category 1     Category 1        0.112       0.106             0.006            0.534
       Category 1     Category 2        0.009       0.016            -0.006           -1.331
       Category 2     Category 1        0.322       0.328            -0.006           -0.350
       Category 2     Category 2        0.556       0.550             0.006            0.331
     COG055         COG060
       Category 1     Category 1        0.115       0.119            -0.004           -0.375
       Category 1     Category 2        0.007       0.002             0.004            2.548
       Category 2     Category 1        0.497       0.492             0.004            0.244
       Category 2     Category 2        0.382       0.386            -0.004           -0.250
     COG055         COG061
       Category 1     Category 1        0.120       0.120             0.000            0.014
       Category 1     Category 2        0.001       0.002             0.000           -0.119
       Category 2     Category 1        0.639       0.639             0.000           -0.010
       Category 2     Category 2        0.240       0.239             0.000            0.011
     COG055         COG062
       Category 1     Category 1        0.122       0.120             0.002            0.153
       Category 1     Category 2        0.000       0.002            -0.002           -1.165
       Category 2     Category 1        0.728       0.730            -0.002           -0.112
       Category 2     Category 2        0.150       0.148             0.002            0.140
     COG055         COG063
       Category 1     Category 1        0.122       0.122             0.000            0.016
       Category 1     Category 2        0.000       0.000             0.000           -0.375
       Category 2     Category 1        0.765       0.765             0.000           -0.012
       Category 2     Category 2        0.114       0.113             0.000            0.016
     COG055         COG064
       Category 1     Category 1        0.120       0.120             0.000            0.030
       Category 1     Category 2        0.001       0.002             0.000           -0.236
       Category 2     Category 1        0.643       0.643             0.000           -0.020
       Category 2     Category 2        0.235       0.235             0.000            0.023
     COG055         COG066
       Category 1     Category 1        0.122       0.122             0.000            0.008
       Category 1     Category 2        0.000       0.000             0.000           -0.271
       Category 2     Category 1        0.702       0.702             0.000           -0.006
       Category 2     Category 2        0.176       0.176             0.000            0.007
     COG056         COG057
       Category 1     Category 1        0.386       0.396            -0.011           -0.596
       Category 1     Category 2        0.055       0.045             0.011            1.410
       Category 2     Category 1        0.430       0.420             0.011            0.591
       Category 2     Category 2        0.129       0.139            -0.011           -0.842
     COG056         COG058
       Category 1     Category 1        0.334       0.318             0.016            0.922
       Category 1     Category 2        0.107       0.123            -0.016           -1.309
       Category 2     Category 1        0.100       0.116            -0.016           -1.342
       Category 2     Category 2        0.459       0.443             0.016            0.865
     COG056         COG060
       Category 1     Category 1        0.425       0.408             0.017            0.946
       Category 1     Category 2        0.016       0.033            -0.017           -2.590
       Category 2     Category 1        0.187       0.204            -0.017           -1.154
       Category 2     Category 2        0.372       0.355             0.017            0.972
     COG056         COG061
       Category 1     Category 1        0.413       0.423            -0.010           -0.545
       Category 1     Category 2        0.028       0.019             0.010            1.998
       Category 2     Category 1        0.346       0.337             0.010            0.570
       Category 2     Category 2        0.212       0.222            -0.010           -0.648
     COG056         COG062
       Category 1     Category 1        0.415       0.425            -0.009           -0.518
       Category 1     Category 2        0.026       0.016             0.009            2.024
       Category 2     Category 1        0.434       0.425             0.009            0.518
       Category 2     Category 2        0.124       0.134            -0.009           -0.752
     COG056         COG063
       Category 1     Category 1        0.434       0.438            -0.004           -0.207
       Category 1     Category 2        0.007       0.003             0.004            1.878
       Category 2     Category 1        0.452       0.448             0.004            0.206
       Category 2     Category 2        0.107       0.111            -0.004           -0.327
     COG056         COG064
       Category 1     Category 1        0.413       0.421            -0.009           -0.479
       Category 1     Category 2        0.028       0.020             0.009            1.703
       Category 2     Category 1        0.350       0.342             0.009            0.499
       Category 2     Category 2        0.208       0.217            -0.009           -0.574
     COG056         COG066
       Category 1     Category 1        0.437       0.439            -0.002           -0.111
       Category 1     Category 2        0.004       0.002             0.002            1.220
       Category 2     Category 1        0.387       0.385             0.002            0.113
       Category 2     Category 2        0.172       0.174            -0.002           -0.145
     COG057         COG058
       Category 1     Category 1        0.388       0.386             0.002            0.138
       Category 1     Category 2        0.428       0.430            -0.002           -0.135
       Category 2     Category 1        0.046       0.048            -0.002           -0.312
       Category 2     Category 2        0.138       0.136             0.002            0.196
     COG057         COG060
       Category 1     Category 1        0.535       0.536            -0.002           -0.103
       Category 1     Category 2        0.281       0.280             0.002            0.114
       Category 2     Category 1        0.077       0.075             0.002            0.194
       Category 2     Category 2        0.107       0.109            -0.002           -0.164
     COG057         COG061
       Category 1     Category 1        0.656       0.648             0.009            0.500
       Category 1     Category 2        0.160       0.168            -0.009           -0.638
       Category 2     Category 1        0.103       0.112            -0.009           -0.759
       Category 2     Category 2        0.081       0.072             0.009            0.922
     COG057         COG062
       Category 1     Category 1        0.713       0.710             0.003            0.160
       Category 1     Category 2        0.103       0.106            -0.003           -0.236
       Category 2     Category 1        0.137       0.139            -0.003           -0.209
       Category 2     Category 2        0.047       0.045             0.003            0.350
     COG057         COG063
       Category 1     Category 1        0.744       0.742             0.002            0.134
       Category 1     Category 2        0.072       0.074            -0.002           -0.225
       Category 2     Category 1        0.142       0.144            -0.002           -0.167
       Category 2     Category 2        0.042       0.040             0.002            0.301
     COG057         COG064
       Category 1     Category 1        0.654       0.650             0.004            0.210
       Category 1     Category 2        0.162       0.166            -0.004           -0.270
       Category 2     Category 1        0.110       0.113            -0.004           -0.317
       Category 2     Category 2        0.074       0.071             0.004            0.391
     COG057         COG066
       Category 1     Category 1        0.698       0.701            -0.003           -0.165
       Category 1     Category 2        0.118       0.115             0.003            0.237
       Category 2     Category 1        0.126       0.123             0.003            0.230
       Category 2     Category 2        0.058       0.061            -0.003           -0.316
     COG058         COG060
       Category 1     Category 1        0.398       0.381             0.017            0.968
       Category 1     Category 2        0.037       0.054            -0.017           -2.083
       Category 2     Category 1        0.214       0.231            -0.017           -1.115
       Category 2     Category 2        0.352       0.335             0.017            0.996
     COG058         COG061
       Category 1     Category 1        0.403       0.405            -0.002           -0.121
       Category 1     Category 2        0.031       0.029             0.002            0.354
       Category 2     Category 1        0.356       0.354             0.002            0.124
       Category 2     Category 2        0.210       0.212            -0.002           -0.145
     COG058         COG062
       Category 1     Category 1        0.413       0.413             0.000            0.001
       Category 1     Category 2        0.022       0.022             0.000           -0.003
       Category 2     Category 1        0.437       0.437             0.000           -0.001
       Category 2     Category 2        0.129       0.129             0.000            0.001
     COG058         COG063
       Category 1     Category 1        0.428       0.428             0.000            0.006
       Category 1     Category 2        0.007       0.007             0.000           -0.033
       Category 2     Category 1        0.459       0.459             0.000           -0.006
       Category 2     Category 2        0.107       0.107             0.000            0.009
     COG058         COG064
       Category 1     Category 1        0.402       0.405            -0.003           -0.151
       Category 1     Category 2        0.032       0.030             0.003            0.437
       Category 2     Category 1        0.361       0.359             0.003            0.155
       Category 2     Category 2        0.204       0.207            -0.003           -0.183
     COG058         COG066
       Category 1     Category 1        0.434       0.426             0.008            0.455
       Category 1     Category 2        0.000       0.008            -0.008           -2.484
       Category 2     Category 1        0.390       0.398            -0.008           -0.460
       Category 2     Category 2        0.176       0.168             0.008            0.603
     COG060         COG061
       Category 1     Category 1        0.551       0.561            -0.011           -0.585
       Category 1     Category 2        0.061       0.050             0.011            1.330
       Category 2     Category 1        0.208       0.198             0.011            0.729
       Category 2     Category 2        0.180       0.191            -0.011           -0.739
     COG060         COG062
       Category 1     Category 1        0.568       0.575            -0.007           -0.380
       Category 1     Category 2        0.043       0.036             0.007            1.004
       Category 2     Category 1        0.281       0.275             0.007            0.421
       Category 2     Category 2        0.107       0.114            -0.007           -0.592
     COG060         COG063
       Category 1     Category 1        0.598       0.600            -0.002           -0.113
       Category 1     Category 2        0.014       0.011             0.002            0.520
       Category 2     Category 1        0.288       0.286             0.002            0.123
       Category 2     Category 2        0.100       0.102            -0.002           -0.183
     COG060         COG064
       Category 1     Category 1        0.551       0.560            -0.010           -0.520
       Category 1     Category 2        0.061       0.051             0.010            1.170
       Category 2     Category 1        0.212       0.203             0.010            0.642
       Category 2     Category 2        0.176       0.185            -0.010           -0.665
     COG060         COG066
       Category 1     Category 1        0.599       0.599             0.001            0.049
       Category 1     Category 2        0.012       0.013            -0.001           -0.213
       Category 2     Category 1        0.225       0.226            -0.001           -0.058
       Category 2     Category 2        0.164       0.163             0.001            0.066
     COG061         COG062
       Category 1     Category 1        0.696       0.689             0.006            0.381
       Category 1     Category 2        0.064       0.070            -0.006           -0.692
       Category 2     Category 1        0.154       0.161            -0.006           -0.481
       Category 2     Category 2        0.087       0.080             0.006            0.650
     COG061         COG063
       Category 1     Category 1        0.744       0.723             0.022            1.310
       Category 1     Category 2        0.015       0.036            -0.022           -3.129
       Category 2     Category 1        0.142       0.164            -0.022           -1.585
       Category 2     Category 2        0.099       0.077             0.022            2.197
     COG061         COG064
       Category 1     Category 1        0.651       0.651             0.000            0.014
       Category 1     Category 2        0.108       0.108             0.000           -0.021
       Category 2     Category 1        0.112       0.113             0.000           -0.021
       Category 2     Category 2        0.129       0.128             0.000            0.020
     COG061         COG066
       Category 1     Category 1        0.719       0.704             0.015            0.876
       Category 1     Category 2        0.041       0.055            -0.015           -1.749
       Category 2     Category 1        0.106       0.120            -0.015           -1.229
       Category 2     Category 2        0.135       0.121             0.015            1.228
     COG062         COG063
       Category 1     Category 1        0.786       0.784             0.002            0.121
       Category 1     Category 2        0.064       0.065            -0.002           -0.201
       Category 2     Category 1        0.100       0.102            -0.002           -0.164
       Category 2     Category 2        0.050       0.048             0.002            0.232
     COG062         COG064
       Category 1     Category 1        0.694       0.691             0.003            0.186
       Category 1     Category 2        0.156       0.159            -0.003           -0.236
       Category 2     Category 1        0.069       0.072            -0.003           -0.333
       Category 2     Category 2        0.081       0.078             0.003            0.321
     COG062         COG066
       Category 1     Category 1        0.758       0.747             0.011            0.657
       Category 1     Category 2        0.092       0.103            -0.011           -0.942
       Category 2     Category 1        0.066       0.077            -0.011           -1.073
       Category 2     Category 2        0.084       0.073             0.011            1.096
     COG063         COG064
       Category 1     Category 1        0.724       0.725            -0.001           -0.040
       Category 1     Category 2        0.162       0.162             0.001            0.048
       Category 2     Category 1        0.039       0.039             0.001            0.092
       Category 2     Category 2        0.074       0.075            -0.001           -0.067
     COG063         COG066
       Category 1     Category 1        0.788       0.787             0.001            0.040
       Category 1     Category 2        0.099       0.099            -0.001           -0.054
       Category 2     Category 1        0.037       0.037            -0.001           -0.086
       Category 2     Category 2        0.077       0.077             0.001            0.061
     COG064         COG066
       Category 1     Category 1        0.710       0.704             0.006            0.367
       Category 1     Category 2        0.053       0.059            -0.006           -0.711
       Category 2     Category 1        0.114       0.120            -0.006           -0.516
       Category 2     Category 2        0.123       0.117             0.006            0.521


MODEL MODIFICATION INDICES

NOTE:  Modification indices for direct effects of observed dependent variables
regressed on covariates and residual covariances among observed dependent
variables may not be included.  To include these, request MODINDICES (ALL).

Minimum M.I. value for printing the modification index    10.000

                                   M.I.     E.P.C.  Std E.P.C.  StdYX E.P.C.

WITH Statements

COG045   WITH COG040              41.769     0.409      0.409        0.478
COG050   WITH COG040              24.403     0.331      0.331        0.407
COG050   WITH COG045              60.658     0.398      0.398        0.503
COG052   WITH COG043              40.963     0.381      0.381        0.486
COG053   WITH COG048             494.821     0.837      0.837        1.175
COG054   WITH COG052              10.847     0.195      0.195        0.243
COG056   WITH COG048              33.630    -0.491     -0.491       -1.495
COG056   WITH COG049              46.320     0.286      0.286        1.192
COG056   WITH COG053              23.110    -0.313     -0.313       -0.891
COG058   WITH COG048              16.245    -0.335     -0.335       -0.672
COG058   WITH COG053              26.077    -0.334     -0.334       -0.627
COG060   WITH COG048              19.181    -0.376     -0.376       -1.049
COG060   WITH COG053              22.780    -0.316     -0.316       -0.824
COG060   WITH COG056              34.282     0.185      0.185        1.050
COG060   WITH COG058              12.184     0.134      0.134        0.499
COG061   WITH COG048              19.111    -0.405     -0.405       -0.814
COG061   WITH COG053              14.150    -0.267     -0.267       -0.501
COG063   WITH COG061              46.019     0.295      0.295        0.823
COG066   WITH COG048              10.056    -0.327     -0.327       -1.056
COG066   WITH COG053              12.872    -0.274     -0.274       -0.826
COG066   WITH COG061              11.793     0.143      0.143        0.619


TECHNICAL 1 OUTPUT


     PARAMETER SPECIFICATION


           TAU
              COG040$1      COG041$1      COG043$1      COG044$1      COG045$1
              ________      ________      ________      ________      ________
                  1             2             3             4             5


           TAU
              COG046$1      COG048$1      COG049$1      COG050$1      COG051$1
              ________      ________      ________      ________      ________
                  6             7             8             9            10


           TAU
              COG052$1      COG053$1      COG054$1      COG055$1      COG056$1
              ________      ________      ________      ________      ________
                 11            12            13            14            15


           TAU
              COG057$1      COG058$1      COG060$1      COG061$1      COG062$1
              ________      ________      ________      ________      ________
                 16            17            18            19            20


           TAU
              COG063$1      COG064$1      COG066$1
              ________      ________      ________
                 21            22            23


           NU
              COG040        COG041        COG043        COG044        COG045
              ________      ________      ________      ________      ________
                  0             0             0             0             0


           NU
              COG046        COG048        COG049        COG050        COG051
              ________      ________      ________      ________      ________
                  0             0             0             0             0


           NU
              COG052        COG053        COG054        COG055        COG056
              ________      ________      ________      ________      ________
                  0             0             0             0             0


           NU
              COG057        COG058        COG060        COG061        COG062
              ________      ________      ________      ________      ________
                  0             0             0             0             0


           NU
              COG063        COG064        COG066        BAYLAN
              ________      ________      ________      ________
                  0             0             0             0


           LAMBDA
              COG           BAYLAN
              ________      ________
 COG040             0             0
 COG041            24             0
 COG043            25             0
 COG044            26             0
 COG045            27             0
 COG046            28             0
 COG048            29             0
 COG049            30             0
 COG050            31             0
 COG051            32             0
 COG052            33             0
 COG053            34             0
 COG054            35             0
 COG055            36             0
 COG056            37             0
 COG057            38             0
 COG058            39             0
 COG060            40             0
 COG061            41             0
 COG062            42             0
 COG063            43             0
 COG064            44             0
 COG066            45             0
 BAYLAN             0             0


           THETA
              COG040        COG041        COG043        COG044        COG045
              ________      ________      ________      ________      ________
 COG040             0
 COG041             0             0
 COG043             0             0             0
 COG044             0             0             0             0
 COG045             0             0             0             0             0
 COG046             0             0             0             0             0
 COG048             0             0             0             0             0
 COG049             0             0             0             0             0
 COG050             0             0             0             0             0
 COG051             0             0             0             0             0
 COG052             0             0             0             0             0
 COG053             0             0             0             0             0
 COG054             0             0             0             0             0
 COG055             0             0             0             0             0
 COG056             0             0             0             0             0
 COG057             0             0             0             0             0
 COG058             0             0             0             0             0
 COG060             0             0             0             0             0
 COG061             0             0             0             0             0
 COG062             0             0             0             0             0
 COG063             0             0             0             0             0
 COG064             0             0             0             0             0
 COG066             0             0             0             0             0
 BAYLAN             0             0             0             0             0


           THETA
              COG046        COG048        COG049        COG050        COG051
              ________      ________      ________      ________      ________
 COG046             0
 COG048             0             0
 COG049             0             0             0
 COG050             0             0             0             0
 COG051             0             0             0             0             0
 COG052             0             0             0             0             0
 COG053             0             0             0             0             0
 COG054             0             0             0             0             0
 COG055             0             0             0             0             0
 COG056             0             0             0             0             0
 COG057             0             0             0             0             0
 COG058             0             0             0             0             0
 COG060             0             0             0             0             0
 COG061             0             0             0             0             0
 COG062             0             0             0             0             0
 COG063             0             0             0             0             0
 COG064             0             0             0             0             0
 COG066             0             0             0             0             0
 BAYLAN             0             0             0             0             0


           THETA
              COG052        COG053        COG054        COG055        COG056
              ________      ________      ________      ________      ________
 COG052             0
 COG053             0             0
 COG054             0             0             0
 COG055             0             0             0             0
 COG056             0             0             0             0             0
 COG057             0             0             0             0             0
 COG058             0             0             0             0             0
 COG060             0             0             0             0             0
 COG061             0             0             0             0             0
 COG062             0             0             0             0             0
 COG063             0             0             0             0             0
 COG064             0             0             0             0             0
 COG066             0             0             0             0             0
 BAYLAN             0             0             0             0             0


           THETA
              COG057        COG058        COG060        COG061        COG062
              ________      ________      ________      ________      ________
 COG057             0
 COG058             0             0
 COG060             0             0             0
 COG061             0             0             0             0
 COG062             0             0             0             0             0
 COG063             0             0             0             0             0
 COG064             0             0             0             0             0
 COG066             0             0             0             0             0
 BAYLAN             0             0             0             0             0


           THETA
              COG063        COG064        COG066        BAYLAN
              ________      ________      ________      ________
 COG063             0
 COG064             0             0
 COG066             0             0             0
 BAYLAN             0             0             0             0


           ALPHA
              COG           BAYLAN
              ________      ________
                  0            46


           BETA
              COG           BAYLAN
              ________      ________
 COG                0             0
 BAYLAN             0             0


           PSI
              COG           BAYLAN
              ________      ________
 COG               47
 BAYLAN            48            49


     STARTING VALUES


           TAU
              COG040$1      COG041$1      COG043$1      COG044$1      COG045$1
              ________      ________      ________      ________      ________
               -1.140        -0.583        -1.065        -1.214        -0.326


           TAU
              COG046$1      COG048$1      COG049$1      COG050$1      COG051$1
              ________      ________      ________      ________      ________
                0.032        -1.236        -1.013        -0.603        -1.173


           TAU
              COG052$1      COG053$1      COG054$1      COG055$1      COG056$1
              ________      ________      ________      ________      ________
               -0.477        -0.428        -0.436        -1.166        -0.148


           TAU
              COG057$1      COG058$1      COG060$1      COG061$1      COG062$1
              ________      ________      ________      ________      ________
                0.900        -0.165         0.284         0.704         1.036


           TAU
              COG063$1      COG064$1      COG066$1
              ________      ________      ________
                1.207         0.717         0.931


           NU
              COG040        COG041        COG043        COG044        COG045
              ________      ________      ________      ________      ________
                0.000         0.000         0.000         0.000         0.000


           NU
              COG046        COG048        COG049        COG050        COG051
              ________      ________      ________      ________      ________
                0.000         0.000         0.000         0.000         0.000


           NU
              COG052        COG053        COG054        COG055        COG056
              ________      ________      ________      ________      ________
                0.000         0.000         0.000         0.000         0.000


           NU
              COG057        COG058        COG060        COG061        COG062
              ________      ________      ________      ________      ________
                0.000         0.000         0.000         0.000         0.000


           NU
              COG063        COG064        COG066        BAYLAN
              ________      ________      ________      ________
                0.000         0.000         0.000         0.000


           LAMBDA
              COG           BAYLAN
              ________      ________
 COG040         1.000         0.000
 COG041         1.000         0.000
 COG043         1.000         0.000
 COG044         1.000         0.000
 COG045         1.000         0.000
 COG046         1.000         0.000
 COG048         1.000         0.000
 COG049         1.000         0.000
 COG050         1.000         0.000
 COG051         1.000         0.000
 COG052         1.000         0.000
 COG053         1.000         0.000
 COG054         1.000         0.000
 COG055         1.000         0.000
 COG056         1.000         0.000
 COG057         1.000         0.000
 COG058         1.000         0.000
 COG060         1.000         0.000
 COG061         1.000         0.000
 COG062         1.000         0.000
 COG063         1.000         0.000
 COG064         1.000         0.000
 COG066         1.000         0.000
 BAYLAN         0.000         1.000


           THETA
              COG040        COG041        COG043        COG044        COG045
              ________      ________      ________      ________      ________
 COG040         1.000
 COG041         0.000         1.000
 COG043         0.000         0.000         1.000
 COG044         0.000         0.000         0.000         1.000
 COG045         0.000         0.000         0.000         0.000         1.000
 COG046         0.000         0.000         0.000         0.000         0.000
 COG048         0.000         0.000         0.000         0.000         0.000
 COG049         0.000         0.000         0.000         0.000         0.000
 COG050         0.000         0.000         0.000         0.000         0.000
 COG051         0.000         0.000         0.000         0.000         0.000
 COG052         0.000         0.000         0.000         0.000         0.000
 COG053         0.000         0.000         0.000         0.000         0.000
 COG054         0.000         0.000         0.000         0.000         0.000
 COG055         0.000         0.000         0.000         0.000         0.000
 COG056         0.000         0.000         0.000         0.000         0.000
 COG057         0.000         0.000         0.000         0.000         0.000
 COG058         0.000         0.000         0.000         0.000         0.000
 COG060         0.000         0.000         0.000         0.000         0.000
 COG061         0.000         0.000         0.000         0.000         0.000
 COG062         0.000         0.000         0.000         0.000         0.000
 COG063         0.000         0.000         0.000         0.000         0.000
 COG064         0.000         0.000         0.000         0.000         0.000
 COG066         0.000         0.000         0.000         0.000         0.000
 BAYLAN         0.000         0.000         0.000         0.000         0.000


           THETA
              COG046        COG048        COG049        COG050        COG051
              ________      ________      ________      ________      ________
 COG046         1.000
 COG048         0.000         1.000
 COG049         0.000         0.000         1.000
 COG050         0.000         0.000         0.000         1.000
 COG051         0.000         0.000         0.000         0.000         1.000
 COG052         0.000         0.000         0.000         0.000         0.000
 COG053         0.000         0.000         0.000         0.000         0.000
 COG054         0.000         0.000         0.000         0.000         0.000
 COG055         0.000         0.000         0.000         0.000         0.000
 COG056         0.000         0.000         0.000         0.000         0.000
 COG057         0.000         0.000         0.000         0.000         0.000
 COG058         0.000         0.000         0.000         0.000         0.000
 COG060         0.000         0.000         0.000         0.000         0.000
 COG061         0.000         0.000         0.000         0.000         0.000
 COG062         0.000         0.000         0.000         0.000         0.000
 COG063         0.000         0.000         0.000         0.000         0.000
 COG064         0.000         0.000         0.000         0.000         0.000
 COG066         0.000         0.000         0.000         0.000         0.000
 BAYLAN         0.000         0.000         0.000         0.000         0.000


           THETA
              COG052        COG053        COG054        COG055        COG056
              ________      ________      ________      ________      ________
 COG052         1.000
 COG053         0.000         1.000
 COG054         0.000         0.000         1.000
 COG055         0.000         0.000         0.000         1.000
 COG056         0.000         0.000         0.000         0.000         1.000
 COG057         0.000         0.000         0.000         0.000         0.000
 COG058         0.000         0.000         0.000         0.000         0.000
 COG060         0.000         0.000         0.000         0.000         0.000
 COG061         0.000         0.000         0.000         0.000         0.000
 COG062         0.000         0.000         0.000         0.000         0.000
 COG063         0.000         0.000         0.000         0.000         0.000
 COG064         0.000         0.000         0.000         0.000         0.000
 COG066         0.000         0.000         0.000         0.000         0.000
 BAYLAN         0.000         0.000         0.000         0.000         0.000


           THETA
              COG057        COG058        COG060        COG061        COG062
              ________      ________      ________      ________      ________
 COG057         1.000
 COG058         0.000         1.000
 COG060         0.000         0.000         1.000
 COG061         0.000         0.000         0.000         1.000
 COG062         0.000         0.000         0.000         0.000         1.000
 COG063         0.000         0.000         0.000         0.000         0.000
 COG064         0.000         0.000         0.000         0.000         0.000
 COG066         0.000         0.000         0.000         0.000         0.000
 BAYLAN         0.000         0.000         0.000         0.000         0.000


           THETA
              COG063        COG064        COG066        BAYLAN
              ________      ________      ________      ________
 COG063         1.000
 COG064         0.000         1.000
 COG066         0.000         0.000         1.000
 BAYLAN         0.000         0.000         0.000         0.000


           ALPHA
              COG           BAYLAN
              ________      ________
                0.000         0.000


           BETA
              COG           BAYLAN
              ________      ________
 COG            0.000         0.000
 BAYLAN         0.000         0.000


           PSI
              COG           BAYLAN
              ________      ________
 COG            0.050
 BAYLAN         0.000         0.500


TECHNICAL 4 OUTPUT


     ESTIMATES DERIVED FROM THE MODEL


           ESTIMATED MEANS FOR THE LATENT VARIABLES
              COG           BAYLAN
              ________      ________
                0.000         0.000


           ESTIMATED COVARIANCE MATRIX FOR THE LATENT VARIABLES
              COG           BAYLAN
              ________      ________
 COG            0.122
 BAYLAN         0.191         1.000


           ESTIMATED CORRELATION MATRIX FOR THE LATENT VARIABLES
              COG           BAYLAN
              ________      ________
 COG            1.000
 BAYLAN         0.547         1.000


     ESTIMATES DERIVED FROM THE MODEL


           S.E. FOR ESTIMATED MEANS FOR THE LATENT VARIABLES
              COG           BAYLAN
              ________      ________
                0.000         0.038


           EST./S.E. FOR ESTIMATED MEANS FOR THE LATENT VARIABLES
              COG           BAYLAN
              ________      ________
                0.000         0.000


           TWO-TAILED P-VALUE FOR ESTIMATED MEANS FOR THE LATENT VARIABLES
              COG           BAYLAN
              ________      ________
                1.000         1.000


           S.E. FOR ESTIMATED COVARIANCE MATRIX FOR THE LATENT VARIABLES
              COG           BAYLAN
              ________      ________
 COG            0.040
 BAYLAN         0.035         0.050


           EST./S.E. FOR ESTIMATED COVARIANCE MATRIX FOR THE LATENT VARIABLES
              COG           BAYLAN
              ________      ________
 COG            3.048
 BAYLAN         5.435        20.112


           TWO-TAILED P-VALUE FOR ESTIMATED COVARIANCE MATRIX FOR THE LATENT VARIABLES
              COG           BAYLAN
              ________      ________
 COG            0.002
 BAYLAN         0.000         0.000


           S.E. FOR ESTIMATED CORRELATION MATRIX FOR THE LATENT VARIABLES
              COG           BAYLAN
              ________      ________
 COG            0.000
 BAYLAN         0.027         0.000


           EST./S.E. FOR ESTIMATED CORRELATION MATRIX FOR THE LATENT VARIABLES
              COG           BAYLAN
              ________      ________
 COG          999.000
 BAYLAN        20.196       999.000


           TWO-TAILED P-VALUE FOR ESTIMATED CORRELATION MATRIX FOR THE LATENT VARIABLES
              COG           BAYLAN
              ________      ________
 COG            0.000
 BAYLAN         0.000         0.000


SAMPLE STATISTICS FOR ESTIMATED FACTOR SCORES


     SAMPLE STATISTICS


           Means
              COG           COG_SE
              ________      ________
                0.002         0.116


           Covariances
              COG           COG_SE
              ________      ________
 COG            0.103
 COG_SE        -0.001         0.000


           Correlations
              COG           COG_SE
              ________      ________
 COG            1.000
 COG_SE        -0.157         1.000


SAVEDATA INFORMATION


  Save file
    ../../fscores_structural.dat

  Order and format of variables

    COG040         F10.3
    COG041         F10.3
    COG043         F10.3
    COG044         F10.3
    COG045         F10.3
    COG046         F10.3
    COG048         F10.3
    COG049         F10.3
    COG050         F10.3
    COG051         F10.3
    COG052         F10.3
    COG053         F10.3
    COG054         F10.3
    COG055         F10.3
    COG056         F10.3
    COG057         F10.3
    COG058         F10.3
    COG060         F10.3
    COG061         F10.3
    COG062         F10.3
    COG063         F10.3
    COG064         F10.3
    COG066         F10.3
    BAYLAN         F10.3
    COG            F10.3
    COG_SE         F10.3

  Save file format
    26F10.3

  Save file record length    10000

  Save missing symbol        *


     Beginning Time:  14:45:35
        Ending Time:  14:45:35
       Elapsed Time:  00:00:00



MUTHEN & MUTHEN
3463 Stoner Ave.
Los Angeles, CA  90066

Tel: (310) 391-9971
Fax: (310) 391-8971
Web: www.StatModel.com
Support: Support@StatModel.com

Copyright (c) 1998-2021 Muthen & Muthen
