Mplus VERSION 8.6
MUTHEN & MUTHEN
06/04/2026   4:01 PM

INPUT INSTRUCTIONS

  TITLE:
    Structural model - CBEmR outcome ~ WM + GDP + FS
    WLSMV estimator; items treated as categorical (binary)
    Factors: WM, GDP, FS (same measurement model as model_measurement.inp)

  DATA:
    FILE = "../../combined.dat";

  VARIABLE:
    NAMES ARE
      COG034 COG035 COG036 COG037 COG038 COG039 COG040 COG041
      COG042 COG043 COG044 COG045 COG046 COG047 COG048 COG049 COG050
      COG051 COG052 COG053 COG054 COG055 COG056 COG057 COG058
      COG060 COG061 COG062 COG063 COG064 COG065 COG066 COG067 COG068
      GA BirthWt Sex HdCirc IUGR GDiab PrEcl AntCor_P AntCor_C
      MomAge MomEdu DadEdu EthSAsian EthBlack EthMixed EthOther
      MomEng EPDSTot StimEnv PrLax PrOvr PrVrb PrSty
      CBInt CBExt CBTot CBAnx CBWth CBSom CBSlp CBAtt CBAgg
      ECSur ECNeg ECEff BayMot BayLan QchatTot CBEmR;

    USEVARIABLES ARE
      COG040 COG041
      COG043 COG044 COG045 COG046 COG048 COG049 COG050
      COG051 COG052 COG053 COG054 COG055 COG056 COG057 COG058
      COG060 COG061 COG062 COG063 COG064 COG066
      CBEmR;

    CATEGORICAL ARE
      COG040 COG041
      COG043 COG044 COG045 COG046 COG048 COG049 COG050
      COG051 COG052 COG053 COG054 COG055 COG056 COG057 COG058
      COG060 COG061 COG062 COG063 COG064 COG066;

    MISSING ARE ALL (-999);

  DEFINE:
    STANDARDIZE CBEmR;

  ANALYSIS:
    ESTIMATOR = WLSMV;

  MODEL:
    ! Factor 1: Working Memory
    WM BY
      COG040 COG045 COG050 COG064;

    ! Factor 2: Goal-Directed Problem Solving
    GDP BY
      COG041 COG043 COG044 COG046
      COG048 COG052 COG053 COG057;

    ! Factor 3: Flexibility / Shift
    FS BY
      COG049 COG051 COG054 COG055 COG056
      COG058 COG060 COG061 COG062 COG063 COG066;

    WM  WITH GDP FS;
    GDP WITH FS;

    CBEmR WITH WM GDP FS;

  OUTPUT:
    STANDARDIZED;
    MODINDICES(10);
    RESIDUAL;
    SAMPSTAT;
    TECH1;
    TECH4;
    CINTERVAL;

  SAVEDATA:
    FILE = "../../fscores_structural.dat";
    SAVE = FSCORES;



INPUT READING TERMINATED NORMALLY




Structural model - CBEmR outcome ~ WM + GDP + FS
WLSMV estimator; items treated as categorical (binary)
Factors: WM, GDP, FS (same measurement model as model_measurement.inp)

SUMMARY OF ANALYSIS

Number of groups                                                 1
Number of observations                                         739

Number of dependent variables                                   24
Number of independent variables                                  0
Number of continuous latent variables                            3

Observed dependent variables

  Continuous
   CBEMR

  Binary and ordered categorical (ordinal)
   COG040      COG041      COG043      COG044      COG045      COG046
   COG048      COG049      COG050      COG051      COG052      COG053
   COG054      COG055      COG056      COG057      COG058      COG060
   COG061      COG062      COG063      COG064      COG066

Continuous latent variables
   WM          GDP         FS


Estimator                                                    WLSMV
Maximum number of iterations                                  1000
Convergence criterion                                    0.500D-04
Maximum number of steepest descent iterations                   20
Maximum number of iterations for H1                           2000
Convergence criterion for H1                             0.100D-03
Parameterization                                             DELTA
Link                                                        PROBIT

Input data file(s)
  ../../combined.dat

Input data format  FREE


SUMMARY OF DATA

     Number of missing data patterns             2


COVARIANCE COVERAGE OF DATA

Minimum covariance coverage value   0.100


     PROPORTION OF DATA PRESENT


           Covariance Coverage
              COG040        COG041        COG043        COG044        COG045
              ________      ________      ________      ________      ________
 COG040         1.000
 COG041         1.000         1.000
 COG043         1.000         1.000         1.000
 COG044         1.000         1.000         1.000         1.000
 COG045         1.000         1.000         1.000         1.000         1.000
 COG046         1.000         1.000         1.000         1.000         1.000
 COG048         1.000         1.000         1.000         1.000         1.000
 COG049         1.000         1.000         1.000         1.000         1.000
 COG050         1.000         1.000         1.000         1.000         1.000
 COG051         1.000         1.000         1.000         1.000         1.000
 COG052         1.000         1.000         1.000         1.000         1.000
 COG053         1.000         1.000         1.000         1.000         1.000
 COG054         1.000         1.000         1.000         1.000         1.000
 COG055         1.000         1.000         1.000         1.000         1.000
 COG056         1.000         1.000         1.000         1.000         1.000
 COG057         1.000         1.000         1.000         1.000         1.000
 COG058         1.000         1.000         1.000         1.000         1.000
 COG060         1.000         1.000         1.000         1.000         1.000
 COG061         1.000         1.000         1.000         1.000         1.000
 COG062         1.000         1.000         1.000         1.000         1.000
 COG063         1.000         1.000         1.000         1.000         1.000
 COG064         1.000         1.000         1.000         1.000         1.000
 COG066         1.000         1.000         1.000         1.000         1.000
 CBEMR          0.978         0.978         0.978         0.978         0.978


           Covariance Coverage
              COG046        COG048        COG049        COG050        COG051
              ________      ________      ________      ________      ________
 COG046         1.000
 COG048         1.000         1.000
 COG049         1.000         1.000         1.000
 COG050         1.000         1.000         1.000         1.000
 COG051         1.000         1.000         1.000         1.000         1.000
 COG052         1.000         1.000         1.000         1.000         1.000
 COG053         1.000         1.000         1.000         1.000         1.000
 COG054         1.000         1.000         1.000         1.000         1.000
 COG055         1.000         1.000         1.000         1.000         1.000
 COG056         1.000         1.000         1.000         1.000         1.000
 COG057         1.000         1.000         1.000         1.000         1.000
 COG058         1.000         1.000         1.000         1.000         1.000
 COG060         1.000         1.000         1.000         1.000         1.000
 COG061         1.000         1.000         1.000         1.000         1.000
 COG062         1.000         1.000         1.000         1.000         1.000
 COG063         1.000         1.000         1.000         1.000         1.000
 COG064         1.000         1.000         1.000         1.000         1.000
 COG066         1.000         1.000         1.000         1.000         1.000
 CBEMR          0.978         0.978         0.978         0.978         0.978


           Covariance Coverage
              COG052        COG053        COG054        COG055        COG056
              ________      ________      ________      ________      ________
 COG052         1.000
 COG053         1.000         1.000
 COG054         1.000         1.000         1.000
 COG055         1.000         1.000         1.000         1.000
 COG056         1.000         1.000         1.000         1.000         1.000
 COG057         1.000         1.000         1.000         1.000         1.000
 COG058         1.000         1.000         1.000         1.000         1.000
 COG060         1.000         1.000         1.000         1.000         1.000
 COG061         1.000         1.000         1.000         1.000         1.000
 COG062         1.000         1.000         1.000         1.000         1.000
 COG063         1.000         1.000         1.000         1.000         1.000
 COG064         1.000         1.000         1.000         1.000         1.000
 COG066         1.000         1.000         1.000         1.000         1.000
 CBEMR          0.978         0.978         0.978         0.978         0.978


           Covariance Coverage
              COG057        COG058        COG060        COG061        COG062
              ________      ________      ________      ________      ________
 COG057         1.000
 COG058         1.000         1.000
 COG060         1.000         1.000         1.000
 COG061         1.000         1.000         1.000         1.000
 COG062         1.000         1.000         1.000         1.000         1.000
 COG063         1.000         1.000         1.000         1.000         1.000
 COG064         1.000         1.000         1.000         1.000         1.000
 COG066         1.000         1.000         1.000         1.000         1.000
 CBEMR          0.978         0.978         0.978         0.978         0.978


           Covariance Coverage
              COG063        COG064        COG066        CBEMR
              ________      ________      ________      ________
 COG063         1.000
 COG064         1.000         1.000
 COG066         1.000         1.000         1.000
 CBEMR          0.978         0.978         0.978         0.978


UNIVARIATE PROPORTIONS AND COUNTS FOR CATEGORICAL VARIABLES

    COG040
      Category 1    0.127           94.000
      Category 2    0.873          645.000
    COG041
      Category 1    0.280          207.000
      Category 2    0.720          532.000
    COG043
      Category 1    0.143          106.000
      Category 2    0.857          633.000
    COG044
      Category 1    0.112           83.000
      Category 2    0.888          656.000
    COG045
      Category 1    0.372          275.000
      Category 2    0.628          464.000
    COG046
      Category 1    0.513          379.000
      Category 2    0.487          360.000
    COG048
      Category 1    0.108           80.000
      Category 2    0.892          659.000
    COG049
      Category 1    0.156          115.000
      Category 2    0.844          624.000
    COG050
      Category 1    0.273          202.000
      Category 2    0.727          537.000
    COG051
      Category 1    0.120           89.000
      Category 2    0.880          650.000
    COG052
      Category 1    0.317          234.000
      Category 2    0.683          505.000
    COG053
      Category 1    0.334          247.000
      Category 2    0.666          492.000
    COG054
      Category 1    0.332          245.000
      Category 2    0.668          494.000
    COG055
      Category 1    0.122           90.000
      Category 2    0.878          649.000
    COG056
      Category 1    0.441          326.000
      Category 2    0.559          413.000
    COG057
      Category 1    0.816          603.000
      Category 2    0.184          136.000
    COG058
      Category 1    0.434          321.000
      Category 2    0.566          418.000
    COG060
      Category 1    0.612          452.000
      Category 2    0.388          287.000
    COG061
      Category 1    0.759          561.000
      Category 2    0.241          178.000
    COG062
      Category 1    0.850          628.000
      Category 2    0.150          111.000
    COG063
      Category 1    0.886          655.000
      Category 2    0.114           84.000
    COG064
      Category 1    0.763          564.000
      Category 2    0.237          175.000
    COG066
      Category 1    0.824          609.000
      Category 2    0.176          130.000


SAMPLE STATISTICS


     ESTIMATED SAMPLE STATISTICS


           MEANS/INTERCEPTS/THRESHOLDS
              COG040$1      COG041$1      COG043$1      COG044$1      COG045$1
              ________      ________      ________      ________      ________
               -1.140        -0.583        -1.065        -1.214        -0.326


           MEANS/INTERCEPTS/THRESHOLDS
              COG046$1      COG048$1      COG049$1      COG050$1      COG051$1
              ________      ________      ________      ________      ________
                0.032        -1.236        -1.013        -0.603        -1.173


           MEANS/INTERCEPTS/THRESHOLDS
              COG052$1      COG053$1      COG054$1      COG055$1      COG056$1
              ________      ________      ________      ________      ________
               -0.477        -0.428        -0.436        -1.166        -0.148


           MEANS/INTERCEPTS/THRESHOLDS
              COG057$1      COG058$1      COG060$1      COG061$1      COG062$1
              ________      ________      ________      ________      ________
                0.900        -0.165         0.284         0.704         1.036


           MEANS/INTERCEPTS/THRESHOLDS
              COG063$1      COG064$1      COG066$1      CBEMR
              ________      ________      ________      ________
                1.207         0.717         0.931         0.000


           CORRELATION MATRIX (WITH VARIANCES ON THE DIAGONAL)
              COG040        COG041        COG043        COG044        COG045
              ________      ________      ________      ________      ________
 COG040
 COG041         0.088
 COG043         0.095         0.221
 COG044         0.340         0.318         0.291
 COG045         0.534         0.217         0.265         0.304
 COG046         0.193         0.179         0.160         0.241         0.214
 COG048         0.123         0.213         0.261         0.357         0.154
 COG049         0.307         0.188         0.310         0.301         0.315
 COG050         0.487         0.247         0.310         0.330         0.573
 COG051         0.265         0.293         0.283         0.339         0.335
 COG052         0.128         0.202         0.572         0.272         0.206
 COG053         0.080         0.160         0.152         0.329         0.231
 COG054         0.169         0.166         0.320         0.230         0.192
 COG055         0.187         0.319         0.438         0.334         0.262
 COG056         0.235         0.168         0.286         0.324         0.247
 COG057         0.084         0.315         0.107         0.063         0.104
 COG058         0.133         0.192         0.267         0.246         0.238
 COG060         0.202         0.249         0.351         0.322         0.297
 COG061         0.056         0.256         0.402         0.228         0.155
 COG062         0.230         0.351         0.447         0.230         0.314
 COG063         0.180         0.322         0.264         0.244         0.179
 COG064         0.325         0.276         0.396         0.313         0.300
 COG066         0.151         0.333         0.398         0.372         0.235
 CBEMR         -0.053        -0.047         0.021         0.075        -0.028


           CORRELATION MATRIX (WITH VARIANCES ON THE DIAGONAL)
              COG046        COG048        COG049        COG050        COG051
              ________      ________      ________      ________      ________
 COG048         0.221
 COG049         0.229         0.204
 COG050         0.126         0.262         0.400
 COG051         0.228         0.354         0.686         0.402
 COG052         0.000         0.242         0.277         0.273         0.343
 COG053         0.133         0.909         0.188         0.242         0.266
 COG054         0.087         0.218         0.249         0.289         0.335
 COG055         0.269         0.326         0.628         0.411         0.713
 COG056         0.229         0.086         0.904         0.311         0.723
 COG057         0.124         0.174         0.272         0.113         0.245
 COG058         0.226         0.151         0.564         0.276         0.897
 COG060         0.256         0.178         0.711         0.352         0.682
 COG061         0.284         0.079         0.489         0.317         0.534
 COG062         0.361         0.137         0.469         0.253         0.466
 COG063         0.302         0.129         0.550         0.371         0.397
 COG064         0.248         0.371         0.423         0.323         0.483
 COG066         0.386         0.230         0.697         0.302         0.652
 CBEMR          0.102        -0.129         0.039        -0.019         0.001


           CORRELATION MATRIX (WITH VARIANCES ON THE DIAGONAL)
              COG052        COG053        COG054        COG055        COG056
              ________      ________      ________      ________      ________
 COG053         0.260
 COG054         0.380         0.211
 COG055         0.474         0.307         0.405
 COG056         0.281         0.168         0.223         0.688
 COG057         0.210         0.136         0.252         0.460         0.249
 COG058         0.231         0.082         0.310         0.732         0.791
 COG060         0.320         0.156         0.345         0.619         0.899
 COG061         0.354         0.140         0.340         0.662         0.641
 COG062         0.284         0.167         0.198         0.624         0.461
 COG063         0.347         0.206         0.293         0.572         0.650
 COG064         0.372         0.362         0.440         0.658         0.633
 COG066         0.320         0.201         0.431         0.654         0.805
 CBEMR         -0.068        -0.093        -0.013        -0.061         0.073


           CORRELATION MATRIX (WITH VARIANCES ON THE DIAGONAL)
              COG057        COG058        COG060        COG061        COG062
              ________      ________      ________      ________      ________
 COG058         0.332
 COG060         0.332         0.800
 COG061         0.392         0.609         0.647
 COG062         0.280         0.503         0.504         0.563
 COG063         0.344         0.644         0.701         0.838         0.536
 COG064         0.337         0.590         0.636         0.615         0.521
 COG066         0.328         0.886         0.838         0.822         0.680
 CBEMR          0.080         0.091         0.047         0.010         0.057


           CORRELATION MATRIX (WITH VARIANCES ON THE DIAGONAL)
              COG063        COG064        COG066        CBEMR
              ________      ________      ________      ________
 COG064         0.620
 COG066         0.754         0.757
 CBEMR         -0.063         0.026         0.068         1.000


UNIVARIATE SAMPLE STATISTICS


     UNIVARIATE HIGHER-ORDER MOMENT DESCRIPTIVE STATISTICS

         Variable/         Mean/     Skewness/   Minimum/ % with                Percentiles
        Sample Size      Variance    Kurtosis    Maximum  Min/Max      20%/60%    40%/80%    Median

     CBEMR                 0.000       1.753      -0.898   32.37%      -0.898     -0.375     -0.375
             723.000       1.000       5.383       7.471    0.14%       0.148      0.671


     THIS ANALYSIS MAY HAVE MULTIPLE SOLUTIONS.  EXPLORE THIS USING RANDOM STARTS,
     FOR EXAMPLE, STARTS = 20.  USE A LARGE ENOUGH NUMBER OF STARTS SO THAT THE
     BEST FIT FUNCTION VALUE IS REPLICATED SEVERAL TIMES.


THE MODEL ESTIMATION TERMINATED NORMALLY



MODEL FIT INFORMATION

Number of Free Parameters                       54

Chi-Square Test of Model Fit

          Value                            855.032*
          Degrees of Freedom                   247
          P-Value                           0.0000

*   The chi-square value for MLM, MLMV, MLR, ULSMV, WLSM and WLSMV cannot be used
    for chi-square difference testing in the regular way.  MLM, MLR and WLSM
    chi-square difference testing is described on the Mplus website.  MLMV, WLSMV,
    and ULSMV difference testing is done using the DIFFTEST option.

RMSEA (Root Mean Square Error Of Approximation)

          Estimate                           0.058
          90 Percent C.I.                    0.054  0.062
          Probability RMSEA <= .05           0.001

CFI/TLI

          CFI                                0.928
          TLI                                0.920

Chi-Square Test of Model Fit for the Baseline Model

          Value                           8748.928
          Degrees of Freedom                   276
          P-Value                           0.0000

SRMR (Standardized Root Mean Square Residual)

          Value                              0.105

Optimum Function Value for Weighted Least-Squares Estimator

          Value                     0.58878257D+00



MODEL RESULTS

                                                    Two-Tailed
                    Estimate       S.E.  Est./S.E.    P-Value

 WM       BY
    COG040             1.000      0.000    999.000    999.000
    COG045             1.186      0.186      6.364      0.000
    COG050             1.409      0.222      6.336      0.000
    COG064             2.237      0.363      6.162      0.000

 GDP      BY
    COG041             1.000      0.000    999.000    999.000
    COG043             1.344      0.203      6.625      0.000
    COG044             1.246      0.193      6.439      0.000
    COG046             0.882      0.151      5.846      0.000
    COG048             1.807      0.241      7.511      0.000
    COG052             1.289      0.177      7.301      0.000
    COG053             1.515      0.204      7.444      0.000
    COG057             1.045      0.177      5.909      0.000

 FS       BY
    COG049             1.000      0.000    999.000    999.000
    COG051             0.964      0.056     17.150      0.000
    COG054             0.522      0.055      9.494      0.000
    COG055             1.008      0.053     18.883      0.000
    COG056             1.122      0.045     24.662      0.000
    COG058             0.989      0.043     22.991      0.000
    COG060             1.096      0.043     25.603      0.000
    COG061             0.982      0.047     20.987      0.000
    COG062             0.783      0.059     13.255      0.000
    COG063             1.007      0.053     18.911      0.000
    COG066             1.149      0.049     23.383      0.000

 WM       WITH
    GDP                0.124      0.027      4.640      0.000
    FS                 0.255      0.044      5.851      0.000
    CBEMR             -0.005      0.021     -0.233      0.815

 GDP      WITH
    FS                 0.206      0.030      6.931      0.000
    CBEMR             -0.022      0.021     -1.065      0.287

 CBEMR    WITH
    FS                 0.035      0.032      1.074      0.283

 Means
    CBEMR              0.000      0.049      0.000      1.000

 Thresholds
    COG040$1          -1.140      0.059    -19.376      0.000
    COG041$1          -0.583      0.049    -11.873      0.000
    COG043$1          -1.065      0.057    -18.689      0.000
    COG044$1          -1.214      0.061    -19.954      0.000
    COG045$1          -0.326      0.047     -6.940      0.000
    COG046$1           0.032      0.046      0.699      0.485
    COG048$1          -1.236      0.061    -20.100      0.000
    COG049$1          -1.013      0.056    -18.143      0.000
    COG050$1          -0.603      0.049    -12.231      0.000
    COG051$1          -1.173      0.060    -19.646      0.000
    COG052$1          -0.477      0.048     -9.927      0.000
    COG053$1          -0.428      0.048     -8.983      0.000
    COG054$1          -0.436      0.048     -9.128      0.000
    COG055$1          -1.166      0.060    -19.593      0.000
    COG056$1          -0.148      0.046     -3.199      0.001
    COG057$1           0.900      0.054     16.800      0.000
    COG058$1          -0.165      0.046     -3.567      0.000
    COG060$1           0.284      0.047      6.062      0.000
    COG061$1           0.704      0.050     13.931      0.000
    COG062$1           1.036      0.056     18.388      0.000
    COG063$1           1.207      0.061     19.904      0.000
    COG064$1           0.717      0.051     14.141      0.000
    COG066$1           0.931      0.054     17.192      0.000

 Variances
    CBEMR              1.000      0.036     27.911      0.000
    WM                 0.190      0.055      3.439      0.001
    GDP                0.213      0.050      4.290      0.000
    FS                 0.687      0.050     13.760      0.000


QUALITY OF NUMERICAL RESULTS

     Condition Number for the Information Matrix              0.584E-03
       (ratio of smallest to largest eigenvalue)


STANDARDIZED MODEL RESULTS


STDYX Standardization

                                                    Two-Tailed
                    Estimate       S.E.  Est./S.E.    P-Value

 WM       BY
    COG040             0.436      0.063      6.878      0.000
    COG045             0.517      0.045     11.607      0.000
    COG050             0.614      0.045     13.656      0.000
    COG064             0.976      0.051     19.323      0.000

 GDP      BY
    COG041             0.462      0.054      8.579      0.000
    COG043             0.621      0.062     10.004      0.000
    COG044             0.575      0.066      8.696      0.000
    COG046             0.408      0.052      7.840      0.000
    COG048             0.834      0.051     16.226      0.000
    COG052             0.595      0.046     12.910      0.000
    COG053             0.700      0.038     18.205      0.000
    COG057             0.483      0.063      7.684      0.000

 FS       BY
    COG049             0.829      0.030     27.521      0.000
    COG051             0.799      0.041     19.509      0.000
    COG054             0.433      0.044      9.935      0.000
    COG055             0.835      0.038     22.194      0.000
    COG056             0.930      0.015     62.431      0.000
    COG058             0.820      0.022     37.333      0.000
    COG060             0.909      0.015     59.854      0.000
    COG061             0.814      0.025     32.017      0.000
    COG062             0.649      0.042     15.425      0.000
    COG063             0.835      0.031     26.924      0.000
    COG066             0.953      0.019     50.350      0.000

 WM       WITH
    GDP                0.616      0.050     12.397      0.000
    FS                 0.705      0.041     17.259      0.000
    CBEMR             -0.011      0.047     -0.234      0.815

 GDP      WITH
    FS                 0.539      0.038     14.380      0.000
    CBEMR             -0.048      0.044     -1.084      0.278

 CBEMR    WITH
    FS                 0.042      0.039      1.075      0.282

 Means
    CBEMR              0.000      0.049      0.000      1.000

 Thresholds
    COG040$1          -1.140      0.059    -19.376      0.000
    COG041$1          -0.583      0.049    -11.873      0.000
    COG043$1          -1.065      0.057    -18.689      0.000
    COG044$1          -1.214      0.061    -19.954      0.000
    COG045$1          -0.326      0.047     -6.940      0.000
    COG046$1           0.032      0.046      0.699      0.485
    COG048$1          -1.236      0.061    -20.100      0.000
    COG049$1          -1.013      0.056    -18.143      0.000
    COG050$1          -0.603      0.049    -12.231      0.000
    COG051$1          -1.173      0.060    -19.646      0.000
    COG052$1          -0.477      0.048     -9.927      0.000
    COG053$1          -0.428      0.048     -8.983      0.000
    COG054$1          -0.436      0.048     -9.128      0.000
    COG055$1          -1.166      0.060    -19.593      0.000
    COG056$1          -0.148      0.046     -3.199      0.001
    COG057$1           0.900      0.054     16.800      0.000
    COG058$1          -0.165      0.046     -3.567      0.000
    COG060$1           0.284      0.047      6.062      0.000
    COG061$1           0.704      0.050     13.931      0.000
    COG062$1           1.036      0.056     18.388      0.000
    COG063$1           1.207      0.061     19.904      0.000
    COG064$1           0.717      0.051     14.141      0.000
    COG066$1           0.931      0.054     17.192      0.000

 Variances
    CBEMR              1.000      0.000    999.000    999.000
    WM                 1.000      0.000    999.000    999.000
    GDP                1.000      0.000    999.000    999.000
    FS                 1.000      0.000    999.000    999.000


STDY Standardization

                                                    Two-Tailed
                    Estimate       S.E.  Est./S.E.    P-Value

 WM       BY
    COG040             0.436      0.063      6.878      0.000
    COG045             0.517      0.045     11.607      0.000
    COG050             0.614      0.045     13.656      0.000
    COG064             0.976      0.051     19.323      0.000

 GDP      BY
    COG041             0.462      0.054      8.579      0.000
    COG043             0.621      0.062     10.004      0.000
    COG044             0.575      0.066      8.696      0.000
    COG046             0.408      0.052      7.840      0.000
    COG048             0.834      0.051     16.226      0.000
    COG052             0.595      0.046     12.910      0.000
    COG053             0.700      0.038     18.205      0.000
    COG057             0.483      0.063      7.684      0.000

 FS       BY
    COG049             0.829      0.030     27.521      0.000
    COG051             0.799      0.041     19.509      0.000
    COG054             0.433      0.044      9.935      0.000
    COG055             0.835      0.038     22.194      0.000
    COG056             0.930      0.015     62.431      0.000
    COG058             0.820      0.022     37.333      0.000
    COG060             0.909      0.015     59.854      0.000
    COG061             0.814      0.025     32.017      0.000
    COG062             0.649      0.042     15.425      0.000
    COG063             0.835      0.031     26.924      0.000
    COG066             0.953      0.019     50.350      0.000

 WM       WITH
    GDP                0.616      0.050     12.397      0.000
    FS                 0.705      0.041     17.259      0.000
    CBEMR             -0.011      0.047     -0.234      0.815

 GDP      WITH
    FS                 0.539      0.038     14.380      0.000
    CBEMR             -0.048      0.044     -1.084      0.278

 CBEMR    WITH
    FS                 0.042      0.039      1.075      0.282

 Means
    CBEMR              0.000      0.049      0.000      1.000

 Thresholds
    COG040$1          -1.140      0.059    -19.376      0.000
    COG041$1          -0.583      0.049    -11.873      0.000
    COG043$1          -1.065      0.057    -18.689      0.000
    COG044$1          -1.214      0.061    -19.954      0.000
    COG045$1          -0.326      0.047     -6.940      0.000
    COG046$1           0.032      0.046      0.699      0.485
    COG048$1          -1.236      0.061    -20.100      0.000
    COG049$1          -1.013      0.056    -18.143      0.000
    COG050$1          -0.603      0.049    -12.231      0.000
    COG051$1          -1.173      0.060    -19.646      0.000
    COG052$1          -0.477      0.048     -9.927      0.000
    COG053$1          -0.428      0.048     -8.983      0.000
    COG054$1          -0.436      0.048     -9.128      0.000
    COG055$1          -1.166      0.060    -19.593      0.000
    COG056$1          -0.148      0.046     -3.199      0.001
    COG057$1           0.900      0.054     16.800      0.000
    COG058$1          -0.165      0.046     -3.567      0.000
    COG060$1           0.284      0.047      6.062      0.000
    COG061$1           0.704      0.050     13.931      0.000
    COG062$1           1.036      0.056     18.388      0.000
    COG063$1           1.207      0.061     19.904      0.000
    COG064$1           0.717      0.051     14.141      0.000
    COG066$1           0.931      0.054     17.192      0.000

 Variances
    CBEMR              1.000      0.000    999.000    999.000
    WM                 1.000      0.000    999.000    999.000
    GDP                1.000      0.000    999.000    999.000
    FS                 1.000      0.000    999.000    999.000


STD Standardization

                                                    Two-Tailed
                    Estimate       S.E.  Est./S.E.    P-Value

 WM       BY
    COG040             0.436      0.063      6.878      0.000
    COG045             0.517      0.045     11.607      0.000
    COG050             0.614      0.045     13.656      0.000
    COG064             0.976      0.051     19.323      0.000

 GDP      BY
    COG041             0.462      0.054      8.579      0.000
    COG043             0.621      0.062     10.004      0.000
    COG044             0.575      0.066      8.696      0.000
    COG046             0.408      0.052      7.840      0.000
    COG048             0.834      0.051     16.226      0.000
    COG052             0.595      0.046     12.910      0.000
    COG053             0.700      0.038     18.205      0.000
    COG057             0.483      0.063      7.684      0.000

 FS       BY
    COG049             0.829      0.030     27.521      0.000
    COG051             0.799      0.041     19.509      0.000
    COG054             0.433      0.044      9.935      0.000
    COG055             0.835      0.038     22.194      0.000
    COG056             0.930      0.015     62.431      0.000
    COG058             0.820      0.022     37.333      0.000
    COG060             0.909      0.015     59.854      0.000
    COG061             0.814      0.025     32.017      0.000
    COG062             0.649      0.042     15.425      0.000
    COG063             0.835      0.031     26.924      0.000
    COG066             0.953      0.019     50.350      0.000

 WM       WITH
    GDP                0.616      0.050     12.397      0.000
    FS                 0.705      0.041     17.259      0.000
    CBEMR             -0.011      0.047     -0.234      0.815

 GDP      WITH
    FS                 0.539      0.038     14.380      0.000
    CBEMR             -0.048      0.044     -1.084      0.278

 CBEMR    WITH
    FS                 0.042      0.039      1.075      0.283

 Means
    CBEMR              0.000      0.049      0.000      1.000

 Thresholds
    COG040$1          -1.140      0.059    -19.376      0.000
    COG041$1          -0.583      0.049    -11.873      0.000
    COG043$1          -1.065      0.057    -18.689      0.000
    COG044$1          -1.214      0.061    -19.954      0.000
    COG045$1          -0.326      0.047     -6.940      0.000
    COG046$1           0.032      0.046      0.699      0.485
    COG048$1          -1.236      0.061    -20.100      0.000
    COG049$1          -1.013      0.056    -18.143      0.000
    COG050$1          -0.603      0.049    -12.231      0.000
    COG051$1          -1.173      0.060    -19.646      0.000
    COG052$1          -0.477      0.048     -9.927      0.000
    COG053$1          -0.428      0.048     -8.983      0.000
    COG054$1          -0.436      0.048     -9.128      0.000
    COG055$1          -1.166      0.060    -19.593      0.000
    COG056$1          -0.148      0.046     -3.199      0.001
    COG057$1           0.900      0.054     16.800      0.000
    COG058$1          -0.165      0.046     -3.567      0.000
    COG060$1           0.284      0.047      6.062      0.000
    COG061$1           0.704      0.050     13.931      0.000
    COG062$1           1.036      0.056     18.388      0.000
    COG063$1           1.207      0.061     19.904      0.000
    COG064$1           0.717      0.051     14.141      0.000
    COG066$1           0.931      0.054     17.192      0.000

 Variances
    CBEMR              1.000      0.036     27.911      0.000
    WM                 1.000      0.000    999.000    999.000
    GDP                1.000      0.000    999.000    999.000
    FS                 1.000      0.000    999.000    999.000


R-SQUARE

    Observed                                        Two-Tailed   Residual
    Variable        Estimate       S.E.  Est./S.E.    P-Value    Variance

    COG040             0.190      0.055      3.439      0.001      0.810
    COG041             0.213      0.050      4.290      0.000      0.787
    COG043             0.385      0.077      5.002      0.000      0.615
    COG044             0.331      0.076      4.348      0.000      0.669
    COG045             0.268      0.046      5.803      0.000      0.732
    COG046             0.166      0.042      3.920      0.000      0.834
    COG048             0.696      0.086      8.113      0.000      0.304
    COG049             0.687      0.050     13.760      0.000      0.313
    COG050             0.377      0.055      6.828      0.000      0.623
    COG051             0.639      0.065      9.754      0.000      0.361
    COG052             0.354      0.055      6.455      0.000      0.646
    COG053             0.490      0.054      9.102      0.000      0.510
    COG054             0.187      0.038      4.968      0.000      0.813
    COG055             0.698      0.063     11.097      0.000      0.302
    COG056             0.865      0.028     31.216      0.000      0.135
    COG057             0.233      0.061      3.842      0.000      0.767
    COG058             0.672      0.036     18.666      0.000      0.328
    COG060             0.826      0.028     29.927      0.000      0.174
    COG061             0.663      0.041     16.009      0.000      0.337
    COG062             0.421      0.055      7.713      0.000      0.579
    COG063             0.697      0.052     13.462      0.000      0.303
    COG064             0.952      0.099      9.662      0.000      0.048
    COG066             0.907      0.036     25.175      0.000      0.093


CONFIDENCE INTERVALS OF MODEL RESULTS

                  Lower .5%  Lower 2.5%    Lower 5%    Estimate    Upper 5%  Upper 2.5%   Upper .5%

 WM       BY
    COG040           1.000       1.000       1.000       1.000       1.000       1.000       1.000
    COG045           0.706       0.821       0.880       1.186       1.493       1.551       1.666
    COG050           0.836       0.973       1.043       1.409       1.774       1.844       1.981
    COG064           1.302       1.526       1.640       2.237       2.835       2.949       3.173

 GDP      BY
    COG041           1.000       1.000       1.000       1.000       1.000       1.000       1.000
    COG043           0.822       0.947       1.010       1.344       1.678       1.742       1.867
    COG044           0.747       0.867       0.928       1.246       1.564       1.625       1.744
    COG046           0.494       0.587       0.634       0.882       1.131       1.178       1.271
    COG048           1.187       1.335       1.411       1.807       2.202       2.278       2.426
    COG052           0.834       0.943       0.998       1.289       1.579       1.635       1.743
    COG053           0.991       1.116       1.180       1.515       1.850       1.914       2.039
    COG057           0.590       0.699       0.754       1.045       1.336       1.392       1.501

 FS       BY
    COG049           1.000       1.000       1.000       1.000       1.000       1.000       1.000
    COG051           0.819       0.854       0.871       0.964       1.056       1.074       1.109
    COG054           0.380       0.414       0.432       0.522       0.613       0.630       0.664
    COG055           0.870       0.903       0.920       1.008       1.096       1.112       1.145
    COG056           1.005       1.033       1.047       1.122       1.197       1.211       1.239
    COG058           0.878       0.905       0.918       0.989       1.060       1.073       1.100
    COG060           0.986       1.012       1.026       1.096       1.166       1.180       1.206
    COG061           0.862       0.891       0.905       0.982       1.059       1.074       1.103
    COG062           0.631       0.667       0.686       0.783       0.880       0.898       0.935
    COG063           0.870       0.903       0.919       1.007       1.094       1.111       1.144
    COG066           1.022       1.053       1.068       1.149       1.230       1.245       1.276

 WM       WITH
    GDP              0.055       0.072       0.080       0.124       0.168       0.176       0.193
    FS               0.143       0.170       0.183       0.255       0.327       0.340       0.367
    CBEMR           -0.058      -0.045      -0.039      -0.005       0.029       0.036       0.048

 GDP      WITH
    FS               0.130       0.148       0.157       0.206       0.255       0.265       0.283
    CBEMR           -0.076      -0.063      -0.057      -0.022       0.012       0.019       0.032

 CBEMR    WITH
    FS              -0.049      -0.029      -0.018       0.035       0.088       0.098       0.118

 Means
    CBEMR           -0.125      -0.095      -0.080       0.000       0.080       0.095       0.125

 Thresholds
    COG040$1        -1.291      -1.255      -1.236      -1.140      -1.043      -1.024      -0.988
    COG041$1        -0.709      -0.679      -0.663      -0.583      -0.502      -0.486      -0.456
    COG043$1        -1.212      -1.177      -1.159      -1.065      -0.971      -0.953      -0.918
    COG044$1        -1.371      -1.334      -1.314      -1.214      -1.114      -1.095      -1.058
    COG045$1        -0.447      -0.418      -0.404      -0.326      -0.249      -0.234      -0.205
    COG046$1        -0.087      -0.058      -0.044       0.032       0.108       0.123       0.151
    COG048$1        -1.394      -1.356      -1.337      -1.236      -1.135      -1.115      -1.077
    COG049$1        -1.156      -1.122      -1.104      -1.013      -0.921      -0.903      -0.869
    COG050$1        -0.730      -0.699      -0.684      -0.603      -0.522      -0.506      -0.476
    COG051$1        -1.327      -1.290      -1.271      -1.173      -1.075      -1.056      -1.019
    COG052$1        -0.601      -0.571      -0.556      -0.477      -0.398      -0.383      -0.353
    COG053$1        -0.551      -0.522      -0.507      -0.428      -0.350      -0.335      -0.305
    COG054$1        -0.559      -0.529      -0.514      -0.436      -0.357      -0.342      -0.313
    COG055$1        -1.319      -1.283      -1.264      -1.166      -1.068      -1.049      -1.013
    COG056$1        -0.267      -0.239      -0.224      -0.148      -0.072      -0.057      -0.029
    COG057$1         0.762       0.795       0.812       0.900       0.988       1.005       1.038
    COG058$1        -0.285      -0.256      -0.241      -0.165      -0.089      -0.074      -0.046
    COG060$1         0.163       0.192       0.207       0.284       0.361       0.375       0.404
    COG061$1         0.573       0.605       0.620       0.704       0.787       0.802       0.834
    COG062$1         0.891       0.925       0.943       1.036       1.128       1.146       1.181
    COG063$1         1.051       1.088       1.107       1.207       1.307       1.326       1.363
    COG064$1         0.586       0.617       0.633       0.717       0.800       0.816       0.847
    COG066$1         0.792       0.825       0.842       0.931       1.020       1.037       1.071

 Variances
    CBEMR            0.908       0.930       0.941       1.000       1.059       1.070       1.092
    WM               0.048       0.082       0.099       0.190       0.281       0.299       0.333
    GDP              0.085       0.116       0.131       0.213       0.295       0.311       0.341
    FS               0.559       0.589       0.605       0.687       0.769       0.785       0.816


CONFIDENCE INTERVALS OF STANDARDIZED MODEL RESULTS


STDYX Standardization

                  Lower .5%  Lower 2.5%    Lower 5%    Estimate    Upper 5%  Upper 2.5%   Upper .5%

 WM       BY
    COG040           0.273       0.312       0.332       0.436       0.540       0.560       0.600
    COG045           0.403       0.430       0.444       0.517       0.591       0.605       0.632
    COG050           0.499       0.526       0.540       0.614       0.688       0.703       0.730
    COG064           0.846       0.877       0.893       0.976       1.059       1.075       1.106

 GDP      BY
    COG041           0.323       0.356       0.373       0.462       0.550       0.567       0.600
    COG043           0.461       0.499       0.519       0.621       0.723       0.742       0.781
    COG044           0.405       0.446       0.467       0.575       0.684       0.705       0.746
    COG046           0.274       0.306       0.322       0.408       0.493       0.509       0.541
    COG048           0.702       0.734       0.750       0.834       0.919       0.935       0.967
    COG052           0.476       0.505       0.519       0.595       0.671       0.686       0.714
    COG053           0.601       0.624       0.636       0.700       0.763       0.775       0.799
    COG057           0.321       0.360       0.379       0.483       0.586       0.606       0.645

 FS       BY
    COG049           0.751       0.770       0.779       0.829       0.879       0.888       0.907
    COG051           0.694       0.719       0.732       0.799       0.867       0.879       0.905
    COG054           0.321       0.347       0.361       0.433       0.505       0.518       0.545
    COG055           0.738       0.762       0.774       0.835       0.897       0.909       0.932
    COG056           0.892       0.901       0.906       0.930       0.955       0.959       0.969
    COG058           0.763       0.777       0.784       0.820       0.856       0.863       0.877
    COG060           0.870       0.879       0.884       0.909       0.934       0.938       0.948
    COG061           0.749       0.764       0.773       0.814       0.856       0.864       0.880
    COG062           0.540       0.566       0.580       0.649       0.718       0.731       0.757
    COG063           0.755       0.774       0.784       0.835       0.886       0.896       0.915
    COG066           0.904       0.915       0.921       0.953       0.984       0.990       1.001

 WM       WITH
    GDP              0.488       0.518       0.534       0.616       0.697       0.713       0.744
    FS               0.600       0.625       0.638       0.705       0.772       0.785       0.810
    CBEMR           -0.132      -0.103      -0.088      -0.011       0.066       0.081       0.110

 GDP      WITH
    FS               0.443       0.466       0.478       0.539       0.601       0.613       0.636
    CBEMR           -0.162      -0.135      -0.121      -0.048       0.025       0.039       0.066

 CBEMR    WITH
    FS              -0.059      -0.035      -0.022       0.042       0.106       0.118       0.142

 Means
    CBEMR           -0.125      -0.095      -0.080       0.000       0.080       0.095       0.125

 Thresholds
    COG040$1        -1.291      -1.255      -1.236      -1.140      -1.043      -1.024      -0.988
    COG041$1        -0.709      -0.679      -0.663      -0.583      -0.502      -0.486      -0.456
    COG043$1        -1.212      -1.177      -1.159      -1.065      -0.971      -0.953      -0.918
    COG044$1        -1.371      -1.334      -1.314      -1.214      -1.114      -1.095      -1.058
    COG045$1        -0.447      -0.418      -0.404      -0.326      -0.249      -0.234      -0.205
    COG046$1        -0.087      -0.058      -0.044       0.032       0.108       0.123       0.151
    COG048$1        -1.394      -1.356      -1.337      -1.236      -1.135      -1.115      -1.077
    COG049$1        -1.156      -1.122      -1.104      -1.013      -0.921      -0.903      -0.869
    COG050$1        -0.730      -0.699      -0.684      -0.603      -0.522      -0.506      -0.476
    COG051$1        -1.327      -1.290      -1.271      -1.173      -1.075      -1.056      -1.019
    COG052$1        -0.601      -0.571      -0.556      -0.477      -0.398      -0.383      -0.353
    COG053$1        -0.551      -0.522      -0.507      -0.428      -0.350      -0.335      -0.305
    COG054$1        -0.559      -0.529      -0.514      -0.436      -0.357      -0.342      -0.313
    COG055$1        -1.319      -1.283      -1.264      -1.166      -1.068      -1.049      -1.013
    COG056$1        -0.267      -0.239      -0.224      -0.148      -0.072      -0.057      -0.029
    COG057$1         0.762       0.795       0.812       0.900       0.988       1.005       1.038
    COG058$1        -0.285      -0.256      -0.241      -0.165      -0.089      -0.074      -0.046
    COG060$1         0.163       0.192       0.207       0.284       0.361       0.375       0.404
    COG061$1         0.573       0.605       0.620       0.704       0.787       0.802       0.834
    COG062$1         0.891       0.925       0.943       1.036       1.128       1.146       1.181
    COG063$1         1.051       1.088       1.107       1.207       1.307       1.326       1.363
    COG064$1         0.586       0.617       0.633       0.717       0.800       0.816       0.847
    COG066$1         0.792       0.825       0.842       0.931       1.020       1.037       1.071

 Variances
    CBEMR            1.000       1.000       1.000       1.000       1.000       1.000       1.000
    WM               1.000       1.000       1.000       1.000       1.000       1.000       1.000
    GDP              1.000       1.000       1.000       1.000       1.000       1.000       1.000
    FS               1.000       1.000       1.000       1.000       1.000       1.000       1.000


STDY Standardization

                  Lower .5%  Lower 2.5%    Lower 5%    Estimate    Upper 5%  Upper 2.5%   Upper .5%

 WM       BY
    COG040           0.273       0.312       0.332       0.436       0.540       0.560       0.600
    COG045           0.403       0.430       0.444       0.517       0.591       0.605       0.632
    COG050           0.499       0.526       0.540       0.614       0.688       0.703       0.730
    COG064           0.846       0.877       0.893       0.976       1.059       1.075       1.106

 GDP      BY
    COG041           0.323       0.356       0.373       0.462       0.550       0.567       0.600
    COG043           0.461       0.499       0.519       0.621       0.723       0.742       0.781
    COG044           0.405       0.446       0.467       0.575       0.684       0.705       0.746
    COG046           0.274       0.306       0.322       0.408       0.493       0.509       0.541
    COG048           0.702       0.734       0.750       0.834       0.919       0.935       0.967
    COG052           0.476       0.505       0.519       0.595       0.671       0.686       0.714
    COG053           0.601       0.624       0.636       0.700       0.763       0.775       0.799
    COG057           0.321       0.360       0.379       0.483       0.586       0.606       0.645

 FS       BY
    COG049           0.751       0.770       0.779       0.829       0.879       0.888       0.907
    COG051           0.694       0.719       0.732       0.799       0.867       0.879       0.905
    COG054           0.321       0.347       0.361       0.433       0.505       0.518       0.545
    COG055           0.738       0.762       0.774       0.835       0.897       0.909       0.932
    COG056           0.892       0.901       0.906       0.930       0.955       0.959       0.969
    COG058           0.763       0.777       0.784       0.820       0.856       0.863       0.877
    COG060           0.870       0.879       0.884       0.909       0.934       0.938       0.948
    COG061           0.749       0.764       0.773       0.814       0.856       0.864       0.880
    COG062           0.540       0.566       0.580       0.649       0.718       0.731       0.757
    COG063           0.755       0.774       0.784       0.835       0.886       0.896       0.915
    COG066           0.904       0.915       0.921       0.953       0.984       0.990       1.001

 WM       WITH
    GDP              0.488       0.518       0.534       0.616       0.697       0.713       0.744
    FS               0.600       0.625       0.638       0.705       0.772       0.785       0.810
    CBEMR           -0.132      -0.103      -0.088      -0.011       0.066       0.081       0.110

 GDP      WITH
    FS               0.443       0.466       0.478       0.539       0.601       0.613       0.636
    CBEMR           -0.162      -0.135      -0.121      -0.048       0.025       0.039       0.066

 CBEMR    WITH
    FS              -0.059      -0.035      -0.022       0.042       0.106       0.118       0.142

 Means
    CBEMR           -0.125      -0.095      -0.080       0.000       0.080       0.095       0.125

 Thresholds
    COG040$1        -1.291      -1.255      -1.236      -1.140      -1.043      -1.024      -0.988
    COG041$1        -0.709      -0.679      -0.663      -0.583      -0.502      -0.486      -0.456
    COG043$1        -1.212      -1.177      -1.159      -1.065      -0.971      -0.953      -0.918
    COG044$1        -1.371      -1.334      -1.314      -1.214      -1.114      -1.095      -1.058
    COG045$1        -0.447      -0.418      -0.404      -0.326      -0.249      -0.234      -0.205
    COG046$1        -0.087      -0.058      -0.044       0.032       0.108       0.123       0.151
    COG048$1        -1.394      -1.356      -1.337      -1.236      -1.135      -1.115      -1.077
    COG049$1        -1.156      -1.122      -1.104      -1.013      -0.921      -0.903      -0.869
    COG050$1        -0.730      -0.699      -0.684      -0.603      -0.522      -0.506      -0.476
    COG051$1        -1.327      -1.290      -1.271      -1.173      -1.075      -1.056      -1.019
    COG052$1        -0.601      -0.571      -0.556      -0.477      -0.398      -0.383      -0.353
    COG053$1        -0.551      -0.522      -0.507      -0.428      -0.350      -0.335      -0.305
    COG054$1        -0.559      -0.529      -0.514      -0.436      -0.357      -0.342      -0.313
    COG055$1        -1.319      -1.283      -1.264      -1.166      -1.068      -1.049      -1.013
    COG056$1        -0.267      -0.239      -0.224      -0.148      -0.072      -0.057      -0.029
    COG057$1         0.762       0.795       0.812       0.900       0.988       1.005       1.038
    COG058$1        -0.285      -0.256      -0.241      -0.165      -0.089      -0.074      -0.046
    COG060$1         0.163       0.192       0.207       0.284       0.361       0.375       0.404
    COG061$1         0.573       0.605       0.620       0.704       0.787       0.802       0.834
    COG062$1         0.891       0.925       0.943       1.036       1.128       1.146       1.181
    COG063$1         1.051       1.088       1.107       1.207       1.307       1.326       1.363
    COG064$1         0.586       0.617       0.633       0.717       0.800       0.816       0.847
    COG066$1         0.792       0.825       0.842       0.931       1.020       1.037       1.071

 Variances
    CBEMR            1.000       1.000       1.000       1.000       1.000       1.000       1.000
    WM               1.000       1.000       1.000       1.000       1.000       1.000       1.000
    GDP              1.000       1.000       1.000       1.000       1.000       1.000       1.000
    FS               1.000       1.000       1.000       1.000       1.000       1.000       1.000


STD Standardization

                  Lower .5%  Lower 2.5%    Lower 5%    Estimate    Upper 5%  Upper 2.5%   Upper .5%

 WM       BY
    COG040           0.273       0.312       0.332       0.436       0.540       0.560       0.600
    COG045           0.403       0.430       0.444       0.517       0.591       0.605       0.632
    COG050           0.499       0.526       0.540       0.614       0.688       0.703       0.730
    COG064           0.846       0.877       0.893       0.976       1.059       1.075       1.106

 GDP      BY
    COG041           0.323       0.356       0.373       0.462       0.550       0.567       0.600
    COG043           0.461       0.499       0.519       0.621       0.723       0.742       0.781
    COG044           0.405       0.446       0.467       0.575       0.684       0.705       0.746
    COG046           0.274       0.306       0.322       0.408       0.493       0.509       0.541
    COG048           0.702       0.734       0.750       0.834       0.919       0.935       0.967
    COG052           0.476       0.505       0.519       0.595       0.671       0.686       0.714
    COG053           0.601       0.624       0.636       0.700       0.763       0.775       0.799
    COG057           0.321       0.360       0.379       0.483       0.586       0.606       0.645

 FS       BY
    COG049           0.751       0.770       0.779       0.829       0.879       0.888       0.907
    COG051           0.694       0.719       0.732       0.799       0.867       0.879       0.905
    COG054           0.321       0.347       0.361       0.433       0.505       0.518       0.545
    COG055           0.738       0.762       0.774       0.835       0.897       0.909       0.932
    COG056           0.892       0.901       0.906       0.930       0.955       0.959       0.969
    COG058           0.763       0.777       0.784       0.820       0.856       0.863       0.877
    COG060           0.870       0.879       0.884       0.909       0.934       0.938       0.948
    COG061           0.749       0.764       0.773       0.814       0.856       0.864       0.880
    COG062           0.540       0.566       0.580       0.649       0.718       0.731       0.757
    COG063           0.755       0.774       0.784       0.835       0.886       0.896       0.915
    COG066           0.904       0.915       0.921       0.953       0.984       0.990       1.001

 WM       WITH
    GDP              0.488       0.518       0.534       0.616       0.697       0.713       0.744
    FS               0.600       0.625       0.638       0.705       0.772       0.785       0.810
    CBEMR           -0.132      -0.103      -0.088      -0.011       0.066       0.081       0.110

 GDP      WITH
    FS               0.443       0.466       0.478       0.539       0.601       0.613       0.636
    CBEMR           -0.162      -0.135      -0.121      -0.048       0.025       0.039       0.066

 CBEMR    WITH
    FS              -0.059      -0.035      -0.022       0.042       0.106       0.118       0.143

 Means
    CBEMR           -0.125      -0.095      -0.080       0.000       0.080       0.095       0.125

 Thresholds
    COG040$1        -1.291      -1.255      -1.236      -1.140      -1.043      -1.024      -0.988
    COG041$1        -0.709      -0.679      -0.663      -0.583      -0.502      -0.486      -0.456
    COG043$1        -1.212      -1.177      -1.159      -1.065      -0.971      -0.953      -0.918
    COG044$1        -1.371      -1.334      -1.314      -1.214      -1.114      -1.095      -1.058
    COG045$1        -0.447      -0.418      -0.404      -0.326      -0.249      -0.234      -0.205
    COG046$1        -0.087      -0.058      -0.044       0.032       0.108       0.123       0.151
    COG048$1        -1.394      -1.356      -1.337      -1.236      -1.135      -1.115      -1.077
    COG049$1        -1.156      -1.122      -1.104      -1.013      -0.921      -0.903      -0.869
    COG050$1        -0.730      -0.699      -0.684      -0.603      -0.522      -0.506      -0.476
    COG051$1        -1.327      -1.290      -1.271      -1.173      -1.075      -1.056      -1.019
    COG052$1        -0.601      -0.571      -0.556      -0.477      -0.398      -0.383      -0.353
    COG053$1        -0.551      -0.522      -0.507      -0.428      -0.350      -0.335      -0.305
    COG054$1        -0.559      -0.529      -0.514      -0.436      -0.357      -0.342      -0.313
    COG055$1        -1.319      -1.283      -1.264      -1.166      -1.068      -1.049      -1.013
    COG056$1        -0.267      -0.239      -0.224      -0.148      -0.072      -0.057      -0.029
    COG057$1         0.762       0.795       0.812       0.900       0.988       1.005       1.038
    COG058$1        -0.285      -0.256      -0.241      -0.165      -0.089      -0.074      -0.046
    COG060$1         0.163       0.192       0.207       0.284       0.361       0.375       0.404
    COG061$1         0.573       0.605       0.620       0.704       0.787       0.802       0.834
    COG062$1         0.891       0.925       0.943       1.036       1.128       1.146       1.181
    COG063$1         1.051       1.088       1.107       1.207       1.307       1.326       1.363
    COG064$1         0.586       0.617       0.633       0.717       0.800       0.816       0.847
    COG066$1         0.792       0.825       0.842       0.931       1.020       1.037       1.071

 Variances
    CBEMR            0.908       0.930       0.941       1.000       1.059       1.070       1.092
    WM               1.000       1.000       1.000       1.000       1.000       1.000       1.000
    GDP              1.000       1.000       1.000       1.000       1.000       1.000       1.000
    FS               1.000       1.000       1.000       1.000       1.000       1.000       1.000


RESIDUAL OUTPUT


     ESTIMATED MODEL AND RESIDUALS (OBSERVED - ESTIMATED)


           Model Estimated Means/Intercepts/Thresholds
              COG040$1      COG041$1      COG043$1      COG044$1      COG045$1
              ________      ________      ________      ________      ________
               -1.140        -0.583        -1.065        -1.214        -0.326


           Model Estimated Means/Intercepts/Thresholds
              COG046$1      COG048$1      COG049$1      COG050$1      COG051$1
              ________      ________      ________      ________      ________
                0.032        -1.236        -1.013        -0.603        -1.173


           Model Estimated Means/Intercepts/Thresholds
              COG052$1      COG053$1      COG054$1      COG055$1      COG056$1
              ________      ________      ________      ________      ________
               -0.477        -0.428        -0.436        -1.166        -0.148


           Model Estimated Means/Intercepts/Thresholds
              COG057$1      COG058$1      COG060$1      COG061$1      COG062$1
              ________      ________      ________      ________      ________
                0.900        -0.165         0.284         0.704         1.036


           Model Estimated Means/Intercepts/Thresholds
              COG063$1      COG064$1      COG066$1      CBEMR
              ________      ________      ________      ________
                1.207         0.717         0.931         0.000


           Residuals for Means/Intercepts/Thresholds
              COG040$1      COG041$1      COG043$1      COG044$1      COG045$1
              ________      ________      ________      ________      ________
                0.000         0.000         0.000         0.000         0.000


           Residuals for Means/Intercepts/Thresholds
              COG046$1      COG048$1      COG049$1      COG050$1      COG051$1
              ________      ________      ________      ________      ________
                0.000         0.000         0.000         0.000         0.000


           Residuals for Means/Intercepts/Thresholds
              COG052$1      COG053$1      COG054$1      COG055$1      COG056$1
              ________      ________      ________      ________      ________
                0.000         0.000         0.000         0.000         0.000


           Residuals for Means/Intercepts/Thresholds
              COG057$1      COG058$1      COG060$1      COG061$1      COG062$1
              ________      ________      ________      ________      ________
                0.000         0.000         0.000         0.000         0.000


           Residuals for Means/Intercepts/Thresholds
              COG063$1      COG064$1      COG066$1      CBEMR
              ________      ________      ________      ________
                0.000         0.000         0.000         0.000


           Model Estimated Covariances/Correlations/Residual Correlations
              COG040        COG041        COG043        COG044        COG045
              ________      ________      ________      ________      ________
 COG040
 COG041         0.124
 COG043         0.167         0.287
 COG044         0.154         0.266         0.357
 COG045         0.226         0.147         0.198         0.183
 COG046         0.109         0.188         0.253         0.234         0.130
 COG048         0.224         0.385         0.518         0.480         0.266
 COG049         0.255         0.206         0.278         0.257         0.302
 COG050         0.268         0.175         0.235         0.218         0.318
 COG051         0.246         0.199         0.268         0.248         0.291
 COG052         0.160         0.275         0.369         0.342         0.190
 COG053         0.188         0.323         0.434         0.403         0.223
 COG054         0.133         0.108         0.145         0.134         0.158
 COG055         0.257         0.208         0.280         0.259         0.305
 COG056         0.286         0.232         0.311         0.289         0.339
 COG057         0.130         0.223         0.300         0.278         0.154
 COG058         0.252         0.204         0.274         0.254         0.299
 COG060         0.279         0.226         0.304         0.282         0.331
 COG061         0.250         0.203         0.273         0.253         0.297
 COG062         0.199         0.162         0.217         0.201         0.237
 COG063         0.257         0.208         0.279         0.259         0.304
 COG064         0.426         0.277         0.373         0.346         0.505
 COG066         0.293         0.237         0.319         0.296         0.347
 CBEMR         -0.005        -0.022        -0.030        -0.028        -0.006


           Model Estimated Covariances/Correlations/Residual Correlations
              COG046        COG048        COG049        COG050        COG051
              ________      ________      ________      ________      ________
 COG048         0.340
 COG049         0.182         0.373
 COG050         0.154         0.316         0.359
 COG051         0.176         0.360         0.663         0.346
 COG052         0.243         0.497         0.266         0.225         0.256
 COG053         0.285         0.584         0.313         0.265         0.302
 COG054         0.095         0.195         0.359         0.187         0.346
 COG055         0.184         0.376         0.693         0.362         0.668
 COG056         0.204         0.419         0.771         0.403         0.743
 COG057         0.197         0.403         0.216         0.183         0.208
 COG058         0.180         0.369         0.680         0.355         0.655
 COG060         0.200         0.409         0.753         0.394         0.726
 COG061         0.179         0.366         0.675         0.353         0.651
 COG062         0.143         0.292         0.538         0.281         0.518
 COG063         0.183         0.376         0.692         0.362         0.667
 COG064         0.245         0.501         0.570         0.600         0.550
 COG066         0.209         0.429         0.790         0.413         0.761
 CBEMR         -0.020        -0.040         0.035        -0.007         0.034


           Model Estimated Covariances/Correlations/Residual Correlations
              COG052        COG053        COG054        COG055        COG056
              ________      ________      ________      ________      ________
 COG053         0.416
 COG054         0.139         0.163
 COG055         0.268         0.315         0.362
 COG056         0.299         0.351         0.403         0.777
 COG057         0.287         0.338         0.113         0.218         0.242
 COG058         0.263         0.309         0.355         0.685         0.763
 COG060         0.292         0.343         0.393         0.759         0.845
 COG061         0.261         0.307         0.353         0.680         0.757
 COG062         0.208         0.245         0.281         0.542         0.604
 COG063         0.268         0.315         0.361         0.697         0.776
 COG064         0.358         0.420         0.298         0.575         0.640
 COG066         0.306         0.359         0.412         0.796         0.886
 CBEMR         -0.029        -0.034         0.018         0.035         0.039


           Model Estimated Covariances/Correlations/Residual Correlations
              COG057        COG058        COG060        COG061        COG062
              ________      ________      ________      ________      ________
 COG058         0.213
 COG060         0.237         0.745
 COG061         0.212         0.668         0.740
 COG062         0.169         0.532         0.590         0.528
 COG063         0.217         0.684         0.759         0.680         0.542
 COG064         0.290         0.564         0.625         0.560         0.446
 COG066         0.248         0.781         0.866         0.776         0.618
 CBEMR         -0.023         0.034         0.038         0.034         0.027


           Model Estimated Covariances/Correlations/Residual Correlations
              COG063        COG064        COG066        CBEMR
              ________      ________      ________      ________
 COG064         0.574
 COG066         0.795         0.655
 CBEMR          0.035        -0.011         0.040         1.000


           Model Estimated Correlations/Residual Correlations
              COG040        COG041        COG043        COG044        COG045
              ________      ________      ________      ________      ________
 COG040
 COG041         0.124
 COG043         0.167         0.287
 COG044         0.154         0.266         0.357
 COG045         0.226         0.147         0.198         0.183
 COG046         0.109         0.188         0.253         0.234         0.130
 COG048         0.224         0.385         0.518         0.480         0.266
 COG049         0.255         0.206         0.278         0.257         0.302
 COG050         0.268         0.175         0.235         0.218         0.318
 COG051         0.246         0.199         0.268         0.248         0.291
 COG052         0.160         0.275         0.369         0.342         0.190
 COG053         0.188         0.323         0.434         0.403         0.223
 COG054         0.133         0.108         0.145         0.134         0.158
 COG055         0.257         0.208         0.280         0.259         0.305
 COG056         0.286         0.232         0.311         0.289         0.339
 COG057         0.130         0.223         0.300         0.278         0.154
 COG058         0.252         0.204         0.274         0.254         0.299
 COG060         0.279         0.226         0.304         0.282         0.331
 COG061         0.250         0.203         0.273         0.253         0.297
 COG062         0.199         0.162         0.217         0.201         0.237
 COG063         0.257         0.208         0.279         0.259         0.304
 COG064         0.426         0.277         0.373         0.346         0.505
 COG066         0.293         0.237         0.319         0.296         0.347
 CBEMR         -0.005        -0.022        -0.030        -0.028        -0.006


           Model Estimated Correlations/Residual Correlations
              COG046        COG048        COG049        COG050        COG051
              ________      ________      ________      ________      ________
 COG048         0.340
 COG049         0.182         0.373
 COG050         0.154         0.316         0.359
 COG051         0.176         0.360         0.663         0.346
 COG052         0.243         0.497         0.266         0.225         0.256
 COG053         0.285         0.584         0.313         0.265         0.302
 COG054         0.095         0.195         0.359         0.187         0.346
 COG055         0.184         0.376         0.693         0.362         0.668
 COG056         0.204         0.419         0.771         0.403         0.743
 COG057         0.197         0.403         0.216         0.183         0.208
 COG058         0.180         0.369         0.680         0.355         0.655
 COG060         0.200         0.409         0.753         0.394         0.726
 COG061         0.179         0.366         0.675         0.353         0.651
 COG062         0.143         0.292         0.538         0.281         0.518
 COG063         0.183         0.376         0.692         0.362         0.667
 COG064         0.245         0.501         0.570         0.600         0.550
 COG066         0.209         0.429         0.790         0.413         0.761
 CBEMR         -0.020        -0.040         0.035        -0.007         0.034


           Model Estimated Correlations/Residual Correlations
              COG052        COG053        COG054        COG055        COG056
              ________      ________      ________      ________      ________
 COG053         0.416
 COG054         0.139         0.163
 COG055         0.268         0.315         0.362
 COG056         0.299         0.351         0.403         0.777
 COG057         0.287         0.338         0.113         0.218         0.242
 COG058         0.263         0.309         0.355         0.685         0.763
 COG060         0.292         0.343         0.393         0.759         0.845
 COG061         0.261         0.307         0.353         0.680         0.757
 COG062         0.208         0.245         0.281         0.542         0.604
 COG063         0.268         0.315         0.361         0.697         0.776
 COG064         0.358         0.420         0.298         0.575         0.640
 COG066         0.306         0.359         0.412         0.796         0.886
 CBEMR         -0.029        -0.034         0.018         0.035         0.039


           Model Estimated Correlations/Residual Correlations
              COG057        COG058        COG060        COG061        COG062
              ________      ________      ________      ________      ________
 COG058         0.213
 COG060         0.237         0.745
 COG061         0.212         0.668         0.740
 COG062         0.169         0.532         0.590         0.528
 COG063         0.217         0.684         0.759         0.680         0.542
 COG064         0.290         0.564         0.625         0.560         0.446
 COG066         0.248         0.781         0.866         0.776         0.618
 CBEMR         -0.023         0.034         0.038         0.034         0.027


           Model Estimated Correlations/Residual Correlations
              COG063        COG064        COG066        CBEMR
              ________      ________      ________      ________
 COG064         0.574
 COG066         0.795         0.655
 CBEMR          0.035        -0.011         0.040         1.000


           Residuals for Covariances/Correlations/Residual Correlations
              COG040        COG041        COG043        COG044        COG045
              ________      ________      ________      ________      ________
 COG040
 COG041        -0.036
 COG043        -0.071        -0.066
 COG044         0.185         0.052        -0.066
 COG045         0.309         0.070         0.068         0.121
 COG046         0.084        -0.009        -0.093         0.007         0.084
 COG048        -0.101        -0.172        -0.257        -0.123        -0.112
 COG049         0.052        -0.019         0.032         0.044         0.013
 COG050         0.219         0.072         0.076         0.112         0.255
 COG051         0.019         0.094         0.016         0.091         0.043
 COG052        -0.032        -0.073         0.202        -0.070         0.016
 COG053        -0.108        -0.163        -0.282        -0.074         0.008
 COG054         0.036         0.059         0.175         0.096         0.034
 COG055        -0.070         0.111         0.158         0.075        -0.043
 COG056        -0.051        -0.063        -0.026         0.035        -0.092
 COG057        -0.045         0.092        -0.193        -0.215        -0.050
 COG058        -0.119        -0.012        -0.008        -0.008        -0.061
 COG060        -0.077         0.023         0.047         0.040        -0.034
 COG061        -0.194         0.054         0.129        -0.025        -0.142
 COG062         0.030         0.190         0.230         0.029         0.077
 COG063        -0.076         0.114        -0.015        -0.015        -0.126
 COG064        -0.101        -0.001         0.023        -0.033        -0.205
 COG066        -0.142         0.096         0.080         0.076        -0.112
 CBEMR         -0.048        -0.025         0.050         0.103        -0.022


           Residuals for Covariances/Correlations/Residual Correlations
              COG046        COG048        COG049        COG050        COG051
              ________      ________      ________      ________      ________
 COG048        -0.119
 COG049         0.046        -0.169
 COG050        -0.028        -0.053         0.041
 COG051         0.052        -0.006         0.024         0.056
 COG052        -0.243        -0.254         0.011         0.048         0.087
 COG053        -0.152         0.325        -0.125        -0.022        -0.036
 COG054        -0.008         0.023        -0.109         0.102        -0.011
 COG055         0.085        -0.050        -0.065         0.049         0.045
 COG056         0.024        -0.332         0.133        -0.092        -0.020
 COG057        -0.073        -0.229         0.057        -0.069         0.037
 COG058         0.045        -0.218        -0.116        -0.080         0.242
 COG060         0.056        -0.230        -0.043        -0.042        -0.044
 COG061         0.105        -0.287        -0.186        -0.036        -0.117
 COG062         0.219        -0.155        -0.069        -0.028        -0.052
 COG063         0.118        -0.246        -0.142         0.010        -0.270
 COG064         0.003        -0.130        -0.147        -0.276        -0.067
 COG066         0.177        -0.199        -0.093        -0.110        -0.109
 CBEMR          0.122        -0.089         0.004        -0.013        -0.033


           Residuals for Covariances/Correlations/Residual Correlations
              COG052        COG053        COG054        COG055        COG056
              ________      ________      ________      ________      ________
 COG053        -0.156
 COG054         0.241         0.048
 COG055         0.206        -0.008         0.044
 COG056        -0.018        -0.183        -0.180        -0.089
 COG057        -0.077        -0.202         0.139         0.242         0.006
 COG058        -0.032        -0.227        -0.044         0.047         0.028
 COG060         0.028        -0.187        -0.049        -0.140         0.054
 COG061         0.092        -0.167        -0.013        -0.018        -0.117
 COG062         0.076        -0.078        -0.083         0.082        -0.143
 COG063         0.079        -0.109        -0.068        -0.126        -0.127
 COG064         0.015        -0.059         0.142         0.083        -0.007
 COG066         0.014        -0.158         0.019        -0.142        -0.081
 CBEMR         -0.039        -0.059        -0.031        -0.096         0.034


           Residuals for Covariances/Correlations/Residual Correlations
              COG057        COG058        COG060        COG061        COG062
              ________      ________      ________      ________      ________
 COG058         0.118
 COG060         0.095         0.055
 COG061         0.180        -0.058        -0.093
 COG062         0.111        -0.029        -0.085         0.034
 COG063         0.127        -0.041        -0.057         0.158        -0.005
 COG064         0.047         0.026         0.011         0.055         0.075
 COG066         0.080         0.105        -0.027         0.047         0.062
 CBEMR          0.103         0.056         0.008        -0.024         0.030


           Residuals for Covariances/Correlations/Residual Correlations
              COG063        COG064        COG066        CBEMR
              ________      ________      ________      ________
 COG064         0.046
 COG066        -0.041         0.101
 CBEMR         -0.098         0.036         0.028         0.000


           Residuals for Correlations/Residual Correlations
              COG040        COG041        COG043        COG044        COG045
              ________      ________      ________      ________      ________
 COG040
 COG041        -0.036
 COG043        -0.071        -0.066
 COG044         0.185         0.052        -0.066
 COG045         0.309         0.070         0.068         0.121
 COG046         0.084        -0.009        -0.093         0.007         0.084
 COG048        -0.101        -0.172        -0.257        -0.123        -0.112
 COG049         0.052        -0.019         0.032         0.044         0.013
 COG050         0.219         0.072         0.076         0.112         0.255
 COG051         0.019         0.094         0.016         0.091         0.043
 COG052        -0.032        -0.073         0.202        -0.070         0.016
 COG053        -0.108        -0.163        -0.282        -0.074         0.008
 COG054         0.036         0.059         0.175         0.096         0.034
 COG055        -0.070         0.111         0.158         0.075        -0.043
 COG056        -0.051        -0.063        -0.026         0.035        -0.092
 COG057        -0.045         0.092        -0.193        -0.215        -0.050
 COG058        -0.119        -0.012        -0.008        -0.008        -0.061
 COG060        -0.077         0.023         0.047         0.040        -0.034
 COG061        -0.194         0.054         0.129        -0.025        -0.142
 COG062         0.030         0.190         0.230         0.029         0.077
 COG063        -0.076         0.114        -0.015        -0.015        -0.126
 COG064        -0.101        -0.001         0.023        -0.033        -0.205
 COG066        -0.142         0.096         0.080         0.076        -0.112
 CBEMR         -0.048        -0.025         0.050         0.103        -0.022


           Residuals for Correlations/Residual Correlations
              COG046        COG048        COG049        COG050        COG051
              ________      ________      ________      ________      ________
 COG048        -0.119
 COG049         0.046        -0.169
 COG050        -0.028        -0.053         0.041
 COG051         0.052        -0.006         0.024         0.056
 COG052        -0.243        -0.254         0.011         0.048         0.087
 COG053        -0.152         0.325        -0.125        -0.022        -0.036
 COG054        -0.008         0.023        -0.109         0.102        -0.011
 COG055         0.085        -0.050        -0.065         0.049         0.045
 COG056         0.024        -0.332         0.133        -0.092        -0.020
 COG057        -0.073        -0.229         0.057        -0.069         0.037
 COG058         0.045        -0.218        -0.116        -0.080         0.242
 COG060         0.056        -0.230        -0.043        -0.042        -0.044
 COG061         0.105        -0.287        -0.186        -0.036        -0.117
 COG062         0.219        -0.155        -0.069        -0.028        -0.052
 COG063         0.118        -0.246        -0.142         0.010        -0.270
 COG064         0.003        -0.130        -0.147        -0.276        -0.067
 COG066         0.177        -0.199        -0.093        -0.110        -0.109
 CBEMR          0.122        -0.089         0.004        -0.013        -0.033


           Residuals for Correlations/Residual Correlations
              COG052        COG053        COG054        COG055        COG056
              ________      ________      ________      ________      ________
 COG053        -0.156
 COG054         0.241         0.048
 COG055         0.206        -0.008         0.044
 COG056        -0.018        -0.183        -0.180        -0.089
 COG057        -0.077        -0.202         0.139         0.242         0.006
 COG058        -0.032        -0.227        -0.044         0.047         0.028
 COG060         0.028        -0.187        -0.049        -0.140         0.054
 COG061         0.092        -0.167        -0.013        -0.018        -0.117
 COG062         0.076        -0.078        -0.083         0.082        -0.143
 COG063         0.079        -0.109        -0.068        -0.126        -0.127
 COG064         0.015        -0.059         0.142         0.083        -0.007
 COG066         0.014        -0.158         0.019        -0.142        -0.081
 CBEMR         -0.039        -0.059        -0.031        -0.096         0.034


           Residuals for Correlations/Residual Correlations
              COG057        COG058        COG060        COG061        COG062
              ________      ________      ________      ________      ________
 COG058         0.118
 COG060         0.095         0.055
 COG061         0.180        -0.058        -0.093
 COG062         0.111        -0.029        -0.085         0.034
 COG063         0.127        -0.041        -0.057         0.158        -0.005
 COG064         0.047         0.026         0.011         0.055         0.075
 COG066         0.080         0.105        -0.027         0.047         0.062
 CBEMR          0.103         0.056         0.008        -0.024         0.030


           Residuals for Correlations/Residual Correlations
              COG063        COG064        COG066        CBEMR
              ________      ________      ________      ________
 COG064         0.046
 COG066        -0.041         0.101
 CBEMR         -0.098         0.036         0.028         0.000


     UNIVARIATE PROPORTIONS FOR CATEGORICAL VARIABLES

     Variable          Observed      Estimated      Residual (Obs.-Est.)    Stand. Residual
     COG040
       Category  1       0.127          0.127                  0.000                0.000
       Category  2       0.873          0.873                  0.000                0.000
     COG041
       Category  1       0.280          0.280                  0.000                0.000
       Category  2       0.720          0.720                  0.000                0.000
     COG043
       Category  1       0.143          0.143                  0.000                0.000
       Category  2       0.857          0.857                  0.000                0.000
     COG044
       Category  1       0.112          0.112                  0.000                0.000
       Category  2       0.888          0.888                  0.000                0.000
     COG045
       Category  1       0.372          0.372                  0.000                0.000
       Category  2       0.628          0.628                  0.000                0.000
     COG046
       Category  1       0.513          0.513                  0.000                0.000
       Category  2       0.487          0.487                  0.000                0.000
     COG048
       Category  1       0.108          0.108                  0.000                0.000
       Category  2       0.892          0.892                  0.000                0.000
     COG049
       Category  1       0.156          0.156                  0.000                0.000
       Category  2       0.844          0.844                  0.000                0.000
     COG050
       Category  1       0.273          0.273                  0.000                0.000
       Category  2       0.727          0.727                  0.000                0.000
     COG051
       Category  1       0.120          0.120                  0.000                0.000
       Category  2       0.880          0.880                  0.000                0.000
     COG052
       Category  1       0.317          0.317                  0.000                0.000
       Category  2       0.683          0.683                  0.000                0.000
     COG053
       Category  1       0.334          0.334                  0.000                0.000
       Category  2       0.666          0.666                  0.000                0.000
     COG054
       Category  1       0.332          0.332                  0.000                0.000
       Category  2       0.668          0.668                  0.000                0.000
     COG055
       Category  1       0.122          0.122                  0.000                0.000
       Category  2       0.878          0.878                  0.000                0.000
     COG056
       Category  1       0.441          0.441                  0.000                0.000
       Category  2       0.559          0.559                  0.000                0.000
     COG057
       Category  1       0.816          0.816                  0.000                0.000
       Category  2       0.184          0.184                  0.000                0.000
     COG058
       Category  1       0.434          0.434                  0.000                0.000
       Category  2       0.566          0.566                  0.000                0.000
     COG060
       Category  1       0.612          0.612                  0.000                0.000
       Category  2       0.388          0.388                  0.000                0.000
     COG061
       Category  1       0.759          0.759                  0.000                0.000
       Category  2       0.241          0.241                  0.000                0.000
     COG062
       Category  1       0.850          0.850                  0.000                0.000
       Category  2       0.150          0.150                  0.000                0.000
     COG063
       Category  1       0.886          0.886                  0.000                0.000
       Category  2       0.114          0.114                  0.000                0.000
     COG064
       Category  1       0.763          0.763                  0.000                0.000
       Category  2       0.237          0.237                  0.000                0.000
     COG066
       Category  1       0.824          0.824                  0.000                0.000
       Category  2       0.176          0.176                  0.000                0.000


     BIVARIATE PROPORTIONS FOR CATEGORICAL VARIABLES

     Variable       Variable          Observed     Estimated    Residual (Obs.-Est.)  Stand. Residual
     COG040         COG041
       Category 1     Category 1        0.042       0.045            -0.003           -0.360
       Category 1     Category 2        0.085       0.083             0.003            0.270
       Category 2     Category 1        0.238       0.235             0.003            0.175
       Category 2     Category 2        0.635       0.637            -0.003           -0.155
     COG040         COG043
       Category 1     Category 1        0.023       0.027            -0.004           -0.656
       Category 1     Category 2        0.104       0.100             0.004            0.353
       Category 2     Category 1        0.120       0.117             0.004            0.331
       Category 2     Category 2        0.752       0.756            -0.004           -0.247
     COG040         COG044
       Category 1     Category 1        0.031       0.021             0.010            1.897
       Category 1     Category 2        0.096       0.106            -0.010           -0.885
       Category 2     Category 1        0.081       0.091            -0.010           -0.947
       Category 2     Category 2        0.792       0.782             0.010            0.660
     COG040         COG045
       Category 1     Category 1        0.093       0.066             0.028            3.018
       Category 1     Category 2        0.034       0.061            -0.028           -3.118
       Category 2     Category 1        0.279       0.306            -0.028           -1.624
       Category 2     Category 2        0.594       0.567             0.028            1.510
     COG040         COG046
       Category 1     Category 1        0.081       0.074             0.007            0.714
       Category 1     Category 2        0.046       0.053            -0.007           -0.837
       Category 2     Category 1        0.432       0.439            -0.007           -0.377
       Category 2     Category 2        0.441       0.434             0.007            0.378
     COG040         COG048
       Category 1     Category 1        0.019       0.024            -0.005           -0.873
       Category 1     Category 2        0.108       0.103             0.005            0.438
       Category 2     Category 1        0.089       0.084             0.005            0.479
       Category 2     Category 2        0.783       0.788            -0.005           -0.326
     COG040         COG049
       Category 1     Category 1        0.038       0.034             0.004            0.522
       Category 1     Category 2        0.089       0.093            -0.004           -0.328
       Category 2     Category 1        0.118       0.121            -0.004           -0.292
       Category 2     Category 2        0.755       0.752             0.004            0.220
     COG040         COG050
       Category 1     Category 1        0.074       0.055             0.019            2.308
       Category 1     Category 2        0.053       0.072            -0.019           -2.035
       Category 2     Category 1        0.199       0.218            -0.019           -1.274
       Category 2     Category 2        0.674       0.655             0.019            1.107
     COG040         COG051
       Category 1     Category 1        0.028       0.027             0.001            0.184
       Category 1     Category 2        0.099       0.100            -0.001           -0.100
       Category 2     Category 1        0.092       0.093            -0.001           -0.103
       Category 2     Category 2        0.781       0.780             0.001            0.073
     COG040         COG052
       Category 1     Category 1        0.050       0.053            -0.003           -0.313
       Category 1     Category 2        0.077       0.075             0.003            0.266
       Category 2     Category 1        0.267       0.264             0.003            0.159
       Category 2     Category 2        0.606       0.609            -0.003           -0.143
     COG040         COG053
       Category 1     Category 1        0.049       0.057            -0.009           -1.016
       Category 1     Category 2        0.078       0.070             0.009            0.927
       Category 2     Category 1        0.286       0.277             0.009            0.528
       Category 2     Category 2        0.587       0.596            -0.009           -0.481
     COG040         COG054
       Category 1     Category 1        0.055       0.053             0.003            0.356
       Category 1     Category 2        0.072       0.075            -0.003           -0.302
       Category 2     Category 1        0.276       0.279            -0.003           -0.177
       Category 2     Category 2        0.597       0.594             0.003            0.162
     COG040         COG055
       Category 1     Category 1        0.024       0.028            -0.004           -0.631
       Category 1     Category 2        0.103       0.099             0.004            0.350
       Category 2     Category 1        0.097       0.094             0.004            0.359
       Category 2     Category 2        0.775       0.779            -0.004           -0.252
     COG040         COG056
       Category 1     Category 1        0.076       0.080            -0.004           -0.434
       Category 1     Category 2        0.051       0.047             0.004            0.556
       Category 2     Category 1        0.365       0.361             0.004            0.245
       Category 2     Category 2        0.507       0.512            -0.004           -0.236
     COG040         COG057
       Category 1     Category 1        0.108       0.110            -0.002           -0.194
       Category 1     Category 2        0.019       0.017             0.002            0.475
       Category 2     Category 1        0.708       0.705             0.002            0.134
       Category 2     Category 2        0.165       0.167            -0.002           -0.163
     COG040         COG058
       Category 1     Category 1        0.066       0.076            -0.010           -1.029
       Category 1     Category 2        0.061       0.051             0.010            1.244
       Category 2     Category 1        0.368       0.358             0.010            0.570
       Category 2     Category 2        0.505       0.515            -0.010           -0.547
     COG040         COG060
       Category 1     Category 1        0.093       0.099            -0.006           -0.511
       Category 1     Category 2        0.034       0.028             0.006            0.921
       Category 2     Category 1        0.518       0.513             0.006            0.305
       Category 2     Category 2        0.355       0.360            -0.006           -0.318
     COG040         COG061
       Category 1     Category 1        0.100       0.111            -0.011           -0.950
       Category 1     Category 2        0.027       0.016             0.011            2.373
       Category 2     Category 1        0.659       0.648             0.011            0.625
       Category 2     Category 2        0.214       0.225            -0.011           -0.715
     COG040         COG062
       Category 1     Category 1        0.118       0.117             0.001            0.092
       Category 1     Category 2        0.009       0.011            -0.001           -0.289
       Category 2     Category 1        0.732       0.733            -0.001           -0.067
       Category 2     Category 2        0.141       0.140             0.001            0.085
     COG040         COG063
       Category 1     Category 1        0.119       0.121            -0.002           -0.178
       Category 1     Category 2        0.008       0.006             0.002            0.751
       Category 2     Category 1        0.767       0.765             0.002            0.137
       Category 2     Category 2        0.106       0.108            -0.002           -0.187
     COG040         COG064
       Category 1     Category 1        0.115       0.119            -0.004           -0.355
       Category 1     Category 2        0.012       0.008             0.004            1.295
       Category 2     Category 1        0.648       0.644             0.004            0.240
       Category 2     Category 2        0.225       0.229            -0.004           -0.274
     COG040         COG066
       Category 1     Category 1        0.112       0.118            -0.006           -0.486
       Category 1     Category 2        0.015       0.009             0.006            1.651
       Category 2     Category 1        0.712       0.706             0.006            0.344
       Category 2     Category 2        0.161       0.167            -0.006           -0.421
     COG041         COG043
       Category 1     Category 1        0.058       0.064            -0.006           -0.645
       Category 1     Category 2        0.222       0.216             0.006            0.384
       Category 2     Category 1        0.085       0.079             0.006            0.584
       Category 2     Category 2        0.635       0.640            -0.006           -0.329
     COG041         COG044
       Category 1     Category 1        0.054       0.050             0.004            0.500
       Category 1     Category 2        0.226       0.230            -0.004           -0.259
       Category 2     Category 1        0.058       0.062            -0.004           -0.452
       Category 2     Category 2        0.662       0.658             0.004            0.230
     COG041         COG045
       Category 1     Category 1        0.133       0.123             0.009            0.772
       Category 1     Category 2        0.147       0.157            -0.009           -0.698
       Category 2     Category 1        0.240       0.249            -0.009           -0.587
       Category 2     Category 2        0.480       0.471             0.009            0.509
     COG041         COG046
       Category 1     Category 1        0.168       0.169            -0.001           -0.086
       Category 1     Category 2        0.112       0.111             0.001            0.102
       Category 2     Category 1        0.345       0.344             0.001            0.068
       Category 2     Category 2        0.375       0.376            -0.001           -0.066
     COG041         COG048
       Category 1     Category 1        0.045       0.058            -0.013           -1.523
       Category 1     Category 2        0.235       0.222             0.013            0.854
       Category 2     Category 1        0.064       0.051             0.013            1.622
       Category 2     Category 2        0.656       0.669            -0.013           -0.755
     COG041         COG049
       Category 1     Category 1        0.060       0.061            -0.002           -0.191
       Category 1     Category 2        0.221       0.219             0.002            0.111
       Category 2     Category 1        0.096       0.094             0.002            0.157
       Category 2     Category 2        0.624       0.626            -0.002           -0.095
     COG041         COG050
       Category 1     Category 1        0.106       0.097             0.009            0.806
       Category 1     Category 2        0.175       0.183            -0.009           -0.616
       Category 2     Category 1        0.168       0.177            -0.009           -0.625
       Category 2     Category 2        0.552       0.543             0.009            0.478
     COG041         COG051
       Category 1     Category 1        0.055       0.048             0.007            0.941
       Category 1     Category 2        0.225       0.232            -0.007           -0.477
       Category 2     Category 1        0.065       0.072            -0.007           -0.777
       Category 2     Category 2        0.655       0.648             0.007            0.421
     COG041         COG052
       Category 1     Category 1        0.114       0.123            -0.010           -0.787
       Category 1     Category 2        0.166       0.157             0.010            0.711
       Category 2     Category 1        0.203       0.193             0.010            0.655
       Category 2     Category 2        0.517       0.526            -0.010           -0.518
     COG041         COG053
       Category 1     Category 1        0.114       0.135            -0.022           -1.720
       Category 1     Category 2        0.166       0.145             0.022            1.672
       Category 2     Category 1        0.221       0.199             0.022            1.474
       Category 2     Category 2        0.499       0.521            -0.022           -1.178
     COG041         COG054
       Category 1     Category 1        0.114       0.106             0.007            0.656
       Category 1     Category 2        0.166       0.174            -0.007           -0.534
       Category 2     Category 1        0.218       0.225            -0.007           -0.484
       Category 2     Category 2        0.502       0.495             0.007            0.404
     COG041         COG055
       Category 1     Category 1        0.058       0.049             0.009            1.121
       Category 1     Category 2        0.222       0.231            -0.009           -0.576
       Category 2     Category 1        0.064       0.073            -0.009           -0.935
       Category 2     Category 2        0.656       0.647             0.009            0.508
     COG041         COG056
       Category 1     Category 1        0.146       0.155            -0.009           -0.654
       Category 1     Category 2        0.134       0.125             0.009            0.714
       Category 2     Category 1        0.295       0.286             0.009            0.523
       Category 2     Category 2        0.425       0.434            -0.009           -0.477
     COG041         COG057
       Category 1     Category 1        0.254       0.247             0.007            0.444
       Category 1     Category 2        0.026       0.033            -0.007           -1.076
       Category 2     Category 1        0.562       0.569            -0.007           -0.387
       Category 2     Category 2        0.158       0.151             0.007            0.534
     COG041         COG058
       Category 1     Category 1        0.147       0.149            -0.002           -0.124
       Category 1     Category 2        0.133       0.131             0.002            0.131
       Category 2     Category 1        0.287       0.285             0.002            0.098
       Category 2     Category 2        0.433       0.435            -0.002           -0.089
     COG041         COG060
       Category 1     Category 1        0.203       0.200             0.003            0.195
       Category 1     Category 2        0.077       0.080            -0.003           -0.287
       Category 2     Category 1        0.409       0.412            -0.003           -0.158
       Category 2     Category 2        0.311       0.308             0.003            0.169
     COG041         COG061
       Category 1     Category 1        0.238       0.233             0.005            0.328
       Category 1     Category 2        0.042       0.047            -0.005           -0.656
       Category 2     Category 1        0.521       0.526            -0.005           -0.278
       Category 2     Category 2        0.199       0.194             0.005            0.351
     COG041         COG062
       Category 1     Category 1        0.263       0.250             0.012            0.779
       Category 1     Category 2        0.018       0.030            -0.012           -1.978
       Category 2     Category 1        0.587       0.600            -0.012           -0.689
       Category 2     Category 2        0.133       0.120             0.012            1.038
     COG041         COG063
       Category 1     Category 1        0.267       0.261             0.006            0.363
       Category 1     Category 2        0.014       0.019            -0.006           -1.156
       Category 2     Category 1        0.620       0.626            -0.006           -0.329
       Category 2     Category 2        0.100       0.094             0.006            0.545
     COG041         COG064
       Category 1     Category 1        0.241       0.241             0.000           -0.007
       Category 1     Category 2        0.039       0.039             0.000            0.016
       Category 2     Category 1        0.522       0.522             0.000            0.006
       Category 2     Category 2        0.198       0.198             0.000           -0.008
     COG041         COG066
       Category 1     Category 1        0.257       0.250             0.007            0.437
       Category 1     Category 2        0.023       0.030            -0.007           -1.110
       Category 2     Category 1        0.567       0.574            -0.007           -0.383
       Category 2     Category 2        0.153       0.146             0.007            0.536
     COG043         COG044
       Category 1     Category 1        0.031       0.035            -0.004           -0.608
       Category 1     Category 2        0.112       0.108             0.004            0.361
       Category 2     Category 1        0.081       0.077             0.004            0.420
       Category 2     Category 2        0.775       0.779            -0.004           -0.270
     COG043         COG045
       Category 1     Category 1        0.077       0.071             0.006            0.663
       Category 1     Category 2        0.066       0.073            -0.006           -0.656
       Category 2     Category 1        0.295       0.301            -0.006           -0.371
       Category 2     Category 2        0.562       0.555             0.006            0.342
     COG043         COG046
       Category 1     Category 1        0.088       0.096            -0.008           -0.764
       Category 1     Category 2        0.055       0.047             0.008            1.063
       Category 2     Category 1        0.425       0.417             0.008            0.457
       Category 2     Category 2        0.432       0.440            -0.008           -0.454
     COG043         COG048
       Category 1     Category 1        0.028       0.045            -0.017           -2.222
       Category 1     Category 2        0.115       0.098             0.017            1.557
       Category 2     Category 1        0.080       0.063             0.017            1.908
       Category 2     Category 2        0.777       0.794            -0.017           -1.144
     COG043         COG049
       Category 1     Category 1        0.042       0.040             0.002            0.323
       Category 1     Category 2        0.101       0.104            -0.002           -0.207
       Category 2     Category 1        0.114       0.116            -0.002           -0.197
       Category 2     Category 2        0.743       0.741             0.002            0.144
     COG043         COG050
       Category 1     Category 1        0.065       0.058             0.007            0.781
       Category 1     Category 2        0.078       0.085            -0.007           -0.655
       Category 2     Category 1        0.208       0.215            -0.007           -0.445
       Category 2     Category 2        0.648       0.641             0.007            0.381
     COG043         COG051
       Category 1     Category 1        0.032       0.031             0.001            0.153
       Category 1     Category 2        0.111       0.112            -0.001           -0.085
       Category 2     Category 1        0.088       0.089            -0.001           -0.094
       Category 2     Category 2        0.769       0.768             0.001            0.063
     COG043         COG052
       Category 1     Category 1        0.099       0.078             0.021            2.100
       Category 1     Category 2        0.045       0.065            -0.021           -2.279
       Category 2     Category 1        0.218       0.239            -0.021           -1.322
       Category 2     Category 2        0.639       0.618             0.021            1.159
     COG043         COG053
       Category 1     Category 1        0.061       0.087            -0.026           -2.551
       Category 1     Category 2        0.083       0.056             0.026            3.132
       Category 2     Category 1        0.273       0.247             0.026            1.671
       Category 2     Category 2        0.583       0.610            -0.026           -1.477
     COG043         COG054
       Category 1     Category 1        0.076       0.060             0.016            1.826
       Category 1     Category 2        0.068       0.084            -0.016           -1.565
       Category 2     Category 1        0.256       0.272            -0.016           -0.974
       Category 2     Category 2        0.601       0.585             0.016            0.879
     COG043         COG055
       Category 1     Category 1        0.043       0.033             0.011            1.649
       Category 1     Category 2        0.100       0.111            -0.011           -0.932
       Category 2     Category 1        0.078       0.089            -0.011           -1.026
       Category 2     Category 2        0.778       0.767             0.011            0.692
     COG043         COG056
       Category 1     Category 1        0.089       0.092            -0.002           -0.226
       Category 1     Category 2        0.054       0.052             0.002            0.295
       Category 2     Category 1        0.352       0.349             0.002            0.137
       Category 2     Category 2        0.505       0.507            -0.002           -0.131
     COG043         COG057
       Category 1     Category 1        0.123       0.132            -0.009           -0.743
       Category 1     Category 2        0.020       0.011             0.009            2.412
       Category 2     Category 1        0.693       0.684             0.009            0.542
       Category 2     Category 2        0.164       0.173            -0.009           -0.666
     COG043         COG058
       Category 1     Category 1        0.087       0.087            -0.001           -0.068
       Category 1     Category 2        0.057       0.056             0.001            0.083
       Category 2     Category 1        0.348       0.347             0.001            0.040
       Category 2     Category 2        0.509       0.510            -0.001           -0.038
     COG043         COG060
       Category 1     Category 1        0.116       0.113             0.004            0.309
       Category 1     Category 2        0.027       0.031            -0.004           -0.567
       Category 2     Category 1        0.495       0.499            -0.004           -0.195
       Category 2     Category 2        0.361       0.358             0.004            0.204
     COG043         COG061
       Category 1     Category 1        0.133       0.126             0.007            0.536
       Category 1     Category 2        0.011       0.017            -0.007           -1.362
       Category 2     Category 1        0.627       0.633            -0.007           -0.369
       Category 2     Category 2        0.230       0.223             0.007            0.427
     COG043         COG062
       Category 1     Category 1        0.139       0.132             0.007            0.595
       Category 1     Category 2        0.004       0.011            -0.007           -1.891
       Category 2     Category 1        0.710       0.718            -0.007           -0.447
       Category 2     Category 2        0.146       0.139             0.007            0.583
     COG043         COG063
       Category 1     Category 1        0.137       0.137             0.000           -0.033
       Category 1     Category 2        0.007       0.006             0.000            0.144
       Category 2     Category 1        0.750       0.749             0.000            0.026
       Category 2     Category 2        0.107       0.107             0.000           -0.037
     COG043         COG064
       Category 1     Category 1        0.133       0.132             0.001            0.085
       Category 1     Category 2        0.011       0.012            -0.001           -0.265
       Category 2     Category 1        0.631       0.632            -0.001           -0.060
       Category 2     Category 2        0.226       0.225             0.001            0.069
     COG043         COG066
       Category 1     Category 1        0.137       0.134             0.003            0.228
       Category 1     Category 2        0.007       0.010            -0.003           -0.796
       Category 2     Category 1        0.687       0.690            -0.003           -0.168
       Category 2     Category 2        0.169       0.166             0.003            0.209
     COG044         COG045
       Category 1     Category 1        0.065       0.055             0.009            1.125
       Category 1     Category 2        0.047       0.057            -0.009           -1.113
       Category 2     Category 1        0.307       0.317            -0.009           -0.554
       Category 2     Category 2        0.581       0.571             0.009            0.520
     COG044         COG046
       Category 1     Category 1        0.076       0.075             0.000            0.051
       Category 1     Category 2        0.037       0.037             0.000           -0.072
       Category 2     Category 1        0.437       0.438             0.000           -0.027
       Category 2     Category 2        0.451       0.450             0.000            0.027
     COG044         COG048
       Category 1     Category 1        0.028       0.036            -0.007           -1.092
       Category 1     Category 2        0.084       0.076             0.007            0.764
       Category 2     Category 1        0.080       0.072             0.007            0.784
       Category 2     Category 2        0.808       0.815            -0.007           -0.523
     COG044         COG049
       Category 1     Category 1        0.034       0.031             0.003            0.428
       Category 1     Category 2        0.078       0.081            -0.003           -0.272
       Category 2     Category 1        0.122       0.125            -0.003           -0.225
       Category 2     Category 2        0.766       0.763             0.003            0.175
     COG044         COG050
       Category 1     Category 1        0.054       0.046             0.009            1.111
       Category 1     Category 2        0.058       0.067            -0.009           -0.929
       Category 2     Category 1        0.219       0.228            -0.009           -0.553
       Category 2     Category 2        0.668       0.660             0.009            0.489
     COG044         COG051
       Category 1     Category 1        0.030       0.025             0.005            0.881
       Category 1     Category 2        0.083       0.088            -0.005           -0.484
       Category 2     Category 1        0.091       0.096            -0.005           -0.465
       Category 2     Category 2        0.797       0.792             0.005            0.337
     COG044         COG052
       Category 1     Category 1        0.055       0.061            -0.006           -0.633
       Category 1     Category 2        0.057       0.051             0.006            0.687
       Category 2     Category 1        0.261       0.256             0.006            0.347
       Category 2     Category 2        0.627       0.632            -0.006           -0.314
     COG044         COG053
       Category 1     Category 1        0.062       0.068            -0.006           -0.649
       Category 1     Category 2        0.050       0.044             0.006            0.798
       Category 2     Category 1        0.272       0.266             0.006            0.370
       Category 2     Category 2        0.616       0.622            -0.006           -0.338
     COG044         COG054
       Category 1     Category 1        0.054       0.047             0.007            0.935
       Category 1     Category 2        0.058       0.065            -0.007           -0.799
       Category 2     Category 1        0.277       0.285            -0.007           -0.438
       Category 2     Category 2        0.610       0.603             0.007            0.404
     COG044         COG055
       Category 1     Category 1        0.030       0.026             0.004            0.725
       Category 1     Category 2        0.083       0.087            -0.004           -0.406
       Category 2     Category 1        0.092       0.096            -0.004           -0.388
       Category 2     Category 2        0.796       0.791             0.004            0.282
     COG044         COG056
       Category 1     Category 1        0.074       0.072             0.003            0.286
       Category 1     Category 2        0.038       0.041            -0.003           -0.374
       Category 2     Category 1        0.367       0.369            -0.003           -0.153
       Category 2     Category 2        0.521       0.518             0.003            0.148
     COG044         COG057
       Category 1     Category 1        0.095       0.104            -0.009           -0.788
       Category 1     Category 2        0.018       0.009             0.009            2.574
       Category 2     Category 1        0.721       0.712             0.009            0.530
       Category 2     Category 2        0.166       0.175            -0.009           -0.631
     COG044         COG058
       Category 1     Category 1        0.068       0.068            -0.001           -0.068
       Category 1     Category 2        0.045       0.044             0.001            0.084
       Category 2     Category 1        0.367       0.366             0.001            0.036
       Category 2     Category 2        0.521       0.522            -0.001           -0.034
     COG044         COG060
       Category 1     Category 1        0.091       0.088             0.003            0.241
       Category 1     Category 2        0.022       0.024            -0.003           -0.444
       Category 2     Category 1        0.521       0.523            -0.003           -0.137
       Category 2     Category 2        0.367       0.364             0.003            0.142
     COG044         COG061
       Category 1     Category 1        0.097       0.099            -0.001           -0.106
       Category 1     Category 2        0.015       0.014             0.001            0.271
       Category 2     Category 1        0.662       0.661             0.001            0.067
       Category 2     Category 2        0.226       0.227            -0.001           -0.075
     COG044         COG062
       Category 1     Category 1        0.104       0.103             0.001            0.083
       Category 1     Category 2        0.008       0.009            -0.001           -0.266
       Category 2     Category 1        0.746       0.747            -0.001           -0.058
       Category 2     Category 2        0.142       0.141             0.001            0.072
     COG044         COG063
       Category 1     Category 1        0.107       0.107             0.000           -0.032
       Category 1     Category 2        0.005       0.005             0.000            0.138
       Category 2     Category 1        0.779       0.779             0.000            0.024
       Category 2     Category 2        0.108       0.109             0.000           -0.031
     COG044         COG064
       Category 1     Category 1        0.101       0.103            -0.001           -0.117
       Category 1     Category 2        0.011       0.010             0.001            0.368
       Category 2     Category 1        0.662       0.660             0.001            0.075
       Category 2     Category 2        0.226       0.227            -0.001           -0.085
     COG044         COG066
       Category 1     Category 1        0.107       0.105             0.002            0.201
       Category 1     Category 2        0.005       0.008            -0.002           -0.704
       Category 2     Category 1        0.717       0.719            -0.002           -0.137
       Category 2     Category 2        0.171       0.168             0.002            0.164
     COG045         COG046
       Category 1     Category 1        0.223       0.210             0.013            0.855
       Category 1     Category 2        0.149       0.162            -0.013           -0.946
       Category 2     Category 1        0.290       0.302            -0.013           -0.759
       Category 2     Category 2        0.338       0.325             0.013            0.744
     COG045         COG048
       Category 1     Category 1        0.051       0.060            -0.008           -0.970
       Category 1     Category 2        0.321       0.312             0.008            0.496
       Category 2     Category 1        0.057       0.048             0.008            1.072
       Category 2     Category 2        0.571       0.580            -0.008           -0.466
     COG045         COG049
       Category 1     Category 1        0.088       0.087             0.001            0.127
       Category 1     Category 2        0.284       0.285            -0.001           -0.079
       Category 2     Category 1        0.068       0.069            -0.001           -0.141
       Category 2     Category 2        0.560       0.559             0.001            0.072
     COG045         COG050
       Category 1     Category 1        0.181       0.143             0.038            2.938
       Category 1     Category 2        0.191       0.229            -0.038           -2.452
       Category 2     Category 1        0.092       0.130            -0.038           -3.063
       Category 2     Category 2        0.536       0.498             0.038            2.060
     COG045         COG051
       Category 1     Category 1        0.072       0.068             0.004            0.392
       Category 1     Category 2        0.300       0.304            -0.004           -0.215
       Category 2     Category 1        0.049       0.052            -0.004           -0.444
       Category 2     Category 2        0.579       0.576             0.004            0.200
     COG045         COG052
       Category 1     Category 1        0.146       0.144             0.002            0.177
       Category 1     Category 2        0.226       0.228            -0.002           -0.148
       Category 2     Category 1        0.171       0.173            -0.002           -0.165
       Category 2     Category 2        0.457       0.455             0.002            0.125
     COG045         COG053
       Category 1     Category 1        0.157       0.156             0.001            0.092
       Category 1     Category 2        0.215       0.216            -0.001           -0.081
       Category 2     Category 1        0.177       0.178            -0.001           -0.087
       Category 2     Category 2        0.451       0.449             0.001            0.067
     COG045         COG054
       Category 1     Category 1        0.150       0.145             0.005            0.374
       Category 1     Category 2        0.222       0.227            -0.005           -0.315
       Category 2     Category 1        0.181       0.186            -0.005           -0.339
       Category 2     Category 2        0.447       0.442             0.005            0.266
     COG045         COG055
       Category 1     Category 1        0.066       0.070            -0.004           -0.382
       Category 1     Category 2        0.306       0.302             0.004            0.212
       Category 2     Category 1        0.055       0.052             0.004            0.439
       Category 2     Category 2        0.572       0.576            -0.004           -0.197
     COG045         COG056
       Category 1     Category 1        0.202       0.216            -0.015           -0.958
       Category 1     Category 2        0.171       0.156             0.015            1.087
       Category 2     Category 1        0.240       0.225             0.015            0.945
       Category 2     Category 2        0.388       0.403            -0.015           -0.804
     COG045         COG057
       Category 1     Category 1        0.314       0.319            -0.005           -0.282
       Category 1     Category 2        0.058       0.053             0.005            0.585
       Category 2     Category 1        0.502       0.497             0.005            0.263
       Category 2     Category 2        0.126       0.131            -0.005           -0.390
     COG045         COG058
       Category 1     Category 1        0.198       0.207            -0.010           -0.642
       Category 1     Category 2        0.175       0.165             0.010            0.701
       Category 2     Category 1        0.237       0.227             0.010            0.621
       Category 2     Category 2        0.391       0.401            -0.010           -0.531
     COG045         COG060
       Category 1     Category 1        0.271       0.276            -0.005           -0.302
       Category 1     Category 2        0.101       0.097             0.005            0.457
       Category 2     Category 1        0.341       0.336             0.005            0.286
       Category 2     Category 2        0.287       0.292            -0.005           -0.297
     COG045         COG061
       Category 1     Category 1        0.300       0.316            -0.016           -0.938
       Category 1     Category 2        0.072       0.056             0.016            1.903
       Category 2     Category 1        0.459       0.443             0.016            0.879
       Category 2     Category 2        0.169       0.185            -0.016           -1.123
     COG045         COG062
       Category 1     Category 1        0.342       0.336             0.006            0.352
       Category 1     Category 2        0.030       0.036            -0.006           -0.893
       Category 2     Category 1        0.507       0.514            -0.006           -0.332
       Category 2     Category 2        0.120       0.114             0.006            0.522
     COG045         COG063
       Category 1     Category 1        0.342       0.350            -0.008           -0.462
       Category 1     Category 2        0.030       0.022             0.008            1.514
       Category 2     Category 1        0.544       0.536             0.008            0.442
       Category 2     Category 2        0.084       0.092            -0.008           -0.763
     COG045         COG064
       Category 1     Category 1        0.318       0.340            -0.022           -1.258
       Category 1     Category 2        0.054       0.032             0.022            3.375
       Category 2     Category 1        0.445       0.423             0.022            1.206
       Category 2     Category 2        0.183       0.205            -0.022           -1.477
     COG045         COG066
       Category 1     Category 1        0.329       0.339            -0.010           -0.573
       Category 1     Category 2        0.043       0.033             0.010            1.512
       Category 2     Category 1        0.495       0.485             0.010            0.543
       Category 2     Category 2        0.133       0.143            -0.010           -0.776
     COG046         COG048
       Category 1     Category 1        0.072       0.080            -0.009           -0.854
       Category 1     Category 2        0.441       0.433             0.009            0.468
       Category 2     Category 1        0.037       0.028             0.009            1.406
       Category 2     Category 2        0.451       0.459            -0.009           -0.465
     COG046         COG049
       Category 1     Category 1        0.101       0.097             0.004            0.402
       Category 1     Category 2        0.411       0.416            -0.004           -0.242
       Category 2     Category 1        0.054       0.059            -0.004           -0.507
       Category 2     Category 2        0.433       0.429             0.004            0.241
     COG046         COG050
       Category 1     Category 1        0.157       0.161            -0.004           -0.273
       Category 1     Category 2        0.356       0.352             0.004            0.210
       Category 2     Category 1        0.116       0.113             0.004            0.317
       Category 2     Category 2        0.371       0.374            -0.004           -0.207
     COG046         COG051
       Category 1     Category 1        0.080       0.076             0.004            0.422
       Category 1     Category 2        0.433       0.437            -0.004           -0.225
       Category 2     Category 1        0.041       0.045            -0.004           -0.540
       Category 2     Category 2        0.447       0.442             0.004            0.225
     COG046         COG052
       Category 1     Category 1        0.162       0.197            -0.035           -2.368
       Category 1     Category 2        0.350       0.316             0.035            2.026
       Category 2     Category 1        0.154       0.120             0.035            2.902
       Category 2     Category 2        0.333       0.368            -0.035           -1.953
     COG046         COG053
       Category 1     Category 1        0.191       0.213            -0.022           -1.486
       Category 1     Category 2        0.322       0.300             0.022            1.328
       Category 2     Category 1        0.143       0.121             0.022            1.866
       Category 2     Category 2        0.344       0.366            -0.022           -1.263
     COG046         COG054
       Category 1     Category 1        0.183       0.184            -0.001           -0.078
       Category 1     Category 2        0.330       0.329             0.001            0.065
       Category 2     Category 1        0.149       0.148             0.001            0.086
       Category 2     Category 2        0.338       0.339            -0.001           -0.064
     COG046         COG055
       Category 1     Category 1        0.084       0.077             0.007            0.685
       Category 1     Category 2        0.429       0.436            -0.007           -0.369
       Category 2     Category 1        0.038       0.045            -0.007           -0.885
       Category 2     Category 2        0.449       0.443             0.007            0.368
     COG046         COG056
       Category 1     Category 1        0.263       0.259             0.004            0.243
       Category 1     Category 2        0.250       0.254            -0.004           -0.244
       Category 2     Category 1        0.179       0.183            -0.004           -0.275
       Category 2     Category 2        0.309       0.305             0.004            0.231
     COG046         COG057
       Category 1     Category 1        0.432       0.439            -0.008           -0.425
       Category 1     Category 2        0.081       0.073             0.008            0.810
       Category 2     Category 1        0.384       0.377             0.008            0.436
       Category 2     Category 2        0.103       0.111            -0.008           -0.673
     COG046         COG058
       Category 1     Category 1        0.258       0.251             0.007            0.456
       Category 1     Category 2        0.254       0.262            -0.007           -0.450
       Category 2     Category 1        0.176       0.183            -0.007           -0.511
       Category 2     Category 2        0.311       0.304             0.007            0.430
     COG046         COG060
       Category 1     Category 1        0.353       0.344             0.009            0.502
       Category 1     Category 2        0.160       0.168            -0.009           -0.637
       Category 2     Category 1        0.258       0.267            -0.009           -0.539
       Category 2     Category 2        0.229       0.220             0.009            0.575
     COG046         COG061
       Category 1     Category 1        0.425       0.412             0.013            0.731
       Category 1     Category 2        0.088       0.101            -0.013           -1.193
       Category 2     Category 1        0.334       0.347            -0.013           -0.756
       Category 2     Category 2        0.153       0.140             0.013            1.038
     COG046         COG062
       Category 1     Category 1        0.470       0.449             0.020            1.117
       Category 1     Category 2        0.043       0.064            -0.020           -2.274
       Category 2     Category 1        0.380       0.401            -0.020           -1.134
       Category 2     Category 2        0.107       0.086             0.020            1.976
     COG046         COG063
       Category 1     Category 1        0.478       0.469             0.009            0.491
       Category 1     Category 2        0.035       0.044            -0.009           -1.193
       Category 2     Category 1        0.409       0.418            -0.009           -0.497
       Category 2     Category 2        0.078       0.069             0.009            0.964
     COG046         COG064
       Category 1     Category 1        0.422       0.422             0.000            0.023
       Category 1     Category 2        0.091       0.091             0.000           -0.040
       Category 2     Category 1        0.341       0.341             0.000           -0.024
       Category 2     Category 2        0.146       0.146             0.000            0.033
     COG046         COG066
       Category 1     Category 1        0.463       0.444             0.018            1.011
       Category 1     Category 2        0.050       0.069            -0.018           -1.987
       Category 2     Category 1        0.361       0.380            -0.018           -1.035
       Category 2     Category 2        0.126       0.107             0.018            1.622
     COG048         COG049
       Category 1     Category 1        0.027       0.037            -0.010           -1.486
       Category 1     Category 2        0.081       0.071             0.010            1.100
       Category 2     Category 1        0.129       0.118             0.010            0.874
       Category 2     Category 2        0.763       0.774            -0.010           -0.674
     COG048         COG050
       Category 1     Category 1        0.047       0.051            -0.004           -0.492
       Category 1     Category 2        0.061       0.057             0.004            0.469
       Category 2     Category 1        0.226       0.222             0.004            0.261
       Category 2     Category 2        0.666       0.670            -0.004           -0.231
     COG048         COG051
       Category 1     Category 1        0.030       0.030             0.000           -0.054
       Category 1     Category 2        0.078       0.078             0.000            0.034
       Category 2     Category 1        0.091       0.090             0.000            0.032
       Category 2     Category 2        0.801       0.801             0.000           -0.023
     COG048         COG052
       Category 1     Category 1        0.051       0.072            -0.020           -2.137
       Category 1     Category 2        0.057       0.037             0.020            2.938
       Category 2     Category 1        0.265       0.245             0.020            1.282
       Category 2     Category 2        0.627       0.647            -0.020           -1.154
     COG048         COG053
       Category 1     Category 1        0.107       0.081             0.026            2.555
       Category 1     Category 2        0.001       0.027            -0.026           -4.304
       Category 2     Category 1        0.227       0.253            -0.026           -1.606
       Category 2     Category 2        0.664       0.639             0.026            1.453
     COG048         COG054
       Category 1     Category 1        0.051       0.050             0.002            0.217
       Category 1     Category 2        0.057       0.059            -0.002           -0.201
       Category 2     Category 1        0.280       0.282            -0.002           -0.105
       Category 2     Category 2        0.612       0.610             0.002            0.097
     COG048         COG055
       Category 1     Category 1        0.028       0.031            -0.003           -0.456
       Category 1     Category 2        0.080       0.077             0.003            0.298
       Category 2     Category 1        0.093       0.090             0.003            0.277
       Category 2     Category 2        0.798       0.801            -0.003           -0.199
     COG048         COG056
       Category 1     Category 1        0.054       0.079            -0.025           -2.519
       Category 1     Category 2        0.054       0.029             0.025            4.045
       Category 2     Category 1        0.387       0.362             0.025            1.415
       Category 2     Category 2        0.505       0.530            -0.025           -1.363
     COG048         COG057
       Category 1     Category 1        0.096       0.104            -0.007           -0.668
       Category 1     Category 2        0.012       0.005             0.007            2.978
       Category 2     Category 1        0.720       0.712             0.007            0.450
       Category 2     Category 2        0.172       0.179            -0.007           -0.530
     COG048         COG058
       Category 1     Category 1        0.058       0.075            -0.017           -1.709
       Category 1     Category 2        0.050       0.034             0.017            2.495
       Category 2     Category 1        0.376       0.360             0.017            0.936
       Category 2     Category 2        0.516       0.532            -0.017           -0.900
     COG048         COG060
       Category 1     Category 1        0.078       0.093            -0.014           -1.328
       Category 1     Category 2        0.030       0.016             0.014            3.108
       Category 2     Category 1        0.533       0.519             0.014            0.771
       Category 2     Category 2        0.359       0.373            -0.014           -0.797
     COG048         COG061
       Category 1     Category 1        0.087       0.100            -0.013           -1.192
       Category 1     Category 2        0.022       0.009             0.013            3.888
       Category 2     Category 1        0.673       0.659             0.013            0.754
       Category 2     Category 2        0.219       0.232            -0.013           -0.846
     COG048         COG062
       Category 1     Category 1        0.097       0.102            -0.005           -0.433
       Category 1     Category 2        0.011       0.006             0.005            1.700
       Category 2     Category 1        0.752       0.748             0.005            0.302
       Category 2     Category 2        0.139       0.144            -0.005           -0.374
     COG048         COG063
       Category 1     Category 1        0.100       0.106            -0.005           -0.486
       Category 1     Category 2        0.008       0.003             0.005            2.922
       Category 2     Category 1        0.786       0.781             0.005            0.361
       Category 2     Category 2        0.106       0.111            -0.005           -0.476
     COG048         COG064
       Category 1     Category 1        0.100       0.104            -0.004           -0.359
       Category 1     Category 2        0.008       0.004             0.004            1.722
       Category 2     Category 1        0.663       0.659             0.004            0.232
       Category 2     Category 2        0.229       0.233            -0.004           -0.260
     COG048         COG066
       Category 1     Category 1        0.099       0.104            -0.006           -0.506
       Category 1     Category 2        0.009       0.004             0.006            2.526
       Category 2     Category 1        0.725       0.720             0.006            0.345
       Category 2     Category 2        0.166       0.172            -0.006           -0.410
     COG049         COG050
       Category 1     Category 1        0.078       0.074             0.004            0.427
       Category 1     Category 2        0.077       0.081            -0.004           -0.410
       Category 2     Category 1        0.195       0.199            -0.004           -0.280
       Category 2     Category 2        0.650       0.645             0.004            0.234
     COG049         COG051
       Category 1     Category 1        0.068       0.065             0.002            0.269
       Category 1     Category 2        0.088       0.090            -0.002           -0.232
       Category 2     Category 1        0.053       0.055            -0.002           -0.291
       Category 2     Category 2        0.792       0.789             0.002            0.163
     COG049         COG052
       Category 1     Category 1        0.074       0.073             0.001            0.107
       Category 1     Category 2        0.081       0.082            -0.001           -0.101
       Category 2     Category 1        0.242       0.243            -0.001           -0.065
       Category 2     Category 2        0.602       0.601             0.001            0.057
     COG049         COG053
       Category 1     Category 1        0.069       0.081            -0.012           -1.206
       Category 1     Category 2        0.087       0.074             0.012            1.254
       Category 2     Category 1        0.265       0.253             0.012            0.758
       Category 2     Category 2        0.579       0.591            -0.012           -0.670
     COG049         COG054
       Category 1     Category 1        0.074       0.085            -0.011           -1.057
       Category 1     Category 2        0.081       0.070             0.011            1.154
       Category 2     Category 1        0.257       0.246             0.011            0.685
       Category 2     Category 2        0.587       0.598            -0.011           -0.602
     COG049         COG055
       Category 1     Category 1        0.062       0.069            -0.007           -0.712
       Category 1     Category 2        0.093       0.087             0.007            0.640
       Category 2     Category 1        0.060       0.053             0.007            0.805
       Category 2     Category 2        0.785       0.791            -0.007           -0.444
     COG049         COG056
       Category 1     Category 1        0.154       0.144             0.010            0.760
       Category 1     Category 2        0.001       0.011            -0.010           -2.540
       Category 2     Category 1        0.287       0.297            -0.010           -0.584
       Category 2     Category 2        0.558       0.548             0.010            0.536
     COG049         COG057
       Category 1     Category 1        0.142       0.139             0.003            0.217
       Category 1     Category 2        0.014       0.016            -0.003           -0.593
       Category 2     Category 1        0.674       0.677            -0.003           -0.160
       Category 2     Category 2        0.171       0.168             0.003            0.201
     COG049         COG058
       Category 1     Category 1        0.123       0.135            -0.012           -0.939
       Category 1     Category 2        0.032       0.021             0.012            2.255
       Category 2     Category 1        0.311       0.299             0.012            0.700
       Category 2     Category 2        0.533       0.545            -0.012           -0.644
     COG049         COG060
       Category 1     Category 1        0.150       0.152            -0.002           -0.146
       Category 1     Category 2        0.005       0.003             0.002            0.891
       Category 2     Category 1        0.461       0.460             0.002            0.105
       Category 2     Category 2        0.383       0.385            -0.002           -0.108
     COG049         COG061
       Category 1     Category 1        0.147       0.154            -0.006           -0.459
       Category 1     Category 2        0.008       0.002             0.006            3.678
       Category 2     Category 1        0.612       0.606             0.006            0.339
       Category 2     Category 2        0.233       0.239            -0.006           -0.388
     COG049         COG062
       Category 1     Category 1        0.152       0.153            -0.002           -0.116
       Category 1     Category 2        0.004       0.003             0.002            0.831
       Category 2     Category 1        0.698       0.697             0.002            0.091
       Category 2     Category 2        0.146       0.148            -0.002           -0.118
     COG049         COG063
       Category 1     Category 1        0.154       0.155            -0.001           -0.084
       Category 1     Category 2        0.001       0.000             0.001            2.007
       Category 2     Category 1        0.732       0.731             0.001            0.069
       Category 2     Category 2        0.112       0.113            -0.001           -0.096
     COG049         COG064
       Category 1     Category 1        0.145       0.151            -0.006           -0.455
       Category 1     Category 2        0.011       0.005             0.006            2.348
       Category 2     Category 1        0.618       0.612             0.006            0.334
       Category 2     Category 2        0.226       0.232            -0.006           -0.386
     COG049         COG066
       Category 1     Category 1        0.156       0.156             0.000            0.008
       Category 1     Category 2        0.000       0.000             0.000           -0.278
       Category 2     Category 1        0.668       0.669             0.000           -0.006
       Category 2     Category 2        0.176       0.176             0.000            0.007
     COG050         COG051
       Category 1     Category 1        0.064       0.059             0.005            0.550
       Category 1     Category 2        0.210       0.215            -0.005           -0.315
       Category 2     Category 1        0.057       0.062            -0.005           -0.538
       Category 2     Category 2        0.670       0.665             0.005            0.274
     COG050         COG052
       Category 1     Category 1        0.120       0.114             0.006            0.531
       Category 1     Category 2        0.153       0.159            -0.006           -0.462
       Category 2     Category 1        0.196       0.202            -0.006           -0.421
       Category 2     Category 2        0.530       0.524             0.006            0.338
     COG050         COG053
       Category 1     Category 1        0.122       0.125            -0.003           -0.244
       Category 1     Category 2        0.152       0.149             0.003            0.226
       Category 2     Category 1        0.212       0.209             0.003            0.198
       Category 2     Category 2        0.514       0.517            -0.003           -0.161
     COG050         COG054
       Category 1     Category 1        0.127       0.114             0.013            1.139
       Category 1     Category 2        0.146       0.159            -0.013           -0.988
       Category 2     Category 1        0.204       0.218            -0.013           -0.877
       Category 2     Category 2        0.522       0.509             0.013            0.724
     COG050         COG055
       Category 1     Category 1        0.065       0.061             0.004            0.480
       Category 1     Category 2        0.208       0.213            -0.004           -0.280
       Category 2     Category 1        0.057       0.061            -0.004           -0.479
       Category 2     Category 2        0.670       0.666             0.004            0.243
     COG050         COG056
       Category 1     Category 1        0.162       0.175            -0.013           -0.934
       Category 1     Category 2        0.111       0.098             0.013            1.196
       Category 2     Category 1        0.279       0.266             0.013            0.804
       Category 2     Category 2        0.448       0.461            -0.013           -0.713
     COG050         COG057
       Category 1     Category 1        0.233       0.238            -0.006           -0.361
       Category 1     Category 2        0.041       0.035             0.006            0.837
       Category 2     Category 1        0.583       0.578             0.006            0.311
       Category 2     Category 2        0.143       0.149            -0.006           -0.431
     COG050         COG058
       Category 1     Category 1        0.156       0.167            -0.011           -0.811
       Category 1     Category 2        0.118       0.107             0.011            0.980
       Category 2     Category 1        0.279       0.268             0.011            0.683
       Category 2     Category 2        0.448       0.459            -0.011           -0.607
     COG050         COG060
       Category 1     Category 1        0.211       0.216            -0.005           -0.341
       Category 1     Category 2        0.062       0.057             0.005            0.606
       Category 2     Category 1        0.401       0.395             0.005            0.287
       Category 2     Category 2        0.326       0.331            -0.005           -0.299
     COG050         COG061
       Category 1     Category 1        0.238       0.241            -0.003           -0.203
       Category 1     Category 2        0.035       0.032             0.003            0.494
       Category 2     Category 1        0.521       0.518             0.003            0.174
       Category 2     Category 2        0.206       0.209            -0.003           -0.214
     COG050         COG062
       Category 1     Category 1        0.250       0.252            -0.002           -0.111
       Category 1     Category 2        0.023       0.021             0.002            0.333
       Category 2     Category 1        0.599       0.598             0.002            0.098
       Category 2     Category 2        0.127       0.129            -0.002           -0.143
     COG050         COG063
       Category 1     Category 1        0.263       0.262             0.000            0.027
       Category 1     Category 2        0.011       0.011             0.000           -0.112
       Category 2     Category 1        0.624       0.624             0.000           -0.024
       Category 2     Category 2        0.103       0.102             0.000            0.039
     COG050         COG064
       Category 1     Category 1        0.240       0.261            -0.022           -1.352
       Category 1     Category 2        0.034       0.012             0.022            5.463
       Category 2     Category 1        0.524       0.502             0.022            1.188
       Category 2     Category 2        0.203       0.225            -0.022           -1.423
     COG050         COG066
       Category 1     Category 1        0.249       0.256            -0.007           -0.459
       Category 1     Category 2        0.024       0.017             0.007            1.552
       Category 2     Category 1        0.575       0.568             0.007            0.405
       Category 2     Category 2        0.152       0.159            -0.007           -0.548
     COG051         COG052
       Category 1     Category 1        0.065       0.058             0.007            0.841
       Category 1     Category 2        0.055       0.063            -0.007           -0.810
       Category 2     Category 1        0.252       0.259            -0.007           -0.448
       Category 2     Category 2        0.628       0.621             0.007            0.404
     COG051         COG053
       Category 1     Category 1        0.061       0.064            -0.003           -0.332
       Category 1     Category 2        0.060       0.057             0.003            0.351
       Category 2     Category 1        0.273       0.270             0.003            0.183
       Category 2     Category 2        0.606       0.609            -0.003           -0.166
     COG051         COG054
       Category 1     Category 1        0.066       0.067            -0.001           -0.103
       Category 1     Category 2        0.054       0.053             0.001            0.115
       Category 2     Category 1        0.265       0.264             0.001            0.058
       Category 2     Category 2        0.614       0.615            -0.001           -0.053
     COG051         COG055
       Category 1     Category 1        0.061       0.056             0.004            0.523
       Category 1     Category 2        0.060       0.064            -0.004           -0.493
       Category 2     Category 1        0.061       0.065            -0.004           -0.488
       Category 2     Category 2        0.819       0.814             0.004            0.310
     COG051         COG056
       Category 1     Category 1        0.111       0.112            -0.001           -0.119
       Category 1     Category 2        0.009       0.008             0.001            0.419
       Category 2     Category 1        0.330       0.329             0.001            0.080
       Category 2     Category 2        0.549       0.551            -0.001           -0.076
     COG051         COG057
       Category 1     Category 1        0.110       0.108             0.001            0.129
       Category 1     Category 2        0.011       0.012            -0.001           -0.364
       Category 2     Category 1        0.706       0.708            -0.001           -0.088
       Category 2     Category 2        0.173       0.172             0.001            0.106
     COG051         COG058
       Category 1     Category 1        0.120       0.106             0.015            1.321
       Category 1     Category 2        0.000       0.015            -0.015           -3.347
       Category 2     Category 1        0.314       0.329            -0.015           -0.864
       Category 2     Category 2        0.566       0.551             0.015            0.816
     COG051         COG060
       Category 1     Category 1        0.116       0.118            -0.001           -0.124
       Category 1     Category 2        0.004       0.003             0.001            0.787
       Category 2     Category 1        0.495       0.494             0.001            0.080
       Category 2     Category 2        0.384       0.386            -0.001           -0.082
     COG051         COG061
       Category 1     Category 1        0.116       0.119            -0.003           -0.215
       Category 1     Category 2        0.004       0.001             0.003            1.801
       Category 2     Category 1        0.643       0.640             0.003            0.145
       Category 2     Category 2        0.237       0.239            -0.003           -0.163
     COG051         COG062
       Category 1     Category 1        0.118       0.119            -0.001           -0.073
       Category 1     Category 2        0.003       0.002             0.001            0.548
       Category 2     Category 1        0.732       0.731             0.001            0.053
       Category 2     Category 2        0.147       0.148            -0.001           -0.066
     COG051         COG063
       Category 1     Category 1        0.118       0.120            -0.003           -0.211
       Category 1     Category 2        0.003       0.000             0.003            5.120
       Category 2     Category 1        0.769       0.766             0.003            0.162
       Category 2     Category 2        0.111       0.113            -0.003           -0.217
     COG051         COG064
       Category 1     Category 1        0.115       0.117            -0.002           -0.160
       Category 1     Category 2        0.005       0.004             0.002            0.870
       Category 2     Category 1        0.648       0.646             0.002            0.108
       Category 2     Category 2        0.231       0.233            -0.002           -0.122
     COG051         COG066
       Category 1     Category 1        0.120       0.120             0.000            0.008
       Category 1     Category 2        0.000       0.000             0.000           -0.264
       Category 2     Category 1        0.704       0.704             0.000           -0.006
       Category 2     Category 2        0.176       0.176             0.000            0.007
     COG052         COG053
       Category 1     Category 1        0.141       0.163            -0.023           -1.668
       Category 1     Category 2        0.176       0.153             0.023            1.713
       Category 2     Category 1        0.194       0.171             0.023            1.639
       Category 2     Category 2        0.490       0.513            -0.023           -1.234
     COG052         COG054
       Category 1     Category 1        0.157       0.123             0.034            2.791
       Category 1     Category 2        0.160       0.193            -0.034           -2.323
       Category 2     Category 1        0.175       0.208            -0.034           -2.259
       Category 2     Category 2        0.509       0.475             0.034            1.837
     COG052         COG055
       Category 1     Category 1        0.077       0.059             0.018            2.056
       Category 1     Category 2        0.240       0.257            -0.018           -1.111
       Category 2     Category 1        0.045       0.063            -0.018           -2.006
       Category 2     Category 2        0.639       0.621             0.018            1.001
     COG052         COG056
       Category 1     Category 1        0.180       0.183            -0.003           -0.184
       Category 1     Category 2        0.137       0.134             0.003            0.208
       Category 2     Category 1        0.261       0.259             0.003            0.162
       Category 2     Category 2        0.422       0.425            -0.003           -0.143
     COG052         COG057
       Category 1     Category 1        0.277       0.284            -0.006           -0.391
       Category 1     Category 2        0.039       0.033             0.006            0.991
       Category 2     Category 1        0.539       0.532             0.006            0.353
       Category 2     Category 2        0.145       0.151            -0.006           -0.492
     COG052         COG058
       Category 1     Category 1        0.171       0.175            -0.005           -0.332
       Category 1     Category 2        0.146       0.142             0.005            0.362
       Category 2     Category 1        0.264       0.259             0.005            0.288
       Category 2     Category 2        0.419       0.424            -0.005           -0.255
     COG052         COG060
       Category 1     Category 1        0.237       0.233             0.004            0.242
       Category 1     Category 2        0.080       0.084            -0.004           -0.370
       Category 2     Category 1        0.375       0.379            -0.004           -0.211
       Category 2     Category 2        0.309       0.305             0.004            0.222
     COG052         COG061
       Category 1     Category 1        0.277       0.268             0.009            0.567
       Category 1     Category 2        0.039       0.048            -0.009           -1.169
       Category 2     Category 1        0.482       0.491            -0.009           -0.502
       Category 2     Category 2        0.202       0.192             0.009            0.637
     COG052         COG062
       Category 1     Category 1        0.291       0.285             0.005            0.329
       Category 1     Category 2        0.026       0.031            -0.005           -0.855
       Category 2     Category 1        0.559       0.564            -0.005           -0.300
       Category 2     Category 2        0.124       0.119             0.005            0.459
     COG052         COG063
       Category 1     Category 1        0.302       0.297             0.004            0.255
       Category 1     Category 2        0.015       0.019            -0.004           -0.849
       Category 2     Category 1        0.585       0.589            -0.004           -0.237
       Category 2     Category 2        0.099       0.095             0.004            0.398
     COG052         COG064
       Category 1     Category 1        0.280       0.279             0.001            0.087
       Category 1     Category 2        0.037       0.038            -0.001           -0.205
       Category 2     Category 1        0.483       0.485            -0.001           -0.078
       Category 2     Category 2        0.200       0.199             0.001            0.098
     COG052         COG066
       Category 1     Category 1        0.288       0.287             0.001            0.066
       Category 1     Category 2        0.028       0.030            -0.001           -0.176
       Category 2     Category 1        0.536       0.537            -0.001           -0.060
       Category 2     Category 2        0.147       0.146             0.001            0.084
     COG053         COG054
       Category 1     Category 1        0.139       0.133             0.007            0.529
       Category 1     Category 2        0.195       0.201            -0.007           -0.447
       Category 2     Category 1        0.192       0.199            -0.007           -0.450
       Category 2     Category 2        0.474       0.467             0.007            0.360
     COG053         COG055
       Category 1     Category 1        0.065       0.066            -0.001           -0.079
       Category 1     Category 2        0.269       0.269             0.001            0.044
       Category 2     Category 1        0.057       0.056             0.001            0.085
       Category 2     Category 2        0.609       0.610            -0.001           -0.040
     COG053         COG056
       Category 1     Category 1        0.172       0.199            -0.027           -1.870
       Category 1     Category 2        0.162       0.135             0.027            2.186
       Category 2     Category 1        0.269       0.242             0.027            1.744
       Category 2     Category 2        0.396       0.424            -0.027           -1.511
     COG053         COG057
       Category 1     Category 1        0.286       0.303            -0.018           -1.049
       Category 1     Category 2        0.049       0.031             0.018            2.784
       Category 2     Category 1        0.530       0.513             0.018            0.965
       Category 2     Category 2        0.135       0.153            -0.018           -1.340
     COG053         COG058
       Category 1     Category 1        0.157       0.191            -0.034           -2.328
       Category 1     Category 2        0.177       0.144             0.034            2.607
       Category 2     Category 1        0.277       0.244             0.034            2.129
       Category 2     Category 2        0.388       0.422            -0.034           -1.851
     COG053         COG060
       Category 1     Category 1        0.226       0.252            -0.026           -1.623
       Category 1     Category 2        0.108       0.082             0.026            2.564
       Category 2     Category 1        0.386       0.360             0.026            1.468
       Category 2     Category 2        0.280       0.306            -0.026           -1.529
     COG053         COG061
       Category 1     Category 1        0.269       0.287            -0.018           -1.070
       Category 1     Category 2        0.065       0.047             0.018            2.283
       Category 2     Category 1        0.490       0.472             0.018            0.969
       Category 2     Category 2        0.176       0.194            -0.018           -1.225
     COG053         COG062
       Category 1     Category 1        0.298       0.304            -0.006           -0.352
       Category 1     Category 2        0.037       0.031             0.006            0.940
       Category 2     Category 1        0.552       0.546             0.006            0.325
       Category 2     Category 2        0.114       0.120            -0.006           -0.499
     COG053         COG063
       Category 1     Category 1        0.310       0.316            -0.006           -0.375
       Category 1     Category 2        0.024       0.018             0.006            1.315
       Category 2     Category 1        0.576       0.570             0.006            0.353
       Category 2     Category 2        0.089       0.096            -0.006           -0.593
     COG053         COG064
       Category 1     Category 1        0.294       0.299            -0.006           -0.345
       Category 1     Category 2        0.041       0.035             0.006            0.863
       Category 2     Category 1        0.470       0.464             0.006            0.317
       Category 2     Category 2        0.196       0.202            -0.006           -0.394
     COG053         COG066
       Category 1     Category 1        0.294       0.307            -0.013           -0.773
       Category 1     Category 2        0.041       0.027             0.013            2.179
       Category 2     Category 1        0.530       0.517             0.013            0.713
       Category 2     Category 2        0.135       0.148            -0.013           -1.002
     COG054         COG055
       Category 1     Category 1        0.073       0.069             0.004            0.407
       Category 1     Category 2        0.258       0.262            -0.004           -0.235
       Category 2     Category 1        0.049       0.053            -0.004           -0.464
       Category 2     Category 2        0.620       0.616             0.004            0.213
     COG054         COG056
       Category 1     Category 1        0.179       0.206            -0.027           -1.843
       Category 1     Category 2        0.153       0.125             0.027            2.251
       Category 2     Category 1        0.263       0.235             0.027            1.758
       Category 2     Category 2        0.406       0.433            -0.027           -1.505
     COG054         COG057
       Category 1     Category 1        0.294       0.281             0.012            0.755
       Category 1     Category 2        0.038       0.050            -0.012           -1.552
       Category 2     Category 1        0.522       0.535            -0.012           -0.680
       Category 2     Category 2        0.146       0.134             0.012            0.997
     COG054         COG058
       Category 1     Category 1        0.189       0.196            -0.007           -0.467
       Category 1     Category 2        0.142       0.135             0.007            0.543
       Category 2     Category 1        0.245       0.238             0.007            0.436
       Category 2     Category 2        0.424       0.430            -0.007           -0.375
     COG054         COG060
       Category 1     Category 1        0.250       0.257            -0.007           -0.419
       Category 1     Category 2        0.081       0.074             0.007            0.698
       Category 2     Category 1        0.361       0.355             0.007            0.383
       Category 2     Category 2        0.307       0.314            -0.007           -0.395
     COG054         COG061
       Category 1     Category 1        0.288       0.290            -0.001           -0.078
       Category 1     Category 2        0.043       0.042             0.001            0.176
       Category 2     Category 1        0.471       0.470             0.001            0.071
       Category 2     Category 2        0.198       0.199            -0.001           -0.089
     COG054         COG062
       Category 1     Category 1        0.298       0.304            -0.006           -0.368
       Category 1     Category 2        0.034       0.028             0.006            1.033
       Category 2     Category 1        0.552       0.546             0.006            0.340
       Category 2     Category 2        0.116       0.123            -0.006           -0.516
     COG054         COG063
       Category 1     Category 1        0.313       0.316            -0.004           -0.219
       Category 1     Category 2        0.019       0.015             0.004            0.834
       Category 2     Category 1        0.574       0.570             0.004            0.206
       Category 2     Category 2        0.095       0.098            -0.004           -0.342
     COG054         COG064
       Category 1     Category 1        0.299       0.285             0.014            0.851
       Category 1     Category 2        0.032       0.047            -0.014           -1.822
       Category 2     Category 1        0.464       0.478            -0.014           -0.769
       Category 2     Category 2        0.204       0.190             0.014            0.979
     COG054         COG066
       Category 1     Category 1        0.310       0.308             0.001            0.084
       Category 1     Category 2        0.022       0.023            -0.001           -0.258
       Category 2     Category 1        0.514       0.516            -0.001           -0.078
       Category 2     Category 2        0.154       0.153             0.001            0.108
     COG055         COG056
       Category 1     Category 1        0.110       0.116            -0.006           -0.518
       Category 1     Category 2        0.012       0.006             0.006            2.130
       Category 2     Category 1        0.332       0.325             0.006            0.354
       Category 2     Category 2        0.547       0.553            -0.006           -0.333
     COG055         COG057
       Category 1     Category 1        0.118       0.110             0.008            0.697
       Category 1     Category 2        0.004       0.012            -0.008           -1.995
       Category 2     Category 1        0.698       0.706            -0.008           -0.478
       Category 2     Category 2        0.180       0.172             0.008            0.577
     COG055         COG058
       Category 1     Category 1        0.112       0.109             0.003            0.302
       Category 1     Category 2        0.009       0.013            -0.003           -0.832
       Category 2     Category 1        0.322       0.326            -0.003           -0.200
       Category 2     Category 2        0.556       0.553             0.003            0.189
     COG055         COG060
       Category 1     Category 1        0.115       0.120            -0.005           -0.420
       Category 1     Category 2        0.007       0.002             0.005            3.270
       Category 2     Category 1        0.497       0.492             0.005            0.273
       Category 2     Category 2        0.382       0.387            -0.005           -0.280
     COG055         COG061
       Category 1     Category 1        0.120       0.121             0.000           -0.022
       Category 1     Category 2        0.001       0.001             0.000            0.221
       Category 2     Category 1        0.639       0.638             0.000            0.015
       Category 2     Category 2        0.240       0.240             0.000           -0.017
     COG055         COG062
       Category 1     Category 1        0.122       0.120             0.002            0.129
       Category 1     Category 2        0.000       0.002            -0.002           -1.069
       Category 2     Category 1        0.728       0.730            -0.002           -0.095
       Category 2     Category 2        0.150       0.149             0.002            0.118
     COG055         COG063
       Category 1     Category 1        0.122       0.122             0.000            0.009
       Category 1     Category 2        0.000       0.000             0.000           -0.280
       Category 2     Category 1        0.765       0.765             0.000           -0.007
       Category 2     Category 2        0.114       0.114             0.000            0.009
     COG055         COG064
       Category 1     Category 1        0.120       0.119             0.002            0.136
       Category 1     Category 2        0.001       0.003            -0.002           -0.809
       Category 2     Category 1        0.643       0.644            -0.002           -0.092
       Category 2     Category 2        0.235       0.234             0.002            0.104
     COG055         COG066
       Category 1     Category 1        0.122       0.122             0.000            0.003
       Category 1     Category 2        0.000       0.000             0.000           -0.164
       Category 2     Category 1        0.702       0.702             0.000           -0.002
       Category 2     Category 2        0.176       0.176             0.000            0.003
     COG056         COG057
       Category 1     Category 1        0.386       0.385             0.001            0.037
       Category 1     Category 2        0.055       0.056            -0.001           -0.078
       Category 2     Category 1        0.430       0.431            -0.001           -0.036
       Category 2     Category 2        0.129       0.128             0.001            0.054
     COG056         COG058
       Category 1     Category 1        0.334       0.327             0.007            0.407
       Category 1     Category 2        0.107       0.114            -0.007           -0.601
       Category 2     Category 1        0.100       0.107            -0.007           -0.617
       Category 2     Category 2        0.459       0.452             0.007            0.384
     COG056         COG060
       Category 1     Category 1        0.425       0.413             0.012            0.673
       Category 1     Category 2        0.016       0.028            -0.012           -1.993
       Category 2     Category 1        0.187       0.199            -0.012           -0.830
       Category 2     Category 2        0.372       0.360             0.012            0.690
     COG056         COG061
       Category 1     Category 1        0.413       0.426            -0.014           -0.744
       Category 1     Category 2        0.028       0.015             0.014            3.036
       Category 2     Category 1        0.346       0.333             0.014            0.780
       Category 2     Category 2        0.212       0.226            -0.014           -0.879
     COG056         COG062
       Category 1     Category 1        0.415       0.427            -0.011           -0.610
       Category 1     Category 2        0.026       0.015             0.011            2.516
       Category 2     Category 1        0.434       0.423             0.011            0.611
       Category 2     Category 2        0.124       0.136            -0.011           -0.882
     COG056         COG063
       Category 1     Category 1        0.434       0.439            -0.005           -0.267
       Category 1     Category 2        0.007       0.002             0.005            3.051
       Category 2     Category 1        0.452       0.447             0.005            0.267
       Category 2     Category 2        0.107       0.112            -0.005           -0.421
     COG056         COG064
       Category 1     Category 1        0.413       0.413            -0.001           -0.042
       Category 1     Category 2        0.028       0.028             0.001            0.128
       Category 2     Category 1        0.350       0.350             0.001            0.044
       Category 2     Category 2        0.208       0.209            -0.001           -0.051
     COG056         COG066
       Category 1     Category 1        0.437       0.440            -0.003           -0.182
       Category 1     Category 2        0.004       0.001             0.003            3.322
       Category 2     Category 1        0.387       0.384             0.003            0.186
       Category 2     Category 2        0.172       0.175            -0.003           -0.237
     COG057         COG058
       Category 1     Category 1        0.388       0.376             0.012            0.668
       Category 1     Category 2        0.428       0.440            -0.012           -0.652
       Category 2     Category 1        0.046       0.058            -0.012           -1.386
       Category 2     Category 2        0.138       0.126             0.012            0.975
     COG057         COG060
       Category 1     Category 1        0.535       0.524             0.011            0.573
       Category 1     Category 2        0.281       0.292            -0.011           -0.629
       Category 2     Category 1        0.077       0.088            -0.011           -1.011
       Category 2     Category 2        0.107       0.096             0.011            0.969
     COG057         COG061
       Category 1     Category 1        0.656       0.638             0.018            1.023
       Category 1     Category 2        0.160       0.178            -0.018           -1.285
       Category 2     Category 1        0.103       0.121            -0.018           -1.507
       Category 2     Category 2        0.081       0.063             0.018            2.021
     COG057         COG062
       Category 1     Category 1        0.713       0.705             0.008            0.500
       Category 1     Category 2        0.103       0.111            -0.008           -0.726
       Category 2     Category 1        0.137       0.145            -0.008           -0.648
       Category 2     Category 2        0.047       0.039             0.008            1.180
     COG057         COG063
       Category 1     Category 1        0.744       0.736             0.009            0.529
       Category 1     Category 2        0.072       0.080            -0.009           -0.858
       Category 2     Category 1        0.142       0.151            -0.009           -0.652
       Category 2     Category 2        0.042       0.033             0.009            1.298
     COG057         COG064
       Category 1     Category 1        0.654       0.649             0.005            0.267
       Category 1     Category 2        0.162       0.167            -0.005           -0.341
       Category 2     Category 1        0.110       0.114            -0.005           -0.400
       Category 2     Category 2        0.074       0.070             0.005            0.500
     COG057         COG066
       Category 1     Category 1        0.698       0.691             0.007            0.408
       Category 1     Category 2        0.118       0.125            -0.007           -0.570
       Category 2     Category 1        0.126       0.133            -0.007           -0.555
       Category 2     Category 2        0.058       0.051             0.007            0.854
     COG058         COG060
       Category 1     Category 1        0.398       0.387             0.011            0.610
       Category 1     Category 2        0.037       0.047            -0.011           -1.398
       Category 2     Category 1        0.214       0.225            -0.011           -0.712
       Category 2     Category 2        0.352       0.341             0.011            0.627
     COG058         COG061
       Category 1     Category 1        0.403       0.410            -0.007           -0.378
       Category 1     Category 2        0.031       0.024             0.007            1.209
       Category 2     Category 1        0.356       0.349             0.007            0.390
       Category 2     Category 2        0.210       0.217            -0.007           -0.452
     COG058         COG062
       Category 1     Category 1        0.413       0.415            -0.002           -0.125
       Category 1     Category 2        0.022       0.019             0.002            0.445
       Category 2     Category 1        0.437       0.435             0.002            0.124
       Category 2     Category 2        0.129       0.131            -0.002           -0.182
     COG058         COG063
       Category 1     Category 1        0.428       0.429            -0.002           -0.100
       Category 1     Category 2        0.007       0.005             0.002            0.705
       Category 2     Category 1        0.459       0.457             0.002            0.099
       Category 2     Category 2        0.107       0.109            -0.002           -0.159
     COG058         COG064
       Category 1     Category 1        0.402       0.399             0.003            0.168
       Category 1     Category 2        0.032       0.036            -0.003           -0.446
       Category 2     Category 1        0.361       0.364            -0.003           -0.171
       Category 2     Category 2        0.204       0.201             0.003            0.206
     COG058         COG066
       Category 1     Category 1        0.434       0.429             0.005            0.284
       Category 1     Category 2        0.000       0.005            -0.005           -1.959
       Category 2     Category 1        0.390       0.395            -0.005           -0.287
       Category 2     Category 2        0.176       0.171             0.005            0.373
     COG060         COG061
       Category 1     Category 1        0.551       0.566            -0.015           -0.848
       Category 1     Category 2        0.061       0.045             0.015            2.019
       Category 2     Category 1        0.208       0.193             0.015            1.065
       Category 2     Category 2        0.180       0.195            -0.015           -1.060
     COG060         COG062
       Category 1     Category 1        0.568       0.577            -0.009           -0.494
       Category 1     Category 2        0.043       0.034             0.009            1.340
       Category 2     Category 1        0.281       0.272             0.009            0.548
       Category 2     Category 2        0.107       0.116            -0.009           -0.762
     COG060         COG063
       Category 1     Category 1        0.598       0.602            -0.004           -0.243
       Category 1     Category 2        0.014       0.009             0.004            1.251
       Category 2     Category 1        0.288       0.284             0.004            0.264
       Category 2     Category 2        0.100       0.105            -0.004           -0.389
     COG060         COG064
       Category 1     Category 1        0.551       0.549             0.002            0.093
       Category 1     Category 2        0.061       0.063            -0.002           -0.191
       Category 2     Category 1        0.212       0.214            -0.002           -0.113
       Category 2     Category 2        0.176       0.174             0.002            0.122
     COG060         COG066
       Category 1     Category 1        0.599       0.603            -0.003           -0.185
       Category 1     Category 2        0.012       0.009             0.003            0.965
       Category 2     Category 1        0.225       0.221             0.003            0.218
       Category 2     Category 2        0.164       0.167            -0.003           -0.242
     COG061         COG062
       Category 1     Category 1        0.696       0.692             0.004            0.221
       Category 1     Category 2        0.064       0.067            -0.004           -0.408
       Category 2     Category 1        0.154       0.158            -0.004           -0.280
       Category 2     Category 2        0.087       0.083             0.004            0.371
     COG061         COG063
       Category 1     Category 1        0.744       0.727             0.018            1.078
       Category 1     Category 2        0.015       0.033            -0.018           -2.707
       Category 2     Category 1        0.142       0.160            -0.018           -1.312
       Category 2     Category 2        0.099       0.081             0.018            1.760
     COG061         COG064
       Category 1     Category 1        0.651       0.643             0.008            0.445
       Category 1     Category 2        0.108       0.116            -0.008           -0.666
       Category 2     Category 1        0.112       0.120            -0.008           -0.656
       Category 2     Category 2        0.129       0.121             0.008            0.655
     COG061         COG066
       Category 1     Category 1        0.719       0.711             0.008            0.479
       Category 1     Category 2        0.041       0.049            -0.008           -1.011
       Category 2     Category 1        0.106       0.114            -0.008           -0.685
       Category 2     Category 2        0.135       0.127             0.008            0.652
     COG062         COG063
       Category 1     Category 1        0.786       0.787             0.000           -0.029
       Category 1     Category 2        0.064       0.063             0.000            0.049
       Category 2     Category 1        0.100       0.100             0.000            0.040
       Category 2     Category 2        0.050       0.051             0.000           -0.055
     COG062         COG064
       Category 1     Category 1        0.694       0.686             0.008            0.453
       Category 1     Category 2        0.156       0.163            -0.008           -0.569
       Category 2     Category 1        0.069       0.077            -0.008           -0.790
       Category 2     Category 2        0.081       0.073             0.008            0.806
     COG062         COG066
       Category 1     Category 1        0.758       0.751             0.007            0.449
       Category 1     Category 2        0.092       0.099            -0.007           -0.650
       Category 2     Category 1        0.066       0.073            -0.007           -0.744
       Category 2     Category 2        0.084       0.077             0.007            0.729
     COG063         COG064
       Category 1     Category 1        0.724       0.720             0.004            0.265
       Category 1     Category 2        0.162       0.167            -0.004           -0.319
       Category 2     Category 1        0.039       0.044            -0.004           -0.582
       Category 2     Category 2        0.074       0.070             0.004            0.466
     COG063         COG066
       Category 1     Category 1        0.788       0.793            -0.005           -0.335
       Category 1     Category 2        0.099       0.094             0.005            0.467
       Category 2     Category 1        0.037       0.032             0.005            0.778
       Category 2     Category 2        0.077       0.082            -0.005           -0.495
     COG064         COG066
       Category 1     Category 1        0.710       0.696             0.015            0.871
       Category 1     Category 2        0.053       0.068            -0.015           -1.597
       Category 2     Category 1        0.114       0.128            -0.015           -1.198
       Category 2     Category 2        0.123       0.108             0.015            1.289


MODEL MODIFICATION INDICES

NOTE:  Modification indices for direct effects of observed dependent variables
regressed on covariates and residual covariances among observed dependent
variables may not be included.  To include these, request MODINDICES (ALL).

Minimum M.I. value for printing the modification index    10.000

                                   M.I.     E.P.C.  Std E.P.C.  StdYX E.P.C.

BY Statements

WM       BY COG041                10.268     0.599      0.261        0.261
WM       BY COG043                14.773     0.836      0.365        0.365
WM       BY COG044                12.039     0.781      0.340        0.340
WM       BY COG046                30.413     0.970      0.423        0.423
WM       BY COG048               101.787    -2.449     -1.068       -1.068
WM       BY COG052                16.918     0.782      0.341        0.341
WM       BY COG053                73.992    -1.685     -0.735       -0.735
WM       BY COG054                25.180     1.080      0.471        0.471
WM       BY COG056                10.097    -0.622     -0.271       -0.271
WM       BY COG057                25.783     1.040      0.453        0.453
GDP      BY COG054                27.593     0.689      0.318        0.318
GDP      BY COG055                14.772     0.600      0.277        0.277
GDP      BY COG056                16.818    -0.546     -0.252       -0.252
FS       BY COG040                17.072    -0.538     -0.446       -0.446
FS       BY COG041                10.533     0.208      0.172        0.172
FS       BY COG043                16.192     0.299      0.248        0.248
FS       BY COG045                19.139    -0.517     -0.429       -0.429
FS       BY COG046                39.415     0.376      0.312        0.312
FS       BY COG048               114.184    -0.887     -0.735       -0.735
FS       BY COG052                21.062     0.298      0.247        0.247
FS       BY COG053                94.900    -0.658     -0.546       -0.546
FS       BY COG057                43.228     0.460      0.381        0.381
FS       BY COG064                69.683     1.592      1.320        1.320

WITH Statements

COG045   WITH COG040              27.923     0.354      0.354        0.460
COG050   WITH COG040              13.021     0.259      0.259        0.365
COG050   WITH COG045              35.097     0.342      0.342        0.506
COG052   WITH COG043              15.781     0.263      0.263        0.418
COG052   WITH COG046              16.341    -0.274     -0.274       -0.374
COG052   WITH COG048              12.261    -0.307     -0.307       -0.692
COG053   WITH COG043              16.453    -0.337     -0.337       -0.601
COG053   WITH COG048             284.755     0.950      0.950        2.411
COG054   WITH COG052              17.544     0.249      0.249        0.344
COG055   WITH COG052              10.097     0.220      0.220        0.498
COG056   WITH COG048              18.113    -0.361     -0.361       -1.782
COG056   WITH COG049              30.342     0.245      0.245        1.192
COG058   WITH COG053              13.899    -0.245     -0.245       -0.598
COG060   WITH COG056              18.352     0.144      0.144        0.940
COG061   WITH COG048              10.598    -0.303     -0.303       -0.947
COG062   WITH COG046              10.457     0.225      0.225        0.324
COG063   WITH COG061              31.088     0.253      0.253        0.793
COG064   WITH COG045              15.452    -0.325     -0.325       -1.741
COG064   WITH COG050              28.208    -0.493     -0.493       -2.866


TECHNICAL 1 OUTPUT


     PARAMETER SPECIFICATION


           TAU
              COG040$1      COG041$1      COG043$1      COG044$1      COG045$1
              ________      ________      ________      ________      ________
                  1             2             3             4             5


           TAU
              COG046$1      COG048$1      COG049$1      COG050$1      COG051$1
              ________      ________      ________      ________      ________
                  6             7             8             9            10


           TAU
              COG052$1      COG053$1      COG054$1      COG055$1      COG056$1
              ________      ________      ________      ________      ________
                 11            12            13            14            15


           TAU
              COG057$1      COG058$1      COG060$1      COG061$1      COG062$1
              ________      ________      ________      ________      ________
                 16            17            18            19            20


           TAU
              COG063$1      COG064$1      COG066$1
              ________      ________      ________
                 21            22            23


           NU
              COG040        COG041        COG043        COG044        COG045
              ________      ________      ________      ________      ________
                  0             0             0             0             0


           NU
              COG046        COG048        COG049        COG050        COG051
              ________      ________      ________      ________      ________
                  0             0             0             0             0


           NU
              COG052        COG053        COG054        COG055        COG056
              ________      ________      ________      ________      ________
                  0             0             0             0             0


           NU
              COG057        COG058        COG060        COG061        COG062
              ________      ________      ________      ________      ________
                  0             0             0             0             0


           NU
              COG063        COG064        COG066        CBEMR
              ________      ________      ________      ________
                  0             0             0             0


           LAMBDA
              WM            GDP           FS            CBEMR
              ________      ________      ________      ________
 COG040             0             0             0             0
 COG041             0             0             0             0
 COG043             0            24             0             0
 COG044             0            25             0             0
 COG045            26             0             0             0
 COG046             0            27             0             0
 COG048             0            28             0             0
 COG049             0             0             0             0
 COG050            29             0             0             0
 COG051             0             0            30             0
 COG052             0            31             0             0
 COG053             0            32             0             0
 COG054             0             0            33             0
 COG055             0             0            34             0
 COG056             0             0            35             0
 COG057             0            36             0             0
 COG058             0             0            37             0
 COG060             0             0            38             0
 COG061             0             0            39             0
 COG062             0             0            40             0
 COG063             0             0            41             0
 COG064            42             0             0             0
 COG066             0             0            43             0
 CBEMR              0             0             0             0


           THETA
              COG040        COG041        COG043        COG044        COG045
              ________      ________      ________      ________      ________
 COG040             0
 COG041             0             0
 COG043             0             0             0
 COG044             0             0             0             0
 COG045             0             0             0             0             0
 COG046             0             0             0             0             0
 COG048             0             0             0             0             0
 COG049             0             0             0             0             0
 COG050             0             0             0             0             0
 COG051             0             0             0             0             0
 COG052             0             0             0             0             0
 COG053             0             0             0             0             0
 COG054             0             0             0             0             0
 COG055             0             0             0             0             0
 COG056             0             0             0             0             0
 COG057             0             0             0             0             0
 COG058             0             0             0             0             0
 COG060             0             0             0             0             0
 COG061             0             0             0             0             0
 COG062             0             0             0             0             0
 COG063             0             0             0             0             0
 COG064             0             0             0             0             0
 COG066             0             0             0             0             0
 CBEMR              0             0             0             0             0


           THETA
              COG046        COG048        COG049        COG050        COG051
              ________      ________      ________      ________      ________
 COG046             0
 COG048             0             0
 COG049             0             0             0
 COG050             0             0             0             0
 COG051             0             0             0             0             0
 COG052             0             0             0             0             0
 COG053             0             0             0             0             0
 COG054             0             0             0             0             0
 COG055             0             0             0             0             0
 COG056             0             0             0             0             0
 COG057             0             0             0             0             0
 COG058             0             0             0             0             0
 COG060             0             0             0             0             0
 COG061             0             0             0             0             0
 COG062             0             0             0             0             0
 COG063             0             0             0             0             0
 COG064             0             0             0             0             0
 COG066             0             0             0             0             0
 CBEMR              0             0             0             0             0


           THETA
              COG052        COG053        COG054        COG055        COG056
              ________      ________      ________      ________      ________
 COG052             0
 COG053             0             0
 COG054             0             0             0
 COG055             0             0             0             0
 COG056             0             0             0             0             0
 COG057             0             0             0             0             0
 COG058             0             0             0             0             0
 COG060             0             0             0             0             0
 COG061             0             0             0             0             0
 COG062             0             0             0             0             0
 COG063             0             0             0             0             0
 COG064             0             0             0             0             0
 COG066             0             0             0             0             0
 CBEMR              0             0             0             0             0


           THETA
              COG057        COG058        COG060        COG061        COG062
              ________      ________      ________      ________      ________
 COG057             0
 COG058             0             0
 COG060             0             0             0
 COG061             0             0             0             0
 COG062             0             0             0             0             0
 COG063             0             0             0             0             0
 COG064             0             0             0             0             0
 COG066             0             0             0             0             0
 CBEMR              0             0             0             0             0


           THETA
              COG063        COG064        COG066        CBEMR
              ________      ________      ________      ________
 COG063             0
 COG064             0             0
 COG066             0             0             0
 CBEMR              0             0             0             0


           ALPHA
              WM            GDP           FS            CBEMR
              ________      ________      ________      ________
                  0             0             0            44


           BETA
              WM            GDP           FS            CBEMR
              ________      ________      ________      ________
 WM                 0             0             0             0
 GDP                0             0             0             0
 FS                 0             0             0             0
 CBEMR              0             0             0             0


           PSI
              WM            GDP           FS            CBEMR
              ________      ________      ________      ________
 WM                45
 GDP               46            47
 FS                48            49            50
 CBEMR             51            52            53            54


     STARTING VALUES


           TAU
              COG040$1      COG041$1      COG043$1      COG044$1      COG045$1
              ________      ________      ________      ________      ________
               -1.140        -0.583        -1.065        -1.214        -0.326


           TAU
              COG046$1      COG048$1      COG049$1      COG050$1      COG051$1
              ________      ________      ________      ________      ________
                0.032        -1.236        -1.013        -0.603        -1.173


           TAU
              COG052$1      COG053$1      COG054$1      COG055$1      COG056$1
              ________      ________      ________      ________      ________
               -0.477        -0.428        -0.436        -1.166        -0.148


           TAU
              COG057$1      COG058$1      COG060$1      COG061$1      COG062$1
              ________      ________      ________      ________      ________
                0.900        -0.165         0.284         0.704         1.036


           TAU
              COG063$1      COG064$1      COG066$1
              ________      ________      ________
                1.207         0.717         0.931


           NU
              COG040        COG041        COG043        COG044        COG045
              ________      ________      ________      ________      ________
                0.000         0.000         0.000         0.000         0.000


           NU
              COG046        COG048        COG049        COG050        COG051
              ________      ________      ________      ________      ________
                0.000         0.000         0.000         0.000         0.000


           NU
              COG052        COG053        COG054        COG055        COG056
              ________      ________      ________      ________      ________
                0.000         0.000         0.000         0.000         0.000


           NU
              COG057        COG058        COG060        COG061        COG062
              ________      ________      ________      ________      ________
                0.000         0.000         0.000         0.000         0.000


           NU
              COG063        COG064        COG066        CBEMR
              ________      ________      ________      ________
                0.000         0.000         0.000         0.000


           LAMBDA
              WM            GDP           FS            CBEMR
              ________      ________      ________      ________
 COG040         1.000         0.000         0.000         0.000
 COG041         0.000         1.000         0.000         0.000
 COG043         0.000         0.875         0.000         0.000
 COG044         0.000         0.782         0.000         0.000
 COG045         1.119         0.000         0.000         0.000
 COG046         0.000         0.625         0.000         0.000
 COG048         0.000         0.941         0.000         0.000
 COG049         0.000         0.000         1.000         0.000
 COG050         1.058         0.000         0.000         0.000
 COG051         0.000         0.000         1.000         0.000
 COG052         0.000         0.887         0.000         0.000
 COG053         0.000         0.862         0.000         0.000
 COG054         0.000         0.000         1.000         0.000
 COG055         0.000         0.000         1.000         0.000
 COG056         0.000         0.000         1.000         0.000
 COG057         0.000         0.483         0.000         0.000
 COG058         0.000         0.000         1.000         0.000
 COG060         0.000         0.000         1.000         0.000
 COG061         0.000         0.000         1.000         0.000
 COG062         0.000         0.000         1.000         0.000
 COG063         0.000         0.000         1.000         0.000
 COG064         0.602         0.000         0.000         0.000
 COG066         0.000         0.000         1.000         0.000
 CBEMR          0.000         0.000         0.000         1.000


           THETA
              COG040        COG041        COG043        COG044        COG045
              ________      ________      ________      ________      ________
 COG040         1.000
 COG041         0.000         1.000
 COG043         0.000         0.000         1.000
 COG044         0.000         0.000         0.000         1.000
 COG045         0.000         0.000         0.000         0.000         1.000
 COG046         0.000         0.000         0.000         0.000         0.000
 COG048         0.000         0.000         0.000         0.000         0.000
 COG049         0.000         0.000         0.000         0.000         0.000
 COG050         0.000         0.000         0.000         0.000         0.000
 COG051         0.000         0.000         0.000         0.000         0.000
 COG052         0.000         0.000         0.000         0.000         0.000
 COG053         0.000         0.000         0.000         0.000         0.000
 COG054         0.000         0.000         0.000         0.000         0.000
 COG055         0.000         0.000         0.000         0.000         0.000
 COG056         0.000         0.000         0.000         0.000         0.000
 COG057         0.000         0.000         0.000         0.000         0.000
 COG058         0.000         0.000         0.000         0.000         0.000
 COG060         0.000         0.000         0.000         0.000         0.000
 COG061         0.000         0.000         0.000         0.000         0.000
 COG062         0.000         0.000         0.000         0.000         0.000
 COG063         0.000         0.000         0.000         0.000         0.000
 COG064         0.000         0.000         0.000         0.000         0.000
 COG066         0.000         0.000         0.000         0.000         0.000
 CBEMR          0.000         0.000         0.000         0.000         0.000


           THETA
              COG046        COG048        COG049        COG050        COG051
              ________      ________      ________      ________      ________
 COG046         1.000
 COG048         0.000         1.000
 COG049         0.000         0.000         1.000
 COG050         0.000         0.000         0.000         1.000
 COG051         0.000         0.000         0.000         0.000         1.000
 COG052         0.000         0.000         0.000         0.000         0.000
 COG053         0.000         0.000         0.000         0.000         0.000
 COG054         0.000         0.000         0.000         0.000         0.000
 COG055         0.000         0.000         0.000         0.000         0.000
 COG056         0.000         0.000         0.000         0.000         0.000
 COG057         0.000         0.000         0.000         0.000         0.000
 COG058         0.000         0.000         0.000         0.000         0.000
 COG060         0.000         0.000         0.000         0.000         0.000
 COG061         0.000         0.000         0.000         0.000         0.000
 COG062         0.000         0.000         0.000         0.000         0.000
 COG063         0.000         0.000         0.000         0.000         0.000
 COG064         0.000         0.000         0.000         0.000         0.000
 COG066         0.000         0.000         0.000         0.000         0.000
 CBEMR          0.000         0.000         0.000         0.000         0.000


           THETA
              COG052        COG053        COG054        COG055        COG056
              ________      ________      ________      ________      ________
 COG052         1.000
 COG053         0.000         1.000
 COG054         0.000         0.000         1.000
 COG055         0.000         0.000         0.000         1.000
 COG056         0.000         0.000         0.000         0.000         1.000
 COG057         0.000         0.000         0.000         0.000         0.000
 COG058         0.000         0.000         0.000         0.000         0.000
 COG060         0.000         0.000         0.000         0.000         0.000
 COG061         0.000         0.000         0.000         0.000         0.000
 COG062         0.000         0.000         0.000         0.000         0.000
 COG063         0.000         0.000         0.000         0.000         0.000
 COG064         0.000         0.000         0.000         0.000         0.000
 COG066         0.000         0.000         0.000         0.000         0.000
 CBEMR          0.000         0.000         0.000         0.000         0.000


           THETA
              COG057        COG058        COG060        COG061        COG062
              ________      ________      ________      ________      ________
 COG057         1.000
 COG058         0.000         1.000
 COG060         0.000         0.000         1.000
 COG061         0.000         0.000         0.000         1.000
 COG062         0.000         0.000         0.000         0.000         1.000
 COG063         0.000         0.000         0.000         0.000         0.000
 COG064         0.000         0.000         0.000         0.000         0.000
 COG066         0.000         0.000         0.000         0.000         0.000
 CBEMR          0.000         0.000         0.000         0.000         0.000


           THETA
              COG063        COG064        COG066        CBEMR
              ________      ________      ________      ________
 COG063         1.000
 COG064         0.000         1.000
 COG066         0.000         0.000         1.000
 CBEMR          0.000         0.000         0.000         0.000


           ALPHA
              WM            GDP           FS            CBEMR
              ________      ________      ________      ________
                0.000         0.000         0.000         0.000


           BETA
              WM            GDP           FS            CBEMR
              ________      ________      ________      ________
 WM             0.000         0.000         0.000         0.000
 GDP            0.000         0.000         0.000         0.000
 FS             0.000         0.000         0.000         0.000
 CBEMR          0.000         0.000         0.000         0.000


           PSI
              WM            GDP           FS            CBEMR
              ________      ________      ________      ________
 WM             0.050
 GDP            0.000         0.050
 FS             0.000         0.000         0.050
 CBEMR          0.000         0.000         0.000         0.500


TECHNICAL 4 OUTPUT


     ESTIMATES DERIVED FROM THE MODEL


           ESTIMATED MEANS FOR THE LATENT VARIABLES
              WM            GDP           FS            CBEMR
              ________      ________      ________      ________
                0.000         0.000         0.000         0.000


           ESTIMATED COVARIANCE MATRIX FOR THE LATENT VARIABLES
              WM            GDP           FS            CBEMR
              ________      ________      ________      ________
 WM             0.190
 GDP            0.124         0.213
 FS             0.255         0.206         0.687
 CBEMR         -0.005        -0.022         0.035         1.000


           ESTIMATED CORRELATION MATRIX FOR THE LATENT VARIABLES
              WM            GDP           FS            CBEMR
              ________      ________      ________      ________
 WM             1.000
 GDP            0.616         1.000
 FS             0.705         0.539         1.000
 CBEMR         -0.011        -0.048         0.042         1.000


     ESTIMATES DERIVED FROM THE MODEL


           S.E. FOR ESTIMATED MEANS FOR THE LATENT VARIABLES
              WM            GDP           FS            CBEMR
              ________      ________      ________      ________
                0.000         0.000         0.000         0.049


           EST./S.E. FOR ESTIMATED MEANS FOR THE LATENT VARIABLES
              WM            GDP           FS            CBEMR
              ________      ________      ________      ________
                0.000         0.000         0.000         0.000


           TWO-TAILED P-VALUE FOR ESTIMATED MEANS FOR THE LATENT VARIABLES
              WM            GDP           FS            CBEMR
              ________      ________      ________      ________
                1.000         1.000         1.000         1.000


           S.E. FOR ESTIMATED COVARIANCE MATRIX FOR THE LATENT VARIABLES
              WM            GDP           FS            CBEMR
              ________      ________      ________      ________
 WM             0.055
 GDP            0.027         0.050
 FS             0.044         0.030         0.050
 CBEMR          0.021         0.021         0.032         0.036


           EST./S.E. FOR ESTIMATED COVARIANCE MATRIX FOR THE LATENT VARIABLES
              WM            GDP           FS            CBEMR
              ________      ________      ________      ________
 WM             3.439
 GDP            4.640         4.290
 FS             5.851         6.931        13.760
 CBEMR         -0.233        -1.065         1.074        27.911


           TWO-TAILED P-VALUE FOR ESTIMATED COVARIANCE MATRIX FOR THE LATENT VARIABLES
              WM            GDP           FS            CBEMR
              ________      ________      ________      ________
 WM             0.001
 GDP            0.000         0.000
 FS             0.000         0.000         0.000
 CBEMR          0.815         0.287         0.283         0.000


           S.E. FOR ESTIMATED CORRELATION MATRIX FOR THE LATENT VARIABLES
              WM            GDP           FS            CBEMR
              ________      ________      ________      ________
 WM             0.000
 GDP            0.050         0.000
 FS             0.041         0.038         0.000
 CBEMR          0.047         0.044         0.039         0.000


           EST./S.E. FOR ESTIMATED CORRELATION MATRIX FOR THE LATENT VARIABLES
              WM            GDP           FS            CBEMR
              ________      ________      ________      ________
 WM           999.000
 GDP           12.397       999.000
 FS            17.259        14.380       999.000
 CBEMR         -0.234        -1.084         1.075       999.000


           TWO-TAILED P-VALUE FOR ESTIMATED CORRELATION MATRIX FOR THE LATENT VARIABLES
              WM            GDP           FS            CBEMR
              ________      ________      ________      ________
 WM             0.000
 GDP            0.000         0.000
 FS             0.000         0.000         0.000
 CBEMR          0.815         0.278         0.282         0.000


SAMPLE STATISTICS FOR ESTIMATED FACTOR SCORES


     SAMPLE STATISTICS


           Means
              WM            WM_SE         GDP           GDP_SE        FS
              ________      ________      ________      ________      ________
                0.018         0.229        -0.017         0.259         0.007


           Means
              FS_SE
              ________
                0.282


           Covariances
              WM            WM_SE         GDP           GDP_SE        FS
              ________      ________      ________      ________      ________
 WM             0.120
 WM_SE         -0.010         0.003
 GDP            0.097        -0.006         0.125
 GDP_SE         0.006         0.000         0.010         0.001
 FS             0.219        -0.017         0.180         0.012         0.561
 FS_SE         -0.005         0.002        -0.003         0.000        -0.011


           Covariances
              FS_SE
              ________
 FS_SE          0.003


           Correlations
              WM            WM_SE         GDP           GDP_SE        FS
              ________      ________      ________      ________      ________
 WM             1.000
 WM_SE         -0.543         1.000
 GDP            0.793        -0.332         1.000
 GDP_SE         0.597        -0.136         0.881         1.000
 FS             0.843        -0.418         0.682         0.503         1.000
 FS_SE         -0.266         0.554        -0.140         0.130        -0.275


           Correlations
              FS_SE
              ________
 FS_SE          1.000


SAVEDATA INFORMATION


  Save file
    ../../fscores_structural.dat

  Order and format of variables

    COG040         F10.3
    COG041         F10.3
    COG043         F10.3
    COG044         F10.3
    COG045         F10.3
    COG046         F10.3
    COG048         F10.3
    COG049         F10.3
    COG050         F10.3
    COG051         F10.3
    COG052         F10.3
    COG053         F10.3
    COG054         F10.3
    COG055         F10.3
    COG056         F10.3
    COG057         F10.3
    COG058         F10.3
    COG060         F10.3
    COG061         F10.3
    COG062         F10.3
    COG063         F10.3
    COG064         F10.3
    COG066         F10.3
    CBEMR          F10.3
    WM             F10.3
    WM_SE          F10.3
    GDP            F10.3
    GDP_SE         F10.3
    FS             F10.3
    FS_SE          F10.3

  Save file format
    30F10.3

  Save file record length    10000

  Save missing symbol        *


DIAGRAM INFORMATION

  Use View Diagram under the Diagram menu in the Mplus Editor to view the diagram.
  If running Mplus from the Mplus Diagrammer, the diagram opens automatically.

  Diagram output
    c:\users\zaggi\desktop\main\projects\embeddings_bsid_iii_cognition\embedded\mplus\outcomes\cbemr\model_structural_cb

     Beginning Time:  16:01:14
        Ending Time:  16:01:14
       Elapsed Time:  00:00:00



MUTHEN & MUTHEN
3463 Stoner Ave.
Los Angeles, CA  90066

Tel: (310) 391-9971
Fax: (310) 391-8971
Web: www.StatModel.com
Support: Support@StatModel.com

Copyright (c) 1998-2021 Muthen & Muthen
